onset	duration	trial_type	source_table	source_row	source_onset_column	nwb_epochs_id	nwb_epochs_label	nwb_epochs_start_time	nwb_epochs_stop_time	nwb_trials_condition	nwb_trials_cv_transition_time	nwb_trials_id	nwb_trials_speak	nwb_trials_start_time	nwb_trials_stop_time
11.9367952	0.4908165999999987	trials	/intervals/trials	0	start_time	n/a	n/a	n/a	n/a	raa	12.0532793	0	true	11.9367952	12.4276118
12.0532793	0.0	cv_transition	/intervals/trials	0	cv_transition_time	n/a	n/a	n/a	n/a	raa	12.0532793	0	true	11.9367952	12.4276118
12.7612314	0.6627155000000009	trials	/intervals/trials	1	start_time	n/a	n/a	n/a	n/a	shee	13.0089015	1	true	12.7612314	13.4239469
13.0089015	0.0	cv_transition	/intervals/trials	1	cv_transition_time	n/a	n/a	n/a	n/a	shee	13.0089015	1	true	12.7612314	13.4239469
14.1115424	0.5869443000000008	trials	/intervals/trials	2	start_time	n/a	n/a	n/a	n/a	yoo	14.1782664	2	true	14.1115424	14.6984867
14.1782664	0.0	cv_transition	/intervals/trials	2	cv_transition_time	n/a	n/a	n/a	n/a	yoo	14.1782664	2	true	14.1115424	14.6984867
15.5829589	0.3826687	trials	/intervals/trials	3	start_time	n/a	n/a	n/a	n/a	baa	15.5881379	3	true	15.5829589	15.9656276
15.5881379	0.0	cv_transition	/intervals/trials	3	cv_transition_time	n/a	n/a	n/a	n/a	baa	15.5881379	3	true	15.5829589	15.9656276
16.4993247	0.5096159	trials	/intervals/trials	4	start_time	n/a	n/a	n/a	n/a	zee	16.6909403	4	true	16.4993247	17.0089406
16.6909403	0.0	cv_transition	/intervals/trials	4	cv_transition_time	n/a	n/a	n/a	n/a	zee	16.6909403	4	true	16.4993247	17.0089406
17.7998645	0.4851542999999978	trials	/intervals/trials	5	start_time	n/a	n/a	n/a	n/a	gee	17.8759671	5	true	17.7998645	18.2850188
17.8759671	0.0	cv_transition	/intervals/trials	5	cv_transition_time	n/a	n/a	n/a	n/a	gee	17.8759671	5	true	17.7998645	18.2850188
19.0816716	0.5131037999999997	trials	/intervals/trials	6	start_time	n/a	n/a	n/a	n/a	kee	19.1585373	6	true	19.0816716	19.5947754
19.1585373	0.0	cv_transition	/intervals/trials	6	cv_transition_time	n/a	n/a	n/a	n/a	kee	19.1585373	6	true	19.0816716	19.5947754
20.3097242	0.563216599999997	trials	/intervals/trials	7	start_time	n/a	n/a	n/a	n/a	ree	20.4066634	7	true	20.3097242	20.8729408
20.4066634	0.0	cv_transition	/intervals/trials	7	cv_transition_time	n/a	n/a	n/a	n/a	ree	20.4066634	7	true	20.3097242	20.8729408
22.57907	0.4856652999999973	trials	/intervals/trials	8	start_time	n/a	n/a	n/a	n/a	voo	22.6459581	8	true	22.57907	23.0647353
22.6459581	0.0	cv_transition	/intervals/trials	8	cv_transition_time	n/a	n/a	n/a	n/a	voo	22.6459581	8	true	22.57907	23.0647353
23.6832071	0.39551179999999775	trials	/intervals/trials	9	start_time	n/a	n/a	n/a	n/a	noo	23.7879014	9	true	23.6832071	24.0787189
23.7879014	0.0	cv_transition	/intervals/trials	9	cv_transition_time	n/a	n/a	n/a	n/a	noo	23.7879014	9	true	23.6832071	24.0787189
24.900763	0.47500189999999876	trials	/intervals/trials	10	start_time	n/a	n/a	n/a	n/a	dee	24.9356611	10	true	24.900763	25.3757649
24.9356611	0.0	cv_transition	/intervals/trials	10	cv_transition_time	n/a	n/a	n/a	n/a	dee	24.9356611	10	true	24.900763	25.3757649
26.0349512	0.47984890000000036	trials	/intervals/trials	11	start_time	n/a	n/a	n/a	n/a	yee	26.0940841	11	true	26.0349512	26.5148001
26.0940841	0.0	cv_transition	/intervals/trials	11	cv_transition_time	n/a	n/a	n/a	n/a	yee	26.0940841	11	true	26.0349512	26.5148001
27.2844971	0.48275699999999944	trials	/intervals/trials	12	start_time	n/a	n/a	n/a	n/a	koo	27.3591402	12	true	27.2844971	27.7672541
27.3591402	0.0	cv_transition	/intervals/trials	12	cv_transition_time	n/a	n/a	n/a	n/a	koo	27.3591402	12	true	27.2844971	27.7672541
28.3217461	0.6359209000000021	trials	/intervals/trials	13	start_time	n/a	n/a	n/a	n/a	fee	28.5495532	13	true	28.3217461	28.957667
28.5495532	0.0	cv_transition	/intervals/trials	13	cv_transition_time	n/a	n/a	n/a	n/a	fee	28.5495532	13	true	28.3217461	28.957667
29.5974655	0.5341348000000004	trials	/intervals/trials	14	start_time	n/a	n/a	n/a	n/a	hee	29.7234864	14	true	29.5974655	30.1316003
29.7234864	0.0	cv_transition	/intervals/trials	14	cv_transition_time	n/a	n/a	n/a	n/a	hee	29.7234864	14	true	29.5974655	30.1316003
30.724868	0.5118387999999996	trials	/intervals/trials	15	start_time	n/a	n/a	n/a	n/a	vaa	30.8382868	15	true	30.724868	31.2367068
30.8382868	0.0	cv_transition	/intervals/trials	15	cv_transition_time	n/a	n/a	n/a	n/a	vaa	30.8382868	15	true	30.724868	31.2367068
31.8900767	0.4856651999999997	trials	/intervals/trials	16	start_time	n/a	n/a	n/a	n/a	loo	32.0015568	16	true	31.8900767	32.3757419
32.0015568	0.0	cv_transition	/intervals/trials	16	cv_transition_time	n/a	n/a	n/a	n/a	loo	32.0015568	16	true	31.8900767	32.3757419
33.0746733	0.44107319999999817	trials	/intervals/trials	17	start_time	n/a	n/a	n/a	n/a	hoo	33.1541634	17	true	33.0746733	33.5157465
33.1541634	0.0	cv_transition	/intervals/trials	17	cv_transition_time	n/a	n/a	n/a	n/a	hoo	33.1541634	17	true	33.0746733	33.5157465
34.2379433	0.4798487999999992	trials	/intervals/trials	18	start_time	n/a	n/a	n/a	n/a	kaa	34.3019231	18	true	34.2379433	34.7177921
34.3019231	0.0	cv_transition	/intervals/trials	18	cv_transition_time	n/a	n/a	n/a	n/a	kaa	34.3019231	18	true	34.2379433	34.7177921
35.4487134	0.4604610999999963	trials	/intervals/trials	19	start_time	n/a	n/a	n/a	n/a	poo	35.50203	19	true	35.4487134	35.9091745
35.50203	0.0	cv_transition	/intervals/trials	19	cv_transition_time	n/a	n/a	n/a	n/a	poo	35.50203	19	true	35.4487134	35.9091745
36.6953511	0.411991399999998	trials	/intervals/trials	20	start_time	n/a	n/a	n/a	n/a	bee	36.7040756	20	true	36.6953511	37.1073425
36.7040756	0.0	cv_transition	/intervals/trials	20	cv_transition_time	n/a	n/a	n/a	n/a	bee	36.7040756	20	true	36.6953511	37.1073425
37.7985188	0.45658340000000663	trials	/intervals/trials	21	start_time	n/a	n/a	n/a	n/a	paa	37.8305087	21	true	37.7985188	38.2551022
37.8305087	0.0	cv_transition	/intervals/trials	21	cv_transition_time	n/a	n/a	n/a	n/a	paa	37.8305087	21	true	37.7985188	38.2551022
38.9520948	0.5477063000000015	trials	/intervals/trials	22	start_time	n/a	n/a	n/a	n/a	taa	39.0538809	22	true	38.9520948	39.4998011
39.0538809	0.0	cv_transition	/intervals/trials	22	cv_transition_time	n/a	n/a	n/a	n/a	taa	39.0538809	22	true	38.9520948	39.4998011
40.1027627	0.4972978999999995	trials	/intervals/trials	23	start_time	n/a	n/a	n/a	n/a	naa	40.1967937	23	true	40.1027627	40.6000606
40.1967937	0.0	cv_transition	/intervals/trials	23	cv_transition_time	n/a	n/a	n/a	n/a	naa	40.1967937	23	true	40.1027627	40.6000606
41.1477669	0.5554613999999987	trials	/intervals/trials	24	start_time	n/a	n/a	n/a	n/a	saa	41.3523085	24	true	41.1477669	41.7032283
41.3523085	0.0	cv_transition	/intervals/trials	24	cv_transition_time	n/a	n/a	n/a	n/a	saa	41.3523085	24	true	41.1477669	41.7032283
42.3372104	0.6553088000000002	trials	/intervals/trials	25	start_time	n/a	n/a	n/a	n/a	shoo	42.5921604	25	true	42.3372104	42.9925192
42.5921604	0.0	cv_transition	/intervals/trials	25	cv_transition_time	n/a	n/a	n/a	n/a	shoo	42.5921604	25	true	42.3372104	42.9925192
43.5373173	0.5864819000000026	trials	/intervals/trials	26	start_time	n/a	n/a	n/a	n/a	foo	43.749614	26	true	43.5373173	44.1237992
43.749614	0.0	cv_transition	/intervals/trials	26	cv_transition_time	n/a	n/a	n/a	n/a	foo	43.749614	26	true	43.5373173	44.1237992
44.9274249	0.3974505999999991	trials	/intervals/trials	27	start_time	n/a	n/a	n/a	n/a	daa	44.9448739	27	true	44.9274249	45.3248755
44.9448739	0.0	cv_transition	/intervals/trials	27	cv_transition_time	n/a	n/a	n/a	n/a	daa	44.9448739	27	true	44.9274249	45.3248755
45.9268677	0.5835736999999952	trials	/intervals/trials	28	start_time	n/a	n/a	n/a	n/a	faa	46.0916642	28	true	45.9268677	46.5104414
46.0916642	0.0	cv_transition	/intervals/trials	28	cv_transition_time	n/a	n/a	n/a	n/a	faa	46.0916642	28	true	45.9268677	46.5104414
48.3503468	0.5312266000000037	trials	/intervals/trials	29	start_time	n/a	n/a	n/a	n/a	mee	48.4162654	29	true	48.3503468	48.8815734
48.4162654	0.0	cv_transition	/intervals/trials	29	cv_transition_time	n/a	n/a	n/a	n/a	mee	48.4162654	29	true	48.3503468	48.8815734
49.5553006	0.5244408000000007	trials	/intervals/trials	30	start_time	n/a	n/a	n/a	n/a	zaa	49.6784133	30	true	49.5553006	50.0797414
49.6784133	0.0	cv_transition	/intervals/trials	30	cv_transition_time	n/a	n/a	n/a	n/a	zaa	49.6784133	30	true	49.5553006	50.0797414
50.7709177	0.6271964000000025	trials	/intervals/trials	31	start_time	n/a	n/a	n/a	n/a	see	51.0152044	31	true	50.7709177	51.3981141
51.0152044	0.0	cv_transition	/intervals/trials	31	cv_transition_time	n/a	n/a	n/a	n/a	see	51.0152044	31	true	50.7709177	51.3981141
52.1794437	0.5738799000000014	trials	/intervals/trials	32	start_time	n/a	n/a	n/a	n/a	zoo	52.3432709	32	true	52.1794437	52.7533236
52.3432709	0.0	cv_transition	/intervals/trials	32	cv_transition_time	n/a	n/a	n/a	n/a	zoo	52.3432709	32	true	52.1794437	52.7533236
53.4706734	0.5457674999999966	trials	/intervals/trials	33	start_time	n/a	n/a	n/a	n/a	too	53.5559799	33	true	53.4706734	54.0164409
53.5559799	0.0	cv_transition	/intervals/trials	33	cv_transition_time	n/a	n/a	n/a	n/a	too	53.5559799	33	true	53.4706734	54.0164409
54.6872599	0.5263796999999997	trials	/intervals/trials	34	start_time	n/a	n/a	n/a	n/a	vee	54.76675	34	true	54.6872599	55.2136396
54.76675	0.0	cv_transition	/intervals/trials	34	cv_transition_time	n/a	n/a	n/a	n/a	vee	54.76675	34	true	54.6872599	55.2136396
55.8346615	0.5290879999999945	trials	/intervals/trials	35	start_time	n/a	n/a	n/a	n/a	kaa	55.96093	35	true	55.8346615	56.3637495
55.96093	0.0	cv_transition	/intervals/trials	35	cv_transition_time	n/a	n/a	n/a	n/a	kaa	55.96093	35	true	55.8346615	56.3637495
57.0428816	0.5554613999999987	trials	/intervals/trials	36	start_time	n/a	n/a	n/a	n/a	moo	57.1708413	36	true	57.0428816	57.598343
57.1708413	0.0	cv_transition	/intervals/trials	36	cv_transition_time	n/a	n/a	n/a	n/a	moo	57.1708413	36	true	57.0428816	57.598343
59.3490643	0.5457674999999966	trials	/intervals/trials	37	start_time	n/a	n/a	n/a	n/a	nee	59.4741158	37	true	59.3490643	59.8948318
59.4741158	0.0	cv_transition	/intervals/trials	37	cv_transition_time	n/a	n/a	n/a	n/a	nee	59.4741158	37	true	59.3490643	59.8948318
60.6393246	0.4546445999999946	trials	/intervals/trials	38	start_time	n/a	n/a	n/a	n/a	boo	60.6587124	38	true	60.6393246	61.0939692
60.6587124	0.0	cv_transition	/intervals/trials	38	cv_transition_time	n/a	n/a	n/a	n/a	boo	60.6587124	38	true	60.6393246	61.0939692
61.7056554	0.5506144000000006	trials	/intervals/trials	39	start_time	n/a	n/a	n/a	n/a	laa	61.7870843	39	true	61.7056554	62.2562698
61.7870843	0.0	cv_transition	/intervals/trials	39	cv_transition_time	n/a	n/a	n/a	n/a	laa	61.7870843	39	true	61.7056554	62.2562698
62.9707115	0.5031141999999988	trials	/intervals/trials	40	start_time	n/a	n/a	n/a	n/a	maa	63.0579567	40	true	62.9707115	63.4738257
63.0579567	0.0	cv_transition	/intervals/trials	40	cv_transition_time	n/a	n/a	n/a	n/a	maa	63.0579567	40	true	62.9707115	63.4738257
64.0060217	0.5932676999999984	trials	/intervals/trials	41	start_time	n/a	n/a	n/a	n/a	soo	64.2474002	41	true	64.0060217	64.5992894
64.2474002	0.0	cv_transition	/intervals/trials	41	cv_transition_time	n/a	n/a	n/a	n/a	soo	64.2474002	41	true	64.0060217	64.5992894
65.4358744	0.5651553000000007	trials	/intervals/trials	42	start_time	n/a	n/a	n/a	n/a	roo	65.4668949	42	true	65.4358744	66.0010297
65.4668949	0.0	cv_transition	/intervals/trials	42	cv_transition_time	n/a	n/a	n/a	n/a	roo	65.4668949	42	true	65.4358744	66.0010297
66.7503695	0.5593389000000002	trials	/intervals/trials	43	start_time	n/a	n/a	n/a	n/a	tee	66.8492474	43	true	66.7503695	67.3097084
66.8492474	0.0	cv_transition	/intervals/trials	43	cv_transition_time	n/a	n/a	n/a	n/a	tee	66.8492474	43	true	66.7503695	67.3097084
67.8777719	0.5050530999999978	trials	/intervals/trials	44	start_time	n/a	n/a	n/a	n/a	haa	68.060987	44	true	67.8777719	68.382825
68.060987	0.0	cv_transition	/intervals/trials	44	cv_transition_time	n/a	n/a	n/a	n/a	haa	68.060987	44	true	67.8777719	68.382825
69.3047164	0.43719569999998953	trials	/intervals/trials	45	start_time	n/a	n/a	n/a	n/a	waa	69.3638493	45	true	69.3047164	69.7419121
69.3638493	0.0	cv_transition	/intervals/trials	45	cv_transition_time	n/a	n/a	n/a	n/a	waa	69.3638493	45	true	69.3047164	69.7419121
70.5678337	0.4178078000000056	trials	/intervals/trials	46	start_time	n/a	n/a	n/a	n/a	pee	70.6211503	46	true	70.5678337	70.9856415
70.6211503	0.0	cv_transition	/intervals/trials	46	cv_transition_time	n/a	n/a	n/a	n/a	pee	70.6211503	46	true	70.5678337	70.9856415
71.7708488	0.5409204999999986	trials	/intervals/trials	47	start_time	n/a	n/a	n/a	n/a	lee	71.8813594	47	true	71.7708488	72.3117693
71.8813594	0.0	cv_transition	/intervals/trials	47	cv_transition_time	n/a	n/a	n/a	n/a	lee	71.8813594	47	true	71.7708488	72.3117693
73.0136088	0.5632166000000041	trials	/intervals/trials	48	start_time	n/a	n/a	n/a	n/a	wee	73.1289664	48	true	73.0136088	73.5768254
73.1289664	0.0	cv_transition	/intervals/trials	48	cv_transition_time	n/a	n/a	n/a	n/a	wee	73.1289664	48	true	73.0136088	73.5768254
74.2815731	0.5021448999999905	trials	/intervals/trials	49	start_time	n/a	n/a	n/a	n/a	yaa	74.3930531	49	true	74.2815731	74.783718
74.3930531	0.0	cv_transition	/intervals/trials	49	cv_transition_time	n/a	n/a	n/a	n/a	yaa	74.3930531	49	true	74.2815731	74.783718
75.6212723	0.4565834999999936	trials	/intervals/trials	50	start_time	n/a	n/a	n/a	n/a	gaa	75.6571398	50	true	75.6212723	76.0778558
75.6571398	0.0	cv_transition	/intervals/trials	50	cv_transition_time	n/a	n/a	n/a	n/a	gaa	75.6571398	50	true	75.6212723	76.0778558
76.6556132	0.6349514999999997	trials	/intervals/trials	51	start_time	n/a	n/a	n/a	n/a	shaa	76.8776039	51	true	76.6556132	77.2905647
76.8776039	0.0	cv_transition	/intervals/trials	51	cv_transition_time	n/a	n/a	n/a	n/a	shaa	76.8776039	51	true	76.6556132	77.2905647
78.0825577	0.43525689999999884	trials	/intervals/trials	52	start_time	n/a	n/a	n/a	n/a	doo	78.1106701	52	true	78.0825577	78.5178146
78.1106701	0.0	cv_transition	/intervals/trials	52	cv_transition_time	n/a	n/a	n/a	n/a	doo	78.1106701	52	true	78.0825577	78.5178146
79.2952667	0.546736800000005	trials	/intervals/trials	53	start_time	n/a	n/a	n/a	n/a	woo	79.3621547	53	true	79.2952667	79.8420035
79.3621547	0.0	cv_transition	/intervals/trials	53	cv_transition_time	n/a	n/a	n/a	n/a	woo	79.3621547	53	true	79.2952667	79.8420035
80.8936883	0.5027402999999993	trials	/intervals/trials	54	start_time	n/a	n/a	n/a	n/a	raa	81.0074976	54	true	80.8936883	81.3964286
81.0074976	0.0	cv_transition	/intervals/trials	54	cv_transition_time	n/a	n/a	n/a	n/a	raa	81.0074976	54	true	80.8936883	81.3964286
81.9763613	0.6591045000000122	trials	/intervals/trials	55	start_time	n/a	n/a	n/a	n/a	shee	82.2316901	55	true	81.9763613	82.6354658
82.2316901	0.0	cv_transition	/intervals/trials	55	cv_transition_time	n/a	n/a	n/a	n/a	shee	82.2316901	55	true	81.9763613	82.6354658
83.4509343	0.5047196000000014	trials	/intervals/trials	56	start_time	n/a	n/a	n/a	n/a	yoo	83.5528679	56	true	83.4509343	83.9556539
83.5528679	0.0	cv_transition	/intervals/trials	56	cv_transition_time	n/a	n/a	n/a	n/a	yoo	83.5528679	56	true	83.4509343	83.9556539
84.7572317	0.4048912999999885	trials	/intervals/trials	57	start_time	n/a	n/a	n/a	n/a	baa	84.7668001	57	true	84.7572317	85.162123
84.7668001	0.0	cv_transition	/intervals/trials	57	cv_transition_time	n/a	n/a	n/a	n/a	baa	84.7668001	57	true	84.7572317	85.162123
85.8993372	0.5908321000000001	trials	/intervals/trials	58	start_time	n/a	n/a	n/a	n/a	zee	86.0817507	58	true	85.8993372	86.4901693
86.0817507	0.0	cv_transition	/intervals/trials	58	cv_transition_time	n/a	n/a	n/a	n/a	zee	86.0817507	58	true	85.8993372	86.4901693
87.3264548	0.48755390000000887	trials	/intervals/trials	59	start_time	n/a	n/a	n/a	n/a	gee	87.4230267	59	true	87.3264548	87.8140087
87.4230267	0.0	cv_transition	/intervals/trials	59	cv_transition_time	n/a	n/a	n/a	n/a	gee	87.4230267	59	true	87.3264548	87.8140087
88.5584168	0.4909069999999929	trials	/intervals/trials	60	start_time	n/a	n/a	n/a	n/a	kee	88.6536474	60	true	88.5584168	89.0493238
88.6536474	0.0	cv_transition	/intervals/trials	60	cv_transition_time	n/a	n/a	n/a	n/a	kee	88.6536474	60	true	88.5584168	89.0493238
89.7461167	0.4855419000000012	trials	/intervals/trials	61	start_time	n/a	n/a	n/a	n/a	ree	89.8762205	61	true	89.7461167	90.2316586
89.8762205	0.0	cv_transition	/intervals/trials	61	cv_transition_time	n/a	n/a	n/a	n/a	ree	89.8762205	61	true	89.7461167	90.2316586
92.3032593	0.46206960000000663	trials	/intervals/trials	62	start_time	n/a	n/a	n/a	n/a	voo	92.3448389	62	true	92.3032593	92.7653289
92.3448389	0.0	cv_transition	/intervals/trials	62	cv_transition_time	n/a	n/a	n/a	n/a	voo	92.3448389	62	true	92.3032593	92.7653289
94.8000446	0.485541899999987	trials	/intervals/trials	63	start_time	n/a	n/a	n/a	n/a	noo	94.9435611	63	true	94.8000446	95.2855865
94.9435611	0.0	cv_transition	/intervals/trials	63	cv_transition_time	n/a	n/a	n/a	n/a	noo	94.9435611	63	true	94.8000446	95.2855865
96.0179232	0.444632900000002	trials	/intervals/trials	64	start_time	n/a	n/a	n/a	n/a	dee	96.0393836	64	true	96.0179232	96.4625561
96.0393836	0.0	cv_transition	/intervals/trials	64	cv_transition_time	n/a	n/a	n/a	n/a	dee	96.0393836	64	true	96.0179232	96.4625561
97.120452	0.4200708999999989	trials	/intervals/trials	65	start_time	n/a	n/a	n/a	n/a	yee	97.1987745	65	true	97.120452	97.5405229
97.1987745	0.0	cv_transition	/intervals/trials	65	cv_transition_time	n/a	n/a	n/a	n/a	yee	97.1987745	65	true	97.120452	97.5405229
98.3246343	0.43349519999999586	trials	/intervals/trials	66	start_time	n/a	n/a	n/a	n/a	koo	98.395576	66	true	98.3246343	98.7581295
98.395576	0.0	cv_transition	/intervals/trials	66	cv_transition_time	n/a	n/a	n/a	n/a	koo	98.395576	66	true	98.3246343	98.7581295
99.5037305	0.6469328999999959	trials	/intervals/trials	67	start_time	n/a	n/a	n/a	n/a	fee	99.7184668	67	true	99.5037305	100.1506634
99.7184668	0.0	cv_transition	/intervals/trials	67	cv_transition_time	n/a	n/a	n/a	n/a	fee	99.7184668	67	true	99.5037305	100.1506634
100.7558294	0.6596446000000071	trials	/intervals/trials	68	start_time	n/a	n/a	n/a	n/a	hee	100.9514982	68	true	100.7558294	101.415474
100.9514982	0.0	cv_transition	/intervals/trials	68	cv_transition_time	n/a	n/a	n/a	n/a	hee	100.9514982	68	true	100.7558294	101.415474
102.1908855	0.5043807000000129	trials	/intervals/trials	69	start_time	n/a	n/a	n/a	n/a	vaa	102.2939408	69	true	102.1908855	102.6952662
102.2939408	0.0	cv_transition	/intervals/trials	69	cv_transition_time	n/a	n/a	n/a	n/a	vaa	102.2939408	69	true	102.1908855	102.6952662
103.4493403	0.4117670999999916	trials	/intervals/trials	70	start_time	n/a	n/a	n/a	n/a	loo	103.5265182	70	true	103.4493403	103.8611074
103.5265182	0.0	cv_transition	/intervals/trials	70	cv_transition_time	n/a	n/a	n/a	n/a	loo	103.5265182	70	true	103.4493403	103.8611074
104.6121311	0.5301914000000068	trials	/intervals/trials	71	start_time	n/a	n/a	n/a	n/a	hoo	104.7215549	71	true	104.6121311	105.1423225
104.7215549	0.0	cv_transition	/intervals/trials	71	cv_transition_time	n/a	n/a	n/a	n/a	hoo	104.7215549	71	true	104.6121311	105.1423225
105.8732248	0.5120548000000014	trials	/intervals/trials	72	start_time	n/a	n/a	n/a	n/a	kaa	105.9729757	72	true	105.8732248	106.3852796
105.9729757	0.0	cv_transition	/intervals/trials	72	cv_transition_time	n/a	n/a	n/a	n/a	kaa	105.9729757	72	true	105.8732248	106.3852796
107.1204138	0.4872682000000026	trials	/intervals/trials	73	start_time	n/a	n/a	n/a	n/a	poo	107.1760325	73	true	107.1204138	107.607682
107.1760325	0.0	cv_transition	/intervals/trials	73	cv_transition_time	n/a	n/a	n/a	n/a	poo	107.1760325	73	true	107.1204138	107.607682
108.4053229	0.4433331999999979	trials	/intervals/trials	74	start_time	n/a	n/a	n/a	n/a	bee	108.4307671	74	true	108.4053229	108.8486561
108.4307671	0.0	cv_transition	/intervals/trials	74	cv_transition_time	n/a	n/a	n/a	n/a	bee	108.4307671	74	true	108.4053229	108.8486561
109.6805528	0.44031440000000543	trials	/intervals/trials	75	start_time	n/a	n/a	n/a	n/a	paa	109.7072908	75	true	109.6805528	110.1208672
109.7072908	0.0	cv_transition	/intervals/trials	75	cv_transition_time	n/a	n/a	n/a	n/a	paa	109.7072908	75	true	109.6805528	110.1208672
110.8557309	0.5481289000000089	trials	/intervals/trials	76	start_time	n/a	n/a	n/a	n/a	taa	110.956214	76	true	110.8557309	111.4038598
110.956214	0.0	cv_transition	/intervals/trials	76	cv_transition_time	n/a	n/a	n/a	n/a	taa	110.956214	76	true	110.8557309	111.4038598
112.1322545	0.5119033000000002	trials	/intervals/trials	77	start_time	n/a	n/a	n/a	n/a	naa	112.2279938	77	true	112.1322545	112.6441578
112.2279938	0.0	cv_transition	/intervals/trials	77	cv_transition_time	n/a	n/a	n/a	n/a	naa	112.2279938	77	true	112.1322545	112.6441578
113.23455	0.6270491000000078	trials	/intervals/trials	78	start_time	n/a	n/a	n/a	n/a	saa	113.4510415	78	true	113.23455	113.8615991
113.4510415	0.0	cv_transition	/intervals/trials	78	cv_transition_time	n/a	n/a	n/a	n/a	saa	113.4510415	78	true	113.23455	113.8615991
114.5110736	0.5869421999999958	trials	/intervals/trials	79	start_time	n/a	n/a	n/a	n/a	shoo	114.7469718	79	true	114.5110736	115.0980158
114.7469718	0.0	cv_transition	/intervals/trials	79	cv_transition_time	n/a	n/a	n/a	n/a	shoo	114.7469718	79	true	114.5110736	115.0980158
115.9247374	0.6451619000000051	trials	/intervals/trials	80	start_time	n/a	n/a	n/a	n/a	foo	116.1278599	80	true	115.9247374	116.5698993
116.1278599	0.0	cv_transition	/intervals/trials	80	cv_transition_time	n/a	n/a	n/a	n/a	foo	116.1278599	80	true	115.9247374	116.5698993
117.3073505	0.4605834999999985	trials	/intervals/trials	81	start_time	n/a	n/a	n/a	n/a	daa	117.3250321	81	true	117.3073505	117.767934
117.3250321	0.0	cv_transition	/intervals/trials	81	cv_transition_time	n/a	n/a	n/a	n/a	daa	117.3250321	81	true	117.3073505	117.767934
118.4320714	0.531741100000005	trials	/intervals/trials	82	start_time	n/a	n/a	n/a	n/a	faa	118.5670551	82	true	118.4320714	118.9638125
118.5670551	0.0	cv_transition	/intervals/trials	82	cv_transition_time	n/a	n/a	n/a	n/a	faa	118.5670551	82	true	118.4320714	118.9638125
119.7396456	0.48042139999999733	trials	/intervals/trials	83	start_time	n/a	n/a	n/a	n/a	goo	119.7745775	83	true	119.7396456	120.220067
119.7745775	0.0	cv_transition	/intervals/trials	83	cv_transition_time	n/a	n/a	n/a	n/a	goo	119.7745775	83	true	119.7396456	120.220067
121.0334196	0.49508419999999376	trials	/intervals/trials	84	start_time	n/a	n/a	n/a	n/a	mee	121.1386466	84	true	121.0334196	121.5285038
121.1386466	0.0	cv_transition	/intervals/trials	84	cv_transition_time	n/a	n/a	n/a	n/a	mee	121.1386466	84	true	121.0334196	121.5285038
122.1495153	0.5593415999999962	trials	/intervals/trials	85	start_time	n/a	n/a	n/a	n/a	zaa	122.2909679	85	true	122.1495153	122.7088569
122.2909679	0.0	cv_transition	/intervals/trials	85	cv_transition_time	n/a	n/a	n/a	n/a	zaa	122.2909679	85	true	122.1495153	122.7088569
123.454502	0.5998798999999906	trials	/intervals/trials	86	start_time	n/a	n/a	n/a	n/a	see	123.6554682	86	true	123.454502	124.0543819
123.6554682	0.0	cv_transition	/intervals/trials	86	cv_transition_time	n/a	n/a	n/a	n/a	see	123.6554682	86	true	123.454502	124.0543819
124.7370633	0.6158363999999921	trials	/intervals/trials	87	start_time	n/a	n/a	n/a	n/a	zoo	124.8961975	87	true	124.7370633	125.3528997
124.8961975	0.0	cv_transition	/intervals/trials	87	cv_transition_time	n/a	n/a	n/a	n/a	zoo	124.8961975	87	true	124.7370633	125.3528997
126.162371	0.4886153000000064	trials	/intervals/trials	88	start_time	n/a	n/a	n/a	n/a	too	126.2399974	88	true	126.162371	126.6509863
126.2399974	0.0	cv_transition	/intervals/trials	88	cv_transition_time	n/a	n/a	n/a	n/a	too	126.2399974	88	true	126.162371	126.6509863
127.3858499	0.5334662000000066	trials	/intervals/trials	89	start_time	n/a	n/a	n/a	n/a	vee	127.4897831	89	true	127.3858499	127.9193161
127.4897831	0.0	cv_transition	/intervals/trials	89	cv_transition_time	n/a	n/a	n/a	n/a	vee	127.4897831	89	true	127.3858499	127.9193161
129.8129699	0.46705240000000003	trials	/intervals/trials	90	start_time	n/a	n/a	n/a	n/a	moo	129.8858525	90	true	129.8129699	130.2800223
129.8858525	0.0	cv_transition	/intervals/trials	90	cv_transition_time	n/a	n/a	n/a	n/a	moo	129.8858525	90	true	129.8129699	130.2800223
132.3039161	0.5386412999999948	trials	/intervals/trials	91	start_time	n/a	n/a	n/a	n/a	nee	132.4238058	91	true	132.3039161	132.8425574
132.4238058	0.0	cv_transition	/intervals/trials	91	cv_transition_time	n/a	n/a	n/a	n/a	nee	132.4238058	91	true	132.3039161	132.8425574
133.59079	0.4252204000000006	trials	/intervals/trials	92	start_time	n/a	n/a	n/a	n/a	boo	133.6205468	92	true	133.59079	134.0160104
133.6205468	0.0	cv_transition	/intervals/trials	92	cv_transition_time	n/a	n/a	n/a	n/a	boo	133.6205468	92	true	133.59079	134.0160104
134.6909291	0.522253500000005	trials	/intervals/trials	93	start_time	n/a	n/a	n/a	n/a	laa	134.8254816	93	true	134.6909291	135.2131826
134.8254816	0.0	cv_transition	/intervals/trials	93	cv_transition_time	n/a	n/a	n/a	n/a	laa	134.8254816	93	true	134.6909291	135.2131826
135.8484256	0.5235471999999959	trials	/intervals/trials	94	start_time	n/a	n/a	n/a	n/a	maa	135.9752155	94	true	135.8484256	136.3719728
135.9752155	0.0	cv_transition	/intervals/trials	94	cv_transition_time	n/a	n/a	n/a	n/a	maa	135.9752155	94	true	135.8484256	136.3719728
136.947271	0.627480399999996	trials	/intervals/trials	95	start_time	n/a	n/a	n/a	n/a	soo	137.1956756	95	true	136.947271	137.5747514
137.1956756	0.0	cv_transition	/intervals/trials	95	cv_transition_time	n/a	n/a	n/a	n/a	soo	137.1956756	95	true	136.947271	137.5747514
138.2268135	0.44031440000000543	trials	/intervals/trials	96	start_time	n/a	n/a	n/a	n/a	roo	138.334628	96	true	138.2268135	138.6671279
138.334628	0.0	cv_transition	/intervals/trials	96	cv_transition_time	n/a	n/a	n/a	n/a	roo	138.334628	96	true	138.2268135	138.6671279
139.4252794	0.485596500000014	trials	/intervals/trials	97	start_time	n/a	n/a	n/a	n/a	tee	139.5261938	97	true	139.4252794	139.9108759
139.5261938	0.0	cv_transition	/intervals/trials	97	cv_transition_time	n/a	n/a	n/a	n/a	tee	139.5261938	97	true	139.4252794	139.9108759
140.4585736	0.5757294000000002	trials	/intervals/trials	98	start_time	n/a	n/a	n/a	n/a	haa	140.6979218	98	true	140.4585736	141.034303
140.6979218	0.0	cv_transition	/intervals/trials	98	cv_transition_time	n/a	n/a	n/a	n/a	haa	140.6979218	98	true	140.4585736	141.034303
141.9041504	0.435139300000003	trials	/intervals/trials	99	start_time	n/a	n/a	n/a	n/a	waa	141.9373573	99	true	141.9041504	142.3392897
141.9373573	0.0	cv_transition	/intervals/trials	99	cv_transition_time	n/a	n/a	n/a	n/a	waa	141.9373573	99	true	141.9041504	142.3392897
143.2121559	0.5041405999999995	trials	/intervals/trials	100	start_time	n/a	n/a	n/a	n/a	pee	143.2919386	100	true	143.2121559	143.7162965
143.2919386	0.0	cv_transition	/intervals/trials	100	cv_transition_time	n/a	n/a	n/a	n/a	pee	143.2919386	100	true	143.2121559	143.7162965
144.4494351	0.5899610000000166	trials	/intervals/trials	101	start_time	n/a	n/a	n/a	n/a	lee	144.5960628	101	true	144.4494351	145.0393961
144.5960628	0.0	cv_transition	/intervals/trials	101	cv_transition_time	n/a	n/a	n/a	n/a	lee	144.5960628	101	true	144.4494351	145.0393961
145.72639	0.4786963999999898	trials	/intervals/trials	102	start_time	n/a	n/a	n/a	n/a	wee	145.8186793	102	true	145.72639	146.2050864
145.8186793	0.0	cv_transition	/intervals/trials	102	cv_transition_time	n/a	n/a	n/a	n/a	wee	145.8186793	102	true	145.72639	146.2050864
146.976607	0.5761607000000026	trials	/intervals/trials	103	start_time	n/a	n/a	n/a	n/a	yaa	147.1413475	103	true	146.976607	147.5527677
147.1413475	0.0	cv_transition	/intervals/trials	103	cv_transition_time	n/a	n/a	n/a	n/a	yaa	147.1413475	103	true	146.976607	147.5527677
148.3398135	0.4588585000000194	trials	/intervals/trials	104	start_time	n/a	n/a	n/a	n/a	gaa	148.3682765	104	true	148.3398135	148.798672
148.3682765	0.0	cv_transition	/intervals/trials	104	cv_transition_time	n/a	n/a	n/a	n/a	gaa	148.3682765	104	true	148.3398135	148.798672
149.4869598	0.6447306999999967	trials	/intervals/trials	105	start_time	n/a	n/a	n/a	n/a	shaa	149.7073326	105	true	149.4869598	150.1316905
149.7073326	0.0	cv_transition	/intervals/trials	105	cv_transition_time	n/a	n/a	n/a	n/a	shaa	149.7073326	105	true	149.4869598	150.1316905
150.9653122	0.5002593000000104	trials	/intervals/trials	106	start_time	n/a	n/a	n/a	n/a	doo	150.9942065	106	true	150.9653122	151.4655715
150.9942065	0.0	cv_transition	/intervals/trials	106	cv_transition_time	n/a	n/a	n/a	n/a	doo	150.9942065	106	true	150.9653122	151.4655715
152.2914305	0.3889948000000061	trials	/intervals/trials	107	start_time	n/a	n/a	n/a	n/a	woo	152.3600006	107	true	152.2914305	152.6804253
152.3600006	0.0	cv_transition	/intervals/trials	107	cv_transition_time	n/a	n/a	n/a	n/a	woo	152.3600006	107	true	152.2914305	152.6804253
153.4627273	0.5326035999999874	trials	/intervals/trials	108	start_time	n/a	n/a	n/a	n/a	raa	153.5800294	108	true	153.4627273	153.9953309
153.5800294	0.0	cv_transition	/intervals/trials	108	cv_transition_time	n/a	n/a	n/a	n/a	raa	153.5800294	108	true	153.4627273	153.9953309
154.6542931	0.6913066000000185	trials	/intervals/trials	109	start_time	n/a	n/a	n/a	n/a	shee	154.8863099	109	true	154.6542931	155.3455997
154.8863099	0.0	cv_transition	/intervals/trials	109	cv_transition_time	n/a	n/a	n/a	n/a	shee	154.8863099	109	true	154.6542931	155.3455997
156.1218641	0.481283899999994	trials	/intervals/trials	110	start_time	n/a	n/a	n/a	n/a	yoo	156.2352849	110	true	156.1218641	156.603148
156.2352849	0.0	cv_transition	/intervals/trials	110	cv_transition_time	n/a	n/a	n/a	n/a	yoo	156.2352849	110	true	156.1218641	156.603148
157.5777911	0.4252204000000006	trials	/intervals/trials	111	start_time	n/a	n/a	n/a	n/a	baa	157.5821037	111	true	157.5777911	158.0030115
157.5821037	0.0	cv_transition	/intervals/trials	111	cv_transition_time	n/a	n/a	n/a	n/a	baa	157.5821037	111	true	157.5777911	158.0030115
158.7624568	0.6248927999999978	trials	/intervals/trials	112	start_time	n/a	n/a	n/a	n/a	zee	158.9284911	112	true	158.7624568	159.3873496
158.9284911	0.0	cv_transition	/intervals/trials	112	cv_transition_time	n/a	n/a	n/a	n/a	zee	158.9284911	112	true	158.7624568	159.3873496
160.1597327	0.5097470000000044	trials	/intervals/trials	113	start_time	n/a	n/a	n/a	n/a	gee	160.2347716	113	true	160.1597327	160.6694797
160.2347716	0.0	cv_transition	/intervals/trials	113	cv_transition_time	n/a	n/a	n/a	n/a	gee	160.2347716	113	true	160.1597327	160.6694797
161.5022389	0.47697130000000243	trials	/intervals/trials	114	start_time	n/a	n/a	n/a	n/a	kee	161.5811591	114	true	161.5022389	161.9792102
161.5811591	0.0	cv_transition	/intervals/trials	114	cv_transition_time	n/a	n/a	n/a	n/a	kee	161.5811591	114	true	161.5022389	161.9792102
162.7045862	0.5144908000000044	trials	/intervals/trials	115	start_time	n/a	n/a	n/a	n/a	ree	162.8283572	115	true	162.7045862	163.219077
162.8283572	0.0	cv_transition	/intervals/trials	115	cv_transition_time	n/a	n/a	n/a	n/a	ree	162.8283572	115	true	162.7045862	163.219077
165.1329999	0.512765800000011	trials	/intervals/trials	116	start_time	n/a	n/a	n/a	n/a	voo	165.2662587	116	true	165.1329999	165.6457657
165.2662587	0.0	cv_transition	/intervals/trials	116	cv_transition_time	n/a	n/a	n/a	n/a	voo	165.2662587	116	true	165.1329999	165.6457657
166.2490956	0.42177039999998556	trials	/intervals/trials	117	start_time	n/a	n/a	n/a	n/a	noo	166.3776105	117	true	166.2490956	166.670866
166.3776105	0.0	cv_transition	/intervals/trials	117	cv_transition_time	n/a	n/a	n/a	n/a	noo	166.3776105	117	true	166.2490956	166.670866
167.6606031	0.44592069999998785	trials	/intervals/trials	118	start_time	n/a	n/a	n/a	n/a	dee	167.6808722	118	true	167.6606031	168.1065238
167.6808722	0.0	cv_transition	/intervals/trials	118	cv_transition_time	n/a	n/a	n/a	n/a	dee	167.6808722	118	true	167.6606031	168.1065238
168.8629504	0.4774026000000049	trials	/intervals/trials	119	start_time	n/a	n/a	n/a	n/a	yee	168.9647273	119	true	168.8629504	169.340353
168.9647273	0.0	cv_transition	/intervals/trials	119	cv_transition_time	n/a	n/a	n/a	n/a	yee	168.9647273	119	true	168.8629504	169.340353
170.1864812	0.5149219999999843	trials	/intervals/trials	120	start_time	n/a	n/a	n/a	n/a	koo	170.2770453	120	true	170.1864812	170.7014032
170.2770453	0.0	cv_transition	/intervals/trials	120	cv_transition_time	n/a	n/a	n/a	n/a	koo	170.2770453	120	true	170.1864812	170.7014032
171.3871034	0.5929797999999948	trials	/intervals/trials	121	start_time	n/a	n/a	n/a	n/a	fee	171.6048887	121	true	171.3871034	171.9800832
171.6048887	0.0	cv_transition	/intervals/trials	121	cv_transition_time	n/a	n/a	n/a	n/a	fee	171.6048887	121	true	171.3871034	171.9800832
172.5998009	0.5688293000000044	trials	/intervals/trials	122	start_time	n/a	n/a	n/a	n/a	hee	172.7378035	122	true	172.5998009	173.1686302
172.7378035	0.0	cv_transition	/intervals/trials	122	cv_transition_time	n/a	n/a	n/a	n/a	hee	172.7378035	122	true	172.5998009	173.1686302
173.881931	0.49810289999999213	trials	/intervals/trials	123	start_time	n/a	n/a	n/a	n/a	vaa	173.965595	123	true	173.881931	174.3800339
173.965595	0.0	cv_transition	/intervals/trials	123	cv_transition_time	n/a	n/a	n/a	n/a	vaa	173.965595	123	true	173.881931	174.3800339
175.0782406	0.4006387000000018	trials	/intervals/trials	124	start_time	n/a	n/a	n/a	n/a	loo	175.2662691	124	true	175.0782406	175.4788793
175.2662691	0.0	cv_transition	/intervals/trials	124	cv_transition_time	n/a	n/a	n/a	n/a	loo	175.2662691	124	true	175.0782406	175.4788793
176.4233343	0.4886153000000206	trials	/intervals/trials	125	start_time	n/a	n/a	n/a	n/a	hoo	176.499667	125	true	176.4233343	176.9119496
176.499667	0.0	cv_transition	/intervals/trials	125	cv_transition_time	n/a	n/a	n/a	n/a	hoo	176.499667	125	true	176.4233343	176.9119496
177.6692387	0.4847340000000031	trials	/intervals/trials	126	start_time	n/a	n/a	n/a	n/a	kaa	177.7244397	126	true	177.6692387	178.1539727
177.7244397	0.0	cv_transition	/intervals/trials	126	cv_transition_time	n/a	n/a	n/a	n/a	kaa	177.7244397	126	true	177.6692387	178.1539727
178.888405	0.4696399999999983	trials	/intervals/trials	127	start_time	n/a	n/a	n/a	n/a	poo	178.9500749	127	true	178.888405	179.358045
178.9500749	0.0	cv_transition	/intervals/trials	127	cv_transition_time	n/a	n/a	n/a	n/a	poo	178.9500749	127	true	178.888405	179.358045
181.0873896	0.45152709999999274	trials	/intervals/trials	128	start_time	n/a	n/a	n/a	n/a	bee	181.1486282	128	true	181.0873896	181.5389167
181.1486282	0.0	cv_transition	/intervals/trials	128	cv_transition_time	n/a	n/a	n/a	n/a	bee	181.1486282	128	true	181.0873896	181.5389167
182.269899	0.40538250000000176	trials	/intervals/trials	129	start_time	n/a	n/a	n/a	n/a	paa	182.310006	129	true	182.269899	182.6752815
182.310006	0.0	cv_transition	/intervals/trials	129	cv_transition_time	n/a	n/a	n/a	n/a	paa	182.310006	129	true	182.269899	182.6752815
183.4101452	0.43988310000000297	trials	/intervals/trials	130	start_time	n/a	n/a	n/a	n/a	taa	183.4778527	130	true	183.4101452	183.8500283
183.4778527	0.0	cv_transition	/intervals/trials	130	cv_transition_time	n/a	n/a	n/a	n/a	taa	183.4778527	130	true	183.4101452	183.8500283
184.6375054	0.4312579999999855	trials	/intervals/trials	131	start_time	n/a	n/a	n/a	n/a	naa	184.7047817	131	true	184.6375054	185.0687634
184.7047817	0.0	cv_transition	/intervals/trials	131	cv_transition_time	n/a	n/a	n/a	n/a	naa	184.7047817	131	true	184.6375054	185.0687634
185.7022814	0.5903921999999966	trials	/intervals/trials	132	start_time	n/a	n/a	n/a	n/a	saa	185.9019539	132	true	185.7022814	186.2926736
185.9019539	0.0	cv_transition	/intervals/trials	132	cv_transition_time	n/a	n/a	n/a	n/a	saa	185.9019539	132	true	185.7022814	186.2926736
186.9874302	0.5903921999999966	trials	/intervals/trials	133	start_time	n/a	n/a	n/a	n/a	shoo	187.1935716	133	true	186.9874302	187.5778224
187.1935716	0.0	cv_transition	/intervals/trials	133	cv_transition_time	n/a	n/a	n/a	n/a	shoo	187.1935716	133	true	186.9874302	187.5778224
188.1751148	0.5369162000000074	trials	/intervals/trials	134	start_time	n/a	n/a	n/a	n/a	foo	188.3562431	134	true	188.1751148	188.712031
188.3562431	0.0	cv_transition	/intervals/trials	134	cv_transition_time	n/a	n/a	n/a	n/a	foo	188.3562431	134	true	188.1751148	188.712031
189.5068395	0.4234952999999848	trials	/intervals/trials	135	start_time	n/a	n/a	n/a	n/a	daa	189.5150334	135	true	189.5068395	189.9303348
189.5150334	0.0	cv_transition	/intervals/trials	135	cv_transition_time	n/a	n/a	n/a	n/a	daa	189.5150334	135	true	189.5068395	189.9303348
190.5802406	0.5334661999999923	trials	/intervals/trials	136	start_time	n/a	n/a	n/a	n/a	faa	190.7294559	136	true	190.5802406	191.1137068
190.7294559	0.0	cv_transition	/intervals/trials	136	cv_transition_time	n/a	n/a	n/a	n/a	faa	190.7294559	136	true	190.5802406	191.1137068
191.8981651	0.4377268000000072	trials	/intervals/trials	137	start_time	n/a	n/a	n/a	n/a	goo	191.9473285	137	true	191.8981651	192.3358919
191.9473285	0.0	cv_transition	/intervals/trials	137	cv_transition_time	n/a	n/a	n/a	n/a	goo	191.9473285	137	true	191.8981651	192.3358919
192.9810539	0.44333319999998366	trials	/intervals/trials	138	start_time	n/a	n/a	n/a	n/a	mee	193.0371174	138	true	192.9810539	193.4243871
193.0371174	0.0	cv_transition	/intervals/trials	138	cv_transition_time	n/a	n/a	n/a	n/a	mee	193.0371174	138	true	192.9810539	193.4243871
194.0919745	0.517509600000011	trials	/intervals/trials	139	start_time	n/a	n/a	n/a	n/a	zaa	194.2252332	139	true	194.0919745	194.6094841
194.2252332	0.0	cv_transition	/intervals/trials	139	cv_transition_time	n/a	n/a	n/a	n/a	zaa	194.2252332	139	true	194.0919745	194.6094841
195.318041	0.5610666000000037	trials	/intervals/trials	140	start_time	n/a	n/a	n/a	n/a	see	195.5065007	140	true	195.318041	195.8791076
195.5065007	0.0	cv_transition	/intervals/trials	140	cv_transition_time	n/a	n/a	n/a	n/a	see	195.5065007	140	true	195.318041	195.8791076
196.5799019	0.5308785999999941	trials	/intervals/trials	141	start_time	n/a	n/a	n/a	n/a	zoo	196.7549926	141	true	196.5799019	197.1107805
196.7549926	0.0	cv_transition	/intervals/trials	141	cv_transition_time	n/a	n/a	n/a	n/a	zoo	196.7549926	141	true	196.5799019	197.1107805
197.9616525	0.47179629999999406	trials	/intervals/trials	142	start_time	n/a	n/a	n/a	n/a	too	198.0470416	142	true	197.9616525	198.4334488
198.0470416	0.0	cv_transition	/intervals/trials	142	cv_transition_time	n/a	n/a	n/a	n/a	too	198.0470416	142	true	197.9616525	198.4334488
199.2575828	0.4674837000000025	trials	/intervals/trials	143	start_time	n/a	n/a	n/a	n/a	vee	199.3076087	143	true	199.2575828	199.7250665
199.3076087	0.0	cv_transition	/intervals/trials	143	cv_transition_time	n/a	n/a	n/a	n/a	vee	199.3076087	143	true	199.2575828	199.7250665
201.5894896	0.42528439999998113	trials	/intervals/trials	144	start_time	n/a	n/a	n/a	n/a	moo	201.7018143	144	true	201.5894896	202.014774
201.7018143	0.0	cv_transition	/intervals/trials	144	cv_transition_time	n/a	n/a	n/a	n/a	moo	201.7018143	144	true	201.5894896	202.014774
203.9645756	0.4314817000000062	trials	/intervals/trials	145	start_time	n/a	n/a	n/a	n/a	nee	204.0559846	145	true	203.9645756	204.3960573
204.0559846	0.0	cv_transition	/intervals/trials	145	cv_transition_time	n/a	n/a	n/a	n/a	nee	204.0559846	145	true	203.9645756	204.3960573
205.2435276	0.3617629000000022	trials	/intervals/trials	146	start_time	n/a	n/a	n/a	n/a	bee	205.2512741	146	true	205.2435276	205.6052905
205.2512741	0.0	cv_transition	/intervals/trials	146	cv_transition_time	n/a	n/a	n/a	n/a	bee	205.2512741	146	true	205.2435276	205.6052905
206.235858	0.49810189999999466	trials	/intervals/trials	147	start_time	n/a	n/a	n/a	n/a	laa	206.3714223	147	true	206.235858	206.7339599
206.3714223	0.0	cv_transition	/intervals/trials	147	cv_transition_time	n/a	n/a	n/a	n/a	laa	206.3714223	147	true	206.235858	206.7339599
207.5086129	0.46479170000000636	trials	/intervals/trials	148	start_time	n/a	n/a	n/a	n/a	maa	207.5868528	148	true	207.5086129	207.9734046
207.5868528	0.0	cv_transition	/intervals/trials	148	cv_transition_time	n/a	n/a	n/a	n/a	maa	207.5868528	148	true	207.5086129	207.9734046
208.610944	0.5368344999999977	trials	/intervals/trials	149	start_time	n/a	n/a	n/a	n/a	soo	208.8441146	149	true	208.610944	209.1477785
208.8441146	0.0	cv_transition	/intervals/trials	149	cv_transition_time	n/a	n/a	n/a	n/a	soo	208.8441146	149	true	208.610944	209.1477785
209.9239808	0.4221858999999881	trials	/intervals/trials	150	start_time	n/a	n/a	n/a	n/a	roo	210.0750381	150	true	209.9239808	210.3461667
210.0750381	0.0	cv_transition	/intervals/trials	150	cv_transition_time	n/a	n/a	n/a	n/a	roo	210.0750381	150	true	209.9239808	210.3461667
211.3199054	0.4570452999999759	trials	/intervals/trials	151	start_time	n/a	n/a	n/a	n/a	tee	211.3880749	151	true	211.3199054	211.7769507
211.3880749	0.0	cv_transition	/intervals/trials	151	cv_transition_time	n/a	n/a	n/a	n/a	tee	211.3880749	151	true	211.3199054	211.7769507
212.4508987	0.49500329999997916	trials	/intervals/trials	152	start_time	n/a	n/a	n/a	n/a	haa	212.5872377	152	true	212.4508987	212.945902
212.5872377	0.0	cv_transition	/intervals/trials	152	cv_transition_time	n/a	n/a	n/a	n/a	haa	212.5872377	152	true	212.4508987	212.945902
214.9398587	0.4926792999999918	trials	/intervals/trials	153	start_time	n/a	n/a	n/a	n/a	pee	215.0258452	153	true	214.9398587	215.432538
215.0258452	0.0	cv_transition	/intervals/trials	153	cv_transition_time	n/a	n/a	n/a	n/a	pee	215.0258452	153	true	214.9398587	215.432538
216.1560639	0.4632424000000128	trials	/intervals/trials	154	start_time	n/a	n/a	n/a	n/a	lee	216.2497969	154	true	216.1560639	216.6193063
216.2497969	0.0	cv_transition	/intervals/trials	154	cv_transition_time	n/a	n/a	n/a	n/a	lee	216.2497969	154	true	216.1560639	216.6193063
217.4063537	0.48648209999998926	trials	/intervals/trials	155	start_time	n/a	n/a	n/a	n/a	wee	217.4807204	155	true	217.4063537	217.8928358
217.4807204	0.0	cv_transition	/intervals/trials	155	cv_transition_time	n/a	n/a	n/a	n/a	wee	217.4807204	155	true	217.4063537	217.8928358
218.5179807	0.5329612999999824	trials	/intervals/trials	156	start_time	n/a	n/a	n/a	n/a	yaa	218.6140377	156	true	218.5179807	219.050942
218.6140377	0.0	cv_transition	/intervals/trials	156	cv_transition_time	n/a	n/a	n/a	n/a	yaa	218.6140377	156	true	218.5179807	219.050942
219.843412	0.44232679999998936	trials	/intervals/trials	157	start_time	n/a	n/a	n/a	n/a	gaa	219.8674262	157	true	219.843412	220.2857388
219.8674262	0.0	cv_transition	/intervals/trials	157	cv_transition_time	n/a	n/a	n/a	n/a	gaa	219.8674262	157	true	219.843412	220.2857388
220.9736306	0.5902855999999872	trials	/intervals/trials	158	start_time	n/a	n/a	n/a	n/a	shaa	221.1703925	158	true	220.9736306	221.5639162
221.1703925	0.0	cv_transition	/intervals/trials	158	cv_transition_time	n/a	n/a	n/a	n/a	shaa	221.1703925	158	true	220.9736306	221.5639162
222.4307529	0.3571150000000216	trials	/intervals/trials	159	start_time	n/a	n/a	n/a	n/a	doo	222.4570911	159	true	222.4307529	222.7878679
222.4570911	0.0	cv_transition	/intervals/trials	159	cv_transition_time	n/a	n/a	n/a	n/a	doo	222.4570911	159	true	222.4307529	222.7878679
223.5524503	0.4833835000000022	trials	/intervals/trials	160	start_time	n/a	n/a	n/a	n/a	woo	223.6973104	160	true	223.5524503	224.0358338
223.6973104	0.0	cv_transition	/intervals/trials	160	cv_transition_time	n/a	n/a	n/a	n/a	woo	223.6973104	160	true	223.5524503	224.0358338
224.8011909	0.4477493999999922	trials	/intervals/trials	161	start_time	n/a	n/a	n/a	n/a	raa	224.890276	161	true	224.8011909	225.2489403
224.890276	0.0	cv_transition	/intervals/trials	161	cv_transition_time	n/a	n/a	n/a	n/a	raa	224.890276	161	true	224.8011909	225.2489403
225.8934516	0.6979623000000004	trials	/intervals/trials	162	start_time	n/a	n/a	n/a	n/a	shee	226.1428899	162	true	225.8934516	226.5914139
226.1428899	0.0	cv_transition	/intervals/trials	162	cv_transition_time	n/a	n/a	n/a	n/a	shee	226.1428899	162	true	225.8934516	226.5914139
227.3924051	0.35943900000000895	trials	/intervals/trials	163	start_time	n/a	n/a	n/a	n/a	yoo	227.450504	163	true	227.3924051	227.7518441
227.450504	0.0	cv_transition	/intervals/trials	163	cv_transition_time	n/a	n/a	n/a	n/a	yoo	227.450504	163	true	227.3924051	227.7518441
228.6829769	0.3997209000000055	trials	/intervals/trials	164	start_time	n/a	n/a	n/a	n/a	baa	228.6938221	164	true	228.6829769	229.0826978
228.6938221	0.0	cv_transition	/intervals/trials	164	cv_transition_time	n/a	n/a	n/a	n/a	baa	228.6938221	164	true	228.6829769	229.0826978
229.865872	0.5476796000000093	trials	/intervals/trials	165	start_time	n/a	n/a	n/a	n/a	zee	230.0231265	165	true	229.865872	230.4135516
230.0231265	0.0	cv_transition	/intervals/trials	165	cv_transition_time	n/a	n/a	n/a	n/a	zee	230.0231265	165	true	229.865872	230.4135516
231.1982751	0.5484543000000031	trials	/intervals/trials	166	start_time	n/a	n/a	n/a	n/a	gee	231.2191907	166	true	231.1982751	231.7467294
231.2191907	0.0	cv_transition	/intervals/trials	166	cv_transition_time	n/a	n/a	n/a	n/a	gee	231.2191907	166	true	231.1982751	231.7467294
232.4346212	0.45007339999997953	trials	/intervals/trials	167	start_time	n/a	n/a	n/a	n/a	kee	232.5074386	167	true	232.4346212	232.8846946
232.5074386	0.0	cv_transition	/intervals/trials	167	cv_transition_time	n/a	n/a	n/a	n/a	kee	232.5074386	167	true	232.4346212	232.8846946
233.5741357	0.5383837999999912	trials	/intervals/trials	168	start_time	n/a	n/a	n/a	n/a	ree	233.6825871	168	true	233.5741357	234.1125195
233.6825871	0.0	cv_transition	/intervals/trials	168	cv_transition_time	n/a	n/a	n/a	n/a	ree	233.6825871	168	true	233.5741357	234.1125195
235.915137	0.34317120000000045	trials	/intervals/trials	169	start_time	n/a	n/a	n/a	n/a	voo	235.9941516	169	true	235.915137	236.2583082
235.9941516	0.0	cv_transition	/intervals/trials	169	cv_transition_time	n/a	n/a	n/a	n/a	voo	235.9941516	169	true	235.915137	236.2583082
237.0879615	0.4012702999999931	trials	/intervals/trials	170	start_time	n/a	n/a	n/a	n/a	noo	237.2018355	170	true	237.0879615	237.4892318
237.2018355	0.0	cv_transition	/intervals/trials	170	cv_transition_time	n/a	n/a	n/a	n/a	noo	237.2018355	170	true	237.0879615	237.4892318
238.4366324	0.42993229999999016	trials	/intervals/trials	171	start_time	n/a	n/a	n/a	n/a	dee	238.4652945	171	true	238.4366324	238.8665647
238.4652945	0.0	cv_transition	/intervals/trials	171	cv_transition_time	n/a	n/a	n/a	n/a	dee	238.4652945	171	true	238.4366324	238.8665647
239.6218514	0.4671156999999937	trials	/intervals/trials	172	start_time	n/a	n/a	n/a	n/a	yee	239.6722038	172	true	239.6218514	240.0889671
239.6722038	0.0	cv_transition	/intervals/trials	172	cv_transition_time	n/a	n/a	n/a	n/a	yee	239.6722038	172	true	239.6218514	240.0889671
240.812493	0.5012005000000102	trials	/intervals/trials	173	start_time	n/a	n/a	n/a	n/a	koo	240.9124232	173	true	240.812493	241.3136935
240.9124232	0.0	cv_transition	/intervals/trials	173	cv_transition_time	n/a	n/a	n/a	n/a	koo	240.9124232	173	true	240.812493	241.3136935
242.0403179	0.5414825000000008	trials	/intervals/trials	174	start_time	n/a	n/a	n/a	n/a	fee	242.1727836	174	true	242.0403179	242.5818004
242.1727836	0.0	cv_transition	/intervals/trials	174	cv_transition_time	n/a	n/a	n/a	n/a	fee	242.1727836	174	true	242.0403179	242.5818004
243.1806071	0.5763417999999945	trials	/intervals/trials	175	start_time	n/a	n/a	n/a	n/a	hee	243.3208193	175	true	243.1806071	243.7569489
243.3208193	0.0	cv_transition	/intervals/trials	175	cv_transition_time	n/a	n/a	n/a	n/a	hee	243.3208193	175	true	243.1806071	243.7569489
244.4394182	0.509721600000006	trials	/intervals/trials	176	start_time	n/a	n/a	n/a	n/a	vaa	244.5122355	176	true	244.4394182	244.9491398
244.5122355	0.0	cv_transition	/intervals/trials	176	cv_transition_time	n/a	n/a	n/a	n/a	vaa	244.5122355	176	true	244.4394182	244.9491398
245.6277358	0.4090167999999892	trials	/intervals/trials	177	start_time	n/a	n/a	n/a	n/a	loo	245.7361872	177	true	245.6277358	246.0367526
245.7361872	0.0	cv_transition	/intervals/trials	177	cv_transition_time	n/a	n/a	n/a	n/a	loo	245.7361872	177	true	245.6277358	246.0367526
246.8849976	0.44542540000000486	trials	/intervals/trials	178	start_time	n/a	n/a	n/a	n/a	hoo	246.9368993	178	true	246.8849976	247.330423
246.9368993	0.0	cv_transition	/intervals/trials	178	cv_transition_time	n/a	n/a	n/a	n/a	hoo	246.9368993	178	true	246.8849976	247.330423
248.0678926	0.47021440000000325	trials	/intervals/trials	179	start_time	n/a	n/a	n/a	n/a	kaa	248.1182451	179	true	248.0678926	248.538107
248.1182451	0.0	cv_transition	/intervals/trials	179	cv_transition_time	n/a	n/a	n/a	n/a	kaa	248.1182451	179	true	248.0678926	248.538107
250.5924866	0.42993240000001265	trials	/intervals/trials	180	start_time	n/a	n/a	n/a	n/a	bee	250.6025571	180	true	250.5924866	251.022419
250.6025571	0.0	cv_transition	/intervals/trials	180	cv_transition_time	n/a	n/a	n/a	n/a	bee	250.6025571	180	true	250.5924866	251.022419
251.814889	0.4283831000000191	trials	/intervals/trials	181	start_time	n/a	n/a	n/a	n/a	paa	251.8497484	181	true	251.814889	252.2432721
251.8497484	0.0	cv_transition	/intervals/trials	181	cv_transition_time	n/a	n/a	n/a	n/a	paa	251.8497484	181	true	251.814889	252.2432721
252.9830657	0.4911299999999983	trials	/intervals/trials	182	start_time	n/a	n/a	n/a	n/a	taa	253.0814466	182	true	252.9830657	253.4741957
253.0814466	0.0	cv_transition	/intervals/trials	182	cv_transition_time	n/a	n/a	n/a	n/a	taa	253.0814466	182	true	252.9830657	253.4741957
254.24575	0.4981019000000231	trials	/intervals/trials	183	start_time	n/a	n/a	n/a	n/a	naa	254.3247646	183	true	254.24575	254.7438519
254.3247646	0.0	cv_transition	/intervals/trials	183	cv_transition_time	n/a	n/a	n/a	n/a	naa	254.3247646	183	true	254.24575	254.7438519
255.3256162	0.5995813999999768	trials	/intervals/trials	184	start_time	n/a	n/a	n/a	n/a	saa	255.5409698	184	true	255.3256162	255.9251976
255.5409698	0.0	cv_transition	/intervals/trials	184	cv_transition_time	n/a	n/a	n/a	n/a	saa	255.5409698	184	true	255.3256162	255.9251976
256.6161881	0.6336661000000277	trials	/intervals/trials	185	start_time	n/a	n/a	n/a	n/a	shoo	256.8733728	185	true	256.6161881	257.2498542
256.8733728	0.0	cv_transition	/intervals/trials	185	cv_transition_time	n/a	n/a	n/a	n/a	shoo	256.8733728	185	true	256.6161881	257.2498542
258.0671131	0.5747925000000009	trials	/intervals/trials	186	start_time	n/a	n/a	n/a	n/a	foo	258.2313395	186	true	258.0671131	258.6419056
258.2313395	0.0	cv_transition	/intervals/trials	186	cv_transition_time	n/a	n/a	n/a	n/a	foo	258.2313395	186	true	258.0671131	258.6419056
259.4080373	0.45394670000001724	trials	/intervals/trials	187	start_time	n/a	n/a	n/a	n/a	daa	259.4312769	187	true	259.4080373	259.861984
259.4312769	0.0	cv_transition	/intervals/trials	187	cv_transition_time	n/a	n/a	n/a	n/a	daa	259.4312769	187	true	259.4080373	259.861984
260.6064255	0.5135948999999869	trials	/intervals/trials	188	start_time	n/a	n/a	n/a	n/a	faa	260.7017078	188	true	260.6064255	261.1200204
260.7017078	0.0	cv_transition	/intervals/trials	188	cv_transition_time	n/a	n/a	n/a	n/a	faa	260.7017078	188	true	260.6064255	261.1200204
261.9093918	0.43303100000002814	trials	/intervals/trials	189	start_time	n/a	n/a	n/a	n/a	goo	261.9434765	189	true	261.9093918	262.3424228
261.9434765	0.0	cv_transition	/intervals/trials	189	cv_transition_time	n/a	n/a	n/a	n/a	goo	261.9434765	189	true	261.9093918	262.3424228
263.1217236	0.49267930000002025	trials	/intervals/trials	190	start_time	n/a	n/a	n/a	n/a	mee	263.2092594	190	true	263.1217236	263.6144029
263.2092594	0.0	cv_transition	/intervals/trials	190	cv_transition_time	n/a	n/a	n/a	n/a	mee	263.2092594	190	true	263.1217236	263.6144029
264.9816654	0.5042991000000256	trials	/intervals/trials	191	start_time	n/a	n/a	n/a	n/a	zaa	265.1211029	191	true	264.9816654	265.4859645
265.1211029	0.0	cv_transition	/intervals/trials	191	cv_transition_time	n/a	n/a	n/a	n/a	zaa	265.1211029	191	true	264.9816654	265.4859645
266.2389272	0.6259195000000091	trials	/intervals/trials	192	start_time	n/a	n/a	n/a	n/a	see	266.4612526	192	true	266.2389272	266.8648467
266.4612526	0.0	cv_transition	/intervals/trials	192	cv_transition_time	n/a	n/a	n/a	n/a	see	266.4612526	192	true	266.2389272	266.8648467
267.5248511	0.46014380000002575	trials	/intervals/trials	193	start_time	n/a	n/a	n/a	n/a	zoo	267.6929508	193	true	267.5248511	267.9849949
267.6929508	0.0	cv_transition	/intervals/trials	193	cv_transition_time	n/a	n/a	n/a	n/a	zoo	267.6929508	193	true	267.5248511	267.9849949
268.9362688	0.4299323999999842	trials	/intervals/trials	194	start_time	n/a	n/a	n/a	n/a	too	269.0059875	194	true	268.9362688	269.3662012
269.0059875	0.0	cv_transition	/intervals/trials	194	cv_transition_time	n/a	n/a	n/a	n/a	too	269.0059875	194	true	268.9362688	269.3662012
270.2353618	0.5159188999999742	trials	/intervals/trials	195	start_time	n/a	n/a	n/a	n/a	vee	270.335292	195	true	270.2353618	270.7512807
270.335292	0.0	cv_transition	/intervals/trials	195	cv_transition_time	n/a	n/a	n/a	n/a	vee	270.335292	195	true	270.2353618	270.7512807
272.877703	0.4314817000000062	trials	/intervals/trials	196	start_time	n/a	n/a	n/a	n/a	moo	272.9923517	196	true	272.877703	273.3091847
272.9923517	0.0	cv_transition	/intervals/trials	196	cv_transition_time	n/a	n/a	n/a	n/a	moo	272.9923517	196	true	272.877703	273.3091847
275.5045512	0.5414825000000292	trials	/intervals/trials	197	start_time	n/a	n/a	n/a	n/a	nee	275.6246224	197	true	275.5045512	276.0460337
275.6246224	0.0	cv_transition	/intervals/trials	197	cv_transition_time	n/a	n/a	n/a	n/a	nee	275.6246224	197	true	275.5045512	276.0460337
276.8183627	0.37957989999995334	trials	/intervals/trials	198	start_time	n/a	n/a	n/a	n/a	boo	276.8338557	198	true	276.8183627	277.1979426
276.8338557	0.0	cv_transition	/intervals/trials	198	cv_transition_time	n/a	n/a	n/a	n/a	boo	276.8338557	198	true	276.8183627	277.1979426
277.9919619	0.4748623000000407	trials	/intervals/trials	199	start_time	n/a	n/a	n/a	n/a	laa	278.1035119	199	true	277.9919619	278.4668242
278.1035119	0.0	cv_transition	/intervals/trials	199	cv_transition_time	n/a	n/a	n/a	n/a	laa	278.1035119	199	true	277.9919619	278.4668242
279.2337306	0.5012004999999817	trials	/intervals/trials	200	start_time	n/a	n/a	n/a	n/a	maa	279.3150692	200	true	279.2337306	279.7349311
279.3150692	0.0	cv_transition	/intervals/trials	200	cv_transition_time	n/a	n/a	n/a	n/a	maa	279.3150692	200	true	279.2337306	279.7349311
280.3236673	0.6917650999999978	trials	/intervals/trials	201	start_time	n/a	n/a	n/a	n/a	soo	280.547542	201	true	280.3236673	281.0154324
280.547542	0.0	cv_transition	/intervals/trials	201	cv_transition_time	n/a	n/a	n/a	n/a	soo	280.547542	201	true	280.3236673	281.0154324
281.6901551	0.5368344999999977	trials	/intervals/trials	202	start_time	n/a	n/a	n/a	n/a	roo	281.8373392	202	true	281.6901551	282.2269896
281.8373392	0.0	cv_transition	/intervals/trials	202	cv_transition_time	n/a	n/a	n/a	n/a	roo	281.8373392	202	true	281.6901551	282.2269896
283.0481218	0.5190175000000181	trials	/intervals/trials	203	start_time	n/a	n/a	n/a	n/a	tee	283.1557985	203	true	283.0481218	283.5671393
283.1557985	0.0	cv_transition	/intervals/trials	203	cv_transition_time	n/a	n/a	n/a	n/a	tee	283.1557985	203	true	283.0481218	283.5671393
284.3069328	0.6019053999999642	trials	/intervals/trials	204	start_time	n/a	n/a	n/a	n/a	haa	284.4967228	204	true	284.3069328	284.9088382
284.4967228	0.0	cv_transition	/intervals/trials	204	cv_transition_time	n/a	n/a	n/a	n/a	haa	284.4967228	204	true	284.3069328	284.9088382
285.7779988	0.43845360000000255	trials	/intervals/trials	205	start_time	n/a	n/a	n/a	n/a	waa	285.8577881	205	true	285.7779988	286.2164524
285.8577881	0.0	cv_transition	/intervals/trials	205	cv_transition_time	n/a	n/a	n/a	n/a	waa	285.8577881	205	true	285.7779988	286.2164524
287.5992079	0.4562705999999821	trials	/intervals/trials	206	start_time	n/a	n/a	n/a	n/a	pee	287.6766732	206	true	287.5992079	288.0554785
287.6766732	0.0	cv_transition	/intervals/trials	206	cv_transition_time	n/a	n/a	n/a	n/a	pee	287.6766732	206	true	287.5992079	288.0554785
288.7557648	0.5554261999999994	trials	/intervals/trials	207	start_time	n/a	n/a	n/a	n/a	lee	288.8998502	207	true	288.7557648	289.311191
288.8998502	0.0	cv_transition	/intervals/trials	207	cv_transition_time	n/a	n/a	n/a	n/a	lee	288.8998502	207	true	288.7557648	289.311191
291.1579636	0.5422570999999721	trials	/intervals/trials	208	start_time	n/a	n/a	n/a	n/a	wee	291.2454994	208	true	291.1579636	291.7002207
291.2454994	0.0	cv_transition	/intervals/trials	208	cv_transition_time	n/a	n/a	n/a	n/a	wee	291.2454994	208	true	291.1579636	291.7002207
292.2788865	0.5081723000000125	trials	/intervals/trials	209	start_time	n/a	n/a	n/a	n/a	yaa	292.3633236	209	true	292.2788865	292.7870588
292.3633236	0.0	cv_transition	/intervals/trials	209	cv_transition_time	n/a	n/a	n/a	n/a	yaa	292.3633236	209	true	292.2788865	292.7870588
293.5338243	0.4338056000000279	trials	/intervals/trials	210	start_time	n/a	n/a	n/a	n/a	gaa	293.5593878	210	true	293.5338243	293.9676299
293.5593878	0.0	cv_transition	/intervals/trials	210	cv_transition_time	n/a	n/a	n/a	n/a	gaa	293.5593878	210	true	293.5338243	293.9676299
294.6175638	0.611975799999982	trials	/intervals/trials	211	start_time	n/a	n/a	n/a	n/a	shaa	294.8274947	211	true	294.6175638	295.2295396
294.8274947	0.0	cv_transition	/intervals/trials	211	cv_transition_time	n/a	n/a	n/a	n/a	shaa	294.8274947	211	true	294.6175638	295.2295396
295.9933474	0.4330309999999713	trials	/intervals/trials	212	start_time	n/a	n/a	n/a	n/a	doo	296.0251082	212	true	295.9933474	296.4263784
296.0251082	0.0	cv_transition	/intervals/trials	212	cv_transition_time	n/a	n/a	n/a	n/a	doo	296.0251082	212	true	295.9933474	296.4263784
297.0825095	0.540707800000007	trials	/intervals/trials	213	start_time	n/a	n/a	n/a	n/a	woo	297.2343415	213	true	297.0825095	297.6232173
297.2343415	0.0	cv_transition	/intervals/trials	213	cv_transition_time	n/a	n/a	n/a	n/a	woo	297.2343415	213	true	297.0825095	297.6232173
298.2925174	0.5383838000000196	trials	/intervals/trials	214	start_time	n/a	n/a	n/a	n/a	raa	298.4102647	214	true	298.2925174	298.8309012
298.4102647	0.0	cv_transition	/intervals/trials	214	cv_transition_time	n/a	n/a	n/a	n/a	raa	298.4102647	214	true	298.2925174	298.8309012
299.3902007	0.7390189000000191	trials	/intervals/trials	215	start_time	n/a	n/a	n/a	n/a	shee	299.6380896	215	true	299.3902007	300.1292196
299.6380896	0.0	cv_transition	/intervals/trials	215	cv_transition_time	n/a	n/a	n/a	n/a	shee	299.6380896	215	true	299.3902007	300.1292196
301.5096512	0.4562705999999821	trials	/intervals/trials	216	start_time	n/a	n/a	n/a	n/a	yoo	301.6297224	216	true	301.5096512	301.9659218
301.6297224	0.0	cv_transition	/intervals/trials	216	cv_transition_time	n/a	n/a	n/a	n/a	yoo	301.6297224	216	true	301.5096512	301.9659218
302.952055	0.47718620000000556	trials	/intervals/trials	217	start_time	n/a	n/a	n/a	n/a	baa	302.9667734	217	true	302.952055	303.4292412
302.9667734	0.0	cv_transition	/intervals/trials	217	cv_transition_time	n/a	n/a	n/a	n/a	baa	302.9667734	217	true	302.952055	303.4292412
304.0598087	0.5840882999999621	trials	/intervals/trials	218	start_time	n/a	n/a	n/a	n/a	zee	304.2077674	218	true	304.0598087	304.643897
304.2077674	0.0	cv_transition	/intervals/trials	218	cv_transition_time	n/a	n/a	n/a	n/a	zee	304.2077674	218	true	304.0598087	304.643897
305.492142	0.5569755000000214	trials	/intervals/trials	219	start_time	n/a	n/a	n/a	n/a	gee	305.5688327	219	true	305.492142	306.0491175
305.5688327	0.0	cv_transition	/intervals/trials	219	cv_transition_time	n/a	n/a	n/a	n/a	gee	305.5688327	219	true	305.492142	306.0491175
306.795883	0.521341399999983	trials	/intervals/trials	220	start_time	n/a	n/a	n/a	n/a	kee	306.8911653	220	true	306.795883	307.3172244
306.8911653	0.0	cv_transition	/intervals/trials	220	cv_transition_time	n/a	n/a	n/a	n/a	kee	306.8911653	220	true	306.795883	307.3172244
307.9934965	0.5817643000000317	trials	/intervals/trials	221	start_time	n/a	n/a	n/a	n/a	ree	308.1034972	221	true	307.9934965	308.5752608
308.1034972	0.0	cv_transition	/intervals/trials	221	cv_transition_time	n/a	n/a	n/a	n/a	ree	308.1034972	221	true	307.9934965	308.5752608
310.5707669	0.5592993999999862	trials	/intervals/trials	222	start_time	n/a	n/a	n/a	n/a	voo	310.7016832	222	true	310.5707669	311.1300663
310.7016832	0.0	cv_transition	/intervals/trials	222	cv_transition_time	n/a	n/a	n/a	n/a	voo	310.7016832	222	true	310.5707669	311.1300663
311.8218314	0.4508480000000077	trials	/intervals/trials	223	start_time	n/a	n/a	n/a	n/a	noo	311.9132404	223	true	311.8218314	312.2726794
311.9132404	0.0	cv_transition	/intervals/trials	223	cv_transition_time	n/a	n/a	n/a	n/a	noo	311.9132404	223	true	311.8218314	312.2726794
313.0426845	0.4624678000000131	trials	/intervals/trials	224	start_time	n/a	n/a	n/a	n/a	dee	313.0697973	224	true	313.0426845	313.5051523
313.0697973	0.0	cv_transition	/intervals/trials	224	cv_transition_time	n/a	n/a	n/a	n/a	dee	313.0697973	224	true	313.0426845	313.5051523
314.1667059	0.5213415000000055	trials	/intervals/trials	225	start_time	n/a	n/a	n/a	n/a	yee	314.2317768	225	true	314.1667059	314.6880474
314.2317768	0.0	cv_transition	/intervals/trials	225	cv_transition_time	n/a	n/a	n/a	n/a	yee	314.2317768	225	true	314.1667059	314.6880474
315.3914322	0.5546515999999997	trials	/intervals/trials	226	start_time	n/a	n/a	n/a	n/a	koo	315.4936864	226	true	315.3914322	315.9460838
315.4936864	0.0	cv_transition	/intervals/trials	226	cv_transition_time	n/a	n/a	n/a	n/a	koo	315.4936864	226	true	315.3914322	315.9460838
316.6138346	0.534510599999976	trials	/intervals/trials	227	start_time	n/a	n/a	n/a	n/a	fee	316.7323565	227	true	316.6138346	317.1483452
316.7323565	0.0	cv_transition	/intervals/trials	227	cv_transition_time	n/a	n/a	n/a	n/a	fee	316.7323565	227	true	316.6138346	317.1483452
317.7835606	0.5143696000000091	trials	/intervals/trials	228	start_time	n/a	n/a	n/a	n/a	hee	317.8912373	228	true	317.7835606	318.2979302
317.8912373	0.0	cv_transition	/intervals/trials	228	cv_transition_time	n/a	n/a	n/a	n/a	hee	317.8912373	228	true	317.7835606	318.2979302
318.9494133	0.4880314000000112	trials	/intervals/trials	229	start_time	n/a	n/a	n/a	n/a	vaa	319.0346251	229	true	318.9494133	319.4374447
319.0346251	0.0	cv_transition	/intervals/trials	229	cv_transition_time	n/a	n/a	n/a	n/a	vaa	319.0346251	229	true	318.9494133	319.4374447
321.1757659	0.4996512000000166	trials	/intervals/trials	230	start_time	n/a	n/a	n/a	n/a	loo	321.2749215	230	true	321.1757659	321.6754171
321.2749215	0.0	cv_transition	/intervals/trials	230	cv_transition_time	n/a	n/a	n/a	n/a	loo	321.2749215	230	true	321.1757659	321.6754171
322.3114071	0.4678903999999875	trials	/intervals/trials	231	start_time	n/a	n/a	n/a	n/a	hoo	322.3749287	231	true	322.3114071	322.7792975
322.3749287	0.0	cv_transition	/intervals/trials	231	cv_transition_time	n/a	n/a	n/a	n/a	hoo	322.3749287	231	true	322.3114071	322.7792975
323.4509217	0.49500320000004194	trials	/intervals/trials	232	start_time	n/a	n/a	n/a	n/a	kaa	323.5252883	232	true	323.4509217	323.9459249
323.5252883	0.0	cv_transition	/intervals/trials	232	cv_transition_time	n/a	n/a	n/a	n/a	kaa	323.5252883	232	true	323.4509217	323.9459249
325.2124825	0.42373519999995324	trials	/intervals/trials	233	start_time	n/a	n/a	n/a	n/a	poo	325.2659335	233	true	325.2124825	325.6362177
325.2659335	0.0	cv_transition	/intervals/trials	233	cv_transition_time	n/a	n/a	n/a	n/a	poo	325.2659335	233	true	325.2124825	325.6362177
326.5867168	0.42296060000001034	trials	/intervals/trials	234	start_time	n/a	n/a	n/a	n/a	bee	326.5983366	234	true	326.5867168	327.0096774
326.5983366	0.0	cv_transition	/intervals/trials	234	cv_transition_time	n/a	n/a	n/a	n/a	bee	326.5983366	234	true	326.5867168	327.0096774
327.6805268	0.420636600000023	trials	/intervals/trials	235	start_time	n/a	n/a	n/a	n/a	paa	327.7122876	235	true	327.6805268	328.1011634
327.7122876	0.0	cv_transition	/intervals/trials	235	cv_transition_time	n/a	n/a	n/a	n/a	paa	327.7122876	235	true	327.6805268	328.1011634
328.8091962	0.5151442000000088	trials	/intervals/trials	236	start_time	n/a	n/a	n/a	n/a	taa	328.9393379	236	true	328.8091962	329.3243404
328.9393379	0.0	cv_transition	/intervals/trials	236	cv_transition_time	n/a	n/a	n/a	n/a	taa	328.9393379	236	true	328.8091962	329.3243404
330.0602607	0.4686651000000097	trials	/intervals/trials	237	start_time	n/a	n/a	n/a	n/a	naa	330.1423739	237	true	330.0602607	330.5289258
330.1423739	0.0	cv_transition	/intervals/trials	237	cv_transition_time	n/a	n/a	n/a	n/a	naa	330.1423739	237	true	330.0602607	330.5289258
331.157944	0.5995814000000337	trials	/intervals/trials	238	start_time	n/a	n/a	n/a	n/a	saa	331.3523819	238	true	331.157944	331.7575254
331.3523819	0.0	cv_transition	/intervals/trials	238	cv_transition_time	n/a	n/a	n/a	n/a	saa	331.3523819	238	true	331.157944	331.7575254
332.3648533	0.635990100000015	trials	/intervals/trials	239	start_time	n/a	n/a	n/a	n/a	shoo	332.5763335	239	true	332.3648533	333.0008434
332.5763335	0.0	cv_transition	/intervals/trials	239	cv_transition_time	n/a	n/a	n/a	n/a	shoo	332.5763335	239	true	332.3648533	333.0008434
333.586481	0.5988067000000115	trials	/intervals/trials	240	start_time	n/a	n/a	n/a	n/a	foo	333.7832429	240	true	333.586481	334.1852877
333.7832429	0.0	cv_transition	/intervals/trials	240	cv_transition_time	n/a	n/a	n/a	n/a	foo	333.7832429	240	true	333.586481	334.1852877
334.8383202	0.47486229999998386	trials	/intervals/trials	241	start_time	n/a	n/a	n/a	n/a	daa	334.8538133	241	true	334.8383202	335.3131825
334.8538133	0.0	cv_transition	/intervals/trials	241	cv_transition_time	n/a	n/a	n/a	n/a	daa	334.8538133	241	true	334.8383202	335.3131825
335.9460739	0.5864123000000063	trials	/intervals/trials	242	start_time	n/a	n/a	n/a	n/a	faa	336.0901594	242	true	335.9460739	336.5324862
336.0901594	0.0	cv_transition	/intervals/trials	242	cv_transition_time	n/a	n/a	n/a	n/a	faa	336.0901594	242	true	335.9460739	336.5324862
337.2002371	0.4113407000000393	trials	/intervals/trials	243	start_time	n/a	n/a	n/a	n/a	goo	337.2420683	243	true	337.2002371	337.6115778
337.2420683	0.0	cv_transition	/intervals/trials	243	cv_transition_time	n/a	n/a	n/a	n/a	goo	337.2420683	243	true	337.2002371	337.6115778
338.3134134	0.5012004000000161	trials	/intervals/trials	244	start_time	n/a	n/a	n/a	n/a	mee	338.3583433	244	true	338.3134134	338.8146138
338.3583433	0.0	cv_transition	/intervals/trials	244	cv_transition_time	n/a	n/a	n/a	n/a	mee	338.3583433	244	true	338.3134134	338.8146138
339.4606744	0.5724685999999792	trials	/intervals/trials	245	start_time	n/a	n/a	n/a	n/a	zaa	339.5830696	245	true	339.4606744	340.033143
339.5830696	0.0	cv_transition	/intervals/trials	245	cv_transition_time	n/a	n/a	n/a	n/a	zaa	339.5830696	245	true	339.4606744	340.033143
340.5002587	0.6011306999999988	trials	/intervals/trials	246	start_time	n/a	n/a	n/a	n/a	see	340.7194855	246	true	340.5002587	341.1013894
340.7194855	0.0	cv_transition	/intervals/trials	246	cv_transition_time	n/a	n/a	n/a	n/a	see	340.7194855	246	true	340.5002587	341.1013894
341.7164638	0.5337359000000106	trials	/intervals/trials	247	start_time	n/a	n/a	n/a	n/a	zoo	341.8899861	247	true	341.7164638	342.2501997
341.8899861	0.0	cv_transition	/intervals/trials	247	cv_transition_time	n/a	n/a	n/a	n/a	zoo	341.8899861	247	true	341.7164638	342.2501997
342.9814721	0.4361295999999584	trials	/intervals/trials	248	start_time	n/a	n/a	n/a	n/a	too	343.0566135	248	true	342.9814721	343.4176017
343.0566135	0.0	cv_transition	/intervals/trials	248	cv_transition_time	n/a	n/a	n/a	n/a	too	343.0566135	248	true	342.9814721	343.4176017
346.417058	0.4175379999999791	trials	/intervals/trials	249	start_time	n/a	n/a	n/a	n/a	moo	346.49065	249	true	346.417058	346.834596
346.49065	0.0	cv_transition	/intervals/trials	249	cv_transition_time	n/a	n/a	n/a	n/a	moo	346.49065	249	true	346.417058	346.834596
348.6736221	0.5190175000000181	trials	/intervals/trials	250	start_time	n/a	n/a	n/a	n/a	nee	348.7874961	250	true	348.6736221	349.1926396
348.7874961	0.0	cv_transition	/intervals/trials	250	cv_transition_time	n/a	n/a	n/a	n/a	nee	348.7874961	250	true	348.6736221	349.1926396
349.830179	0.4268337000000315	trials	/intervals/trials	251	start_time	n/a	n/a	n/a	n/a	boo	349.8495453	251	true	349.830179	350.2570127
349.8495453	0.0	cv_transition	/intervals/trials	251	cv_transition_time	n/a	n/a	n/a	n/a	boo	349.8495453	251	true	349.830179	350.2570127
350.8395518	0.5143695000000434	trials	/intervals/trials	252	start_time	n/a	n/a	n/a	n/a	laa	350.9642709	252	true	350.8395518	351.3539213
350.9642709	0.0	cv_transition	/intervals/trials	252	cv_transition_time	n/a	n/a	n/a	n/a	laa	350.9642709	252	true	350.8395518	351.3539213
352.0441371	0.47331300000001875	trials	/intervals/trials	253	start_time	n/a	n/a	n/a	n/a	maa	352.1324476	253	true	352.0441371	352.5174501
352.1324476	0.0	cv_transition	/intervals/trials	253	cv_transition_time	n/a	n/a	n/a	n/a	maa	352.1324476	253	true	352.0441371	352.5174501
353.0953412	0.6429620000000114	trials	/intervals/trials	254	start_time	n/a	n/a	n/a	n/a	soo	353.3370329	254	true	353.0953412	353.7383032
353.3370329	0.0	cv_transition	/intervals/trials	254	cv_transition_time	n/a	n/a	n/a	n/a	soo	353.3370329	254	true	353.0953412	353.7383032
354.3897863	0.4369042999999806	trials	/intervals/trials	255	start_time	n/a	n/a	n/a	n/a	roo	354.4959138	255	true	354.3897863	354.8266906
354.4959138	0.0	cv_transition	/intervals/trials	255	cv_transition_time	n/a	n/a	n/a	n/a	roo	354.4959138	255	true	354.3897863	354.8266906
355.5788786	0.5027498000000037	trials	/intervals/trials	256	start_time	n/a	n/a	n/a	n/a	tee	355.6857807	256	true	355.5788786	356.0816284
355.6857807	0.0	cv_transition	/intervals/trials	256	cv_transition_time	n/a	n/a	n/a	n/a	tee	355.6857807	256	true	355.5788786	356.0816284
356.5564906	0.5972574999999551	trials	/intervals/trials	257	start_time	n/a	n/a	n/a	n/a	haa	356.798957	257	true	356.5564906	357.1537481
356.798957	0.0	cv_transition	/intervals/trials	257	cv_transition_time	n/a	n/a	n/a	n/a	haa	356.798957	257	true	356.5564906	357.1537481
357.9787535	0.4554959000000167	trials	/intervals/trials	258	start_time	n/a	n/a	n/a	n/a	waa	358.0732611	258	true	357.9787535	358.4342494
358.0732611	0.0	cv_transition	/intervals/trials	258	cv_transition_time	n/a	n/a	n/a	n/a	waa	358.0732611	258	true	357.9787535	358.4342494
359.0710141	0.4624678999999787	trials	/intervals/trials	259	start_time	n/a	n/a	n/a	n/a	pee	359.1647472	259	true	359.0710141	359.533482
359.1647472	0.0	cv_transition	/intervals/trials	259	cv_transition_time	n/a	n/a	n/a	n/a	pee	359.1647472	259	true	359.0710141	359.533482
360.2089793	0.47253839999996217	trials	/intervals/trials	260	start_time	n/a	n/a	n/a	n/a	lee	360.2779235	260	true	360.2089793	360.6815177
360.2779235	0.0	cv_transition	/intervals/trials	260	cv_transition_time	n/a	n/a	n/a	n/a	lee	360.2779235	260	true	360.2089793	360.6815177
361.3546911	0.4415521999999896	trials	/intervals/trials	261	start_time	n/a	n/a	n/a	n/a	wee	361.4251845	261	true	361.3546911	361.7962433
361.4251845	0.0	cv_transition	/intervals/trials	261	cv_transition_time	n/a	n/a	n/a	n/a	wee	361.4251845	261	true	361.3546911	361.7962433
362.4074445	0.5159188000000086	trials	/intervals/trials	262	start_time	n/a	n/a	n/a	n/a	yaa	362.5073747	262	true	362.4074445	362.9233633
362.5073747	0.0	cv_transition	/intervals/trials	262	cv_transition_time	n/a	n/a	n/a	n/a	yaa	362.5073747	262	true	362.4074445	362.9233633
363.6244243	0.44620009999999866	trials	/intervals/trials	263	start_time	n/a	n/a	n/a	n/a	gaa	363.6530864	263	true	363.6244243	364.0706244
363.6530864	0.0	cv_transition	/intervals/trials	263	cv_transition_time	n/a	n/a	n/a	n/a	gaa	363.6530864	263	true	363.6244243	364.0706244
364.6167547	0.6057786000000078	trials	/intervals/trials	264	start_time	n/a	n/a	n/a	n/a	shaa	364.8429534	264	true	364.6167547	365.2225333
364.8429534	0.0	cv_transition	/intervals/trials	264	cv_transition_time	n/a	n/a	n/a	n/a	shaa	364.8429534	264	true	364.6167547	365.2225333
366.0150033	0.4314817000000062	trials	/intervals/trials	265	start_time	n/a	n/a	n/a	n/a	doo	366.0390175	265	true	366.0150033	366.446485
366.0390175	0.0	cv_transition	/intervals/trials	265	cv_transition_time	n/a	n/a	n/a	n/a	doo	366.0390175	265	true	366.0150033	366.446485
367.1552925	0.30986110000003464	trials	/intervals/trials	266	start_time	n/a	n/a	n/a	n/a	woo	367.1824053	266	true	367.1552925	367.4651536
367.1824053	0.0	cv_transition	/intervals/trials	266	cv_transition_time	n/a	n/a	n/a	n/a	woo	367.1824053	266	true	367.1552925	367.4651536
368.2196656	0.5058483999999908	trials	/intervals/trials	267	start_time	n/a	n/a	n/a	n/a	raa	368.3149479	267	true	368.2196656	368.725514
368.3149479	0.0	cv_transition	/intervals/trials	267	cv_transition_time	n/a	n/a	n/a	n/a	raa	368.3149479	267	true	368.2196656	368.725514
369.2631232	0.6584550000000036	trials	/intervals/trials	268	start_time	n/a	n/a	n/a	n/a	shee	369.5032656	268	true	369.2631232	369.9215782
369.5032656	0.0	cv_transition	/intervals/trials	268	cv_transition_time	n/a	n/a	n/a	n/a	shee	369.5032656	268	true	369.2631232	369.9215782
370.7860909	0.37338270000003604	trials	/intervals/trials	269	start_time	n/a	n/a	n/a	n/a	yoo	370.8720774	269	true	370.7860909	371.1594736
370.8720774	0.0	cv_transition	/intervals/trials	269	cv_transition_time	n/a	n/a	n/a	n/a	yoo	370.8720774	269	true	370.7860909	371.1594736
371.9968735	0.4206365000000005	trials	/intervals/trials	270	start_time	n/a	n/a	n/a	n/a	baa	372.0115919	270	true	371.9968735	372.41751
372.0115919	0.0	cv_transition	/intervals/trials	270	cv_transition_time	n/a	n/a	n/a	n/a	baa	372.0115919	270	true	371.9968735	372.41751
373.8808295	0.6654268999999999	trials	/intervals/trials	271	start_time	n/a	n/a	n/a	n/a	zee	374.1186479	271	true	373.8808295	374.5462564
374.1186479	0.0	cv_transition	/intervals/trials	271	cv_transition_time	n/a	n/a	n/a	n/a	zee	374.1186479	271	true	373.8808295	374.5462564
375.2287256	0.5120455999999649	trials	/intervals/trials	272	start_time	n/a	n/a	n/a	n/a	gee	375.3147121	272	true	375.2287256	375.7407712
375.3147121	0.0	cv_transition	/intervals/trials	272	cv_transition_time	n/a	n/a	n/a	n/a	gee	375.3147121	272	true	375.2287256	375.7407712
376.3852825	0.5166934999999739	trials	/intervals/trials	273	start_time	n/a	n/a	n/a	n/a	kee	376.4681704	273	true	376.3852825	376.901976
376.4681704	0.0	cv_transition	/intervals/trials	273	cv_transition_time	n/a	n/a	n/a	n/a	kee	376.4681704	273	true	376.3852825	376.901976
377.4976842	0.5399331000000416	trials	/intervals/trials	274	start_time	n/a	n/a	n/a	n/a	ree	377.6177554	274	true	377.4976842	378.0376173
377.6177554	0.0	cv_transition	/intervals/trials	274	cv_transition_time	n/a	n/a	n/a	n/a	ree	377.6177554	274	true	377.4976842	378.0376173
379.8472066	0.4740876000000185	trials	/intervals/trials	275	start_time	n/a	n/a	n/a	n/a	voo	379.9231226	275	true	379.8472066	380.3212942
379.9231226	0.0	cv_transition	/intervals/trials	275	cv_transition_time	n/a	n/a	n/a	n/a	voo	379.9231226	275	true	379.8472066	380.3212942
380.9929183	0.4113407000000393	trials	/intervals/trials	276	start_time	n/a	n/a	n/a	n/a	noo	381.1246093	276	true	380.9929183	381.404259
381.1246093	0.0	cv_transition	/intervals/trials	276	cv_transition_time	n/a	n/a	n/a	n/a	noo	381.1246093	276	true	380.9929183	381.404259
382.312927	0.42141120000002275	trials	/intervals/trials	277	start_time	n/a	n/a	n/a	n/a	dee	382.3384905	277	true	382.312927	382.7343382
382.3384905	0.0	cv_transition	/intervals/trials	277	cv_transition_time	n/a	n/a	n/a	n/a	dee	382.3384905	277	true	382.312927	382.7343382
383.3571592	0.5104962999999998	trials	/intervals/trials	278	start_time	n/a	n/a	n/a	n/a	yee	383.4462442	278	true	383.3571592	383.8676555
383.4462442	0.0	cv_transition	/intervals/trials	278	cv_transition_time	n/a	n/a	n/a	n/a	yee	383.4462442	278	true	383.3571592	383.8676555
384.5927306	0.47331300000001875	trials	/intervals/trials	279	start_time	n/a	n/a	n/a	n/a	koo	384.6864636	279	true	384.5927306	385.0660436
384.6864636	0.0	cv_transition	/intervals/trials	279	cv_transition_time	n/a	n/a	n/a	n/a	koo	384.6864636	279	true	384.5927306	385.0660436
385.7454142	0.6483845999999858	trials	/intervals/trials	280	start_time	n/a	n/a	n/a	n/a	fee	385.9305563	280	true	385.7454142	386.3937988
385.9305563	0.0	cv_transition	/intervals/trials	280	cv_transition_time	n/a	n/a	n/a	n/a	fee	385.9305563	280	true	385.7454142	386.3937988
387.0421833	0.5685953000000268	trials	/intervals/trials	281	start_time	n/a	n/a	n/a	n/a	hee	387.1769729	281	true	387.0421833	387.6107786
387.1769729	0.0	cv_transition	/intervals/trials	281	cv_transition_time	n/a	n/a	n/a	n/a	hee	387.1769729	281	true	387.0421833	387.6107786
388.3691638	0.46556640000000016	trials	/intervals/trials	282	start_time	n/a	n/a	n/a	n/a	vaa	388.4698687	282	true	388.3691638	388.8347302
388.4698687	0.0	cv_transition	/intervals/trials	282	cv_transition_time	n/a	n/a	n/a	n/a	vaa	388.4698687	282	true	388.3691638	388.8347302
389.6326228	0.5422571000000289	trials	/intervals/trials	283	start_time	n/a	n/a	n/a	n/a	loo	389.7464968	283	true	389.6326228	390.1748799
389.7464968	0.0	cv_transition	/intervals/trials	283	cv_transition_time	n/a	n/a	n/a	n/a	loo	389.7464968	283	true	389.6326228	390.1748799
390.8124193	0.5523274999999899	trials	/intervals/trials	284	start_time	n/a	n/a	n/a	n/a	hoo	390.9557301	284	true	390.8124193	391.3647468
390.9557301	0.0	cv_transition	/intervals/trials	284	cv_transition_time	n/a	n/a	n/a	n/a	hoo	390.9557301	284	true	390.8124193	391.3647468
392.0929206	0.491904599999998	trials	/intervals/trials	285	start_time	n/a	n/a	n/a	n/a	kaa	392.1649633	285	true	392.0929206	392.5848252
392.1649633	0.0	cv_transition	/intervals/trials	285	cv_transition_time	n/a	n/a	n/a	n/a	kaa	392.1649633	285	true	392.0929206	392.5848252
393.2990553	0.5221161000000052	trials	/intervals/trials	286	start_time	n/a	n/a	n/a	n/a	poo	393.3920136	286	true	393.2990553	393.8211714
393.3920136	0.0	cv_transition	/intervals/trials	286	cv_transition_time	n/a	n/a	n/a	n/a	poo	393.3920136	286	true	393.2990553	393.8211714
394.5230069	0.4392283000000248	trials	/intervals/trials	287	start_time	n/a	n/a	n/a	n/a	bee	394.5338521	287	true	394.5230069	394.9622352
394.5338521	0.0	cv_transition	/intervals/trials	287	cv_transition_time	n/a	n/a	n/a	n/a	bee	394.5338521	287	true	394.5230069	394.9622352
395.5556193	0.4841581000000019	trials	/intervals/trials	288	start_time	n/a	n/a	n/a	n/a	paa	395.6284367	288	true	395.5556193	396.0397774
395.6284367	0.0	cv_transition	/intervals/trials	288	cv_transition_time	n/a	n/a	n/a	n/a	paa	395.6284367	288	true	395.5556193	396.0397774
396.6819648	0.5267640000000142	trials	/intervals/trials	289	start_time	n/a	n/a	n/a	n/a	taa	396.7718245	289	true	396.6819648	397.2087288
396.7718245	0.0	cv_transition	/intervals/trials	289	cv_transition_time	n/a	n/a	n/a	n/a	taa	396.7718245	289	true	396.6819648	397.2087288
397.85324	0.5360598999999979	trials	/intervals/trials	290	start_time	n/a	n/a	n/a	n/a	naa	397.9500716	290	true	397.85324	398.3892999
397.9500716	0.0	cv_transition	/intervals/trials	290	cv_transition_time	n/a	n/a	n/a	n/a	naa	397.9500716	290	true	397.85324	398.3892999
398.8997962	0.6545816999999943	trials	/intervals/trials	291	start_time	n/a	n/a	n/a	n/a	saa	399.1213469	291	true	398.8997962	399.5543779
399.1213469	0.0	cv_transition	/intervals/trials	291	cv_transition_time	n/a	n/a	n/a	n/a	saa	399.1213469	291	true	398.8997962	399.5543779
400.1260718	0.6545818000000168	trials	/intervals/trials	292	start_time	n/a	n/a	n/a	n/a	shoo	400.3685382	292	true	400.1260718	400.7806536
400.3685382	0.0	cv_transition	/intervals/trials	292	cv_transition_time	n/a	n/a	n/a	n/a	shoo	400.3685382	292	true	400.1260718	400.7806536
401.3446009	0.637539400000037	trials	/intervals/trials	293	start_time	n/a	n/a	n/a	n/a	foo	401.5607291	293	true	401.3446009	401.9821403
401.5607291	0.0	cv_transition	/intervals/trials	293	cv_transition_time	n/a	n/a	n/a	n/a	foo	401.5607291	293	true	401.3446009	401.9821403
402.6367221	0.5097216000000344	trials	/intervals/trials	294	start_time	n/a	n/a	n/a	n/a	daa	402.6537644	294	true	402.6367221	403.1464437
402.6537644	0.0	cv_transition	/intervals/trials	294	cv_transition_time	n/a	n/a	n/a	n/a	daa	402.6537644	294	true	402.6367221	403.1464437
403.7421518	0.5995814000000337	trials	/intervals/trials	295	start_time	n/a	n/a	n/a	n/a	faa	403.9272939	295	true	403.7421518	404.3417332
403.9272939	0.0	cv_transition	/intervals/trials	295	cv_transition_time	n/a	n/a	n/a	n/a	faa	403.9272939	295	true	403.7421518	404.3417332
405.0846254	0.49267930000002025	trials	/intervals/trials	296	start_time	n/a	n/a	n/a	n/a	goo	405.1311046	296	true	405.0846254	405.5773047
405.1311046	0.0	cv_transition	/intervals/trials	296	cv_transition_time	n/a	n/a	n/a	n/a	goo	405.1311046	296	true	405.0846254	405.5773047
406.2009003	0.5089469999999778	trials	/intervals/trials	297	start_time	n/a	n/a	n/a	n/a	mee	406.3070278	297	true	406.2009003	406.7098473
406.3070278	0.0	cv_transition	/intervals/trials	297	cv_transition_time	n/a	n/a	n/a	n/a	mee	406.3070278	297	true	406.2009003	406.7098473
407.3249218	0.5709191999999916	trials	/intervals/trials	298	start_time	n/a	n/a	n/a	n/a	zaa	407.4697819	298	true	407.3249218	407.895841
407.4697819	0.0	cv_transition	/intervals/trials	298	cv_transition_time	n/a	n/a	n/a	n/a	zaa	407.4697819	298	true	407.3249218	407.895841
408.460563	0.7018356000000381	trials	/intervals/trials	299	start_time	n/a	n/a	n/a	n/a	see	408.7216211	299	true	408.460563	409.1623986
408.7216211	0.0	cv_transition	/intervals/trials	299	cv_transition_time	n/a	n/a	n/a	n/a	see	408.7216211	299	true	408.460563	409.1623986
409.7232474	0.6902158000000327	trials	/intervals/trials	300	start_time	n/a	n/a	n/a	n/a	zoo	409.9703617	300	true	409.7232474	410.4134632
409.9703617	0.0	cv_transition	/intervals/trials	300	cv_transition_time	n/a	n/a	n/a	n/a	zoo	409.9703617	300	true	409.7232474	410.4134632
411.1152987	0.5616234000000304	trials	/intervals/trials	301	start_time	n/a	n/a	n/a	n/a	too	411.2043838	301	true	411.1152987	411.6769221
411.2043838	0.0	cv_transition	/intervals/trials	301	cv_transition_time	n/a	n/a	n/a	n/a	too	411.2043838	301	true	411.1152987	411.6769221
412.3779831	0.5957081000000244	trials	/intervals/trials	302	start_time	n/a	n/a	n/a	n/a	vee	412.4732654	302	true	412.3779831	412.9736912
412.4732654	0.0	cv_transition	/intervals/trials	302	cv_transition_time	n/a	n/a	n/a	n/a	vee	412.4732654	302	true	412.3779831	412.9736912
414.8460274	0.5368344999999977	trials	/intervals/trials	303	start_time	n/a	n/a	n/a	n/a	moo	414.9529295	303	true	414.8460274	415.3828619
414.9529295	0.0	cv_transition	/intervals/trials	303	cv_transition_time	n/a	n/a	n/a	n/a	moo	414.9529295	303	true	414.8460274	415.3828619
417.3675228	0.57944040000001	trials	/intervals/trials	304	start_time	n/a	n/a	n/a	n/a	nee	417.5030871	304	true	417.3675228	417.9469632
417.5030871	0.0	cv_transition	/intervals/trials	304	cv_transition_time	n/a	n/a	n/a	n/a	nee	417.5030871	304	true	417.3675228	417.9469632
418.7262641	0.45007340000000795	trials	/intervals/trials	305	start_time	n/a	n/a	n/a	n/a	boo	418.7417571	305	true	418.7262641	419.1763375
418.7417571	0.0	cv_transition	/intervals/trials	305	cv_transition_time	n/a	n/a	n/a	n/a	boo	418.7417571	305	true	418.7262641	419.1763375
419.8835956	0.554651500000034	trials	/intervals/trials	306	start_time	n/a	n/a	n/a	n/a	laa	420.0362022	306	true	419.8835956	420.4382471
420.0362022	0.0	cv_transition	/intervals/trials	306	cv_transition_time	n/a	n/a	n/a	n/a	laa	420.0362022	306	true	419.8835956	420.4382471
421.1362095	0.560073999999986	trials	/intervals/trials	307	start_time	n/a	n/a	n/a	n/a	maa	421.253182	307	true	421.1362095	421.6962835
421.253182	0.0	cv_transition	/intervals/trials	307	cv_transition_time	n/a	n/a	n/a	n/a	maa	421.253182	307	true	421.1362095	421.6962835
422.2579069	0.5949334999999678	trials	/intervals/trials	308	start_time	n/a	n/a	n/a	n/a	soo	422.5050212	308	true	422.2579069	422.8528404
422.5050212	0.0	cv_transition	/intervals/trials	308	cv_transition_time	n/a	n/a	n/a	n/a	soo	422.5050212	308	true	422.2579069	422.8528404
423.6096764	0.5252146999999923	trials	/intervals/trials	309	start_time	n/a	n/a	n/a	n/a	roo	423.7289729	309	true	423.6096764	424.1348911
423.7289729	0.0	cv_transition	/intervals/trials	309	cv_transition_time	n/a	n/a	n/a	n/a	roo	423.7289729	309	true	423.6096764	424.1348911
425.061376	0.5995813999999768	trials	/intervals/trials	310	start_time	n/a	n/a	n/a	n/a	tee	425.1868698	310	true	425.061376	425.6609574
425.1868698	0.0	cv_transition	/intervals/trials	310	cv_transition_time	n/a	n/a	n/a	n/a	tee	425.1868698	310	true	425.061376	425.6609574
426.2388485	0.5151442000000088	trials	/intervals/trials	311	start_time	n/a	n/a	n/a	n/a	haa	426.4255399	311	true	426.2388485	426.7539927
426.4255399	0.0	cv_transition	/intervals/trials	311	cv_transition_time	n/a	n/a	n/a	n/a	haa	426.4255399	311	true	426.2388485	426.7539927
427.6045617	0.4864820000000236	trials	/intervals/trials	312	start_time	n/a	n/a	n/a	n/a	waa	427.7083652	312	true	427.6045617	428.0910437
427.7083652	0.0	cv_transition	/intervals/trials	312	cv_transition_time	n/a	n/a	n/a	n/a	waa	427.7083652	312	true	427.6045617	428.0910437
428.9013307	0.5507782999999904	trials	/intervals/trials	313	start_time	n/a	n/a	n/a	n/a	pee	429.021402	313	true	428.9013307	429.452109
429.021402	0.0	cv_transition	/intervals/trials	313	cv_transition_time	n/a	n/a	n/a	n/a	pee	429.021402	313	true	428.9013307	429.452109
430.1206345	0.601905400000021	trials	/intervals/trials	314	start_time	n/a	n/a	n/a	n/a	lee	430.2414804	314	true	430.1206345	430.7225399
430.2414804	0.0	cv_transition	/intervals/trials	314	cv_transition_time	n/a	n/a	n/a	n/a	lee	430.2414804	314	true	430.1206345	430.7225399
431.3585299	0.5399332000000072	trials	/intervals/trials	315	start_time	n/a	n/a	n/a	n/a	wee	431.4545869	315	true	431.3585299	431.8984631
431.4545869	0.0	cv_transition	/intervals/trials	315	cv_transition_time	n/a	n/a	n/a	n/a	wee	431.4545869	315	true	431.3585299	431.8984631
432.4918472	0.57944040000001	trials	/intervals/trials	316	start_time	n/a	n/a	n/a	n/a	yaa	432.6274115	316	true	432.4918472	433.0712876
432.6274115	0.0	cv_transition	/intervals/trials	316	cv_transition_time	n/a	n/a	n/a	n/a	yaa	432.6274115	316	true	432.4918472	433.0712876
433.7800951	0.43303100000002814	trials	/intervals/trials	317	start_time	n/a	n/a	n/a	n/a	gaa	433.8126305	317	true	433.7800951	434.2131261
433.8126305	0.0	cv_transition	/intervals/trials	317	cv_transition_time	n/a	n/a	n/a	n/a	gaa	433.8126305	317	true	433.7800951	434.2131261
434.8615106	0.5941589000000249	trials	/intervals/trials	318	start_time	n/a	n/a	n/a	n/a	shaa	435.0846107	318	true	434.8615106	435.4556695
435.0846107	0.0	cv_transition	/intervals/trials	318	cv_transition_time	n/a	n/a	n/a	n/a	shaa	435.0846107	318	true	434.8615106	435.4556695
436.2953933	0.44620009999999866	trials	/intervals/trials	319	start_time	n/a	n/a	n/a	n/a	doo	436.3194075	319	true	436.2953933	436.7415934
436.3194075	0.0	cv_transition	/intervals/trials	319	cv_transition_time	n/a	n/a	n/a	n/a	doo	436.3194075	319	true	436.2953933	436.7415934
437.4108935	0.4802849000000151	trials	/intervals/trials	320	start_time	n/a	n/a	n/a	n/a	woo	437.4999786	320	true	437.4108935	437.8911784
437.4999786	0.0	cv_transition	/intervals/trials	320	cv_transition_time	n/a	n/a	n/a	n/a	woo	437.4999786	320	true	437.4108935	437.8911784
439.6403448	0.5445809999999938	trials	/intervals/trials	321	start_time	n/a	n/a	n/a	n/a	raa	439.7720358	321	true	439.6403448	440.1849258
439.7720358	0.0	cv_transition	/intervals/trials	321	cv_transition_time	n/a	n/a	n/a	n/a	raa	439.7720358	321	true	439.6403448	440.1849258
441.7063442	0.6607789999999909	trials	/intervals/trials	322	start_time	n/a	n/a	n/a	n/a	shee	441.9449373	322	true	441.7063442	442.3671232
441.9449373	0.0	cv_transition	/intervals/trials	322	cv_transition_time	n/a	n/a	n/a	n/a	shee	441.9449373	322	true	441.7063442	442.3671232
443.151072	0.5066229999999905	trials	/intervals/trials	323	start_time	n/a	n/a	n/a	n/a	yoo	443.2417064	323	true	443.151072	443.657695
443.2417064	0.0	cv_transition	/intervals/trials	323	cv_transition_time	n/a	n/a	n/a	n/a	yoo	443.2417064	323	true	443.151072	443.657695
444.7700967	0.4090166999999951	trials	/intervals/trials	324	start_time	n/a	n/a	n/a	n/a	baa	444.7755192	324	true	444.7700967	445.1791134
444.7755192	0.0	cv_transition	/intervals/trials	324	cv_transition_time	n/a	n/a	n/a	n/a	baa	444.7755192	324	true	444.7700967	445.1791134
445.8174275	0.5771163999999658	trials	/intervals/trials	325	start_time	n/a	n/a	n/a	n/a	zee	446.0079921	325	true	445.8174275	446.3945439
446.0079921	0.0	cv_transition	/intervals/trials	325	cv_transition_time	n/a	n/a	n/a	n/a	zee	446.0079921	325	true	445.8174275	446.3945439
448.258359	0.5817643000000317	trials	/intervals/trials	326	start_time	n/a	n/a	n/a	n/a	kee	448.3249791	326	true	448.258359	448.8401233
448.3249791	0.0	cv_transition	/intervals/trials	326	cv_transition_time	n/a	n/a	n/a	n/a	kee	448.3249791	326	true	448.258359	448.8401233
449.4110426	0.5639473000000521	trials	/intervals/trials	327	start_time	n/a	n/a	n/a	n/a	ree	449.51717	327	true	449.4110426	449.9749899
449.51717	0.0	cv_transition	/intervals/trials	327	cv_transition_time	n/a	n/a	n/a	n/a	ree	449.51717	327	true	449.4110426	449.9749899
451.814016	0.5151443000000313	trials	/intervals/trials	328	start_time	n/a	n/a	n/a	n/a	voo	451.9418338	328	true	451.814016	452.3291603
451.9418338	0.0	cv_transition	/intervals/trials	328	cv_transition_time	n/a	n/a	n/a	n/a	voo	451.9418338	328	true	451.814016	452.3291603
452.9721222	0.47873559999999316	trials	/intervals/trials	329	start_time	n/a	n/a	n/a	n/a	noo	453.0728271	329	true	452.9721222	453.4508578
453.0728271	0.0	cv_transition	/intervals/trials	329	cv_transition_time	n/a	n/a	n/a	n/a	noo	453.0728271	329	true	452.9721222	453.4508578
454.2208628	0.4330309999999713	trials	/intervals/trials	330	start_time	n/a	n/a	n/a	n/a	dee	454.2456517	330	true	454.2208628	454.6538938
454.2456517	0.0	cv_transition	/intervals/trials	330	cv_transition_time	n/a	n/a	n/a	n/a	dee	454.2456517	330	true	454.2208628	454.6538938
455.2813627	0.5926095000000373	trials	/intervals/trials	331	start_time	n/a	n/a	n/a	n/a	yee	455.4494624	331	true	455.2813627	455.8739722
455.4494624	0.0	cv_transition	/intervals/trials	331	cv_transition_time	n/a	n/a	n/a	n/a	yee	455.4494624	331	true	455.2813627	455.8739722
456.6153151	0.4895807000000332	trials	/intervals/trials	332	start_time	n/a	n/a	n/a	n/a	koo	456.6827099	332	true	456.6153151	457.1048958
456.6827099	0.0	cv_transition	/intervals/trials	332	cv_transition_time	n/a	n/a	n/a	n/a	koo	456.6827099	332	true	456.6153151	457.1048958
457.6510261	0.5600740999999516	trials	/intervals/trials	333	start_time	n/a	n/a	n/a	n/a	fee	457.8005341	333	true	457.6510261	458.2111002
457.8005341	0.0	cv_transition	/intervals/trials	333	cv_transition_time	n/a	n/a	n/a	n/a	fee	457.8005341	333	true	457.6510261	458.2111002
458.9524431	0.5817643999999973	trials	/intervals/trials	334	start_time	n/a	n/a	n/a	n/a	hee	459.0957539	334	true	458.9524431	459.5342075
459.0957539	0.0	cv_transition	/intervals/trials	334	cv_transition_time	n/a	n/a	n/a	n/a	hee	459.0957539	334	true	458.9524431	459.5342075
460.1632257	0.491904599999998	trials	/intervals/trials	335	start_time	n/a	n/a	n/a	n/a	vaa	460.2437896	335	true	460.1632257	460.6551303
460.2437896	0.0	cv_transition	/intervals/trials	335	cv_transition_time	n/a	n/a	n/a	n/a	vaa	460.2437896	335	true	460.1632257	460.6551303
461.2283735	0.5476796000000377	trials	/intervals/trials	336	start_time	n/a	n/a	n/a	n/a	loo	461.4197128	336	true	461.2283735	461.7760531
461.4197128	0.0	cv_transition	/intervals/trials	336	cv_transition_time	n/a	n/a	n/a	n/a	loo	461.4197128	336	true	461.2283735	461.7760531
462.4608464	0.4764115000000402	trials	/intervals/trials	337	start_time	n/a	n/a	n/a	n/a	hoo	462.5925374	337	true	462.4608464	462.9372579
462.5925374	0.0	cv_transition	/intervals/trials	337	cv_transition_time	n/a	n/a	n/a	n/a	hoo	462.5925374	337	true	462.4608464	462.9372579
463.72508	0.453171999999995	trials	/intervals/trials	338	start_time	n/a	n/a	n/a	n/a	kaa	463.7839536	338	true	463.72508	464.178252
463.7839536	0.0	cv_transition	/intervals/trials	338	cv_transition_time	n/a	n/a	n/a	n/a	kaa	463.7839536	338	true	463.72508	464.178252
464.894806	0.4469746999999984	trials	/intervals/trials	339	start_time	n/a	n/a	n/a	n/a	poo	464.9614261	339	true	464.894806	465.3417807
464.9614261	0.0	cv_transition	/intervals/trials	339	cv_transition_time	n/a	n/a	n/a	n/a	poo	464.9614261	339	true	464.894806	465.3417807
466.0862222	0.453171999999995	trials	/intervals/trials	340	start_time	n/a	n/a	n/a	n/a	bee	466.1048139	340	true	466.0862222	466.5393942
466.1048139	0.0	cv_transition	/intervals/trials	340	cv_transition_time	n/a	n/a	n/a	n/a	bee	466.1048139	340	true	466.0862222	466.5393942
467.1629898	0.46169320000001335	trials	/intervals/trials	341	start_time	n/a	n/a	n/a	n/a	paa	467.2226381	341	true	467.1629898	467.624683
467.2226381	0.0	cv_transition	/intervals/trials	341	cv_transition_time	n/a	n/a	n/a	n/a	paa	467.2226381	341	true	467.1629898	467.624683
468.3241946	0.5159188999999742	trials	/intervals/trials	342	start_time	n/a	n/a	n/a	n/a	taa	468.4264488	342	true	468.3241946	468.8401135
468.4264488	0.0	cv_transition	/intervals/trials	342	cv_transition_time	n/a	n/a	n/a	n/a	taa	468.4264488	342	true	468.3241946	468.8401135
469.5597661	0.5097216000000344	trials	/intervals/trials	343	start_time	n/a	n/a	n/a	n/a	naa	469.6666682	343	true	469.5597661	470.0694877
469.6666682	0.0	cv_transition	/intervals/trials	343	cv_transition_time	n/a	n/a	n/a	n/a	naa	469.6666682	343	true	469.5597661	470.0694877
470.6620973	0.6274688999999967	trials	/intervals/trials	344	start_time	n/a	n/a	n/a	n/a	saa	470.8627324	344	true	470.6620973	471.2895662
470.8627324	0.0	cv_transition	/intervals/trials	344	cv_transition_time	n/a	n/a	n/a	n/a	saa	470.8627324	344	true	470.6620973	471.2895662
471.8573868	0.6398633000000018	trials	/intervals/trials	345	start_time	n/a	n/a	n/a	n/a	shoo	472.1029518	345	true	471.8573868	472.4972501
472.1029518	0.0	cv_transition	/intervals/trials	345	cv_transition_time	n/a	n/a	n/a	n/a	shoo	472.1029518	345	true	471.8573868	472.4972501
473.1409867	0.6150744999999915	trials	/intervals/trials	346	start_time	n/a	n/a	n/a	n/a	foo	473.3594389	346	true	473.1409867	473.7560612
473.3594389	0.0	cv_transition	/intervals/trials	346	cv_transition_time	n/a	n/a	n/a	n/a	foo	473.3594389	346	true	473.1409867	473.7560612
474.5469819	0.48493270000000166	trials	/intervals/trials	347	start_time	n/a	n/a	n/a	n/a	daa	474.5740947	347	true	474.5469819	475.0319146
474.5740947	0.0	cv_transition	/intervals/trials	347	cv_transition_time	n/a	n/a	n/a	n/a	daa	474.5740947	347	true	474.5469819	475.0319146
475.6431158	0.6127505000000042	trials	/intervals/trials	348	start_time	n/a	n/a	n/a	n/a	faa	475.8236099	348	true	475.6431158	476.2558663
475.8236099	0.0	cv_transition	/intervals/trials	348	cv_transition_time	n/a	n/a	n/a	n/a	faa	475.8236099	348	true	475.6431158	476.2558663
477.0390404	0.44155220000004647	trials	/intervals/trials	349	start_time	n/a	n/a	n/a	n/a	goo	477.0893929	349	true	477.0390404	477.4805926
477.0893929	0.0	cv_transition	/intervals/trials	349	cv_transition_time	n/a	n/a	n/a	n/a	goo	477.0893929	349	true	477.0390404	477.4805926
478.2219355	0.5352852000000325	trials	/intervals/trials	350	start_time	n/a	n/a	n/a	n/a	mee	478.3195418	350	true	478.2219355	478.7572207
478.3195418	0.0	cv_transition	/intervals/trials	350	cv_transition_time	n/a	n/a	n/a	n/a	mee	478.3195418	350	true	478.2219355	478.7572207
479.3335625	0.5337358999999537	trials	/intervals/trials	351	start_time	n/a	n/a	n/a	n/a	zaa	479.4838452	351	true	479.3335625	479.8672984
479.4838452	0.0	cv_transition	/intervals/trials	351	cv_transition_time	n/a	n/a	n/a	n/a	zaa	479.4838452	351	true	479.3335625	479.8672984
480.4901194	0.662328299999956	trials	/intervals/trials	352	start_time	n/a	n/a	n/a	n/a	see	480.7418816	352	true	480.4901194	481.1524477
480.7418816	0.0	cv_transition	/intervals/trials	352	cv_transition_time	n/a	n/a	n/a	n/a	see	480.7418816	352	true	480.4901194	481.1524477
481.6551974	0.6034546999999861	trials	/intervals/trials	353	start_time	n/a	n/a	n/a	n/a	zoo	481.8581565	353	true	481.6551974	482.2586521
481.8581565	0.0	cv_transition	/intervals/trials	353	cv_transition_time	n/a	n/a	n/a	n/a	zoo	481.8581565	353	true	481.6551974	482.2586521
482.9271776	0.49422859999998536	trials	/intervals/trials	354	start_time	n/a	n/a	n/a	n/a	too	483.0364037	354	true	482.9271776	483.4214062
483.0364037	0.0	cv_transition	/intervals/trials	354	cv_transition_time	n/a	n/a	n/a	n/a	too	483.0364037	354	true	482.9271776	483.4214062
484.0527484	0.5492289000000028	trials	/intervals/trials	355	start_time	n/a	n/a	n/a	n/a	vee	484.1178192	355	true	484.0527484	484.6019773
484.1178192	0.0	cv_transition	/intervals/trials	355	cv_transition_time	n/a	n/a	n/a	n/a	vee	484.1178192	355	true	484.0527484	484.6019773
486.2403683	0.5360598999999979	trials	/intervals/trials	356	start_time	n/a	n/a	n/a	n/a	moo	486.3689607	356	true	486.2403683	486.7764282
486.3689607	0.0	cv_transition	/intervals/trials	356	cv_transition_time	n/a	n/a	n/a	n/a	moo	486.3689607	356	true	486.2403683	486.7764282
488.6952436	0.5321864999999661	trials	/intervals/trials	357	start_time	n/a	n/a	n/a	n/a	nee	488.7990471	357	true	488.6952436	489.2274301
488.7990471	0.0	cv_transition	/intervals/trials	357	cv_transition_time	n/a	n/a	n/a	n/a	nee	488.7990471	357	true	488.6952436	489.2274301
489.9455334	0.4012703000000215	trials	/intervals/trials	358	start_time	n/a	n/a	n/a	n/a	boo	489.9765196	358	true	489.9455334	490.3468037
489.9765196	0.0	cv_transition	/intervals/trials	358	cv_transition_time	n/a	n/a	n/a	n/a	boo	489.9765196	358	true	489.9455334	490.3468037
490.988991	0.5120456000000218	trials	/intervals/trials	359	start_time	n/a	n/a	n/a	n/a	laa	491.1222313	359	true	490.988991	491.5010366
491.1222313	0.0	cv_transition	/intervals/trials	359	cv_transition_time	n/a	n/a	n/a	n/a	laa	491.1222313	359	true	490.988991	491.5010366
492.1401253	0.4841581000000019	trials	/intervals/trials	360	start_time	n/a	n/a	n/a	n/a	maa	492.2447034	360	true	492.1401253	492.6242834
492.2447034	0.0	cv_transition	/intervals/trials	360	cv_transition_time	n/a	n/a	n/a	n/a	maa	492.2447034	360	true	492.1401253	492.6242834
493.1727377	0.6514830999999504	trials	/intervals/trials	361	start_time	n/a	n/a	n/a	n/a	soo	493.4283732	361	true	493.1727377	493.8242208
493.4283732	0.0	cv_transition	/intervals/trials	361	cv_transition_time	n/a	n/a	n/a	n/a	soo	493.4283732	361	true	493.1727377	493.8242208
494.3928161	0.49422859999998536	trials	/intervals/trials	362	start_time	n/a	n/a	n/a	n/a	roo	494.5128873	362	true	494.3928161	494.8870447
494.5128873	0.0	cv_transition	/intervals/trials	362	cv_transition_time	n/a	n/a	n/a	n/a	roo	494.5128873	362	true	494.3928161	494.8870447
495.7228952	0.598806800000034	trials	/intervals/trials	363	start_time	n/a	n/a	n/a	n/a	tee	495.8228255	363	true	495.7228952	496.321702
495.8228255	0.0	cv_transition	/intervals/trials	363	cv_transition_time	n/a	n/a	n/a	n/a	tee	495.8228255	363	true	495.7228952	496.321702
496.8430434	0.5306373000000235	trials	/intervals/trials	364	start_time	n/a	n/a	n/a	n/a	haa	497.0142417	364	true	496.8430434	497.3736807
497.0142417	0.0	cv_transition	/intervals/trials	364	cv_transition_time	n/a	n/a	n/a	n/a	haa	497.0142417	364	true	496.8430434	497.3736807
498.2335455	0.5461303000000157	trials	/intervals/trials	365	start_time	n/a	n/a	n/a	n/a	waa	498.3404476	365	true	498.2335455	498.7796758
498.3404476	0.0	cv_transition	/intervals/trials	365	cv_transition_time	n/a	n/a	n/a	n/a	waa	498.3404476	365	true	498.2335455	498.7796758
499.5070749	0.5321865999999886	trials	/intervals/trials	366	start_time	n/a	n/a	n/a	n/a	pee	499.6039066	366	true	499.5070749	500.0392615
499.6039066	0.0	cv_transition	/intervals/trials	366	cv_transition_time	n/a	n/a	n/a	n/a	pee	499.6039066	366	true	499.5070749	500.0392615
500.7899003	0.6073278999999729	trials	/intervals/trials	367	start_time	n/a	n/a	n/a	n/a	lee	500.9456055	367	true	500.7899003	501.3972282
500.9456055	0.0	cv_transition	/intervals/trials	367	cv_transition_time	n/a	n/a	n/a	n/a	lee	500.9456055	367	true	500.7899003	501.3972282
502.0688523	0.539158499999985	trials	/intervals/trials	368	start_time	n/a	n/a	n/a	n/a	wee	502.1773037	368	true	502.0688523	502.6080108
502.1773037	0.0	cv_transition	/intervals/trials	368	cv_transition_time	n/a	n/a	n/a	n/a	wee	502.1773037	368	true	502.0688523	502.6080108
503.2594939	0.5081723000000125	trials	/intervals/trials	369	start_time	n/a	n/a	n/a	n/a	yaa	503.3423818	369	true	503.2594939	503.7676662
503.3423818	0.0	cv_transition	/intervals/trials	369	cv_transition_time	n/a	n/a	n/a	n/a	yaa	503.3423818	369	true	503.2594939	503.7676662
504.6352776	0.40979140000001735	trials	/intervals/trials	370	start_time	n/a	n/a	n/a	n/a	gaa	504.6569678	370	true	504.6352776	505.045069
504.6569678	0.0	cv_transition	/intervals/trials	370	cv_transition_time	n/a	n/a	n/a	n/a	gaa	504.6569678	370	true	504.6352776	505.045069
505.7267636	0.6088771999999949	trials	/intervals/trials	371	start_time	n/a	n/a	n/a	n/a	shaa	505.9366945	371	true	505.7267636	506.3356408
505.9366945	0.0	cv_transition	/intervals/trials	371	cv_transition_time	n/a	n/a	n/a	n/a	shaa	505.9366945	371	true	505.7267636	506.3356408
507.0390257	0.45084799999995084	trials	/intervals/trials	372	start_time	n/a	n/a	n/a	n/a	doo	507.0723358	372	true	507.0390257	507.4898737
507.0723358	0.0	cv_transition	/intervals/trials	372	cv_transition_time	n/a	n/a	n/a	n/a	doo	507.0723358	372	true	507.0390257	507.4898737
508.245935	0.4957779000000073	trials	/intervals/trials	373	start_time	n/a	n/a	n/a	n/a	woo	508.3350201	373	true	508.245935	508.7417129
508.3350201	0.0	cv_transition	/intervals/trials	373	cv_transition_time	n/a	n/a	n/a	n/a	woo	508.3350201	373	true	508.245935	508.7417129
510.2910188	0.48958069999997633	trials	/intervals/trials	374	start_time	n/a	n/a	n/a	n/a	raa	510.4172873	374	true	510.2910188	510.7805995
510.4172873	0.0	cv_transition	/intervals/trials	374	cv_transition_time	n/a	n/a	n/a	n/a	raa	510.4172873	374	true	510.2910188	510.7805995
511.3251805	0.725075199999992	trials	/intervals/trials	375	start_time	n/a	n/a	n/a	n/a	shee	511.5699709	375	true	511.3251805	512.0502557
511.5699709	0.0	cv_transition	/intervals/trials	375	cv_transition_time	n/a	n/a	n/a	n/a	shee	511.5699709	375	true	511.3251805	512.0502557
513.0108254	0.5337359000000106	trials	/intervals/trials	376	start_time	n/a	n/a	n/a	n/a	yoo	513.1580094	376	true	513.0108254	513.5445613
513.1580094	0.0	cv_transition	/intervals/trials	376	cv_transition_time	n/a	n/a	n/a	n/a	yoo	513.1580094	376	true	513.0108254	513.5445613
514.3819611	0.414439399999992	trials	/intervals/trials	377	start_time	n/a	n/a	n/a	n/a	baa	514.3951302	377	true	514.3819611	514.7964005
514.3951302	0.0	cv_transition	/intervals/trials	377	cv_transition_time	n/a	n/a	n/a	n/a	baa	514.3951302	377	true	514.3819611	514.7964005
515.4595034	0.6181731000000354	trials	/intervals/trials	378	start_time	n/a	n/a	n/a	n/a	zee	515.6632371	378	true	515.4595034	516.0776765
515.6632371	0.0	cv_transition	/intervals/trials	378	cv_transition_time	n/a	n/a	n/a	n/a	zee	515.6632371	378	true	515.4595034	516.0776765
516.8012023	0.5104962999999998	trials	/intervals/trials	379	start_time	n/a	n/a	n/a	n/a	gee	516.8507801	379	true	516.8012023	517.3116986
516.8507801	0.0	cv_transition	/intervals/trials	379	cv_transition_time	n/a	n/a	n/a	n/a	gee	516.8507801	379	true	516.8012023	517.3116986
517.9019842	0.5314118999999664	trials	/intervals/trials	380	start_time	n/a	n/a	n/a	n/a	kee	518.0019144	380	true	517.9019842	518.4333961
518.0019144	0.0	cv_transition	/intervals/trials	380	cv_transition_time	n/a	n/a	n/a	n/a	kee	518.0019144	380	true	517.9019842	518.4333961
519.0445973	0.5492290000000821	trials	/intervals/trials	381	start_time	n/a	n/a	n/a	n/a	ree	519.1832602	381	true	519.0445973	519.5938263
519.1832602	0.0	cv_transition	/intervals/trials	381	cv_transition_time	n/a	n/a	n/a	n/a	ree	519.1832602	381	true	519.0445973	519.5938263
521.4405989	0.4981018999999378	trials	/intervals/trials	382	start_time	n/a	n/a	n/a	n/a	voo	521.5924309	382	true	521.4405989	521.9387008
521.5924309	0.0	cv_transition	/intervals/trials	382	cv_transition_time	n/a	n/a	n/a	n/a	voo	521.5924309	382	true	521.4405989	521.9387008
522.5878599	0.4957779000000073	trials	/intervals/trials	383	start_time	n/a	n/a	n/a	n/a	noo	522.7040579	383	true	522.5878599	523.0836378
522.7040579	0.0	cv_transition	/intervals/trials	383	cv_transition_time	n/a	n/a	n/a	n/a	noo	522.7040579	383	true	522.5878599	523.0836378
523.846671	0.4942285999999285	trials	/intervals/trials	384	start_time	n/a	n/a	n/a	n/a	dee	523.8737839	384	true	523.846671	524.3408996
523.8737839	0.0	cv_transition	/intervals/trials	384	cv_transition_time	n/a	n/a	n/a	n/a	dee	523.8737839	384	true	523.846671	524.3408996
524.9218893	0.5306373000000804	trials	/intervals/trials	385	start_time	n/a	n/a	n/a	n/a	yee	525.0466084	385	true	524.9218893	525.4525266
525.0466084	0.0	cv_transition	/intervals/trials	385	cv_transition_time	n/a	n/a	n/a	n/a	yee	525.0466084	385	true	524.9218893	525.4525266
526.2488698	0.5267641000000367	trials	/intervals/trials	386	start_time	n/a	n/a	n/a	n/a	koo	526.3642931	386	true	526.2488698	526.7756339
526.3642931	0.0	cv_transition	/intervals/trials	386	cv_transition_time	n/a	n/a	n/a	n/a	koo	526.3642931	386	true	526.2488698	526.7756339
527.4433847	0.6189476999999215	trials	/intervals/trials	387	start_time	n/a	n/a	n/a	n/a	fee	527.6076111	387	true	527.4433847	528.0623324
527.6076111	0.0	cv_transition	/intervals/trials	387	cv_transition_time	n/a	n/a	n/a	n/a	fee	527.6076111	387	true	527.4433847	528.0623324
528.6890267	0.6390887000000021	trials	/intervals/trials	388	start_time	n/a	n/a	n/a	n/a	hee	528.8532531	388	true	528.6890267	529.3281154
528.8532531	0.0	cv_transition	/intervals/trials	388	cv_transition_time	n/a	n/a	n/a	n/a	hee	528.8532531	388	true	528.6890267	529.3281154
529.9935423	0.5027497000000949	trials	/intervals/trials	389	start_time	n/a	n/a	n/a	n/a	vaa	530.1089656	389	true	529.9935423	530.496292
530.1089656	0.0	cv_transition	/intervals/trials	389	cv_transition_time	n/a	n/a	n/a	n/a	vaa	530.1089656	389	true	529.9935423	530.496292
531.4498898	0.4709889999999177	trials	/intervals/trials	390	start_time	n/a	n/a	n/a	n/a	loo	531.5676371	390	true	531.4498898	531.9208788
531.5676371	0.0	cv_transition	/intervals/trials	390	cv_transition_time	n/a	n/a	n/a	n/a	loo	531.5676371	390	true	531.4498898	531.9208788
532.5475731	0.5492289000000028	trials	/intervals/trials	391	start_time	n/a	n/a	n/a	n/a	hoo	532.7001797	391	true	532.5475731	533.096802
532.7001797	0.0	cv_transition	/intervals/trials	391	cv_transition_time	n/a	n/a	n/a	n/a	hoo	532.7001797	391	true	532.5475731	533.096802
534.8777292	0.45394659999999476	trials	/intervals/trials	392	start_time	n/a	n/a	n/a	n/a	kaa	534.9482226	392	true	534.8777292	535.3316758
534.9482226	0.0	cv_transition	/intervals/trials	392	cv_transition_time	n/a	n/a	n/a	n/a	kaa	534.9482226	392	true	534.8777292	535.3316758
535.8382989	0.5004257999999027	trials	/intervals/trials	393	start_time	n/a	n/a	n/a	n/a	poo	535.9653419	393	true	535.8382989	536.3387247
535.9653419	0.0	cv_transition	/intervals/trials	393	cv_transition_time	n/a	n/a	n/a	n/a	poo	535.9653419	393	true	535.8382989	536.3387247
537.0359123	0.3873265000000856	trials	/intervals/trials	394	start_time	n/a	n/a	n/a	n/a	bee	537.0428842	394	true	537.0359123	537.4232388
537.0428842	0.0	cv_transition	/intervals/trials	394	cv_transition_time	n/a	n/a	n/a	n/a	bee	537.0428842	394	true	537.0359123	537.4232388
538.0189469	0.44620020000002114	trials	/intervals/trials	395	start_time	n/a	n/a	n/a	n/a	paa	538.0940883	395	true	538.0189469	538.4651471
538.0940883	0.0	cv_transition	/intervals/trials	395	cv_transition_time	n/a	n/a	n/a	n/a	paa	538.0940883	395	true	538.0189469	538.4651471
539.1011371	0.48260880000009365	trials	/intervals/trials	396	start_time	n/a	n/a	n/a	n/a	taa	539.2289549	396	true	539.1011371	539.5837459
539.2289549	0.0	cv_transition	/intervals/trials	396	cv_transition_time	n/a	n/a	n/a	n/a	taa	539.2289549	396	true	539.1011371	539.5837459
540.2282572	0.5221160999999483	trials	/intervals/trials	397	start_time	n/a	n/a	n/a	n/a	naa	540.3367086	397	true	540.2282572	540.7503733
540.3367086	0.0	cv_transition	/intervals/trials	397	cv_transition_time	n/a	n/a	n/a	n/a	naa	540.3367086	397	true	540.2282572	540.7503733
541.2980529	0.5407077999999501	trials	/intervals/trials	398	start_time	n/a	n/a	n/a	n/a	saa	541.485519	398	true	541.2980529	541.8387607
541.485519	0.0	cv_transition	/intervals/trials	398	cv_transition_time	n/a	n/a	n/a	n/a	saa	541.485519	398	true	541.2980529	541.8387607
542.4166518	0.5871870000000854	trials	/intervals/trials	399	start_time	n/a	n/a	n/a	n/a	shoo	542.63278	399	true	542.4166518	543.0038388
542.63278	0.0	cv_transition	/intervals/trials	399	cv_transition_time	n/a	n/a	n/a	n/a	shoo	542.63278	399	true	542.4166518	543.0038388
543.5662368	0.5569755000000214	trials	/intervals/trials	400	start_time	n/a	n/a	n/a	n/a	foo	543.7498296	400	true	543.5662368	544.1232123
543.7498296	0.0	cv_transition	/intervals/trials	400	cv_transition_time	n/a	n/a	n/a	n/a	foo	543.7498296	400	true	543.5662368	544.1232123
544.780118	0.42915770000001885	trials	/intervals/trials	401	start_time	n/a	n/a	n/a	n/a	daa	544.7940618	401	true	544.780118	545.2092757
544.7940618	0.0	cv_transition	/intervals/trials	401	cv_transition_time	n/a	n/a	n/a	n/a	daa	544.7940618	401	true	544.780118	545.2092757
545.7832936	0.5453557000000728	trials	/intervals/trials	402	start_time	n/a	n/a	n/a	n/a	faa	545.9606891	402	true	545.7832936	546.3286493
545.9606891	0.0	cv_transition	/intervals/trials	402	cv_transition_time	n/a	n/a	n/a	n/a	faa	545.9606891	402	true	545.7832936	546.3286493
547.1110488	0.4531718999999157	trials	/intervals/trials	403	start_time	n/a	n/a	n/a	n/a	goo	547.1629505	403	true	547.1110488	547.5642207
547.1629505	0.0	cv_transition	/intervals/trials	403	cv_transition_time	n/a	n/a	n/a	n/a	goo	547.1629505	403	true	547.1110488	547.5642207
548.2513379	0.45781990000000405	trials	/intervals/trials	404	start_time	n/a	n/a	n/a	n/a	mee	548.3179581	404	true	548.2513379	548.7091578
548.3179581	0.0	cv_transition	/intervals/trials	404	cv_transition_time	n/a	n/a	n/a	n/a	mee	548.3179581	404	true	548.2513379	548.7091578
549.300218	0.5097217	trials	/intervals/trials	405	start_time	n/a	n/a	n/a	n/a	zaa	549.4350076	405	true	549.300218	549.8099397
549.4350076	0.0	cv_transition	/intervals/trials	405	cv_transition_time	n/a	n/a	n/a	n/a	zaa	549.4350076	405	true	549.300218	549.8099397
551.3445272	0.611975799999982	trials	/intervals/trials	406	start_time	n/a	n/a	n/a	n/a	see	551.5885429	406	true	551.3445272	551.956503
551.5885429	0.0	cv_transition	/intervals/trials	406	cv_transition_time	n/a	n/a	n/a	n/a	see	551.5885429	406	true	551.3445272	551.956503
552.6165074	0.5352851999999757	trials	/intervals/trials	407	start_time	n/a	n/a	n/a	n/a	zoo	552.7908043	407	true	552.6165074	553.1517926
552.7908043	0.0	cv_transition	/intervals/trials	407	cv_transition_time	n/a	n/a	n/a	n/a	zoo	552.7908043	407	true	552.6165074	553.1517926
553.880741	0.4733130000000756	trials	/intervals/trials	408	start_time	n/a	n/a	n/a	n/a	too	553.9860938	408	true	553.880741	554.354054
553.9860938	0.0	cv_transition	/intervals/trials	408	cv_transition_time	n/a	n/a	n/a	n/a	too	553.9860938	408	true	553.880741	554.354054
555.387441	0.608102600000052	trials	/intervals/trials	409	start_time	n/a	n/a	n/a	n/a	vee	555.5268785	409	true	555.387441	555.9955436
555.5268785	0.0	cv_transition	/intervals/trials	409	cv_transition_time	n/a	n/a	n/a	n/a	vee	555.5268785	409	true	555.387441	555.9955436
557.8082315	0.42760839999994005	trials	/intervals/trials	410	start_time	n/a	n/a	n/a	n/a	moo	557.8841475	410	true	557.8082315	558.2358399
557.8841475	0.0	cv_transition	/intervals/trials	410	cv_transition_time	n/a	n/a	n/a	n/a	moo	557.8841475	410	true	557.8082315	558.2358399
560.2104303	0.5081724000000349	trials	/intervals/trials	411	start_time	n/a	n/a	n/a	n/a	nee	560.3328255	411	true	560.2104303	560.7186027
560.3328255	0.0	cv_transition	/intervals/trials	411	cv_transition_time	n/a	n/a	n/a	n/a	nee	560.3328255	411	true	560.2104303	560.7186027
561.4692414	0.4183126000000357	trials	/intervals/trials	412	start_time	n/a	n/a	n/a	n/a	boo	561.490157	412	true	561.4692414	561.887554
561.490157	0.0	cv_transition	/intervals/trials	412	cv_transition_time	n/a	n/a	n/a	n/a	boo	561.490157	412	true	561.4692414	561.887554
562.4956566	0.4926793000000771	trials	/intervals/trials	413	start_time	n/a	n/a	n/a	n/a	laa	562.5738965	413	true	562.4956566	562.9883359
562.5738965	0.0	cv_transition	/intervals/trials	413	cv_transition_time	n/a	n/a	n/a	n/a	laa	562.5738965	413	true	562.4956566	562.9883359
563.6336218	0.4407774999999674	trials	/intervals/trials	414	start_time	n/a	n/a	n/a	n/a	maa	563.7079885	414	true	563.6336218	564.0743993
563.7079885	0.0	cv_transition	/intervals/trials	414	cv_transition_time	n/a	n/a	n/a	n/a	maa	563.7079885	414	true	563.6336218	564.0743993
564.6584877	0.7103566999999202	trials	/intervals/trials	415	start_time	n/a	n/a	n/a	n/a	soo	564.9319401	415	true	564.6584877	565.3688444
564.9319401	0.0	cv_transition	/intervals/trials	415	cv_transition_time	n/a	n/a	n/a	n/a	soo	564.9319401	415	true	564.6584877	565.3688444
565.9908907	0.5848629999999275	trials	/intervals/trials	416	start_time	n/a	n/a	n/a	n/a	roo	566.0970182	416	true	565.9908907	566.5757537
566.0970182	0.0	cv_transition	/intervals/trials	416	cv_transition_time	n/a	n/a	n/a	n/a	roo	566.0970182	416	true	565.9908907	566.5757537
567.1706872	0.5097217	trials	/intervals/trials	417	start_time	n/a	n/a	n/a	n/a	tee	567.2853358	417	true	567.1706872	567.6804089
567.2853358	0.0	cv_transition	/intervals/trials	417	cv_transition_time	n/a	n/a	n/a	n/a	tee	567.2853358	417	true	567.1706872	567.6804089
568.2350604	0.5275386000000708	trials	/intervals/trials	418	start_time	n/a	n/a	n/a	n/a	haa	568.4140052	418	true	568.2350604	568.762599
568.4140052	0.0	cv_transition	/intervals/trials	418	cv_transition_time	n/a	n/a	n/a	n/a	haa	568.4140052	418	true	568.2350604	568.762599
569.5256322	0.48260879999997996	trials	/intervals/trials	419	start_time	n/a	n/a	n/a	n/a	waa	569.6100694	419	true	569.5256322	570.008241
569.6100694	0.0	cv_transition	/intervals/trials	419	cv_transition_time	n/a	n/a	n/a	n/a	waa	569.6100694	419	true	569.5256322	570.008241
570.6388085	0.4554960000000392	trials	/intervals/trials	420	start_time	n/a	n/a	n/a	n/a	pee	570.6961328	420	true	570.6388085	571.0943045
570.6961328	0.0	cv_transition	/intervals/trials	420	cv_transition_time	n/a	n/a	n/a	n/a	pee	570.6961328	420	true	570.6388085	571.0943045
571.7000831	0.5112708999999995	trials	/intervals/trials	421	start_time	n/a	n/a	n/a	n/a	lee	571.8170557	421	true	571.7000831	572.211354
571.8170557	0.0	cv_transition	/intervals/trials	421	cv_transition_time	n/a	n/a	n/a	n/a	lee	571.8170557	421	true	571.7000831	572.211354
572.8062875	0.49500319999992826	trials	/intervals/trials	422	start_time	n/a	n/a	n/a	n/a	wee	572.8930486	422	true	572.8062875	573.3012907
572.8930486	0.0	cv_transition	/intervals/trials	422	cv_transition_time	n/a	n/a	n/a	n/a	wee	572.8930486	422	true	572.8062875	573.3012907
573.8729846	0.4764116000000058	trials	/intervals/trials	423	start_time	n/a	n/a	n/a	n/a	yaa	573.9248864	423	true	573.8729846	574.3493962
573.9248864	0.0	cv_transition	/intervals/trials	423	cv_transition_time	n/a	n/a	n/a	n/a	yaa	573.9248864	423	true	573.8729846	574.3493962
575.0551051	0.4376789000000372	trials	/intervals/trials	424	start_time	n/a	n/a	n/a	n/a	gaa	575.079894	424	true	575.0551051	575.492784
575.079894	0.0	cv_transition	/intervals/trials	424	cv_transition_time	n/a	n/a	n/a	n/a	gaa	575.079894	424	true	575.0551051	575.492784
576.0203226	0.6305676000000631	trials	/intervals/trials	425	start_time	n/a	n/a	n/a	n/a	shaa	576.280606	425	true	576.0203226	576.6508902
576.280606	0.0	cv_transition	/intervals/trials	425	cv_transition_time	n/a	n/a	n/a	n/a	shaa	576.280606	425	true	576.0203226	576.6508902
577.2992747	0.41676330000007056	trials	/intervals/trials	426	start_time	n/a	n/a	n/a	n/a	doo	577.3395566	426	true	577.2992747	577.716038
577.3395566	0.0	cv_transition	/intervals/trials	426	cv_transition_time	n/a	n/a	n/a	n/a	doo	577.3395566	426	true	577.2992747	577.716038
578.376817	0.4725382999999965	trials	/intervals/trials	427	start_time	n/a	n/a	n/a	n/a	woo	578.4868177	427	true	578.376817	578.8493553
578.4868177	0.0	cv_transition	/intervals/trials	427	cv_transition_time	n/a	n/a	n/a	n/a	woo	578.4868177	427	true	578.376817	578.8493553
579.673586	0.5484543000000031	trials	/intervals/trials	428	start_time	n/a	n/a	n/a	n/a	raa	579.8145729	428	true	579.673586	580.2220403
579.8145729	0.0	cv_transition	/intervals/trials	428	cv_transition_time	n/a	n/a	n/a	n/a	raa	579.8145729	428	true	579.673586	580.2220403
580.7147196	0.6576804000000038	trials	/intervals/trials	429	start_time	n/a	n/a	n/a	n/a	shee	580.9579606	429	true	580.7147196	581.3724
580.9579606	0.0	cv_transition	/intervals/trials	429	cv_transition_time	n/a	n/a	n/a	n/a	shee	580.9579606	429	true	580.7147196	581.3724
582.1183908	0.3695093999999699	trials	/intervals/trials	430	start_time	n/a	n/a	n/a	n/a	yoo	582.1943068	430	true	582.1183908	582.4879002
582.1943068	0.0	cv_transition	/intervals/trials	430	cv_transition_time	n/a	n/a	n/a	n/a	yoo	582.1943068	430	true	582.1183908	582.4879002
583.2029049	0.45472129999996014	trials	/intervals/trials	431	start_time	n/a	n/a	n/a	n/a	baa	583.2168487	431	true	583.2029049	583.6576262
583.2168487	0.0	cv_transition	/intervals/trials	431	cv_transition_time	n/a	n/a	n/a	n/a	baa	583.2168487	431	true	583.2029049	583.6576262
584.3145319	0.5871869999999717	trials	/intervals/trials	432	start_time	n/a	n/a	n/a	n/a	zee	584.4547441	432	true	584.3145319	584.9017189
584.4547441	0.0	cv_transition	/intervals/trials	432	cv_transition_time	n/a	n/a	n/a	n/a	zee	584.4547441	432	true	584.3145319	584.9017189
585.573343	0.48260879999997996	trials	/intervals/trials	433	start_time	n/a	n/a	n/a	n/a	gee	585.6314419	433	true	585.573343	586.0559518
585.6314419	0.0	cv_transition	/intervals/trials	433	cv_transition_time	n/a	n/a	n/a	n/a	gee	585.6314419	433	true	585.573343	586.0559518
586.7376464	0.5112708999999995	trials	/intervals/trials	434	start_time	n/a	n/a	n/a	n/a	kee	586.8189849	434	true	586.7376464	587.2489173
586.8189849	0.0	cv_transition	/intervals/trials	434	cv_transition_time	n/a	n/a	n/a	n/a	kee	586.8189849	434	true	586.7376464	587.2489173
587.8423015	0.5399330999999847	trials	/intervals/trials	435	start_time	n/a	n/a	n/a	n/a	ree	587.9213161	435	true	587.8423015	588.3822346
587.9213161	0.0	cv_transition	/intervals/trials	435	cv_transition_time	n/a	n/a	n/a	n/a	ree	587.9213161	435	true	587.8423015	588.3822346
590.1468941	0.51359489999993	trials	/intervals/trials	436	start_time	n/a	n/a	n/a	n/a	voo	590.2499229	436	true	590.1468941	590.660489
590.2499229	0.0	cv_transition	/intervals/trials	436	cv_transition_time	n/a	n/a	n/a	n/a	voo	590.2499229	436	true	590.1468941	590.660489
591.2662676	0.5012004999999817	trials	/intervals/trials	437	start_time	n/a	n/a	n/a	n/a	noo	591.3731697	437	true	591.2662676	591.7674681
591.3731697	0.0	cv_transition	/intervals/trials	437	cv_transition_time	n/a	n/a	n/a	n/a	noo	591.3731697	437	true	591.2662676	591.7674681
592.5188814	0.39197439999998096	trials	/intervals/trials	438	start_time	n/a	n/a	n/a	n/a	dee	592.5405717	438	true	592.5188814	592.9108558
592.5405717	0.0	cv_transition	/intervals/trials	438	cv_transition_time	n/a	n/a	n/a	n/a	dee	592.5405717	438	true	592.5188814	592.9108558
593.5755081	0.4694397000000663	trials	/intervals/trials	439	start_time	n/a	n/a	n/a	n/a	yee	593.6676918	439	true	593.5755081	594.0449478
593.6676918	0.0	cv_transition	/intervals/trials	439	cv_transition_time	n/a	n/a	n/a	n/a	yee	593.6676918	439	true	593.5755081	594.0449478
594.8343191	0.4554960000000392	trials	/intervals/trials	440	start_time	n/a	n/a	n/a	n/a	koo	594.8986153	440	true	594.8343191	595.2898151
594.8986153	0.0	cv_transition	/intervals/trials	440	cv_transition_time	n/a	n/a	n/a	n/a	koo	594.8986153	440	true	594.8343191	595.2898151
596.0350312	0.5004257999999027	trials	/intervals/trials	441	start_time	n/a	n/a	n/a	n/a	fee	596.1977083	441	true	596.0350312	596.535457
596.1977083	0.0	cv_transition	/intervals/trials	441	cv_transition_time	n/a	n/a	n/a	n/a	fee	596.1977083	441	true	596.0350312	596.535457
597.1846162	0.5174681999999393	trials	/intervals/trials	442	start_time	n/a	n/a	n/a	n/a	hee	597.3178565	442	true	597.1846162	597.7020844
597.3178565	0.0	cv_transition	/intervals/trials	442	cv_transition_time	n/a	n/a	n/a	n/a	hee	597.3178565	442	true	597.1846162	597.7020844
598.2946939	0.5089470000000347	trials	/intervals/trials	443	start_time	n/a	n/a	n/a	n/a	vaa	598.3992721	443	true	598.2946939	598.8036409
598.3992721	0.0	cv_transition	/intervals/trials	443	cv_transition_time	n/a	n/a	n/a	n/a	vaa	598.3992721	443	true	598.2946939	598.8036409
599.4659692	0.4880313999999544	trials	/intervals/trials	444	start_time	n/a	n/a	n/a	n/a	laa	599.5961109	444	true	599.4659692	599.9540006
599.5961109	0.0	cv_transition	/intervals/trials	444	cv_transition_time	n/a	n/a	n/a	n/a	laa	599.5961109	444	true	599.4659692	599.9540006
600.5876667	0.465566400000057	trials	/intervals/trials	445	start_time	n/a	n/a	n/a	n/a	hoo	600.7061886	445	true	600.5876667	601.0532331
600.7061886	0.0	cv_transition	/intervals/trials	445	cv_transition_time	n/a	n/a	n/a	n/a	hoo	600.7061886	445	true	600.5876667	601.0532331
601.7690124	0.48648210000010295	trials	/intervals/trials	446	start_time	n/a	n/a	n/a	n/a	kaa	601.8813371	446	true	601.7690124	602.2554945
601.8813371	0.0	cv_transition	/intervals/trials	446	cv_transition_time	n/a	n/a	n/a	n/a	kaa	601.8813371	446	true	601.7690124	602.2554945
602.9565554	0.4097915000000967	trials	/intervals/trials	447	start_time	n/a	n/a	n/a	n/a	poo	603.0154291	447	true	602.9565554	603.3663469
603.0154291	0.0	cv_transition	/intervals/trials	447	cv_transition_time	n/a	n/a	n/a	n/a	poo	603.0154291	447	true	602.9565554	603.3663469
604.1541689	0.41908730000000105	trials	/intervals/trials	448	start_time	n/a	n/a	n/a	n/a	bee	604.1611408	448	true	604.1541689	604.5732562
604.1611408	0.0	cv_transition	/intervals/trials	448	cv_transition_time	n/a	n/a	n/a	n/a	bee	604.1611408	448	true	604.1541689	604.5732562
606.4099583	0.44542550000005576	trials	/intervals/trials	449	start_time	n/a	n/a	n/a	n/a	taa	606.486649	449	true	606.4099583	606.8553838
606.486649	0.0	cv_transition	/intervals/trials	449	cv_transition_time	n/a	n/a	n/a	n/a	taa	606.486649	449	true	606.4099583	606.8553838
607.595952	0.47408759999996164	trials	/intervals/trials	450	start_time	n/a	n/a	n/a	n/a	naa	607.6571496	450	true	607.595952	608.0700396
607.6571496	0.0	cv_transition	/intervals/trials	450	cv_transition_time	n/a	n/a	n/a	n/a	naa	607.6571496	450	true	607.595952	608.0700396
608.5743387	0.5414823999999498	trials	/intervals/trials	451	start_time	n/a	n/a	n/a	n/a	saa	608.7641287	451	true	608.5743387	609.1158211
608.7641287	0.0	cv_transition	/intervals/trials	451	cv_transition_time	n/a	n/a	n/a	n/a	saa	608.7641287	451	true	608.5743387	609.1158211
609.6952616	0.6352153999999928	trials	/intervals/trials	452	start_time	n/a	n/a	n/a	n/a	shoo	609.9400519	452	true	609.6952616	610.330477
609.9400519	0.0	cv_transition	/intervals/trials	452	cv_transition_time	n/a	n/a	n/a	n/a	shoo	609.9400519	452	true	609.6952616	610.330477
610.9137907	0.5957080999999107	trials	/intervals/trials	453	start_time	n/a	n/a	n/a	n/a	foo	611.1392147	453	true	610.9137907	611.5094988
611.1392147	0.0	cv_transition	/intervals/trials	453	cv_transition_time	n/a	n/a	n/a	n/a	foo	611.1392147	453	true	610.9137907	611.5094988
612.1292212	0.4260591000000886	trials	/intervals/trials	454	start_time	n/a	n/a	n/a	n/a	daa	612.1485875	454	true	612.1292212	612.5552803
612.1485875	0.0	cv_transition	/intervals/trials	454	cv_transition_time	n/a	n/a	n/a	n/a	daa	612.1485875	454	true	612.1292212	612.5552803
613.2369749	0.4748623000000407	trials	/intervals/trials	455	start_time	n/a	n/a	n/a	n/a	faa	613.3740885	455	true	613.2369749	613.7118372
613.3740885	0.0	cv_transition	/intervals/trials	455	cv_transition_time	n/a	n/a	n/a	n/a	faa	613.3740885	455	true	613.2369749	613.7118372
614.4717717	0.44542550000005576	trials	/intervals/trials	456	start_time	n/a	n/a	n/a	n/a	goo	614.5259974	456	true	614.4717717	614.9171972
614.5259974	0.0	cv_transition	/intervals/trials	456	cv_transition_time	n/a	n/a	n/a	n/a	goo	614.5259974	456	true	614.4717717	614.9171972
615.607413	0.4795101000000841	trials	/intervals/trials	457	start_time	n/a	n/a	n/a	n/a	mee	615.6825543	457	true	615.607413	616.0869231
615.6825543	0.0	cv_transition	/intervals/trials	457	cv_transition_time	n/a	n/a	n/a	n/a	mee	615.6825543	457	true	615.607413	616.0869231
616.681082	0.6019052999999985	trials	/intervals/trials	458	start_time	n/a	n/a	n/a	n/a	zee	616.8561535	458	true	616.681082	617.2829873
616.8561535	0.0	cv_transition	/intervals/trials	458	cv_transition_time	n/a	n/a	n/a	n/a	zee	616.8561535	458	true	616.681082	617.2829873
618.4139806	0.7181033000000525	trials	/intervals/trials	459	start_time	n/a	n/a	n/a	n/a	see	618.7114474	459	true	618.4139806	619.1320839
618.7114474	0.0	cv_transition	/intervals/trials	459	cv_transition_time	n/a	n/a	n/a	n/a	see	618.7114474	459	true	618.4139806	619.1320839
619.9485682	0.6460605000000896	trials	/intervals/trials	460	start_time	n/a	n/a	n/a	n/a	zoo	620.1724429	460	true	619.9485682	620.5946287
620.1724429	0.0	cv_transition	/intervals/trials	460	cv_transition_time	n/a	n/a	n/a	n/a	zoo	620.1724429	460	true	619.9485682	620.5946287
621.3437181	0.5352851999999757	trials	/intervals/trials	461	start_time	n/a	n/a	n/a	n/a	too	621.4568175	461	true	621.3437181	621.8790033
621.4568175	0.0	cv_transition	/intervals/trials	461	cv_transition_time	n/a	n/a	n/a	n/a	too	621.4568175	461	true	621.3437181	621.8790033
622.5730924	0.4764116000000058	trials	/intervals/trials	462	start_time	n/a	n/a	n/a	n/a	vee	622.6683747	462	true	622.5730924	623.049504
622.6683747	0.0	cv_transition	/intervals/trials	462	cv_transition_time	n/a	n/a	n/a	n/a	vee	622.6683747	462	true	622.5730924	623.049504
624.910995	0.4740876000000753	trials	/intervals/trials	463	start_time	n/a	n/a	n/a	n/a	moo	624.9799391	463	true	624.910995	625.3850826
624.9799391	0.0	cv_transition	/intervals/trials	463	cv_transition_time	n/a	n/a	n/a	n/a	moo	624.9799391	463	true	624.910995	625.3850826
627.2620668	0.5166935000000876	trials	/intervals/trials	464	start_time	n/a	n/a	n/a	n/a	nee	627.3774901	464	true	627.2620668	627.7787603
627.3774901	0.0	cv_transition	/intervals/trials	464	cv_transition_time	n/a	n/a	n/a	n/a	nee	627.3774901	464	true	627.2620668	627.7787603
628.529399	0.3981715999999551	trials	/intervals/trials	465	start_time	n/a	n/a	n/a	n/a	boo	628.5503146	465	true	628.529399	628.9275706
628.5503146	0.0	cv_transition	/intervals/trials	465	cv_transition_time	n/a	n/a	n/a	n/a	boo	628.5503146	465	true	628.529399	628.9275706
629.6448993	0.49655250000000706	trials	/intervals/trials	466	start_time	n/a	n/a	n/a	n/a	laa	629.7719424	466	true	629.6448993	630.1414518
629.7719424	0.0	cv_transition	/intervals/trials	466	cv_transition_time	n/a	n/a	n/a	n/a	laa	629.7719424	466	true	629.6448993	630.1414518
630.8378648	0.4431015000000116	trials	/intervals/trials	467	start_time	n/a	n/a	n/a	n/a	maa	630.9137808	467	true	630.8378648	631.2809663
630.9137808	0.0	cv_transition	/intervals/trials	467	cv_transition_time	n/a	n/a	n/a	n/a	maa	630.9137808	467	true	630.8378648	631.2809663
631.8875196	0.6476099000000204	trials	/intervals/trials	468	start_time	n/a	n/a	n/a	n/a	soo	632.0951266	468	true	631.8875196	632.5351295
632.0951266	0.0	cv_transition	/intervals/trials	468	cv_transition_time	n/a	n/a	n/a	n/a	soo	632.0951266	468	true	631.8875196	632.5351295
633.2764724	0.4957779000000073	trials	/intervals/trials	469	start_time	n/a	n/a	n/a	n/a	roo	633.3779519	469	true	633.2764724	633.7722503
633.3779519	0.0	cv_transition	/intervals/trials	469	cv_transition_time	n/a	n/a	n/a	n/a	roo	633.3779519	469	true	633.2764724	633.7722503
634.4694379	0.5383838000000196	trials	/intervals/trials	470	start_time	n/a	n/a	n/a	n/a	tee	634.5654949	470	true	634.4694379	635.0078217
634.5654949	0.0	cv_transition	/intervals/trials	470	cv_transition_time	n/a	n/a	n/a	n/a	tee	634.5654949	470	true	634.4694379	635.0078217
635.540783	0.6104265000000169	trials	/intervals/trials	471	start_time	n/a	n/a	n/a	n/a	haa	635.7576858	471	true	635.540783	636.1512095
635.7576858	0.0	cv_transition	/intervals/trials	471	cv_transition_time	n/a	n/a	n/a	n/a	haa	635.7576858	471	true	635.540783	636.1512095
636.9212145	0.49035539999999855	trials	/intervals/trials	472	start_time	n/a	n/a	n/a	n/a	waa	637.0188208	472	true	636.9212145	637.4115699
637.0188208	0.0	cv_transition	/intervals/trials	472	cv_transition_time	n/a	n/a	n/a	n/a	waa	637.0188208	472	true	636.9212145	637.4115699
638.0940391	0.4500733999999511	trials	/intervals/trials	473	start_time	n/a	n/a	n/a	n/a	pee	638.1513635	473	true	638.0940391	638.5441125
638.1513635	0.0	cv_transition	/intervals/trials	473	cv_transition_time	n/a	n/a	n/a	n/a	pee	638.1513635	473	true	638.0940391	638.5441125
639.2188352	0.4926793000000771	trials	/intervals/trials	474	start_time	n/a	n/a	n/a	n/a	lee	639.328836	474	true	639.2188352	639.7115145
639.328836	0.0	cv_transition	/intervals/trials	474	cv_transition_time	n/a	n/a	n/a	n/a	lee	639.328836	474	true	639.2188352	639.7115145
640.4373643	0.5066230999999561	trials	/intervals/trials	475	start_time	n/a	n/a	n/a	n/a	wee	640.5233508	475	true	640.4373643	640.9439874
640.5233508	0.0	cv_transition	/intervals/trials	475	cv_transition_time	n/a	n/a	n/a	n/a	wee	640.5233508	475	true	640.4373643	640.9439874
641.6249073	0.5104962999999998	trials	/intervals/trials	476	start_time	n/a	n/a	n/a	n/a	yaa	641.6954008	476	true	641.6249073	642.1354036
641.6954008	0.0	cv_transition	/intervals/trials	476	cv_transition_time	n/a	n/a	n/a	n/a	yaa	641.6954008	476	true	641.6249073	642.1354036
642.8612535	0.4384535000000369	trials	/intervals/trials	477	start_time	n/a	n/a	n/a	n/a	gaa	642.8914649	477	true	642.8612535	643.299707
642.8914649	0.0	cv_transition	/intervals/trials	477	cv_transition_time	n/a	n/a	n/a	n/a	gaa	642.8914649	477	true	642.8612535	643.299707
644.000768	0.6042293000000427	trials	/intervals/trials	478	start_time	n/a	n/a	n/a	n/a	shaa	644.1967552	478	true	644.000768	644.6049973
644.1967552	0.0	cv_transition	/intervals/trials	478	cv_transition_time	n/a	n/a	n/a	n/a	shaa	644.1967552	478	true	644.000768	644.6049973
645.3564107	0.5035244000000603	trials	/intervals/trials	479	start_time	n/a	n/a	n/a	n/a	doo	645.3943686	479	true	645.3564107	645.8599351
645.3943686	0.0	cv_transition	/intervals/trials	479	cv_transition_time	n/a	n/a	n/a	n/a	doo	645.3943686	479	true	645.3564107	645.8599351
646.4564179	0.5337357999999313	trials	/intervals/trials	480	start_time	n/a	n/a	n/a	n/a	woo	646.5702918	480	true	646.4564179	646.9901537
646.5702918	0.0	cv_transition	/intervals/trials	480	cv_transition_time	n/a	n/a	n/a	n/a	woo	646.5702918	480	true	646.4564179	646.9901537
649.0	16.0	epochs	/intervals/epochs	0	start_time	0	rest_period	649.0	665.0	n/a	n/a	n/a	n/a	n/a	n/a
