onset	duration	trial_type	source_table	source_row	source_onset_column	nwb_epochs_id	nwb_epochs_label	nwb_epochs_start_time	nwb_epochs_stop_time	nwb_invalid_times_id	nwb_invalid_times_start_time	nwb_invalid_times_stop_time	nwb_invalid_times_tags	nwb_invalid_times_timeseries	nwb_trials_condition	nwb_trials_cv_transition_time	nwb_trials_id	nwb_trials_speak	nwb_trials_start_time	nwb_trials_stop_time
0.3720095936127737	1.422128747305389	invalid_times	/intervals/invalid_times	14	start_time	n/a	n/a	n/a	n/a	14	0.3720095936127737	1.7941383409181626	"[""ECoG artifact""]"	"[{""idx_start"":1135,""count"":4340,""timeseries"":""/acquisition/ElectricalSeries""}]"	n/a	n/a	n/a	n/a	n/a	n/a
3.3799546	0.5081273999999998	trials	/intervals/trials	0	start_time	n/a	n/a	n/a	n/a	n/a	n/a	n/a	n/a	n/a	raa	3.4951906	0	true	3.3799546	3.888082
3.4951906	0.0	cv_transition	/intervals/trials	0	cv_transition_time	n/a	n/a	n/a	n/a	n/a	n/a	n/a	n/a	n/a	raa	3.4951906	0	true	3.3799546	3.888082
4.1466825	0.5190159000000003	trials	/intervals/trials	1	start_time	n/a	n/a	n/a	n/a	n/a	n/a	n/a	n/a	n/a	shee	4.3553777	1	true	4.1466825	4.6656984
4.3553777	0.0	cv_transition	/intervals/trials	1	cv_transition_time	n/a	n/a	n/a	n/a	n/a	n/a	n/a	n/a	n/a	shee	4.3553777	1	true	4.1466825	4.6656984
5.037589869860278	0.4740429157684627	invalid_times	/intervals/invalid_times	15	start_time	n/a	n/a	n/a	n/a	15	5.037589869860278	5.51163278562874	"[""ECoG artifact""]"	"[{""idx_start"":15373,""count"":1447,""timeseries"":""/acquisition/ElectricalSeries""}]"	n/a	n/a	n/a	n/a	n/a	n/a
5.123013	0.4954242999999998	trials	/intervals/trials	2	start_time	n/a	n/a	n/a	n/a	n/a	n/a	n/a	n/a	n/a	yoo	5.3317082	2	true	5.123013	5.6184373
5.3317082	0.0	cv_transition	/intervals/trials	2	cv_transition_time	n/a	n/a	n/a	n/a	n/a	n/a	n/a	n/a	n/a	yoo	5.3317082	2	true	5.123013	5.6184373
6.5239929	0.35931859999999993	trials	/intervals/trials	3	start_time	n/a	n/a	n/a	n/a	n/a	n/a	n/a	n/a	n/a	baa	6.5475845	3	true	6.5239929	6.8833115
6.5475845	0.0	cv_transition	/intervals/trials	3	cv_transition_time	n/a	n/a	n/a	n/a	n/a	n/a	n/a	n/a	n/a	baa	6.5475845	3	true	6.5239929	6.8833115
7.4812686	0.49723890000000015	trials	/intervals/trials	4	start_time	n/a	n/a	n/a	n/a	n/a	n/a	n/a	n/a	n/a	zee	7.64641	4	true	7.4812686	7.9785075
7.64641	0.0	cv_transition	/intervals/trials	4	cv_transition_time	n/a	n/a	n/a	n/a	n/a	n/a	n/a	n/a	n/a	zee	7.64641	4	true	7.4812686	7.9785075
8.6100373	0.39833559999999935	trials	/intervals/trials	5	start_time	n/a	n/a	n/a	n/a	n/a	n/a	n/a	n/a	n/a	gee	8.6327216	5	true	8.6100373	9.0083729
8.6327216	0.0	cv_transition	/intervals/trials	5	cv_transition_time	n/a	n/a	n/a	n/a	n/a	n/a	n/a	n/a	n/a	gee	8.6327216	5	true	8.6100373	9.0083729
9.6281069	0.4427966999999988	trials	/intervals/trials	6	start_time	n/a	n/a	n/a	n/a	n/a	n/a	n/a	n/a	n/a	kee	9.7170292	6	true	9.6281069	10.0709036
9.7170292	0.0	cv_transition	/intervals/trials	6	cv_transition_time	n/a	n/a	n/a	n/a	n/a	n/a	n/a	n/a	n/a	kee	9.7170292	6	true	9.6281069	10.0709036
10.684286	0.5299042000000007	trials	/intervals/trials	7	start_time	n/a	n/a	n/a	n/a	n/a	n/a	n/a	n/a	n/a	ree	10.8448905	7	true	10.684286	11.2141902
10.8448905	0.0	cv_transition	/intervals/trials	7	cv_transition_time	n/a	n/a	n/a	n/a	n/a	n/a	n/a	n/a	n/a	ree	10.8448905	7	true	10.684286	11.2141902
13.08791	0.6161044999999987	trials	/intervals/trials	8	start_time	n/a	n/a	n/a	n/a	n/a	n/a	n/a	n/a	n/a	voo	13.1586849	8	true	13.08791	13.7040145
13.1586849	0.0	cv_transition	/intervals/trials	8	cv_transition_time	n/a	n/a	n/a	n/a	n/a	n/a	n/a	n/a	n/a	voo	13.1586849	8	true	13.08791	13.7040145
15.006091	0.5707359000000007	trials	/intervals/trials	9	start_time	n/a	n/a	n/a	n/a	n/a	n/a	n/a	n/a	n/a	noo	15.1086238	9	true	15.006091	15.5768269
15.1086238	0.0	cv_transition	/intervals/trials	9	cv_transition_time	n/a	n/a	n/a	n/a	n/a	n/a	n/a	n/a	n/a	noo	15.1086238	9	true	15.006091	15.5768269
16.9188277	0.39833559999999935	trials	/intervals/trials	10	start_time	n/a	n/a	n/a	n/a	n/a	n/a	n/a	n/a	n/a	dee	16.9378825	10	true	16.9188277	17.3171633
16.9378825	0.0	cv_transition	/intervals/trials	10	cv_transition_time	n/a	n/a	n/a	n/a	n/a	n/a	n/a	n/a	n/a	dee	16.9378825	10	true	16.9188277	17.3171633
17.826198	0.6061233999999978	trials	/intervals/trials	11	start_time	n/a	n/a	n/a	n/a	n/a	n/a	n/a	n/a	n/a	yee	17.8761034	11	true	17.826198	18.4323214
17.8761034	0.0	cv_transition	/intervals/trials	11	cv_transition_time	n/a	n/a	n/a	n/a	n/a	n/a	n/a	n/a	n/a	yee	17.8761034	11	true	17.826198	18.4323214
19.051148	0.48272099999999796	trials	/intervals/trials	12	start_time	n/a	n/a	n/a	n/a	n/a	n/a	n/a	n/a	n/a	koo	19.1446072	12	true	19.051148	19.533869
19.1446072	0.0	cv_transition	/intervals/trials	12	cv_transition_time	n/a	n/a	n/a	n/a	n/a	n/a	n/a	n/a	n/a	koo	19.1446072	12	true	19.051148	19.533869
20.1263819	0.5571254000000003	trials	/intervals/trials	13	start_time	n/a	n/a	n/a	n/a	n/a	n/a	n/a	n/a	n/a	fee	20.1989715	13	true	20.1263819	20.6835073
20.1989715	0.0	cv_transition	/intervals/trials	13	cv_transition_time	n/a	n/a	n/a	n/a	n/a	n/a	n/a	n/a	n/a	fee	20.1989715	13	true	20.1263819	20.6835073
21.3722014	0.5417000999999999	trials	/intervals/trials	14	start_time	n/a	n/a	n/a	n/a	n/a	n/a	n/a	n/a	n/a	hee	21.4711048	14	true	21.3722014	21.9139015
21.4711048	0.0	cv_transition	/intervals/trials	14	cv_transition_time	n/a	n/a	n/a	n/a	n/a	n/a	n/a	n/a	n/a	hee	21.4711048	14	true	21.3722014	21.9139015
22.3666793	0.5789022999999993	trials	/intervals/trials	15	start_time	n/a	n/a	n/a	n/a	n/a	n/a	n/a	n/a	n/a	vaa	22.5064143	15	true	22.3666793	22.9455816
22.5064143	0.0	cv_transition	/intervals/trials	15	cv_transition_time	n/a	n/a	n/a	n/a	n/a	n/a	n/a	n/a	n/a	vaa	22.5064143	15	true	22.3666793	22.9455816
23.6587747	0.5589401000000009	trials	/intervals/trials	16	start_time	n/a	n/a	n/a	n/a	n/a	n/a	n/a	n/a	n/a	loo	23.772196	16	true	23.6587747	24.2177148
23.772196	0.0	cv_transition	/intervals/trials	16	cv_transition_time	n/a	n/a	n/a	n/a	n/a	n/a	n/a	n/a	n/a	loo	23.772196	16	true	23.6587747	24.2177148
24.68864	0.460036800000001	trials	/intervals/trials	17	start_time	n/a	n/a	n/a	n/a	n/a	n/a	n/a	n/a	n/a	hoo	24.7467117	17	true	24.68864	25.1486768
24.7467117	0.0	cv_transition	/intervals/trials	17	cv_transition_time	n/a	n/a	n/a	n/a	n/a	n/a	n/a	n/a	n/a	hoo	24.7467117	17	true	24.68864	25.1486768
25.7883729	0.46275890000000075	trials	/intervals/trials	18	start_time	n/a	n/a	n/a	n/a	n/a	n/a	n/a	n/a	n/a	kaa	25.8682215	18	true	25.7883729	26.2511318
25.8682215	0.0	cv_transition	/intervals/trials	18	cv_transition_time	n/a	n/a	n/a	n/a	n/a	n/a	n/a	n/a	n/a	kaa	25.8682215	18	true	25.7883729	26.2511318
26.8245899	0.4046871000000003	trials	/intervals/trials	19	start_time	n/a	n/a	n/a	n/a	n/a	n/a	n/a	n/a	n/a	poo	26.8853837	19	true	26.8245899	27.229277
26.8853837	0.0	cv_transition	/intervals/trials	19	cv_transition_time	n/a	n/a	n/a	n/a	n/a	n/a	n/a	n/a	n/a	poo	26.8853837	19	true	26.8245899	27.229277
28.258235	0.5616623000000018	trials	/intervals/trials	20	start_time	n/a	n/a	n/a	n/a	n/a	n/a	n/a	n/a	n/a	bee	28.2736603	20	true	28.258235	28.8198973
28.2736603	0.0	cv_transition	/intervals/trials	20	cv_transition_time	n/a	n/a	n/a	n/a	n/a	n/a	n/a	n/a	n/a	bee	28.2736603	20	true	28.258235	28.8198973
29.6220127	0.4917946999999998	trials	/intervals/trials	21	start_time	n/a	n/a	n/a	n/a	n/a	n/a	n/a	n/a	n/a	paa	29.696417	21	true	29.6220127	30.1138074
29.696417	0.0	cv_transition	/intervals/trials	21	cv_transition_time	n/a	n/a	n/a	n/a	n/a	n/a	n/a	n/a	n/a	paa	29.696417	21	true	29.6220127	30.1138074
31.5991727	0.5135716000000023	trials	/intervals/trials	22	start_time	n/a	n/a	n/a	n/a	n/a	n/a	n/a	n/a	n/a	taa	31.6690402	22	true	31.5991727	32.1127443
31.6690402	0.0	cv_transition	/intervals/trials	22	cv_transition_time	n/a	n/a	n/a	n/a	n/a	n/a	n/a	n/a	n/a	taa	31.6690402	22	true	31.5991727	32.1127443
33.2079403	0.5326264000000052	trials	/intervals/trials	23	start_time	n/a	n/a	n/a	n/a	n/a	n/a	n/a	n/a	n/a	naa	33.2632899	23	true	33.2079403	33.7405667
33.2632899	0.0	cv_transition	/intervals/trials	23	cv_transition_time	n/a	n/a	n/a	n/a	n/a	n/a	n/a	n/a	n/a	naa	33.2632899	23	true	33.2079403	33.7405667
34.5172758	0.5743653999999978	trials	/intervals/trials	24	start_time	n/a	n/a	n/a	n/a	n/a	n/a	n/a	n/a	n/a	saa	34.6724361	24	true	34.5172758	35.0916412
34.6724361	0.0	cv_transition	/intervals/trials	24	cv_transition_time	n/a	n/a	n/a	n/a	n/a	n/a	n/a	n/a	n/a	saa	34.6724361	24	true	34.5172758	35.0916412
36.9399546	0.6052159999999986	trials	/intervals/trials	25	start_time	n/a	n/a	n/a	n/a	n/a	n/a	n/a	n/a	n/a	shoo	37.1132623	25	true	36.9399546	37.5451706
37.1132623	0.0	cv_transition	/intervals/trials	25	cv_transition_time	n/a	n/a	n/a	n/a	n/a	n/a	n/a	n/a	n/a	shoo	37.1132623	25	true	36.9399546	37.5451706
38.4470968	0.46457360000000136	trials	/intervals/trials	26	start_time	n/a	n/a	n/a	n/a	n/a	n/a	n/a	n/a	n/a	foo	38.469781	26	true	38.4470968	38.9116704
38.469781	0.0	cv_transition	/intervals/trials	26	cv_transition_time	n/a	n/a	n/a	n/a	n/a	n/a	n/a	n/a	n/a	foo	38.469781	26	true	38.4470968	38.9116704
39.8054302	0.43644509999999315	trials	/intervals/trials	27	start_time	n/a	n/a	n/a	n/a	n/a	n/a	n/a	n/a	n/a	daa	39.8281145	27	true	39.8054302	40.2418753
39.8281145	0.0	cv_transition	/intervals/trials	27	cv_transition_time	n/a	n/a	n/a	n/a	n/a	n/a	n/a	n/a	n/a	daa	39.8281145	27	true	39.8054302	40.2418753
41.1673931	0.5299042999999983	trials	/intervals/trials	28	start_time	n/a	n/a	n/a	n/a	n/a	n/a	n/a	n/a	n/a	faa	41.2780923	28	true	41.1673931	41.6972974
41.2780923	0.0	cv_transition	/intervals/trials	28	cv_transition_time	n/a	n/a	n/a	n/a	n/a	n/a	n/a	n/a	n/a	faa	41.2780923	28	true	41.1673931	41.6972974
42.8451209	0.44007460000000265	trials	/intervals/trials	29	start_time	n/a	n/a	n/a	n/a	n/a	n/a	n/a	n/a	n/a	goo	42.8768789	29	true	42.8451209	43.2851955
42.8768789	0.0	cv_transition	/intervals/trials	29	cv_transition_time	n/a	n/a	n/a	n/a	n/a	n/a	n/a	n/a	n/a	goo	42.8768789	29	true	42.8451209	43.2851955
44.2760439	0.47818420000000117	trials	/intervals/trials	30	start_time	n/a	n/a	n/a	n/a	n/a	n/a	n/a	n/a	n/a	mee	44.3323009	30	true	44.2760439	44.7542281
44.3323009	0.0	cv_transition	/intervals/trials	30	cv_transition_time	n/a	n/a	n/a	n/a	n/a	n/a	n/a	n/a	n/a	mee	44.3323009	30	true	44.2760439	44.7542281
45.6461732	0.5970496999999995	trials	/intervals/trials	31	start_time	n/a	n/a	n/a	n/a	n/a	n/a	n/a	n/a	n/a	zaa	45.8240178	31	true	45.6461732	46.2432229
45.8240178	0.0	cv_transition	/intervals/trials	31	cv_transition_time	n/a	n/a	n/a	n/a	n/a	n/a	n/a	n/a	n/a	zaa	45.8240178	31	true	45.6461732	46.2432229
46.9727486	0.5054052999999996	trials	/intervals/trials	32	start_time	n/a	n/a	n/a	n/a	n/a	n/a	n/a	n/a	n/a	see	47.2222755	32	true	46.9727486	47.4781539
47.2222755	0.0	cv_transition	/intervals/trials	32	cv_transition_time	n/a	n/a	n/a	n/a	n/a	n/a	n/a	n/a	n/a	see	47.2222755	32	true	46.9727486	47.4781539
48.3365263	0.6269928999999976	trials	/intervals/trials	33	start_time	n/a	n/a	n/a	n/a	n/a	n/a	n/a	n/a	n/a	zoo	48.6159964	33	true	48.3365263	48.9635192
48.6159964	0.0	cv_transition	/intervals/trials	33	cv_transition_time	n/a	n/a	n/a	n/a	n/a	n/a	n/a	n/a	n/a	zoo	48.6159964	33	true	48.3365263	48.9635192
49.7801525	0.5407927999999984	trials	/intervals/trials	34	start_time	n/a	n/a	n/a	n/a	n/a	n/a	n/a	n/a	n/a	too	49.8944812	34	true	49.7801525	50.3209453
49.8944812	0.0	cv_transition	/intervals/trials	34	cv_transition_time	n/a	n/a	n/a	n/a	n/a	n/a	n/a	n/a	n/a	too	49.8944812	34	true	49.7801525	50.3209453
51.425215	0.5580327999999994	trials	/intervals/trials	35	start_time	n/a	n/a	n/a	n/a	n/a	n/a	n/a	n/a	n/a	vee	51.5286552	35	true	51.425215	51.9832478
51.5286552	0.0	cv_transition	/intervals/trials	35	cv_transition_time	n/a	n/a	n/a	n/a	n/a	n/a	n/a	n/a	n/a	vee	51.5286552	35	true	51.425215	51.9832478
52.7472536	0.36476290000000233	trials	/intervals/trials	36	start_time	n/a	n/a	n/a	n/a	n/a	n/a	n/a	n/a	n/a	thaa	52.7744747	36	true	52.7472536	53.1120165
52.7744747	0.0	cv_transition	/intervals/trials	36	cv_transition_time	n/a	n/a	n/a	n/a	n/a	n/a	n/a	n/a	n/a	thaa	52.7744747	36	true	52.7472536	53.1120165
54.3197264	0.5117569000000017	trials	/intervals/trials	37	start_time	n/a	n/a	n/a	n/a	n/a	n/a	n/a	n/a	n/a	moo	54.4186298	37	true	54.3197264	54.8314833
54.4186298	0.0	cv_transition	/intervals/trials	37	cv_transition_time	n/a	n/a	n/a	n/a	n/a	n/a	n/a	n/a	n/a	moo	54.4186298	37	true	54.3197264	54.8314833
55.7905738	0.4373525000000029	trials	/intervals/trials	38	start_time	n/a	n/a	n/a	n/a	n/a	n/a	n/a	n/a	n/a	thoo	55.820517	38	true	55.7905738	56.2279263
55.820517	0.0	cv_transition	/intervals/trials	38	cv_transition_time	n/a	n/a	n/a	n/a	n/a	n/a	n/a	n/a	n/a	thoo	55.820517	38	true	55.7905738	56.2279263
57.0763176	0.5507737999999947	trials	/intervals/trials	39	start_time	n/a	n/a	n/a	n/a	n/a	n/a	n/a	n/a	n/a	nee	57.1479998	39	true	57.0763176	57.6270914
57.1479998	0.0	cv_transition	/intervals/trials	39	cv_transition_time	n/a	n/a	n/a	n/a	n/a	n/a	n/a	n/a	n/a	nee	57.1479998	39	true	57.0763176	57.6270914
59.9789953	0.5770875999999987	trials	/intervals/trials	40	start_time	n/a	n/a	n/a	n/a	n/a	n/a	n/a	n/a	n/a	laa	60.1123788	40	true	59.9789953	60.5560829
60.1123788	0.0	cv_transition	/intervals/trials	40	cv_transition_time	n/a	n/a	n/a	n/a	n/a	n/a	n/a	n/a	n/a	laa	60.1123788	40	true	59.9789953	60.5560829
61.4988407	0.5226453000000006	trials	/intervals/trials	41	start_time	n/a	n/a	n/a	n/a	n/a	n/a	n/a	n/a	n/a	maa	61.5596345	41	true	61.4988407	62.021486
61.5596345	0.0	cv_transition	/intervals/trials	41	cv_transition_time	n/a	n/a	n/a	n/a	n/a	n/a	n/a	n/a	n/a	maa	61.5596345	41	true	61.4988407	62.021486
62.6502937	0.6306224	trials	/intervals/trials	42	start_time	n/a	n/a	n/a	n/a	n/a	n/a	n/a	n/a	n/a	soo	62.8916542	42	true	62.6502937	63.2809161
62.8916542	0.0	cv_transition	/intervals/trials	42	cv_transition_time	n/a	n/a	n/a	n/a	n/a	n/a	n/a	n/a	n/a	soo	62.8916542	42	true	62.6502937	63.2809161
64.0848462	0.4473335999999932	trials	/intervals/trials	43	start_time	n/a	n/a	n/a	n/a	n/a	n/a	n/a	n/a	n/a	roo	64.170139	43	true	64.0848462	64.5321798
64.170139	0.0	cv_transition	/intervals/trials	43	cv_transition_time	n/a	n/a	n/a	n/a	n/a	n/a	n/a	n/a	n/a	roo	64.170139	43	true	64.0848462	64.5321798
65.475845	0.5335336999999925	trials	/intervals/trials	44	start_time	n/a	n/a	n/a	n/a	n/a	n/a	n/a	n/a	n/a	tee	65.5702115	44	true	65.475845	66.0093787
65.5702115	0.0	cv_transition	/intervals/trials	44	cv_transition_time	n/a	n/a	n/a	n/a	n/a	n/a	n/a	n/a	n/a	tee	65.5702115	44	true	65.475845	66.0093787
66.4993587	0.48544319999999175	trials	/intervals/trials	45	start_time	n/a	n/a	n/a	n/a	n/a	n/a	n/a	n/a	n/a	haa	66.6336495	45	true	66.4993587	66.9848019
66.6336495	0.0	cv_transition	/intervals/trials	45	cv_transition_time	n/a	n/a	n/a	n/a	n/a	n/a	n/a	n/a	n/a	haa	66.6336495	45	true	66.4993587	66.9848019
67.9157639	0.5199231999999938	trials	/intervals/trials	46	start_time	n/a	n/a	n/a	n/a	n/a	n/a	n/a	n/a	n/a	waa	68.0391662	46	true	67.9157639	68.4356871
68.0391662	0.0	cv_transition	/intervals/trials	46	cv_transition_time	n/a	n/a	n/a	n/a	n/a	n/a	n/a	n/a	n/a	waa	68.0391662	46	true	67.9157639	68.4356871
69.1742865	0.4482410000000101	trials	/intervals/trials	47	start_time	n/a	n/a	n/a	n/a	n/a	n/a	n/a	n/a	n/a	pee	69.2305435	47	true	69.1742865	69.6225275
69.2305435	0.0	cv_transition	/intervals/trials	47	cv_transition_time	n/a	n/a	n/a	n/a	n/a	n/a	n/a	n/a	n/a	pee	69.2305435	47	true	69.1742865	69.6225275
70.3983292	0.6778055999999992	trials	/intervals/trials	48	start_time	n/a	n/a	n/a	n/a	n/a	n/a	n/a	n/a	n/a	lee	70.54986	48	true	70.3983292	71.0761348
70.54986	0.0	cv_transition	/intervals/trials	48	cv_transition_time	n/a	n/a	n/a	n/a	n/a	n/a	n/a	n/a	n/a	lee	70.54986	48	true	70.3983292	71.0761348
71.7875132	0.6179191999999887	trials	/intervals/trials	49	start_time	n/a	n/a	n/a	n/a	n/a	n/a	n/a	n/a	n/a	wee	71.8891387	49	true	71.7875132	72.4054324
71.8891387	0.0	cv_transition	/intervals/trials	49	cv_transition_time	n/a	n/a	n/a	n/a	n/a	n/a	n/a	n/a	n/a	wee	71.8891387	49	true	71.7875132	72.4054324
73.1159034	0.5689212000000055	trials	/intervals/trials	50	start_time	n/a	n/a	n/a	n/a	n/a	n/a	n/a	n/a	n/a	yaa	73.2420279	50	true	73.1159034	73.6848246
73.2420279	0.0	cv_transition	/intervals/trials	50	cv_transition_time	n/a	n/a	n/a	n/a	n/a	n/a	n/a	n/a	n/a	yaa	73.2420279	50	true	73.1159034	73.6848246
74.4742368	0.467295699999994	trials	/intervals/trials	51	start_time	n/a	n/a	n/a	n/a	n/a	n/a	n/a	n/a	n/a	gaa	74.511439	51	true	74.4742368	74.9415325
74.511439	0.0	cv_transition	/intervals/trials	51	cv_transition_time	n/a	n/a	n/a	n/a	n/a	n/a	n/a	n/a	n/a	gaa	74.511439	51	true	74.4742368	74.9415325
75.6946499	0.7013972999999964	trials	/intervals/trials	52	start_time	n/a	n/a	n/a	n/a	n/a	n/a	n/a	n/a	n/a	shaa	75.8861051	52	true	75.6946499	76.3960472
75.8861051	0.0	cv_transition	/intervals/trials	52	cv_transition_time	n/a	n/a	n/a	n/a	n/a	n/a	n/a	n/a	n/a	shaa	75.8861051	52	true	75.6946499	76.3960472
77.1518867	0.4382598999999914	trials	/intervals/trials	53	start_time	n/a	n/a	n/a	n/a	n/a	n/a	n/a	n/a	n/a	doo	77.1754784	53	true	77.1518867	77.5901466
77.1754784	0.0	cv_transition	/intervals/trials	53	cv_transition_time	n/a	n/a	n/a	n/a	n/a	n/a	n/a	n/a	n/a	doo	77.1754784	53	true	77.1518867	77.5901466
78.3822809	0.426464100000004	trials	/intervals/trials	54	start_time	n/a	n/a	n/a	n/a	n/a	n/a	n/a	n/a	n/a	woo	78.473018	54	true	78.3822809	78.808745
78.473018	0.0	cv_transition	/intervals/trials	54	cv_transition_time	n/a	n/a	n/a	n/a	n/a	n/a	n/a	n/a	n/a	woo	78.473018	54	true	78.3822809	78.808745
79.48432791034938	0.7415933553065344	invalid_times	/intervals/invalid_times	17	start_time	n/a	n/a	n/a	n/a	17	79.48432791034938	80.22592126565591	"[""ECoG artifact""]"	"[{""idx_start"":242566,""count"":2264,""timeseries"":""/acquisition/ElectricalSeries""}]"	n/a	n/a	n/a	n/a	n/a	n/a
81.2776997	0.44188939999999377	trials	/intervals/trials	55	start_time	n/a	n/a	n/a	n/a	n/a	n/a	n/a	n/a	n/a	kee	81.3602704	55	true	81.2776997	81.7195891
81.3602704	0.0	cv_transition	/intervals/trials	55	cv_transition_time	n/a	n/a	n/a	n/a	n/a	n/a	n/a	n/a	n/a	kee	81.3602704	55	true	81.2776997	81.7195891
82.8093409	0.5353484999999978	trials	/intervals/trials	56	start_time	n/a	n/a	n/a	n/a	n/a	n/a	n/a	n/a	n/a	fee	82.8628757	56	true	82.8093409	83.3446894
82.8628757	0.0	cv_transition	/intervals/trials	56	cv_transition_time	n/a	n/a	n/a	n/a	n/a	n/a	n/a	n/a	n/a	fee	82.8628757	56	true	82.8093409	83.3446894
84.1005289	0.5008684999999957	trials	/intervals/trials	57	start_time	n/a	n/a	n/a	n/a	n/a	n/a	n/a	n/a	n/a	vaa	84.1903586	57	true	84.1005289	84.6013974
84.1903586	0.0	cv_transition	/intervals/trials	57	cv_transition_time	n/a	n/a	n/a	n/a	n/a	n/a	n/a	n/a	n/a	vaa	84.1903586	57	true	84.1005289	84.6013974
85.5396183	0.5008684000000017	trials	/intervals/trials	58	start_time	n/a	n/a	n/a	n/a	n/a	n/a	n/a	n/a	n/a	bee	85.5523215	58	true	85.5396183	86.0404867
85.5523215	0.0	cv_transition	/intervals/trials	58	cv_transition_time	n/a	n/a	n/a	n/a	n/a	n/a	n/a	n/a	n/a	bee	85.5523215	58	true	85.5396183	86.0404867
87.0812405	0.6396960999999948	trials	/intervals/trials	59	start_time	n/a	n/a	n/a	n/a	n/a	n/a	n/a	n/a	n/a	zoo	87.288121	59	true	87.0812405	87.7209366
87.288121	0.0	cv_transition	/intervals/trials	59	cv_transition_time	n/a	n/a	n/a	n/a	n/a	n/a	n/a	n/a	n/a	zoo	87.288121	59	true	87.0812405	87.7209366
88.39992802636785	0.42847616084377194	invalid_times	/intervals/invalid_times	18	start_time	n/a	n/a	n/a	n/a	18	88.39992802636785	88.82840418721162	"[""ECoG artifact""]"	"[{""idx_start"":269775,""count"":1307,""timeseries"":""/acquisition/ElectricalSeries""}]"	n/a	n/a	n/a	n/a	n/a	n/a
88.6500839	0.6006792000000019	trials	/intervals/trials	60	start_time	n/a	n/a	n/a	n/a	n/a	n/a	n/a	n/a	n/a	shaa	88.8515201	60	true	88.6500839	89.2507631
88.8515201	0.0	cv_transition	/intervals/trials	60	cv_transition_time	n/a	n/a	n/a	n/a	n/a	n/a	n/a	n/a	n/a	shaa	88.8515201	60	true	88.6500839	89.2507631
90.2769989	0.3947061000000076	trials	/intervals/trials	61	start_time	n/a	n/a	n/a	n/a	n/a	n/a	n/a	n/a	n/a	baa	90.2915169	61	true	90.2769989	90.671705
90.2915169	0.0	cv_transition	/intervals/trials	61	cv_transition_time	n/a	n/a	n/a	n/a	n/a	n/a	n/a	n/a	n/a	baa	90.2915169	61	true	90.2769989	90.671705
93.90419870797628	1.021750845088988	invalid_times	/intervals/invalid_times	16	start_time	n/a	n/a	n/a	n/a	16	93.90419870797628	94.92594955306527	"[""ECoG artifact""]"	"[{""idx_start"":286572,""count"":3119,""timeseries"":""/acquisition/ElectricalSeries""}]"	n/a	n/a	n/a	n/a	n/a	n/a
95.2112789	0.38926190000000815	trials	/intervals/trials	62	start_time	n/a	n/a	n/a	n/a	n/a	n/a	n/a	n/a	n/a	noo	95.3029233	62	true	95.2112789	95.6005408
95.3029233	0.0	cv_transition	/intervals/trials	62	cv_transition_time	n/a	n/a	n/a	n/a	n/a	n/a	n/a	n/a	n/a	noo	95.3029233	62	true	95.2112789	95.6005408
97.0115017	0.27765540000000044	trials	/intervals/trials	63	start_time	n/a	n/a	n/a	n/a	n/a	n/a	n/a	n/a	n/a	waa	97.0732029	63	true	97.0115017	97.2891571
97.0732029	0.0	cv_transition	/intervals/trials	63	cv_transition_time	n/a	n/a	n/a	n/a	n/a	n/a	n/a	n/a	n/a	waa	97.0732029	63	true	97.0115017	97.2891571
97.9606111	0.4273715000000067	trials	/intervals/trials	64	start_time	n/a	n/a	n/a	n/a	n/a	n/a	n/a	n/a	n/a	woo	98.0894577	64	true	97.9606111	98.3879826
98.0894577	0.0	cv_transition	/intervals/trials	64	cv_transition_time	n/a	n/a	n/a	n/a	n/a	n/a	n/a	n/a	n/a	woo	98.0894577	64	true	97.9606111	98.3879826
99.7789813	0.454592599999998	trials	/intervals/trials	65	start_time	n/a	n/a	n/a	n/a	n/a	n/a	n/a	n/a	n/a	laa	99.8288867	65	true	99.7789813	100.2335739
99.8288867	0.0	cv_transition	/intervals/trials	65	cv_transition_time	n/a	n/a	n/a	n/a	n/a	n/a	n/a	n/a	n/a	laa	99.8288867	65	true	99.7789813	100.2335739
100.9522112	0.5226453000000078	trials	/intervals/trials	66	start_time	n/a	n/a	n/a	n/a	n/a	n/a	n/a	n/a	n/a	roo	101.0710767	66	true	100.9522112	101.4748565
101.0710767	0.0	cv_transition	/intervals/trials	66	cv_transition_time	n/a	n/a	n/a	n/a	n/a	n/a	n/a	n/a	n/a	roo	101.0710767	66	true	100.9522112	101.4748565
101.32052039551748	0.8239791166776484	invalid_times	/intervals/invalid_times	19	start_time	n/a	n/a	n/a	n/a	19	101.32052039551748	102.14449951219513	"[""ECoG artifact""]"	"[{""idx_start"":309205,""count"":2515,""timeseries"":""/acquisition/ElectricalSeries""}]"	n/a	n/a	n/a	n/a	n/a	n/a
102.6880107	0.5090347999999949	trials	/intervals/trials	67	start_time	n/a	n/a	n/a	n/a	n/a	n/a	n/a	n/a	n/a	yee	102.7270276	67	true	102.6880107	103.1970455
102.7270276	0.0	cv_transition	/intervals/trials	67	cv_transition_time	n/a	n/a	n/a	n/a	n/a	n/a	n/a	n/a	n/a	yee	102.7270276	67	true	102.6880107	103.1970455
104.0427146	0.4763695000000041	trials	/intervals/trials	68	start_time	n/a	n/a	n/a	n/a	n/a	n/a	n/a	n/a	n/a	maa	104.1216558	68	true	104.0427146	104.5190841
104.1216558	0.0	cv_transition	/intervals/trials	68	cv_transition_time	n/a	n/a	n/a	n/a	n/a	n/a	n/a	n/a	n/a	maa	104.1216558	68	true	104.0427146	104.5190841
107.2901931	0.37111450000000445	trials	/intervals/trials	69	start_time	n/a	n/a	n/a	n/a	n/a	n/a	n/a	n/a	n/a	moo	107.3727638	69	true	107.2901931	107.6613076
107.3727638	0.0	cv_transition	/intervals/trials	69	cv_transition_time	n/a	n/a	n/a	n/a	n/a	n/a	n/a	n/a	n/a	moo	107.3727638	69	true	107.2901931	107.6613076
107.68163917626896	0.362550811338167	invalid_times	/intervals/invalid_times	20	start_time	n/a	n/a	n/a	n/a	20	107.68163917626896	108.04418998760713	"[""ECoG artifact""]"	"[{""idx_start"":328618,""count"":1106,""timeseries"":""/acquisition/ElectricalSeries""}]"	n/a	n/a	n/a	n/a	n/a	n/a
109.1466729	0.5054053000000067	trials	/intervals/trials	70	start_time	n/a	n/a	n/a	n/a	n/a	n/a	n/a	n/a	n/a	nee	109.3063701	70	true	109.1466729	109.6520782
109.3063701	0.0	cv_transition	/intervals/trials	70	cv_transition_time	n/a	n/a	n/a	n/a	n/a	n/a	n/a	n/a	n/a	nee	109.3063701	70	true	109.1466729	109.6520782
109.99191471857765	0.01729900962102704	invalid_times	/intervals/invalid_times	8	start_time	n/a	n/a	n/a	n/a	8	109.99191471857765	110.00921372819867	"[""ECoG artifact""]"	"[{""idx_start"":335668,""count"":53,""timeseries"":""/acquisition/ElectricalSeries""}]"	n/a	n/a	n/a	n/a	n/a	n/a
110.6520003	0.5604997000000083	trials	/intervals/trials	71	start_time	n/a	n/a	n/a	n/a	n/a	n/a	n/a	n/a	n/a	hoo	110.7563479	71	true	110.6520003	111.2125
110.7563479	0.0	cv_transition	/intervals/trials	71	cv_transition_time	n/a	n/a	n/a	n/a	n/a	n/a	n/a	n/a	n/a	hoo	110.7563479	71	true	110.6520003	111.2125
111.75627	0.43281570000000613	trials	/intervals/trials	72	start_time	n/a	n/a	n/a	n/a	n/a	n/a	n/a	n/a	n/a	goo	111.7889354	72	true	111.75627	112.1890857
111.7889354	0.0	cv_transition	/intervals/trials	72	cv_transition_time	n/a	n/a	n/a	n/a	n/a	n/a	n/a	n/a	n/a	goo	111.7889354	72	true	111.75627	112.1890857
112.42596409860518	0.07784554329462878	invalid_times	/intervals/invalid_times	9	start_time	n/a	n/a	n/a	n/a	9	112.42596409860518	112.5038096418998	"[""ECoG artifact""]"	"[{""idx_start"":343096,""count"":238,""timeseries"":""/acquisition/ElectricalSeries""}]"	n/a	n/a	n/a	n/a	n/a	n/a
112.6767997381101	0.025948514431547665	invalid_times	/intervals/invalid_times	10	start_time	n/a	n/a	n/a	n/a	10	112.6767997381101	112.70274825254165	"[""ECoG artifact""]"	"[{""idx_start"":343862,""count"":79,""timeseries"":""/acquisition/ElectricalSeries""}]"	n/a	n/a	n/a	n/a	n/a	n/a
113.0227799305307	0.046130692322748246	invalid_times	/intervals/invalid_times	11	start_time	n/a	n/a	n/a	n/a	11	113.0227799305307	113.06891062285345	"[""ECoG artifact""]"	"[{""idx_start"":344918,""count"":140,""timeseries"":""/acquisition/ElectricalSeries""}]"	n/a	n/a	n/a	n/a	n/a	n/a
113.3568713	0.563477000000006	trials	/intervals/trials	73	start_time	n/a	n/a	n/a	n/a	n/a	n/a	n/a	n/a	n/a	loo	113.5646592	73	true	113.3568713	113.9203483
113.5646592	0.0	cv_transition	/intervals/trials	73	cv_transition_time	n/a	n/a	n/a	n/a	n/a	n/a	n/a	n/a	n/a	loo	113.5646592	73	true	113.3568713	113.9203483
113.59653041629485	0.07784554329462878	invalid_times	/intervals/invalid_times	12	start_time	n/a	n/a	n/a	n/a	12	113.59653041629485	113.67437595958948	"[""ECoG artifact""]"	"[{""idx_start"":346669,""count"":237,""timeseries"":""/acquisition/ElectricalSeries""}]"	n/a	n/a	n/a	n/a	n/a	n/a
114.5500634	0.42192719999999895	trials	/intervals/trials	74	start_time	n/a	n/a	n/a	n/a	n/a	n/a	n/a	n/a	n/a	hee	114.6299119	74	true	114.5500634	114.9719906
114.6299119	0.0	cv_transition	/intervals/trials	74	cv_transition_time	n/a	n/a	n/a	n/a	n/a	n/a	n/a	n/a	n/a	hee	114.6299119	74	true	114.5500634	114.9719906
115.4783032	0.4845358000000033	trials	/intervals/trials	75	start_time	n/a	n/a	n/a	n/a	n/a	n/a	n/a	n/a	n/a	tee	115.553615	75	true	115.4783032	115.962839
115.553615	0.0	cv_transition	/intervals/trials	75	cv_transition_time	n/a	n/a	n/a	n/a	n/a	n/a	n/a	n/a	n/a	tee	115.553615	75	true	115.4783032	115.962839
116.6987164	0.48635050000000035	trials	/intervals/trials	76	start_time	n/a	n/a	n/a	n/a	n/a	n/a	n/a	n/a	n/a	vee	116.7894534	76	true	116.6987164	117.1850669
116.7894534	0.0	cv_transition	/intervals/trials	76	cv_transition_time	n/a	n/a	n/a	n/a	n/a	n/a	n/a	n/a	n/a	vee	116.7894534	76	true	116.6987164	117.1850669
117.8719462	0.5834392000000008	trials	/intervals/trials	77	start_time	n/a	n/a	n/a	n/a	n/a	n/a	n/a	n/a	n/a	zee	118.0688456	77	true	117.8719462	118.4553854
118.0688456	0.0	cv_transition	/intervals/trials	77	cv_transition_time	n/a	n/a	n/a	n/a	n/a	n/a	n/a	n/a	n/a	zee	118.0688456	77	true	117.8719462	118.4553854
118.9671423	0.44733349999999916	trials	/intervals/trials	78	start_time	n/a	n/a	n/a	n/a	n/a	n/a	n/a	n/a	n/a	haa	119.0615088	78	true	118.9671423	119.4144758
119.0615088	0.0	cv_transition	/intervals/trials	78	cv_transition_time	n/a	n/a	n/a	n/a	n/a	n/a	n/a	n/a	n/a	haa	119.0615088	78	true	118.9671423	119.4144758
120.0705046	0.40377979999999525	trials	/intervals/trials	79	start_time	n/a	n/a	n/a	n/a	n/a	n/a	n/a	n/a	n/a	gaa	120.0986331	79	true	120.0705046	120.4742844
120.0986331	0.0	cv_transition	/intervals/trials	79	cv_transition_time	n/a	n/a	n/a	n/a	n/a	n/a	n/a	n/a	n/a	gaa	120.0986331	79	true	120.0705046	120.4742844
121.1584417	0.5625696000000033	trials	/intervals/trials	80	start_time	n/a	n/a	n/a	n/a	n/a	n/a	n/a	n/a	n/a	shee	121.3371936	80	true	121.1584417	121.7210113
121.3371936	0.0	cv_transition	/intervals/trials	80	cv_transition_time	n/a	n/a	n/a	n/a	n/a	n/a	n/a	n/a	n/a	shee	121.3371936	80	true	121.1584417	121.7210113
122.2980988	0.543514899999991	trials	/intervals/trials	81	start_time	n/a	n/a	n/a	n/a	n/a	n/a	n/a	n/a	n/a	shoo	122.4804803	81	true	122.2980988	122.8416137
122.4804803	0.0	cv_transition	/intervals/trials	81	cv_transition_time	n/a	n/a	n/a	n/a	n/a	n/a	n/a	n/a	n/a	shoo	122.4804803	81	true	122.2980988	122.8416137
123.575	0.459805700000004	trials	/intervals/trials	82	start_time	n/a	n/a	n/a	n/a	n/a	n/a	n/a	n/a	n/a	pee	123.6119711	82	true	123.575	124.0348057
123.6119711	0.0	cv_transition	/intervals/trials	82	cv_transition_time	n/a	n/a	n/a	n/a	n/a	n/a	n/a	n/a	n/a	pee	123.6119711	82	true	123.575	124.0348057
124.8115147	0.4691104999999993	trials	/intervals/trials	83	start_time	n/a	n/a	n/a	n/a	n/a	n/a	n/a	n/a	n/a	kaa	124.8859191	83	true	124.8115147	125.2806252
124.8859191	0.0	cv_transition	/intervals/trials	83	cv_transition_time	n/a	n/a	n/a	n/a	n/a	n/a	n/a	n/a	n/a	kaa	124.8859191	83	true	124.8115147	125.2806252
125.7515504	0.4845358000000033	trials	/intervals/trials	84	start_time	n/a	n/a	n/a	n/a	n/a	n/a	n/a	n/a	n/a	wee	125.8105295	84	true	125.7515504	126.2360862
125.8105295	0.0	cv_transition	/intervals/trials	84	cv_transition_time	n/a	n/a	n/a	n/a	n/a	n/a	n/a	n/a	n/a	wee	125.8105295	84	true	125.7515504	126.2360862
127.4056866	0.39016920000000255	trials	/intervals/trials	85	start_time	n/a	n/a	n/a	n/a	n/a	n/a	n/a	n/a	n/a	foo	127.4456109	85	true	127.4056866	127.7958558
127.4456109	0.0	cv_transition	/intervals/trials	85	cv_transition_time	n/a	n/a	n/a	n/a	n/a	n/a	n/a	n/a	n/a	foo	127.4456109	85	true	127.4056866	127.7958558
128.4981605	0.42827879999998686	trials	/intervals/trials	86	start_time	n/a	n/a	n/a	n/a	n/a	n/a	n/a	n/a	n/a	gee	128.5389922	86	true	128.4981605	128.9264393
128.5389922	0.0	cv_transition	/intervals/trials	86	cv_transition_time	n/a	n/a	n/a	n/a	n/a	n/a	n/a	n/a	n/a	gee	128.5389922	86	true	128.4981605	128.9264393
129.6786493	0.5190158999999994	trials	/intervals/trials	87	start_time	n/a	n/a	n/a	n/a	n/a	n/a	n/a	n/a	n/a	raa	129.7693864	87	true	129.6786493	130.1976652
129.7693864	0.0	cv_transition	/intervals/trials	87	cv_transition_time	n/a	n/a	n/a	n/a	n/a	n/a	n/a	n/a	n/a	raa	129.7693864	87	true	129.6786493	130.1976652
130.7520685	0.5906980999999973	trials	/intervals/trials	88	start_time	n/a	n/a	n/a	n/a	n/a	n/a	n/a	n/a	n/a	ree	130.8800077	88	true	130.7520685	131.3427666
130.8800077	0.0	cv_transition	/intervals/trials	88	cv_transition_time	n/a	n/a	n/a	n/a	n/a	n/a	n/a	n/a	n/a	ree	130.8800077	88	true	130.7520685	131.3427666
133.8480161	0.5235527000000104	trials	/intervals/trials	89	start_time	n/a	n/a	n/a	n/a	n/a	n/a	n/a	n/a	n/a	faa	133.9578079	89	true	133.8480161	134.3715688
133.9578079	0.0	cv_transition	/intervals/trials	89	cv_transition_time	n/a	n/a	n/a	n/a	n/a	n/a	n/a	n/a	n/a	faa	133.9578079	89	true	133.8480161	134.3715688
135.5375397	0.4518705000000125	trials	/intervals/trials	90	start_time	n/a	n/a	n/a	n/a	n/a	n/a	n/a	n/a	n/a	doo	135.5702051	90	true	135.5375397	135.9894102
135.5702051	0.0	cv_transition	/intervals/trials	90	cv_transition_time	n/a	n/a	n/a	n/a	n/a	n/a	n/a	n/a	n/a	doo	135.5702051	90	true	135.5375397	135.9894102
136.6771969	0.5916054999999858	trials	/intervals/trials	91	start_time	n/a	n/a	n/a	n/a	n/a	n/a	n/a	n/a	n/a	zaa	136.8450604	91	true	136.6771969	137.2688024
136.8450604	0.0	cv_transition	/intervals/trials	91	cv_transition_time	n/a	n/a	n/a	n/a	n/a	n/a	n/a	n/a	n/a	zaa	136.8450604	91	true	136.6771969	137.2688024
137.8023361	0.5162937999999997	trials	/intervals/trials	92	start_time	n/a	n/a	n/a	n/a	n/a	n/a	n/a	n/a	n/a	naa	137.8749258	92	true	137.8023361	138.3186299
137.8749258	0.0	cv_transition	/intervals/trials	92	cv_transition_time	n/a	n/a	n/a	n/a	n/a	n/a	n/a	n/a	n/a	naa	137.8749258	92	true	137.8023361	138.3186299
139.0545072	0.4772767999999985	trials	/intervals/trials	93	start_time	n/a	n/a	n/a	n/a	n/a	n/a	n/a	n/a	n/a	thoo	139.0853578	93	true	139.0545072	139.531784
139.0853578	0.0	cv_transition	/intervals/trials	93	cv_transition_time	n/a	n/a	n/a	n/a	n/a	n/a	n/a	n/a	n/a	thoo	139.0853578	93	true	139.0545072	139.531784
140.1070568	0.498146399999996	trials	/intervals/trials	94	start_time	n/a	n/a	n/a	n/a	n/a	n/a	n/a	n/a	n/a	paa	140.1905349	94	true	140.1070568	140.6052032
140.1905349	0.0	cv_transition	/intervals/trials	94	cv_transition_time	n/a	n/a	n/a	n/a	n/a	n/a	n/a	n/a	n/a	paa	140.1905349	94	true	140.1070568	140.6052032
141.712195	0.4509630999999956	trials	/intervals/trials	95	start_time	n/a	n/a	n/a	n/a	n/a	n/a	n/a	n/a	n/a	mee	141.7902288	95	true	141.712195	142.1631581
141.7902288	0.0	cv_transition	/intervals/trials	95	cv_transition_time	n/a	n/a	n/a	n/a	n/a	n/a	n/a	n/a	n/a	mee	141.7902288	95	true	141.712195	142.1631581
143.1158969	0.43553779999999165	trials	/intervals/trials	96	start_time	n/a	n/a	n/a	n/a	n/a	n/a	n/a	n/a	n/a	taa	143.2057266	96	true	143.1158969	143.5514347
143.2057266	0.0	cv_transition	/intervals/trials	96	cv_transition_time	n/a	n/a	n/a	n/a	n/a	n/a	n/a	n/a	n/a	taa	143.2057266	96	true	143.1158969	143.5514347
144.6656855	0.502683200000007	trials	/intervals/trials	97	start_time	n/a	n/a	n/a	n/a	n/a	n/a	n/a	n/a	n/a	yoo	144.7346457	97	true	144.6656855	145.1683687
144.7346457	0.0	cv_transition	/intervals/trials	97	cv_transition_time	n/a	n/a	n/a	n/a	n/a	n/a	n/a	n/a	n/a	yoo	144.7346457	97	true	144.6656855	145.1683687
146.4686304	0.41557560000001104	trials	/intervals/trials	98	start_time	n/a	n/a	n/a	n/a	n/a	n/a	n/a	n/a	n/a	voo	146.4894999	98	true	146.4686304	146.884206
146.4894999	0.0	cv_transition	/intervals/trials	98	cv_transition_time	n/a	n/a	n/a	n/a	n/a	n/a	n/a	n/a	n/a	voo	146.4894999	98	true	146.4686304	146.884206
147.5184579	0.522645300000022	trials	/intervals/trials	99	start_time	n/a	n/a	n/a	n/a	n/a	n/a	n/a	n/a	n/a	thaa	147.6028434	99	true	147.5184579	148.0411032
147.6028434	0.0	cv_transition	/intervals/trials	99	cv_transition_time	n/a	n/a	n/a	n/a	n/a	n/a	n/a	n/a	n/a	thaa	147.6028434	99	true	147.5184579	148.0411032
149.1090781	0.6324371999999983	trials	/intervals/trials	100	start_time	n/a	n/a	n/a	n/a	n/a	n/a	n/a	n/a	n/a	soo	149.3014407	100	true	149.1090781	149.7415153
149.3014407	0.0	cv_transition	/intervals/trials	100	cv_transition_time	n/a	n/a	n/a	n/a	n/a	n/a	n/a	n/a	n/a	soo	149.3014407	100	true	149.1090781	149.7415153
150.6243866	0.5144789999999944	trials	/intervals/trials	101	start_time	n/a	n/a	n/a	n/a	n/a	n/a	n/a	n/a	n/a	yaa	150.7604922	101	true	150.6243866	151.1388656
150.7604922	0.0	cv_transition	/intervals/trials	101	cv_transition_time	n/a	n/a	n/a	n/a	n/a	n/a	n/a	n/a	n/a	yaa	150.7604922	101	true	150.6243866	151.1388656
152.0643834	0.48272099999999796	trials	/intervals/trials	102	start_time	n/a	n/a	n/a	n/a	n/a	n/a	n/a	n/a	n/a	dee	152.1097519	102	true	152.0643834	152.5471044
152.1097519	0.0	cv_transition	/intervals/trials	102	cv_transition_time	n/a	n/a	n/a	n/a	n/a	n/a	n/a	n/a	n/a	dee	152.1097519	102	true	152.0643834	152.5471044
154.6694437	0.5299042999999983	trials	/intervals/trials	103	start_time	n/a	n/a	n/a	n/a	n/a	n/a	n/a	n/a	n/a	lee	154.7892166	103	true	154.6694437	155.199348
154.7892166	0.0	cv_transition	/intervals/trials	103	cv_transition_time	n/a	n/a	n/a	n/a	n/a	n/a	n/a	n/a	n/a	lee	154.7892166	103	true	154.6694437	155.199348
155.9560949	0.47546199999999317	trials	/intervals/trials	104	start_time	n/a	n/a	n/a	n/a	n/a	n/a	n/a	n/a	n/a	koo	156.056813	104	true	155.9560949	156.4315569
156.056813	0.0	cv_transition	/intervals/trials	104	cv_transition_time	n/a	n/a	n/a	n/a	n/a	n/a	n/a	n/a	n/a	koo	156.056813	104	true	155.9560949	156.4315569
156.9950339	0.6687319999999772	trials	/intervals/trials	105	start_time	n/a	n/a	n/a	n/a	n/a	n/a	n/a	n/a	n/a	see	157.2608934	105	true	156.9950339	157.6637659
157.2608934	0.0	cv_transition	/intervals/trials	105	cv_transition_time	n/a	n/a	n/a	n/a	n/a	n/a	n/a	n/a	n/a	see	157.2608934	105	true	156.9950339	157.6637659
158.4286791	0.47999889999999823	trials	/intervals/trials	106	start_time	n/a	n/a	n/a	n/a	n/a	n/a	n/a	n/a	n/a	too	158.5194161	106	true	158.4286791	158.908678
158.5194161	0.0	cv_transition	/intervals/trials	106	cv_transition_time	n/a	n/a	n/a	n/a	n/a	n/a	n/a	n/a	n/a	too	158.5194161	106	true	158.4286791	158.908678
159.7234966	0.462758899999983	trials	/intervals/trials	107	start_time	n/a	n/a	n/a	n/a	n/a	n/a	n/a	n/a	n/a	daa	159.7425514	107	true	159.7234966	160.1862555
159.7425514	0.0	cv_transition	/intervals/trials	107	cv_transition_time	n/a	n/a	n/a	n/a	n/a	n/a	n/a	n/a	n/a	daa	159.7425514	107	true	159.7234966	160.1862555
162.3793696	0.46185150000002295	trials	/intervals/trials	108	start_time	n/a	n/a	n/a	n/a	n/a	n/a	n/a	n/a	n/a	saa	162.5454184	108	true	162.3793696	162.8412211
162.5454184	0.0	cv_transition	/intervals/trials	108	cv_transition_time	n/a	n/a	n/a	n/a	n/a	n/a	n/a	n/a	n/a	saa	162.5454184	108	true	162.3793696	162.8412211
162.70778378800262	2.966324820039574	invalid_times	/intervals/invalid_times	21	start_time	n/a	n/a	n/a	n/a	21	162.70778378800262	165.6741086080422	"[""ECoG artifact""]"	"[{""idx_start"":496544,""count"":9053,""timeseries"":""/acquisition/ElectricalSeries""}]"	n/a	n/a	n/a	n/a	n/a	n/a
166.3717992	0.46457359999999426	trials	/intervals/trials	109	start_time	n/a	n/a	n/a	n/a	n/a	n/a	n/a	n/a	n/a	wee	166.4652583	109	true	166.3717992	166.8363728
166.4652583	0.0	cv_transition	/intervals/trials	109	cv_transition_time	n/a	n/a	n/a	n/a	n/a	n/a	n/a	n/a	n/a	wee	166.4652583	109	true	166.3717992	166.8363728
167.4488478	0.6378813999999977	trials	/intervals/trials	110	start_time	n/a	n/a	n/a	n/a	n/a	n/a	n/a	n/a	n/a	shee	167.7328547	110	true	167.4488478	168.0867292
167.7328547	0.0	cv_transition	/intervals/trials	110	cv_transition_time	n/a	n/a	n/a	n/a	n/a	n/a	n/a	n/a	n/a	shee	167.7328547	110	true	167.4488478	168.0867292
170.247178	0.5035905000000014	trials	/intervals/trials	111	start_time	n/a	n/a	n/a	n/a	n/a	n/a	n/a	n/a	n/a	shaa	170.3760246	111	true	170.247178	170.7507685
170.3760246	0.0	cv_transition	/intervals/trials	111	cv_transition_time	n/a	n/a	n/a	n/a	n/a	n/a	n/a	n/a	n/a	shaa	170.3760246	111	true	170.247178	170.7507685
171.8958699	0.3974281999999789	trials	/intervals/trials	112	start_time	n/a	n/a	n/a	n/a	n/a	n/a	n/a	n/a	n/a	ree	171.9630153	112	true	171.8958699	172.2932981
171.9630153	0.0	cv_transition	/intervals/trials	112	cv_transition_time	n/a	n/a	n/a	n/a	n/a	n/a	n/a	n/a	n/a	ree	171.9630153	112	true	171.8958699	172.2932981
172.9329942	0.38200299999999743	trials	/intervals/trials	113	start_time	n/a	n/a	n/a	n/a	n/a	n/a	n/a	n/a	n/a	vaa	172.9466048	113	true	172.9329942	173.3149972
172.9466048	0.0	cv_transition	/intervals/trials	113	cv_transition_time	n/a	n/a	n/a	n/a	n/a	n/a	n/a	n/a	n/a	vaa	172.9466048	113	true	172.9329942	173.3149972
174.13526	0.4391672000000142	trials	/intervals/trials	114	start_time	n/a	n/a	n/a	n/a	n/a	n/a	n/a	n/a	n/a	loo	174.2668287	114	true	174.13526	174.5744272
174.2668287	0.0	cv_transition	/intervals/trials	114	cv_transition_time	n/a	n/a	n/a	n/a	n/a	n/a	n/a	n/a	n/a	loo	174.2668287	114	true	174.13526	174.5744272
175.2495108	0.5235527000000104	trials	/intervals/trials	115	start_time	n/a	n/a	n/a	n/a	n/a	n/a	n/a	n/a	n/a	laa	175.3447847	115	true	175.2495108	175.7730635
175.3447847	0.0	cv_transition	/intervals/trials	115	cv_transition_time	n/a	n/a	n/a	n/a	n/a	n/a	n/a	n/a	n/a	laa	175.3447847	115	true	175.2495108	175.7730635
176.4200185	0.4890726000000143	trials	/intervals/trials	116	start_time	n/a	n/a	n/a	n/a	n/a	n/a	n/a	n/a	n/a	taa	176.5198293	116	true	176.4200185	176.9090911
176.5198293	0.0	cv_transition	/intervals/trials	116	cv_transition_time	n/a	n/a	n/a	n/a	n/a	n/a	n/a	n/a	n/a	taa	176.5198293	116	true	176.4200185	176.9090911
177.8745332	0.5008684000000017	trials	/intervals/trials	117	start_time	n/a	n/a	n/a	n/a	n/a	n/a	n/a	n/a	n/a	zoo	178.1095421	117	true	177.8745332	178.3754016
178.1095421	0.0	cv_transition	/intervals/trials	117	cv_transition_time	n/a	n/a	n/a	n/a	n/a	n/a	n/a	n/a	n/a	zoo	178.1095421	117	true	177.8745332	178.3754016
179.0777063	0.44007460000000265	trials	/intervals/trials	118	start_time	n/a	n/a	n/a	n/a	n/a	n/a	n/a	n/a	n/a	hee	179.1412222	118	true	179.0777063	179.5177809
179.1412222	0.0	cv_transition	/intervals/trials	118	cv_transition_time	n/a	n/a	n/a	n/a	n/a	n/a	n/a	n/a	n/a	hee	179.1412222	118	true	179.0777063	179.5177809
180.5539979	0.5507737999999733	trials	/intervals/trials	119	start_time	n/a	n/a	n/a	n/a	n/a	n/a	n/a	n/a	n/a	faa	180.6873813	119	true	180.5539979	181.1047717
180.6873813	0.0	cv_transition	/intervals/trials	119	cv_transition_time	n/a	n/a	n/a	n/a	n/a	n/a	n/a	n/a	n/a	faa	180.6873813	119	true	180.5539979	181.1047717
182.1201191	0.42101989999997613	trials	/intervals/trials	120	start_time	n/a	n/a	n/a	n/a	n/a	n/a	n/a	n/a	n/a	gee	182.1609508	120	true	182.1201191	182.541139
182.1609508	0.0	cv_transition	/intervals/trials	120	cv_transition_time	n/a	n/a	n/a	n/a	n/a	n/a	n/a	n/a	n/a	gee	182.1609508	120	true	182.1201191	182.541139
183.7125541	0.548051700000002	trials	/intervals/trials	121	start_time	n/a	n/a	n/a	n/a	n/a	n/a	n/a	n/a	n/a	tee	183.817809	121	true	183.7125541	184.2606058
183.817809	0.0	cv_transition	/intervals/trials	121	cv_transition_time	n/a	n/a	n/a	n/a	n/a	n/a	n/a	n/a	n/a	tee	183.817809	121	true	183.7125541	184.2606058
185.4583347	0.406501899999995	trials	/intervals/trials	122	start_time	n/a	n/a	n/a	n/a	n/a	n/a	n/a	n/a	n/a	moo	185.5263874	122	true	185.4583347	185.8648366
185.5263874	0.0	cv_transition	/intervals/trials	122	cv_transition_time	n/a	n/a	n/a	n/a	n/a	n/a	n/a	n/a	n/a	moo	185.5263874	122	true	185.4583347	185.8648366
188.3836967	0.46457359999999426	trials	/intervals/trials	123	start_time	n/a	n/a	n/a	n/a	n/a	n/a	n/a	n/a	n/a	koo	188.4816927	123	true	188.3836967	188.8482703
188.4816927	0.0	cv_transition	/intervals/trials	123	cv_transition_time	n/a	n/a	n/a	n/a	n/a	n/a	n/a	n/a	n/a	koo	188.4816927	123	true	188.3836967	188.8482703
189.7093648	0.46820310000001086	trials	/intervals/trials	124	start_time	n/a	n/a	n/a	n/a	n/a	n/a	n/a	n/a	n/a	fee	189.7756028	124	true	189.7093648	190.1775679
189.7756028	0.0	cv_transition	/intervals/trials	124	cv_transition_time	n/a	n/a	n/a	n/a	n/a	n/a	n/a	n/a	n/a	fee	189.7756028	124	true	189.7093648	190.1775679
191.3580567	0.5698286000000223	trials	/intervals/trials	125	start_time	n/a	n/a	n/a	n/a	n/a	n/a	n/a	n/a	n/a	shoo	191.5359013	125	true	191.3580567	191.9278853
191.5359013	0.0	cv_transition	/intervals/trials	125	cv_transition_time	n/a	n/a	n/a	n/a	n/a	n/a	n/a	n/a	n/a	shoo	191.5359013	125	true	191.3580567	191.9278853
192.7073164	0.43100100000000907	trials	/intervals/trials	126	start_time	n/a	n/a	n/a	n/a	n/a	n/a	n/a	n/a	n/a	maa	192.7662955	126	true	192.7073164	193.1383174
192.7662955	0.0	cv_transition	/intervals/trials	126	cv_transition_time	n/a	n/a	n/a	n/a	n/a	n/a	n/a	n/a	n/a	maa	192.7662955	126	true	192.7073164	193.1383174
194.5746846	0.4146682999999882	trials	/intervals/trials	127	start_time	n/a	n/a	n/a	n/a	n/a	n/a	n/a	n/a	n/a	roo	194.6899207	127	true	194.5746846	194.9893529
194.6899207	0.0	cv_transition	/intervals/trials	127	cv_transition_time	n/a	n/a	n/a	n/a	n/a	n/a	n/a	n/a	n/a	roo	194.6899207	127	true	194.5746846	194.9893529
196.0146814	0.4591293999999948	trials	/intervals/trials	128	start_time	n/a	n/a	n/a	n/a	n/a	n/a	n/a	n/a	n/a	lee	196.0936226	128	true	196.0146814	196.4738108
196.0936226	0.0	cv_transition	/intervals/trials	128	cv_transition_time	n/a	n/a	n/a	n/a	n/a	n/a	n/a	n/a	n/a	lee	196.0936226	128	true	196.0146814	196.4738108
197.7069271	0.4736473000000103	trials	/intervals/trials	129	start_time	n/a	n/a	n/a	n/a	n/a	n/a	n/a	n/a	n/a	yee	197.777702	129	true	197.7069271	198.1805744
197.777702	0.0	cv_transition	/intervals/trials	129	cv_transition_time	n/a	n/a	n/a	n/a	n/a	n/a	n/a	n/a	n/a	yee	197.777702	129	true	197.7069271	198.1805744
199.2167914	0.5108495000000062	trials	/intervals/trials	130	start_time	n/a	n/a	n/a	n/a	n/a	n/a	n/a	n/a	n/a	raa	199.29664	130	true	199.2167914	199.7276409
199.29664	0.0	cv_transition	/intervals/trials	130	cv_transition_time	n/a	n/a	n/a	n/a	n/a	n/a	n/a	n/a	n/a	raa	199.29664	130	true	199.2167914	199.7276409
200.5596995	0.6170118000000002	trials	/intervals/trials	131	start_time	n/a	n/a	n/a	n/a	n/a	n/a	n/a	n/a	n/a	soo	200.7919863	131	true	200.5596995	201.1767113
200.7919863	0.0	cv_transition	/intervals/trials	131	cv_transition_time	n/a	n/a	n/a	n/a	n/a	n/a	n/a	n/a	n/a	soo	200.7919863	131	true	200.5596995	201.1767113
202.3980318	0.39924299999998425	trials	/intervals/trials	132	start_time	n/a	n/a	n/a	n/a	n/a	n/a	n/a	n/a	n/a	doo	202.4225308	132	true	202.3980318	202.7972748
202.4225308	0.0	cv_transition	/intervals/trials	132	cv_transition_time	n/a	n/a	n/a	n/a	n/a	n/a	n/a	n/a	n/a	doo	202.4225308	132	true	202.3980318	202.7972748
204.0530754	0.3974281999999789	trials	/intervals/trials	133	start_time	n/a	n/a	n/a	n/a	n/a	n/a	n/a	n/a	n/a	bee	204.0621491	133	true	204.0530754	204.4505036
204.0621491	0.0	cv_transition	/intervals/trials	133	cv_transition_time	n/a	n/a	n/a	n/a	n/a	n/a	n/a	n/a	n/a	bee	204.0621491	133	true	204.0530754	204.4505036
205.602864	0.5444221999999854	trials	/intervals/trials	134	start_time	n/a	n/a	n/a	n/a	n/a	n/a	n/a	n/a	n/a	yaa	205.7289884	134	true	205.602864	206.1472862
205.7289884	0.0	cv_transition	/intervals/trials	134	cv_transition_time	n/a	n/a	n/a	n/a	n/a	n/a	n/a	n/a	n/a	yaa	205.7289884	134	true	205.602864	206.1472862
207.3123497	0.4373525000000029	trials	/intervals/trials	135	start_time	n/a	n/a	n/a	n/a	n/a	n/a	n/a	n/a	n/a	baa	207.3295897	135	true	207.3123497	207.7497022
207.3295897	0.0	cv_transition	/intervals/trials	135	cv_transition_time	n/a	n/a	n/a	n/a	n/a	n/a	n/a	n/a	n/a	baa	207.3295897	135	true	207.3123497	207.7497022
208.8031592	0.4564072999999951	trials	/intervals/trials	136	start_time	n/a	n/a	n/a	n/a	n/a	n/a	n/a	n/a	n/a	nee	208.8585088	136	true	208.8031592	209.2595665
208.8585088	0.0	cv_transition	/intervals/trials	136	cv_transition_time	n/a	n/a	n/a	n/a	n/a	n/a	n/a	n/a	n/a	nee	208.8585088	136	true	208.8031592	209.2595665
211.7811487	0.43916730000000825	trials	/intervals/trials	137	start_time	n/a	n/a	n/a	n/a	n/a	n/a	n/a	n/a	n/a	noo	211.8637194	137	true	211.7811487	212.220316
211.8637194	0.0	cv_transition	/intervals/trials	137	cv_transition_time	n/a	n/a	n/a	n/a	n/a	n/a	n/a	n/a	n/a	noo	211.8637194	137	true	211.7811487	212.220316
213.0687072	0.5153863999999828	trials	/intervals/trials	138	start_time	n/a	n/a	n/a	n/a	n/a	n/a	n/a	n/a	n/a	kee	213.2048128	138	true	213.0687072	213.5840936
213.2048128	0.0	cv_transition	/intervals/trials	138	cv_transition_time	n/a	n/a	n/a	n/a	n/a	n/a	n/a	n/a	n/a	kee	213.2048128	138	true	213.0687072	213.5840936
214.3626174	0.4409819999999911	trials	/intervals/trials	139	start_time	n/a	n/a	n/a	n/a	n/a	n/a	n/a	n/a	n/a	too	214.4533544	139	true	214.3626174	214.8035994
214.4533544	0.0	cv_transition	/intervals/trials	139	cv_transition_time	n/a	n/a	n/a	n/a	n/a	n/a	n/a	n/a	n/a	too	214.4533544	139	true	214.3626174	214.8035994
215.6701381	0.44007460000000265	trials	/intervals/trials	140	start_time	n/a	n/a	n/a	n/a	n/a	n/a	n/a	n/a	n/a	thoo	215.7009887	140	true	215.6701381	216.1102127
215.7009887	0.0	cv_transition	/intervals/trials	140	cv_transition_time	n/a	n/a	n/a	n/a	n/a	n/a	n/a	n/a	n/a	thoo	215.7009887	140	true	215.6701381	216.1102127
216.9731219	0.6442328999999916	trials	/intervals/trials	141	start_time	n/a	n/a	n/a	n/a	n/a	n/a	n/a	n/a	n/a	saa	217.2072234	141	true	216.9731219	217.6173548
217.2072234	0.0	cv_transition	/intervals/trials	141	cv_transition_time	n/a	n/a	n/a	n/a	n/a	n/a	n/a	n/a	n/a	saa	217.2072234	141	true	216.9731219	217.6173548
218.666275	0.4055944999999781	trials	/intervals/trials	142	start_time	n/a	n/a	n/a	n/a	n/a	n/a	n/a	n/a	n/a	thaa	218.7043845	142	true	218.666275	219.0718695
218.7043845	0.0	cv_transition	/intervals/trials	142	cv_transition_time	n/a	n/a	n/a	n/a	n/a	n/a	n/a	n/a	n/a	thaa	218.7043845	142	true	218.666275	219.0718695
220.0518295	0.4736473000000103	trials	/intervals/trials	143	start_time	n/a	n/a	n/a	n/a	n/a	n/a	n/a	n/a	n/a	goo	220.0835875	143	true	220.0518295	220.5254768
220.0835875	0.0	cv_transition	/intervals/trials	143	cv_transition_time	n/a	n/a	n/a	n/a	n/a	n/a	n/a	n/a	n/a	goo	220.0835875	143	true	220.0518295	220.5254768
221.4210514	0.49633159999999066	trials	/intervals/trials	144	start_time	n/a	n/a	n/a	n/a	n/a	n/a	n/a	n/a	n/a	boo	221.451902	144	true	221.4210514	221.917383
221.451902	0.0	cv_transition	/intervals/trials	144	cv_transition_time	n/a	n/a	n/a	n/a	n/a	n/a	n/a	n/a	n/a	boo	221.451902	144	true	221.4210514	221.917383
222.564338	0.48362840000001484	trials	/intervals/trials	145	start_time	n/a	n/a	n/a	n/a	n/a	n/a	n/a	n/a	n/a	woo	222.6441866	145	true	222.564338	223.0479664
222.6441866	0.0	cv_transition	/intervals/trials	145	cv_transition_time	n/a	n/a	n/a	n/a	n/a	n/a	n/a	n/a	n/a	woo	222.6441866	145	true	222.564338	223.0479664
223.7783996	0.5362558999999862	trials	/intervals/trials	146	start_time	n/a	n/a	n/a	n/a	n/a	n/a	n/a	n/a	n/a	naa	223.8609703	146	true	223.7783996	224.3146555
223.8609703	0.0	cv_transition	/intervals/trials	146	cv_transition_time	n/a	n/a	n/a	n/a	n/a	n/a	n/a	n/a	n/a	naa	223.8609703	146	true	223.7783996	224.3146555
224.9071683	0.5235527000000104	trials	/intervals/trials	147	start_time	n/a	n/a	n/a	n/a	n/a	n/a	n/a	n/a	n/a	waa	225.0115159	147	true	224.9071683	225.430721
225.0115159	0.0	cv_transition	/intervals/trials	147	cv_transition_time	n/a	n/a	n/a	n/a	n/a	n/a	n/a	n/a	n/a	waa	225.0115159	147	true	224.9071683	225.430721
226.3834599	0.4754620000000216	trials	/intervals/trials	148	start_time	n/a	n/a	n/a	n/a	n/a	n/a	n/a	n/a	n/a	gaa	226.4052368	148	true	226.3834599	226.8589219
226.4052368	0.0	cv_transition	/intervals/trials	148	cv_transition_time	n/a	n/a	n/a	n/a	n/a	n/a	n/a	n/a	n/a	gaa	226.4052368	148	true	226.3834599	226.8589219
227.5467087	0.6768982999999764	trials	/intervals/trials	149	start_time	n/a	n/a	n/a	n/a	n/a	n/a	n/a	n/a	n/a	zee	227.8044018	149	true	227.5467087	228.223607
227.8044018	0.0	cv_transition	/intervals/trials	149	cv_transition_time	n/a	n/a	n/a	n/a	n/a	n/a	n/a	n/a	n/a	zee	227.8044018	149	true	227.5467087	228.223607
228.9857981	0.5172010999999941	trials	/intervals/trials	150	start_time	n/a	n/a	n/a	n/a	n/a	n/a	n/a	n/a	n/a	paa	229.0955899	150	true	228.9857981	229.5029992
229.0955899	0.0	cv_transition	/intervals/trials	150	cv_transition_time	n/a	n/a	n/a	n/a	n/a	n/a	n/a	n/a	n/a	paa	229.0955899	150	true	228.9857981	229.5029992
230.3786116	0.5044978999999898	trials	/intervals/trials	151	start_time	n/a	n/a	n/a	n/a	n/a	n/a	n/a	n/a	n/a	mee	230.4475717	151	true	230.3786116	230.8831095
230.4475717	0.0	cv_transition	/intervals/trials	151	cv_transition_time	n/a	n/a	n/a	n/a	n/a	n/a	n/a	n/a	n/a	mee	230.4475717	151	true	230.3786116	230.8831095
231.7178902	0.5571253999999897	trials	/intervals/trials	152	start_time	n/a	n/a	n/a	n/a	n/a	n/a	n/a	n/a	n/a	zaa	231.8576252	152	true	231.7178902	232.2750156
231.8576252	0.0	cv_transition	/intervals/trials	152	cv_transition_time	n/a	n/a	n/a	n/a	n/a	n/a	n/a	n/a	n/a	zaa	231.8576252	152	true	231.7178902	232.2750156
233.2359208	0.5217379999999991	trials	/intervals/trials	153	start_time	n/a	n/a	n/a	n/a	n/a	n/a	n/a	n/a	n/a	hoo	233.3012515	153	true	233.2359208	233.7576588
233.3012515	0.0	cv_transition	/intervals/trials	153	cv_transition_time	n/a	n/a	n/a	n/a	n/a	n/a	n/a	n/a	n/a	hoo	233.3012515	153	true	233.2359208	233.7576588
234.58881	0.4246492999999987	trials	/intervals/trials	154	start_time	n/a	n/a	n/a	n/a	n/a	n/a	n/a	n/a	n/a	daa	234.6142164	154	true	234.58881	235.0134593
234.6142164	0.0	cv_transition	/intervals/trials	154	cv_transition_time	n/a	n/a	n/a	n/a	n/a	n/a	n/a	n/a	n/a	daa	234.6142164	154	true	234.58881	235.0134593
236.0868785	0.5934201999999971	trials	/intervals/trials	155	start_time	n/a	n/a	n/a	n/a	n/a	n/a	n/a	n/a	n/a	foo	236.2338725	155	true	236.0868785	236.6802987
236.2338725	0.0	cv_transition	/intervals/trials	155	cv_transition_time	n/a	n/a	n/a	n/a	n/a	n/a	n/a	n/a	n/a	foo	236.2338725	155	true	236.0868785	236.6802987
237.5513742	0.7758016999999882	trials	/intervals/trials	156	start_time	n/a	n/a	n/a	n/a	n/a	n/a	n/a	n/a	n/a	see	237.8009011	156	true	237.5513742	238.3271759
237.8009011	0.0	cv_transition	/intervals/trials	156	cv_transition_time	n/a	n/a	n/a	n/a	n/a	n/a	n/a	n/a	n/a	see	237.8009011	156	true	237.5513742	238.3271759
239.2744705	0.43916729999997983	trials	/intervals/trials	157	start_time	n/a	n/a	n/a	n/a	n/a	n/a	n/a	n/a	n/a	pee	239.3461528	157	true	239.2744705	239.7136378
239.3461528	0.0	cv_transition	/intervals/trials	157	cv_transition_time	n/a	n/a	n/a	n/a	n/a	n/a	n/a	n/a	n/a	pee	239.3461528	157	true	239.2744705	239.7136378
240.716282	0.46820309999998244	trials	/intervals/trials	158	start_time	n/a	n/a	n/a	n/a	n/a	n/a	n/a	n/a	n/a	kaa	240.8188149	158	true	240.716282	241.1844851
240.8188149	0.0	cv_transition	/intervals/trials	158	cv_transition_time	n/a	n/a	n/a	n/a	n/a	n/a	n/a	n/a	n/a	kaa	240.8188149	158	true	240.716282	241.1844851
242.1889441	0.487257900000003	trials	/intervals/trials	159	start_time	n/a	n/a	n/a	n/a	n/a	n/a	n/a	n/a	n/a	yoo	242.308717	159	true	242.1889441	242.676202
242.308717	0.0	cv_transition	/intervals/trials	159	cv_transition_time	n/a	n/a	n/a	n/a	n/a	n/a	n/a	n/a	n/a	yoo	242.308717	159	true	242.1889441	242.676202
245.1460641	0.43281570000002034	trials	/intervals/trials	160	start_time	n/a	n/a	n/a	n/a	n/a	n/a	n/a	n/a	n/a	voo	245.1769147	160	true	245.1460641	245.5788798
245.1769147	0.0	cv_transition	/intervals/trials	160	cv_transition_time	n/a	n/a	n/a	n/a	n/a	n/a	n/a	n/a	n/a	voo	245.1769147	160	true	245.1460641	245.5788798
246.3828099	0.45368519999999535	trials	/intervals/trials	161	start_time	n/a	n/a	n/a	n/a	n/a	n/a	n/a	n/a	n/a	vee	246.4426964	161	true	246.3828099	246.8364951
246.4426964	0.0	cv_transition	/intervals/trials	161	cv_transition_time	n/a	n/a	n/a	n/a	n/a	n/a	n/a	n/a	n/a	vee	246.4426964	161	true	246.3828099	246.8364951
247.5206523	0.4527778000000069	trials	/intervals/trials	162	start_time	n/a	n/a	n/a	n/a	n/a	n/a	n/a	n/a	n/a	haa	247.6703684	162	true	247.5206523	247.9734301
247.6703684	0.0	cv_transition	/intervals/trials	162	cv_transition_time	n/a	n/a	n/a	n/a	n/a	n/a	n/a	n/a	n/a	haa	247.6703684	162	true	247.5206523	247.9734301
253.08374	0.3556892000000005	trials	/intervals/trials	163	start_time	n/a	n/a	n/a	n/a	n/a	n/a	n/a	n/a	n/a	hee	253.1218496	163	true	253.08374	253.4394292
253.1218496	0.0	cv_transition	/intervals/trials	163	cv_transition_time	n/a	n/a	n/a	n/a	n/a	n/a	n/a	n/a	n/a	hee	253.1218496	163	true	253.08374	253.4394292
254.5963264	0.5553105999999843	trials	/intervals/trials	164	start_time	n/a	n/a	n/a	n/a	n/a	n/a	n/a	n/a	n/a	thaa	254.7369688	164	true	254.5963264	255.151637
254.7369688	0.0	cv_transition	/intervals/trials	164	cv_transition_time	n/a	n/a	n/a	n/a	n/a	n/a	n/a	n/a	n/a	thaa	254.7369688	164	true	254.5963264	255.151637
256.3502733	0.4954242000000022	trials	/intervals/trials	165	start_time	n/a	n/a	n/a	n/a	n/a	n/a	n/a	n/a	n/a	tee	256.4782125	165	true	256.3502733	256.8456975
256.4782125	0.0	cv_transition	/intervals/trials	165	cv_transition_time	n/a	n/a	n/a	n/a	n/a	n/a	n/a	n/a	n/a	tee	256.4782125	165	true	256.3502733	256.8456975
258.32409510560313	1.0547105497692542	invalid_times	/intervals/invalid_times	22	start_time	n/a	n/a	n/a	n/a	22	258.32409510560313	259.3788056553724	"[""ECoG artifact""]"	"[{""idx_start"":788342,""count"":3219,""timeseries"":""/acquisition/ElectricalSeries""}]"	n/a	n/a	n/a	n/a	n/a	n/a
259.4208146	0.3992428999999902	trials	/intervals/trials	166	start_time	n/a	n/a	n/a	n/a	n/a	n/a	n/a	n/a	n/a	vee	259.512459	166	true	259.4208146	259.8200575
259.512459	0.0	cv_transition	/intervals/trials	166	cv_transition_time	n/a	n/a	n/a	n/a	n/a	n/a	n/a	n/a	n/a	vee	259.512459	166	true	259.4208146	259.8200575
261.0722286	0.3992429999999558	trials	/intervals/trials	167	start_time	n/a	n/a	n/a	n/a	n/a	n/a	n/a	n/a	n/a	lee	261.1593362	167	true	261.0722286	261.4714716
261.1593362	0.0	cv_transition	/intervals/trials	167	cv_transition_time	n/a	n/a	n/a	n/a	n/a	n/a	n/a	n/a	n/a	lee	261.1593362	167	true	261.0722286	261.4714716
263.1491994	0.5417001000000141	trials	/intervals/trials	168	start_time	n/a	n/a	n/a	n/a	n/a	n/a	n/a	n/a	n/a	yaa	263.319785	168	true	263.1491994	263.6908995
263.319785	0.0	cv_transition	/intervals/trials	168	cv_transition_time	n/a	n/a	n/a	n/a	n/a	n/a	n/a	n/a	n/a	yaa	263.319785	168	true	263.1491994	263.6908995
264.6445457	0.619733999999994	trials	/intervals/trials	169	start_time	n/a	n/a	n/a	n/a	n/a	n/a	n/a	n/a	n/a	zoo	264.9076831	169	true	264.6445457	265.2642797
264.9076831	0.0	cv_transition	/intervals/trials	169	cv_transition_time	n/a	n/a	n/a	n/a	n/a	n/a	n/a	n/a	n/a	zoo	264.9076831	169	true	264.6445457	265.2642797
266.031915	0.4001502999999502	trials	/intervals/trials	170	start_time	n/a	n/a	n/a	n/a	n/a	n/a	n/a	n/a	n/a	noo	266.1081341	170	true	266.031915	266.4320653
266.1081341	0.0	cv_transition	/intervals/trials	170	cv_transition_time	n/a	n/a	n/a	n/a	n/a	n/a	n/a	n/a	n/a	noo	266.1081341	170	true	266.031915	266.4320653
272.232884	0.39289139999999634	trials	/intervals/trials	171	start_time	n/a	n/a	n/a	n/a	n/a	n/a	n/a	n/a	n/a	haa	272.3345095	171	true	272.232884	272.6257754
272.3345095	0.0	cv_transition	/intervals/trials	171	cv_transition_time	n/a	n/a	n/a	n/a	n/a	n/a	n/a	n/a	n/a	haa	272.3345095	171	true	272.232884	272.6257754
273.1030522	0.3947061000000076	trials	/intervals/trials	172	start_time	n/a	n/a	n/a	n/a	n/a	n/a	n/a	n/a	n/a	woo	273.163846	172	true	273.1030522	273.4977583
273.163846	0.0	cv_transition	/intervals/trials	172	cv_transition_time	n/a	n/a	n/a	n/a	n/a	n/a	n/a	n/a	n/a	woo	273.163846	172	true	273.1030522	273.4977583
275.04895141808834	3.1195880683256973	invalid_times	/intervals/invalid_times	0	start_time	n/a	n/a	n/a	n/a	0	275.04895141808834	278.16853948641403	"[""ECoG artifact""]"	"[{""idx_start"":839382,""count"":9521,""timeseries"":""/acquisition/ElectricalSeries""}]"	n/a	n/a	n/a	n/a	n/a	n/a
276.9031192	0.47818419999998696	trials	/intervals/trials	173	start_time	n/a	n/a	n/a	n/a	n/a	n/a	n/a	n/a	n/a	fee	277.0482985	173	true	276.9031192	277.3813034
277.0482985	0.0	cv_transition	/intervals/trials	173	cv_transition_time	n/a	n/a	n/a	n/a	n/a	n/a	n/a	n/a	n/a	fee	277.0482985	173	true	276.9031192	277.3813034
279.8362806483086	0.39499405301353363	invalid_times	/intervals/invalid_times	13	start_time	n/a	n/a	n/a	n/a	13	279.8362806483086	280.23127470132215	"[""ECoG artifact""]"	"[{""idx_start"":853992,""count"":1205,""timeseries"":""/acquisition/ElectricalSeries""}]"	n/a	n/a	n/a	n/a	n/a	n/a
281.1423535	0.42011249999995925	trials	/intervals/trials	174	start_time	n/a	n/a	n/a	n/a	n/a	n/a	n/a	n/a	n/a	gee	281.1768336	174	true	281.1423535	281.562466
281.1561571743146	1.3550890869806835	invalid_times	/intervals/invalid_times	1	start_time	n/a	n/a	n/a	n/a	1	281.1561571743146	282.5112462612953	"[""ECoG artifact""]"	"[{""idx_start"":858020,""count"":4135,""timeseries"":""/acquisition/ElectricalSeries""}]"	n/a	n/a	n/a	n/a	n/a	n/a
281.1768336	0.0	cv_transition	/intervals/trials	174	cv_transition_time	n/a	n/a	n/a	n/a	n/a	n/a	n/a	n/a	n/a	gee	281.1768336	174	true	281.1423535	281.562466
282.2139579	0.4046871999999553	trials	/intervals/trials	175	start_time	n/a	n/a	n/a	n/a	n/a	n/a	n/a	n/a	n/a	boo	282.2420864	175	true	282.2139579	282.6186451
282.2420864	0.0	cv_transition	/intervals/trials	175	cv_transition_time	n/a	n/a	n/a	n/a	n/a	n/a	n/a	n/a	n/a	boo	282.2420864	175	true	282.2139579	282.6186451
283.7764497	0.4237420000000043	trials	/intervals/trials	176	start_time	n/a	n/a	n/a	n/a	n/a	n/a	n/a	n/a	n/a	maa	283.8608351	176	true	283.7764497	284.2001917
283.8608351	0.0	cv_transition	/intervals/trials	176	cv_transition_time	n/a	n/a	n/a	n/a	n/a	n/a	n/a	n/a	n/a	maa	283.8608351	176	true	283.7764497	284.2001917
285.1865032	0.39198399999997946	trials	/intervals/trials	177	start_time	n/a	n/a	n/a	n/a	n/a	n/a	n/a	n/a	n/a	bee	285.2137243	177	true	285.1865032	285.5784872
285.2137243	0.0	cv_transition	/intervals/trials	177	cv_transition_time	n/a	n/a	n/a	n/a	n/a	n/a	n/a	n/a	n/a	bee	285.2137243	177	true	285.1865032	285.5784872
286.7961782	0.4564073000000235	trials	/intervals/trials	178	start_time	n/a	n/a	n/a	n/a	n/a	n/a	n/a	n/a	n/a	yoo	286.8624163	178	true	286.7961782	287.2525855
286.8624163	0.0	cv_transition	/intervals/trials	178	cv_transition_time	n/a	n/a	n/a	n/a	n/a	n/a	n/a	n/a	n/a	yoo	286.8624163	178	true	286.7961782	287.2525855
287.8088036	0.4890726000000427	trials	/intervals/trials	179	start_time	n/a	n/a	n/a	n/a	n/a	n/a	n/a	n/a	n/a	koo	287.9185954	179	true	287.8088036	288.2978762
287.9185954	0.0	cv_transition	/intervals/trials	179	cv_transition_time	n/a	n/a	n/a	n/a	n/a	n/a	n/a	n/a	n/a	koo	287.9185954	179	true	287.8088036	288.2978762
289.0056251	0.42011240000005046	trials	/intervals/trials	180	start_time	n/a	n/a	n/a	n/a	n/a	n/a	n/a	n/a	n/a	vaa	289.0600673	180	true	289.0056251	289.4257375
289.0600673	0.0	cv_transition	/intervals/trials	180	cv_transition_time	n/a	n/a	n/a	n/a	n/a	n/a	n/a	n/a	n/a	vaa	289.0600673	180	true	289.0056251	289.4257375
290.4011607	0.38653970000001436	trials	/intervals/trials	181	start_time	n/a	n/a	n/a	n/a	n/a	n/a	n/a	n/a	n/a	hee	290.4601397	181	true	290.4011607	290.7877004
290.4601397	0.0	cv_transition	/intervals/trials	181	cv_transition_time	n/a	n/a	n/a	n/a	n/a	n/a	n/a	n/a	n/a	hee	290.4601397	181	true	290.4011607	290.7877004
294.0197537	0.29580269999996744	trials	/intervals/trials	182	start_time	n/a	n/a	n/a	n/a	n/a	n/a	n/a	n/a	n/a	thoo	294.0487895	182	true	294.0197537	294.3155564
294.0487895	0.0	cv_transition	/intervals/trials	182	cv_transition_time	n/a	n/a	n/a	n/a	n/a	n/a	n/a	n/a	n/a	thoo	294.0487895	182	true	294.0197537	294.3155564
294.8182396	0.43281559999996944	trials	/intervals/trials	183	start_time	n/a	n/a	n/a	n/a	n/a	n/a	n/a	n/a	n/a	nee	294.9053471	183	true	294.8182396	295.2510552
294.9053471	0.0	cv_transition	/intervals/trials	183	cv_transition_time	n/a	n/a	n/a	n/a	n/a	n/a	n/a	n/a	n/a	nee	294.9053471	183	true	294.8182396	295.2510552
295.7827743	0.4237418999999818	trials	/intervals/trials	184	start_time	n/a	n/a	n/a	n/a	n/a	n/a	n/a	n/a	n/a	goo	295.801829	184	true	295.7827743	296.2065162
295.801829	0.0	cv_transition	/intervals/trials	184	cv_transition_time	n/a	n/a	n/a	n/a	n/a	n/a	n/a	n/a	n/a	goo	295.801829	184	true	295.7827743	296.2065162
296.9460231	0.7104709000000184	trials	/intervals/trials	185	start_time	n/a	n/a	n/a	n/a	n/a	n/a	n/a	n/a	n/a	see	297.2490848	185	true	296.9460231	297.656494
297.2490848	0.0	cv_transition	/intervals/trials	185	cv_transition_time	n/a	n/a	n/a	n/a	n/a	n/a	n/a	n/a	n/a	see	297.2490848	185	true	296.9460231	297.656494
298.2671543	0.48272099999996954	trials	/intervals/trials	186	start_time	n/a	n/a	n/a	n/a	n/a	n/a	n/a	n/a	n/a	wee	298.3542619	186	true	298.2671543	298.7498753
298.3542619	0.0	cv_transition	/intervals/trials	186	cv_transition_time	n/a	n/a	n/a	n/a	n/a	n/a	n/a	n/a	n/a	wee	298.3542619	186	true	298.2671543	298.7498753
299.9049578	0.42555670000001555	trials	/intervals/trials	187	start_time	n/a	n/a	n/a	n/a	n/a	n/a	n/a	n/a	n/a	thee	299.9893432	187	true	299.9049578	300.3305145
299.9893432	0.0	cv_transition	/intervals/trials	187	cv_transition_time	n/a	n/a	n/a	n/a	n/a	n/a	n/a	n/a	n/a	thee	299.9893432	187	true	299.9049578	300.3305145
301.1707394	0.6514920000000188	trials	/intervals/trials	188	start_time	n/a	n/a	n/a	n/a	n/a	n/a	n/a	n/a	n/a	saa	301.42934	188	true	301.1707394	301.8222314
301.42934	0.0	cv_transition	/intervals/trials	188	cv_transition_time	n/a	n/a	n/a	n/a	n/a	n/a	n/a	n/a	n/a	saa	301.42934	188	true	301.1707394	301.8222314
302.9346674	0.462758899999983	trials	/intervals/trials	189	start_time	n/a	n/a	n/a	n/a	n/a	n/a	n/a	n/a	n/a	faa	303.021775	189	true	302.9346674	303.3974263
303.021775	0.0	cv_transition	/intervals/trials	189	cv_transition_time	n/a	n/a	n/a	n/a	n/a	n/a	n/a	n/a	n/a	faa	303.021775	189	true	302.9346674	303.3974263
304.2784829	0.4545926000000122	trials	/intervals/trials	190	start_time	n/a	n/a	n/a	n/a	n/a	n/a	n/a	n/a	n/a	moo	304.3946263	190	true	304.2784829	304.7330755
304.3946263	0.0	cv_transition	/intervals/trials	190	cv_transition_time	n/a	n/a	n/a	n/a	n/a	n/a	n/a	n/a	n/a	moo	304.3946263	190	true	304.2784829	304.7330755
306.9325412	0.3947061000000076	trials	/intervals/trials	191	start_time	n/a	n/a	n/a	n/a	n/a	n/a	n/a	n/a	n/a	daa	306.9561328	191	true	306.9325412	307.3272473
306.9561328	0.0	cv_transition	/intervals/trials	191	cv_transition_time	n/a	n/a	n/a	n/a	n/a	n/a	n/a	n/a	n/a	daa	306.9561328	191	true	306.9325412	307.3272473
308.046792	0.4745546999999988	trials	/intervals/trials	192	start_time	n/a	n/a	n/a	n/a	n/a	n/a	n/a	n/a	n/a	dee	308.071291	192	true	308.046792	308.5213467
308.071291	0.0	cv_transition	/intervals/trials	192	cv_transition_time	n/a	n/a	n/a	n/a	n/a	n/a	n/a	n/a	n/a	dee	308.071291	192	true	308.046792	308.5213467
309.4976772	0.6061234000000013	trials	/intervals/trials	193	start_time	n/a	n/a	n/a	n/a	n/a	n/a	n/a	n/a	n/a	shoo	309.6673555	193	true	309.4976772	310.1038006
309.6673555	0.0	cv_transition	/intervals/trials	193	cv_transition_time	n/a	n/a	n/a	n/a	n/a	n/a	n/a	n/a	n/a	shoo	309.6673555	193	true	309.4976772	310.1038006
310.815179	0.5553105999999843	trials	/intervals/trials	194	start_time	n/a	n/a	n/a	n/a	n/a	n/a	n/a	n/a	n/a	zaa	310.9839499	194	true	310.815179	311.3704896
310.9839499	0.0	cv_transition	/intervals/trials	194	cv_transition_time	n/a	n/a	n/a	n/a	n/a	n/a	n/a	n/a	n/a	zaa	310.9839499	194	true	310.815179	311.3704896
311.9566509	0.5906980999999973	trials	/intervals/trials	195	start_time	n/a	n/a	n/a	n/a	n/a	n/a	n/a	n/a	n/a	laa	312.1072744	195	true	311.9566509	312.547349
312.1072744	0.0	cv_transition	/intervals/trials	195	cv_transition_time	n/a	n/a	n/a	n/a	n/a	n/a	n/a	n/a	n/a	laa	312.1072744	195	true	311.9566509	312.547349
313.0990302	0.4772767999999701	trials	/intervals/trials	196	start_time	n/a	n/a	n/a	n/a	n/a	n/a	n/a	n/a	n/a	naa	313.1634534	196	true	313.0990302	313.576307
313.1634534	0.0	cv_transition	/intervals/trials	196	cv_transition_time	n/a	n/a	n/a	n/a	n/a	n/a	n/a	n/a	n/a	naa	313.1634534	196	true	313.0990302	313.576307
314.1860598	0.5289970000000039	trials	/intervals/trials	197	start_time	n/a	n/a	n/a	n/a	n/a	n/a	n/a	n/a	n/a	ree	314.2813337	197	true	314.1860598	314.7150568
314.2813337	0.0	cv_transition	/intervals/trials	197	cv_transition_time	n/a	n/a	n/a	n/a	n/a	n/a	n/a	n/a	n/a	ree	314.2813337	197	true	314.1860598	314.7150568
315.5026542	0.5162938000000281	trials	/intervals/trials	198	start_time	n/a	n/a	n/a	n/a	n/a	n/a	n/a	n/a	n/a	loo	315.6169829	198	true	315.5026542	316.018948
315.6169829	0.0	cv_transition	/intervals/trials	198	cv_transition_time	n/a	n/a	n/a	n/a	n/a	n/a	n/a	n/a	n/a	loo	315.6169829	198	true	315.5026542	316.018948
316.7965644	0.4010576999999671	trials	/intervals/trials	199	start_time	n/a	n/a	n/a	n/a	n/a	n/a	n/a	n/a	n/a	hoo	316.8809498	199	true	316.7965644	317.1976221
316.8809498	0.0	cv_transition	/intervals/trials	199	cv_transition_time	n/a	n/a	n/a	n/a	n/a	n/a	n/a	n/a	n/a	hoo	316.8809498	199	true	316.7965644	317.1976221
318.3018918	0.39470609999995077	trials	/intervals/trials	200	start_time	n/a	n/a	n/a	n/a	n/a	n/a	n/a	n/a	n/a	too	318.3971657	200	true	318.3018918	318.6965979
318.3971657	0.0	cv_transition	/intervals/trials	200	cv_transition_time	n/a	n/a	n/a	n/a	n/a	n/a	n/a	n/a	n/a	too	318.3971657	200	true	318.3018918	318.6965979
319.5032501	0.6215487000000053	trials	/intervals/trials	201	start_time	n/a	n/a	n/a	n/a	n/a	n/a	n/a	n/a	n/a	soo	319.7482401	201	true	319.5032501	320.1247988
319.7482401	0.0	cv_transition	/intervals/trials	201	cv_transition_time	n/a	n/a	n/a	n/a	n/a	n/a	n/a	n/a	n/a	soo	319.7482401	201	true	319.5032501	320.1247988
320.9468764	0.5090346999999724	trials	/intervals/trials	202	start_time	n/a	n/a	n/a	n/a	n/a	n/a	n/a	n/a	n/a	roo	321.1020367	202	true	320.9468764	321.4559111
321.1020367	0.0	cv_transition	/intervals/trials	202	cv_transition_time	n/a	n/a	n/a	n/a	n/a	n/a	n/a	n/a	n/a	roo	321.1020367	202	true	320.9468764	321.4559111
322.1663821	0.5398854000000028	trials	/intervals/trials	203	start_time	n/a	n/a	n/a	n/a	n/a	n/a	n/a	n/a	n/a	raa	322.2807108	203	true	322.1663821	322.7062675
322.2807108	0.0	cv_transition	/intervals/trials	203	cv_transition_time	n/a	n/a	n/a	n/a	n/a	n/a	n/a	n/a	n/a	raa	322.2807108	203	true	322.1663821	322.7062675
323.5265303	0.5852538999999979	trials	/intervals/trials	204	start_time	n/a	n/a	n/a	n/a	n/a	n/a	n/a	n/a	n/a	shee	323.7234297	204	true	323.5265303	324.1117842
323.7234297	0.0	cv_transition	/intervals/trials	204	cv_transition_time	n/a	n/a	n/a	n/a	n/a	n/a	n/a	n/a	n/a	shee	323.7234297	204	true	323.5265303	324.1117842
324.9946555	0.5099421999999549	trials	/intervals/trials	205	start_time	n/a	n/a	n/a	n/a	n/a	n/a	n/a	n/a	n/a	kee	325.096281	205	true	324.9946555	325.5045977
325.096281	0.0	cv_transition	/intervals/trials	205	cv_transition_time	n/a	n/a	n/a	n/a	n/a	n/a	n/a	n/a	n/a	kee	325.096281	205	true	324.9946555	325.5045977
326.4210417	0.42646410000003243	trials	/intervals/trials	206	start_time	n/a	n/a	n/a	n/a	n/a	n/a	n/a	n/a	n/a	foo	326.4500776	206	true	326.4210417	326.8475058
326.4500776	0.0	cv_transition	/intervals/trials	206	cv_transition_time	n/a	n/a	n/a	n/a	n/a	n/a	n/a	n/a	n/a	foo	326.4500776	206	true	326.4210417	326.8475058
327.7548762	0.6024939000000131	trials	/intervals/trials	207	start_time	n/a	n/a	n/a	n/a	n/a	n/a	n/a	n/a	n/a	zee	327.972645	207	true	327.7548762	328.3573701
327.972645	0.0	cv_transition	/intervals/trials	207	cv_transition_time	n/a	n/a	n/a	n/a	n/a	n/a	n/a	n/a	n/a	zee	327.972645	207	true	327.7548762	328.3573701
329.2102982	0.44370409999999083	trials	/intervals/trials	208	start_time	n/a	n/a	n/a	n/a	n/a	n/a	n/a	n/a	n/a	voo	329.2583888	208	true	329.2102982	329.6540023
329.2583888	0.0	cv_transition	/intervals/trials	208	cv_transition_time	n/a	n/a	n/a	n/a	n/a	n/a	n/a	n/a	n/a	voo	329.2583888	208	true	329.2102982	329.6540023
330.5414105	0.4554999000000066	trials	/intervals/trials	209	start_time	n/a	n/a	n/a	n/a	n/a	n/a	n/a	n/a	n/a	poo	330.5976675	209	true	330.5414105	330.9969104
330.5976675	0.0	cv_transition	/intervals/trials	209	cv_transition_time	n/a	n/a	n/a	n/a	n/a	n/a	n/a	n/a	n/a	poo	330.5976675	209	true	330.5414105	330.9969104
331.794489	0.44007460000000265	trials	/intervals/trials	210	start_time	n/a	n/a	n/a	n/a	n/a	n/a	n/a	n/a	n/a	taa	331.892485	210	true	331.794489	332.2345636
331.892485	0.0	cv_transition	/intervals/trials	210	cv_transition_time	n/a	n/a	n/a	n/a	n/a	n/a	n/a	n/a	n/a	taa	331.892485	210	true	331.794489	332.2345636
333.0584559	0.46638839999997117	trials	/intervals/trials	211	start_time	n/a	n/a	n/a	n/a	n/a	n/a	n/a	n/a	n/a	kaa	333.1546372	211	true	333.0584559	333.5248443
333.1546372	0.0	cv_transition	/intervals/trials	211	cv_transition_time	n/a	n/a	n/a	n/a	n/a	n/a	n/a	n/a	n/a	kaa	333.1546372	211	true	333.0584559	333.5248443
334.3686987	0.4772768000000269	trials	/intervals/trials	212	start_time	n/a	n/a	n/a	n/a	n/a	n/a	n/a	n/a	n/a	waa	334.4639726	212	true	334.3686987	334.8459755
334.4639726	0.0	cv_transition	/intervals/trials	212	cv_transition_time	n/a	n/a	n/a	n/a	n/a	n/a	n/a	n/a	n/a	waa	334.4639726	212	true	334.3686987	334.8459755
335.7197732	0.5580326999999556	trials	/intervals/trials	213	start_time	n/a	n/a	n/a	n/a	n/a	n/a	n/a	n/a	n/a	shaa	335.9048767	213	true	335.7197732	336.2778059
335.9048767	0.0	cv_transition	/intervals/trials	213	cv_transition_time	n/a	n/a	n/a	n/a	n/a	n/a	n/a	n/a	n/a	shaa	335.9048767	213	true	335.7197732	336.2778059
337.1370857	0.4128534999999829	trials	/intervals/trials	214	start_time	n/a	n/a	n/a	n/a	n/a	n/a	n/a	n/a	n/a	paa	337.2251006	214	true	337.1370857	337.5499392
337.2251006	0.0	cv_transition	/intervals/trials	214	cv_transition_time	n/a	n/a	n/a	n/a	n/a	n/a	n/a	n/a	n/a	paa	337.2251006	214	true	337.1370857	337.5499392
338.3048713	0.4092239999999947	trials	/intervals/trials	215	start_time	n/a	n/a	n/a	n/a	n/a	n/a	n/a	n/a	n/a	gaa	338.3348145	215	true	338.3048713	338.7140953
338.3348145	0.0	cv_transition	/intervals/trials	215	cv_transition_time	n/a	n/a	n/a	n/a	n/a	n/a	n/a	n/a	n/a	gaa	338.3348145	215	true	338.3048713	338.7140953
339.0372348962426	10.085504388134439	invalid_times	/intervals/invalid_times	23	start_time	n/a	n/a	n/a	n/a	23	339.0372348962426	349.122739284377	"[""ECoG artifact""]"	"[{""idx_start"":1034659,""count"":30779,""timeseries"":""/acquisition/ElectricalSeries""}]"	n/a	n/a	n/a	n/a	n/a	n/a
340.1858501	0.3919839000000138	trials	/intervals/trials	216	start_time	n/a	n/a	n/a	n/a	n/a	n/a	n/a	n/a	n/a	doo	340.2139785	216	true	340.1858501	340.577834
340.2139785	0.0	cv_transition	/intervals/trials	216	cv_transition_time	n/a	n/a	n/a	n/a	n/a	n/a	n/a	n/a	n/a	doo	340.2139785	216	true	340.1858501	340.577834
341.63855	0.5507738000000018	trials	/intervals/trials	217	start_time	n/a	n/a	n/a	n/a	n/a	n/a	n/a	n/a	n/a	mee	341.7601376	217	true	341.63855	342.1893238
341.7601376	0.0	cv_transition	/intervals/trials	217	cv_transition_time	n/a	n/a	n/a	n/a	n/a	n/a	n/a	n/a	n/a	mee	341.7601376	217	true	341.63855	342.1893238
350.1605724	0.5507738000000018	trials	/intervals/trials	218	start_time	n/a	n/a	n/a	n/a	n/a	n/a	n/a	n/a	n/a	see	350.4318761	218	true	350.1605724	350.7113462
350.4318761	0.0	cv_transition	/intervals/trials	218	cv_transition_time	n/a	n/a	n/a	n/a	n/a	n/a	n/a	n/a	n/a	see	350.4318761	218	true	350.1605724	350.7113462
351.2648421	0.4237420000000043	trials	/intervals/trials	219	start_time	n/a	n/a	n/a	n/a	n/a	n/a	n/a	n/a	n/a	hee	351.401855	219	true	351.2648421	351.6885841
351.401855	0.0	cv_transition	/intervals/trials	219	cv_transition_time	n/a	n/a	n/a	n/a	n/a	n/a	n/a	n/a	n/a	hee	351.401855	219	true	351.2648421	351.6885841
352.7184494	0.4409820000000195	trials	/intervals/trials	220	start_time	n/a	n/a	n/a	n/a	n/a	n/a	n/a	n/a	n/a	naa	352.8391297	220	true	352.7184494	353.1594314
352.8391297	0.0	cv_transition	/intervals/trials	220	cv_transition_time	n/a	n/a	n/a	n/a	n/a	n/a	n/a	n/a	n/a	naa	352.8391297	220	true	352.7184494	353.1594314
354.1393914	0.4654809999999543	trials	/intervals/trials	221	start_time	n/a	n/a	n/a	n/a	n/a	n/a	n/a	n/a	n/a	saa	354.2745896	221	true	354.1393914	354.6048724
354.2745896	0.0	cv_transition	/intervals/trials	221	cv_transition_time	n/a	n/a	n/a	n/a	n/a	n/a	n/a	n/a	n/a	saa	354.2745896	221	true	354.1393914	354.6048724
355.3035476	0.3992428999999902	trials	/intervals/trials	222	start_time	n/a	n/a	n/a	n/a	n/a	n/a	n/a	n/a	n/a	gaa	355.3244171	222	true	355.3035476	355.7027905
355.3244171	0.0	cv_transition	/intervals/trials	222	cv_transition_time	n/a	n/a	n/a	n/a	n/a	n/a	n/a	n/a	n/a	gaa	355.3244171	222	true	355.3035476	355.7027905
356.6718621	0.4201123999999936	trials	/intervals/trials	223	start_time	n/a	n/a	n/a	n/a	n/a	n/a	n/a	n/a	n/a	doo	356.6945463	223	true	356.6718621	357.0919745
356.6945463	0.0	cv_transition	/intervals/trials	223	cv_transition_time	n/a	n/a	n/a	n/a	n/a	n/a	n/a	n/a	n/a	doo	356.6945463	223	true	356.6718621	357.0919745
357.7189675	0.5008684000000017	trials	/intervals/trials	224	start_time	n/a	n/a	n/a	n/a	n/a	n/a	n/a	n/a	n/a	roo	357.8260372	224	true	357.7189675	358.2198359
357.8260372	0.0	cv_transition	/intervals/trials	224	cv_transition_time	n/a	n/a	n/a	n/a	n/a	n/a	n/a	n/a	n/a	roo	357.8260372	224	true	357.7189675	358.2198359
358.8958268	0.4110387999999716	trials	/intervals/trials	225	start_time	n/a	n/a	n/a	n/a	n/a	n/a	n/a	n/a	n/a	pee	358.9793049	225	true	358.8958268	359.3068656
358.9793049	0.0	cv_transition	/intervals/trials	225	cv_transition_time	n/a	n/a	n/a	n/a	n/a	n/a	n/a	n/a	n/a	pee	358.9793049	225	true	358.8958268	359.3068656
360.0735935	0.6006792000000019	trials	/intervals/trials	226	start_time	n/a	n/a	n/a	n/a	n/a	n/a	n/a	n/a	n/a	shee	360.2786592	226	true	360.0735935	360.6742727
360.2786592	0.0	cv_transition	/intervals/trials	226	cv_transition_time	n/a	n/a	n/a	n/a	n/a	n/a	n/a	n/a	n/a	shee	360.2786592	226	true	360.0735935	360.6742727
361.4455375	0.538977999999986	trials	/intervals/trials	227	start_time	n/a	n/a	n/a	n/a	n/a	n/a	n/a	n/a	n/a	foo	361.6052347	227	true	361.4455375	361.9845155
361.6052347	0.0	cv_transition	/intervals/trials	227	cv_transition_time	n/a	n/a	n/a	n/a	n/a	n/a	n/a	n/a	n/a	foo	361.6052347	227	true	361.4455375	361.9845155
362.9445133	0.4437042000000133	trials	/intervals/trials	228	start_time	n/a	n/a	n/a	n/a	n/a	n/a	n/a	n/a	n/a	too	363.0243619	228	true	362.9445133	363.3882175
363.0243619	0.0	cv_transition	/intervals/trials	228	cv_transition_time	n/a	n/a	n/a	n/a	n/a	n/a	n/a	n/a	n/a	too	363.0243619	228	true	362.9445133	363.3882175
364.1676486	0.4963316000000191	trials	/intervals/trials	229	start_time	n/a	n/a	n/a	n/a	n/a	n/a	n/a	n/a	n/a	yaa	364.2547561	229	true	364.1676486	364.6639802
364.2547561	0.0	cv_transition	/intervals/trials	229	cv_transition_time	n/a	n/a	n/a	n/a	n/a	n/a	n/a	n/a	n/a	yaa	364.2547561	229	true	364.1676486	364.6639802
365.3218237	0.5162937000000056	trials	/intervals/trials	230	start_time	n/a	n/a	n/a	n/a	n/a	n/a	n/a	n/a	n/a	nee	365.4905946	230	true	365.3218237	365.8381174
365.4905946	0.0	cv_transition	/intervals/trials	230	cv_transition_time	n/a	n/a	n/a	n/a	n/a	n/a	n/a	n/a	n/a	nee	365.4905946	230	true	365.3218237	365.8381174
366.4850725	0.5063126000000011	trials	/intervals/trials	231	start_time	n/a	n/a	n/a	n/a	n/a	n/a	n/a	n/a	n/a	lee	366.5830685	231	true	366.4850725	366.9913851
366.5830685	0.0	cv_transition	/intervals/trials	231	cv_transition_time	n/a	n/a	n/a	n/a	n/a	n/a	n/a	n/a	n/a	lee	366.5830685	231	true	366.4850725	366.9913851
367.9414019	0.6533066999999733	trials	/intervals/trials	232	start_time	n/a	n/a	n/a	n/a	n/a	n/a	n/a	n/a	n/a	zoo	368.2589815	232	true	367.9414019	368.5947086
368.2589815	0.0	cv_transition	/intervals/trials	232	cv_transition_time	n/a	n/a	n/a	n/a	n/a	n/a	n/a	n/a	n/a	zoo	368.2589815	232	true	367.9414019	368.5947086
369.2697921	0.4718325999999706	trials	/intervals/trials	233	start_time	n/a	n/a	n/a	n/a	n/a	n/a	n/a	n/a	n/a	gee	369.3060869	233	true	369.2697921	369.7416247
369.3060869	0.0	cv_transition	/intervals/trials	233	cv_transition_time	n/a	n/a	n/a	n/a	n/a	n/a	n/a	n/a	n/a	gee	369.3060869	233	true	369.2697921	369.7416247
370.4248746	0.4618514999999661	trials	/intervals/trials	234	start_time	n/a	n/a	n/a	n/a	n/a	n/a	n/a	n/a	n/a	fee	370.5201485	234	true	370.4248746	370.8867261
370.5201485	0.0	cv_transition	/intervals/trials	234	cv_transition_time	n/a	n/a	n/a	n/a	n/a	n/a	n/a	n/a	n/a	fee	370.5201485	234	true	370.4248746	370.8867261
371.5173485	0.6034012999999732	trials	/intervals/trials	235	start_time	n/a	n/a	n/a	n/a	n/a	n/a	n/a	n/a	n/a	soo	371.758709	235	true	371.5173485	372.1207498
371.758709	0.0	cv_transition	/intervals/trials	235	cv_transition_time	n/a	n/a	n/a	n/a	n/a	n/a	n/a	n/a	n/a	soo	371.758709	235	true	371.5173485	372.1207498
372.7413911	0.48725790000003144	trials	/intervals/trials	236	start_time	n/a	n/a	n/a	n/a	n/a	n/a	n/a	n/a	n/a	waa	372.8375724	236	true	372.7413911	373.228649
372.8375724	0.0	cv_transition	/intervals/trials	236	cv_transition_time	n/a	n/a	n/a	n/a	n/a	n/a	n/a	n/a	n/a	waa	372.8375724	236	true	372.7413911	373.228649
373.8937514	0.4618515999999886	trials	/intervals/trials	237	start_time	n/a	n/a	n/a	n/a	n/a	n/a	n/a	n/a	n/a	kee	373.9953769	237	true	373.8937514	374.355603
373.9953769	0.0	cv_transition	/intervals/trials	237	cv_transition_time	n/a	n/a	n/a	n/a	n/a	n/a	n/a	n/a	n/a	kee	373.9953769	237	true	373.8937514	374.355603
375.0225202	0.47546200000005	trials	/intervals/trials	238	start_time	n/a	n/a	n/a	n/a	n/a	n/a	n/a	n/a	n/a	mee	375.1114425	238	true	375.0225202	375.4979822
375.1114425	0.0	cv_transition	/intervals/trials	238	cv_transition_time	n/a	n/a	n/a	n/a	n/a	n/a	n/a	n/a	n/a	mee	375.1114425	238	true	375.0225202	375.4979822
376.136771	0.4446113999999852	trials	/intervals/trials	239	start_time	n/a	n/a	n/a	n/a	n/a	n/a	n/a	n/a	n/a	laa	376.2329522	239	true	376.136771	376.5813824
376.2329522	0.0	cv_transition	/intervals/trials	239	cv_transition_time	n/a	n/a	n/a	n/a	n/a	n/a	n/a	n/a	n/a	laa	376.2329522	239	true	376.136771	376.5813824
377.3444809	0.46366629999999986	trials	/intervals/trials	240	start_time	n/a	n/a	n/a	n/a	n/a	n/a	n/a	n/a	n/a	ree	377.4134411	240	true	377.3444809	377.8081472
377.4134411	0.0	cv_transition	/intervals/trials	240	cv_transition_time	n/a	n/a	n/a	n/a	n/a	n/a	n/a	n/a	n/a	ree	377.4134411	240	true	377.3444809	377.8081472
378.3979379	0.47999889999999823	trials	/intervals/trials	241	start_time	n/a	n/a	n/a	n/a	n/a	n/a	n/a	n/a	n/a	loo	378.5204329	241	true	378.3979379	378.8779368
378.5204329	0.0	cv_transition	/intervals/trials	241	cv_transition_time	n/a	n/a	n/a	n/a	n/a	n/a	n/a	n/a	n/a	loo	378.5204329	241	true	378.3979379	378.8779368
380.0039834	0.41466830000001664	trials	/intervals/trials	242	start_time	n/a	n/a	n/a	n/a	n/a	n/a	n/a	n/a	n/a	goo	380.034834	242	true	380.0039834	380.4186517
380.034834	0.0	cv_transition	/intervals/trials	242	cv_transition_time	n/a	n/a	n/a	n/a	n/a	n/a	n/a	n/a	n/a	goo	380.034834	242	true	380.0039834	380.4186517
383.1335038	0.39198399999997946	trials	/intervals/trials	243	start_time	n/a	n/a	n/a	n/a	n/a	n/a	n/a	n/a	n/a	maa	383.1797797	243	true	383.1335038	383.5254878
383.1797797	0.0	cv_transition	/intervals/trials	243	cv_transition_time	n/a	n/a	n/a	n/a	n/a	n/a	n/a	n/a	n/a	maa	383.1797797	243	true	383.1335038	383.5254878
385.6423828	0.4010576999999671	trials	/intervals/trials	244	start_time	n/a	n/a	n/a	n/a	n/a	n/a	n/a	n/a	n/a	koo	385.7313051	244	true	385.6423828	386.0434405
385.7313051	0.0	cv_transition	/intervals/trials	244	cv_transition_time	n/a	n/a	n/a	n/a	n/a	n/a	n/a	n/a	n/a	koo	385.7313051	244	true	385.6423828	386.0434405
387.6041175	0.4273715000000493	trials	/intervals/trials	245	start_time	n/a	n/a	n/a	n/a	n/a	n/a	n/a	n/a	n/a	haa	387.6966693	245	true	387.6041175	388.031489
387.6966693	0.0	cv_transition	/intervals/trials	245	cv_transition_time	n/a	n/a	n/a	n/a	n/a	n/a	n/a	n/a	n/a	haa	387.6966693	245	true	387.6041175	388.031489
388.5922439	0.44642619999996214	trials	/intervals/trials	246	start_time	n/a	n/a	n/a	n/a	n/a	n/a	n/a	n/a	n/a	kaa	388.6875177	246	true	388.5922439	389.0386701
388.6875177	0.0	cv_transition	/intervals/trials	246	cv_transition_time	n/a	n/a	n/a	n/a	n/a	n/a	n/a	n/a	n/a	kaa	388.6875177	246	true	388.5922439	389.0386701
389.5731112	0.41376089999999976	trials	/intervals/trials	247	start_time	n/a	n/a	n/a	n/a	n/a	n/a	n/a	n/a	n/a	vee	389.6030544	247	true	389.5731112	389.9868721
389.6030544	0.0	cv_transition	/intervals/trials	247	cv_transition_time	n/a	n/a	n/a	n/a	n/a	n/a	n/a	n/a	n/a	vee	389.6030544	247	true	389.5731112	389.9868721
390.4187804	0.45731469999998353	trials	/intervals/trials	248	start_time	n/a	n/a	n/a	n/a	n/a	n/a	n/a	n/a	n/a	paa	390.5213132	248	true	390.4187804	390.8760951
390.5213132	0.0	cv_transition	/intervals/trials	248	cv_transition_time	n/a	n/a	n/a	n/a	n/a	n/a	n/a	n/a	n/a	paa	390.5213132	248	true	390.4187804	390.8760951
391.2844117	0.48090629999995826	trials	/intervals/trials	249	start_time	n/a	n/a	n/a	n/a	n/a	n/a	n/a	n/a	n/a	wee	391.3842224	249	true	391.2844117	391.765318
391.3842224	0.0	cv_transition	/intervals/trials	249	cv_transition_time	n/a	n/a	n/a	n/a	n/a	n/a	n/a	n/a	n/a	wee	391.3842224	249	true	391.2844117	391.765318
392.3959404	0.3937987000000476	trials	/intervals/trials	250	start_time	n/a	n/a	n/a	n/a	n/a	n/a	n/a	n/a	n/a	baa	392.4059215	250	true	392.3959404	392.7897391
392.4059215	0.0	cv_transition	/intervals/trials	250	cv_transition_time	n/a	n/a	n/a	n/a	n/a	n/a	n/a	n/a	n/a	baa	392.4059215	250	true	392.3959404	392.7897391
393.5437639	0.46275890000003983	trials	/intervals/trials	251	start_time	n/a	n/a	n/a	n/a	n/a	n/a	n/a	n/a	n/a	yee	393.6345009	251	true	393.5437639	394.0065228
393.6345009	0.0	cv_transition	/intervals/trials	251	cv_transition_time	n/a	n/a	n/a	n/a	n/a	n/a	n/a	n/a	n/a	yee	393.6345009	251	true	393.5437639	394.0065228
394.6189978	0.33572700000001987	trials	/intervals/trials	252	start_time	n/a	n/a	n/a	n/a	n/a	n/a	n/a	n/a	n/a	boo	394.6498484	252	true	394.6189978	394.9547248
394.6498484	0.0	cv_transition	/intervals/trials	252	cv_transition_time	n/a	n/a	n/a	n/a	n/a	n/a	n/a	n/a	n/a	boo	394.6498484	252	true	394.6189978	394.9547248
395.5626629	0.45731469999998353	trials	/intervals/trials	253	start_time	n/a	n/a	n/a	n/a	n/a	n/a	n/a	n/a	n/a	yoo	395.646141	253	true	395.5626629	396.0199776
395.646141	0.0	cv_transition	/intervals/trials	253	cv_transition_time	n/a	n/a	n/a	n/a	n/a	n/a	n/a	n/a	n/a	yoo	395.646141	253	true	395.5626629	396.0199776
396.6052315	0.4219271999999705	trials	/intervals/trials	254	start_time	n/a	n/a	n/a	n/a	n/a	n/a	n/a	n/a	n/a	poo	396.6841727	254	true	396.6052315	397.0271587
396.6841727	0.0	cv_transition	/intervals/trials	254	cv_transition_time	n/a	n/a	n/a	n/a	n/a	n/a	n/a	n/a	n/a	poo	396.6841727	254	true	396.6052315	397.0271587
397.6432632	0.4355376999999976	trials	/intervals/trials	255	start_time	n/a	n/a	n/a	n/a	n/a	n/a	n/a	n/a	n/a	taa	397.7122233	255	true	397.6432632	398.0788009
397.7122233	0.0	cv_transition	/intervals/trials	255	cv_transition_time	n/a	n/a	n/a	n/a	n/a	n/a	n/a	n/a	n/a	taa	397.7122233	255	true	397.6432632	398.0788009
398.5506335	0.6052161000000069	trials	/intervals/trials	256	start_time	n/a	n/a	n/a	n/a	n/a	n/a	n/a	n/a	n/a	zaa	398.7312002	256	true	398.5506335	399.1558496
398.7312002	0.0	cv_transition	/intervals/trials	256	cv_transition_time	n/a	n/a	n/a	n/a	n/a	n/a	n/a	n/a	n/a	zaa	398.7312002	256	true	398.5506335	399.1558496
399.7501771	0.4745546999999988	trials	/intervals/trials	257	start_time	n/a	n/a	n/a	n/a	n/a	n/a	n/a	n/a	n/a	dee	399.7683245	257	true	399.7501771	400.2247318
399.7683245	0.0	cv_transition	/intervals/trials	257	cv_transition_time	n/a	n/a	n/a	n/a	n/a	n/a	n/a	n/a	n/a	dee	399.7683245	257	true	399.7501771	400.2247318
400.8852975	0.4936094000000253	trials	/intervals/trials	258	start_time	n/a	n/a	n/a	n/a	n/a	n/a	n/a	n/a	n/a	moo	400.9615166	258	true	400.8852975	401.3789069
400.9615166	0.0	cv_transition	/intervals/trials	258	cv_transition_time	n/a	n/a	n/a	n/a	n/a	n/a	n/a	n/a	n/a	moo	400.9615166	258	true	400.8852975	401.3789069
401.682876	0.5825317999999697	trials	/intervals/trials	259	start_time	n/a	n/a	n/a	n/a	n/a	n/a	n/a	n/a	n/a	faa	401.8307774	259	true	401.682876	402.2654078
401.8307774	0.0	cv_transition	/intervals/trials	259	cv_transition_time	n/a	n/a	n/a	n/a	n/a	n/a	n/a	n/a	n/a	faa	401.8307774	259	true	401.682876	402.2654078
402.8216258	0.45822200000003477	trials	/intervals/trials	260	start_time	n/a	n/a	n/a	n/a	n/a	n/a	n/a	n/a	n/a	thoo	402.8561059	260	true	402.8216258	403.2798478
402.8561059	0.0	cv_transition	/intervals/trials	260	cv_transition_time	n/a	n/a	n/a	n/a	n/a	n/a	n/a	n/a	n/a	thoo	402.8561059	260	true	402.8216258	403.2798478
403.6781834	0.6133823999999777	trials	/intervals/trials	261	start_time	n/a	n/a	n/a	n/a	n/a	n/a	n/a	n/a	n/a	shoo	403.8923228	261	true	403.6781834	404.2915658
403.8923228	0.0	cv_transition	/intervals/trials	261	cv_transition_time	n/a	n/a	n/a	n/a	n/a	n/a	n/a	n/a	n/a	shoo	403.8923228	261	true	403.6781834	404.2915658
405.129976	0.523552699999982	trials	/intervals/trials	262	start_time	n/a	n/a	n/a	n/a	n/a	n/a	n/a	n/a	n/a	zee	405.2733405	262	true	405.129976	405.6535287
405.2733405	0.0	cv_transition	/intervals/trials	262	cv_transition_time	n/a	n/a	n/a	n/a	n/a	n/a	n/a	n/a	n/a	zee	405.2733405	262	true	405.129976	405.6535287
408.7286068	0.4491483999999559	trials	/intervals/trials	263	start_time	n/a	n/a	n/a	n/a	n/a	n/a	n/a	n/a	n/a	voo	408.7866785	263	true	408.7286068	409.1777552
408.7866785	0.0	cv_transition	/intervals/trials	263	cv_transition_time	n/a	n/a	n/a	n/a	n/a	n/a	n/a	n/a	n/a	voo	408.7866785	263	true	408.7286068	409.1777552
409.7684533	0.536255800000049	trials	/intervals/trials	264	start_time	n/a	n/a	n/a	n/a	n/a	n/a	n/a	n/a	n/a	noo	409.8737082	264	true	409.7684533	410.3047091
409.8737082	0.0	cv_transition	/intervals/trials	264	cv_transition_time	n/a	n/a	n/a	n/a	n/a	n/a	n/a	n/a	n/a	noo	409.8737082	264	true	409.7684533	410.3047091
410.872723	0.47999889999999823	trials	/intervals/trials	265	start_time	n/a	n/a	n/a	n/a	n/a	n/a	n/a	n/a	n/a	vaa	410.9062957	265	true	410.872723	411.3527219
410.9062957	0.0	cv_transition	/intervals/trials	265	cv_transition_time	n/a	n/a	n/a	n/a	n/a	n/a	n/a	n/a	n/a	vaa	410.9062957	265	true	410.872723	411.3527219
411.7973334	0.5770875000000046	trials	/intervals/trials	266	start_time	n/a	n/a	n/a	n/a	n/a	n/a	n/a	n/a	n/a	raa	411.9071252	266	true	411.7973334	412.3744209
411.9071252	0.0	cv_transition	/intervals/trials	266	cv_transition_time	n/a	n/a	n/a	n/a	n/a	n/a	n/a	n/a	n/a	raa	411.9071252	266	true	411.7973334	412.3744209
412.7972555	0.6533066999999733	trials	/intervals/trials	267	start_time	n/a	n/a	n/a	n/a	n/a	n/a	n/a	n/a	n/a	shaa	413.0358939	267	true	412.7972555	413.4505622
413.0358939	0.0	cv_transition	/intervals/trials	267	cv_transition_time	n/a	n/a	n/a	n/a	n/a	n/a	n/a	n/a	n/a	shaa	413.0358939	267	true	412.7972555	413.4505622
414.4758907	0.4545925000000466	trials	/intervals/trials	268	start_time	n/a	n/a	n/a	n/a	n/a	n/a	n/a	n/a	n/a	thaa	414.4985749	268	true	414.4758907	414.9304832
414.4985749	0.0	cv_transition	/intervals/trials	268	cv_transition_time	n/a	n/a	n/a	n/a	n/a	n/a	n/a	n/a	n/a	thaa	414.4985749	268	true	414.4758907	414.9304832
423.3980634	0.5172010999999657	trials	/intervals/trials	269	start_time	n/a	n/a	n/a	n/a	n/a	n/a	n/a	n/a	n/a	see	423.6239986	269	true	423.3980634	423.9152645
423.6239986	0.0	cv_transition	/intervals/trials	269	cv_transition_time	n/a	n/a	n/a	n/a	n/a	n/a	n/a	n/a	n/a	see	423.6239986	269	true	423.3980634	423.9152645
424.2673242	0.5589400999999725	trials	/intervals/trials	270	start_time	n/a	n/a	n/a	n/a	n/a	n/a	n/a	n/a	n/a	zee	424.4941668	270	true	424.2673242	424.8262643
424.4941668	0.0	cv_transition	/intervals/trials	270	cv_transition_time	n/a	n/a	n/a	n/a	n/a	n/a	n/a	n/a	n/a	zee	424.4941668	270	true	424.2673242	424.8262643
425.7213514926829	0.906391878708007	invalid_times	/intervals/invalid_times	24	start_time	n/a	n/a	n/a	n/a	24	425.7213514926829	426.6277433713909	"[""ECoG artifact""]"	"[{""idx_start"":1299198,""count"":2766,""timeseries"":""/acquisition/ElectricalSeries""}]"	n/a	n/a	n/a	n/a	n/a	n/a
427.5020995	0.45096310000002404	trials	/intervals/trials	271	start_time	n/a	n/a	n/a	n/a	n/a	n/a	n/a	n/a	n/a	shoo	427.6372977	271	true	427.5020995	427.9530626
427.6372977	0.0	cv_transition	/intervals/trials	271	cv_transition_time	n/a	n/a	n/a	n/a	n/a	n/a	n/a	n/a	n/a	shoo	427.6372977	271	true	427.5020995	427.9530626
428.6363125	0.411038700000006	trials	/intervals/trials	272	start_time	n/a	n/a	n/a	n/a	n/a	n/a	n/a	n/a	n/a	hoo	428.6871252	272	true	428.6363125	429.0473512
428.6871252	0.0	cv_transition	/intervals/trials	272	cv_transition_time	n/a	n/a	n/a	n/a	n/a	n/a	n/a	n/a	n/a	hoo	428.6871252	272	true	428.6363125	429.0473512
429.93113	0.4536851000000297	trials	/intervals/trials	273	start_time	n/a	n/a	n/a	n/a	n/a	n/a	n/a	n/a	n/a	thoo	429.9610732	273	true	429.93113	430.3848151
429.9610732	0.0	cv_transition	/intervals/trials	273	cv_transition_time	n/a	n/a	n/a	n/a	n/a	n/a	n/a	n/a	n/a	thoo	429.9610732	273	true	429.93113	430.3848151
431.354794	0.5761801999999534	trials	/intervals/trials	274	start_time	n/a	n/a	n/a	n/a	n/a	n/a	n/a	n/a	n/a	faa	431.5063249	274	true	431.354794	431.9309742
431.5063249	0.0	cv_transition	/intervals/trials	274	cv_transition_time	n/a	n/a	n/a	n/a	n/a	n/a	n/a	n/a	n/a	faa	431.5063249	274	true	431.354794	431.9309742
434.105941	0.5190158000000338	trials	/intervals/trials	275	start_time	n/a	n/a	n/a	n/a	n/a	n/a	n/a	n/a	n/a	hee	434.2075665	275	true	434.105941	434.6249568
434.2075665	0.0	cv_transition	/intervals/trials	275	cv_transition_time	n/a	n/a	n/a	n/a	n/a	n/a	n/a	n/a	n/a	hee	434.2075665	275	true	434.105941	434.6249568
435.218377	0.5262748000000101	trials	/intervals/trials	276	start_time	n/a	n/a	n/a	n/a	n/a	n/a	n/a	n/a	n/a	kaa	435.3517605	276	true	435.218377	435.7446518
435.3517605	0.0	cv_transition	/intervals/trials	276	cv_transition_time	n/a	n/a	n/a	n/a	n/a	n/a	n/a	n/a	n/a	kaa	435.3517605	276	true	435.218377	435.7446518
436.2827225	0.4192050999999992	trials	/intervals/trials	277	start_time	n/a	n/a	n/a	n/a	n/a	n/a	n/a	n/a	n/a	wee	436.3226468	277	true	436.2827225	436.7019276
436.3226468	0.0	cv_transition	/intervals/trials	277	cv_transition_time	n/a	n/a	n/a	n/a	n/a	n/a	n/a	n/a	n/a	wee	436.3226468	277	true	436.2827225	436.7019276
437.2944404	0.6678246000000172	trials	/intervals/trials	278	start_time	n/a	n/a	n/a	n/a	n/a	n/a	n/a	n/a	n/a	see	437.5693736	278	true	437.2944404	437.962265
437.5693736	0.0	cv_transition	/intervals/trials	278	cv_transition_time	n/a	n/a	n/a	n/a	n/a	n/a	n/a	n/a	n/a	see	437.5693736	278	true	437.2944404	437.962265
438.5366304	0.60340130000003	trials	/intervals/trials	279	start_time	n/a	n/a	n/a	n/a	n/a	n/a	n/a	n/a	n/a	shee	438.7770836	279	true	438.5366304	439.1400317
438.7770836	0.0	cv_transition	/intervals/trials	279	cv_transition_time	n/a	n/a	n/a	n/a	n/a	n/a	n/a	n/a	n/a	shee	438.7770836	279	true	438.5366304	439.1400317
440.2443014	0.4237420000000043	trials	/intervals/trials	280	start_time	n/a	n/a	n/a	n/a	n/a	n/a	n/a	n/a	n/a	vaa	440.2951142	280	true	440.2443014	440.6680434
440.2951142	0.0	cv_transition	/intervals/trials	280	cv_transition_time	n/a	n/a	n/a	n/a	n/a	n/a	n/a	n/a	n/a	vaa	440.2951142	280	true	440.2443014	440.6680434
442.2622931	0.4337229999999863	trials	/intervals/trials	281	start_time	n/a	n/a	n/a	n/a	n/a	n/a	n/a	n/a	n/a	maa	442.3076616	281	true	442.2622931	442.6960161
442.3076616	0.0	cv_transition	/intervals/trials	281	cv_transition_time	n/a	n/a	n/a	n/a	n/a	n/a	n/a	n/a	n/a	maa	442.3076616	281	true	442.2622931	442.6960161
443.6941235	0.4119461999999885	trials	/intervals/trials	282	start_time	n/a	n/a	n/a	n/a	n/a	n/a	n/a	n/a	n/a	ree	443.7576395	282	true	443.6941235	444.1060697
443.7576395	0.0	cv_transition	/intervals/trials	282	cv_transition_time	n/a	n/a	n/a	n/a	n/a	n/a	n/a	n/a	n/a	ree	443.7576395	282	true	443.6941235	444.1060697
444.5751802	0.5634769000000119	trials	/intervals/trials	283	start_time	n/a	n/a	n/a	n/a	n/a	n/a	n/a	n/a	n/a	shaa	444.75121	283	true	444.5751802	445.1386571
444.75121	0.0	cv_transition	/intervals/trials	283	cv_transition_time	n/a	n/a	n/a	n/a	n/a	n/a	n/a	n/a	n/a	shaa	444.75121	283	true	444.5751802	445.1386571
445.7357068	0.3937988000000132	trials	/intervals/trials	284	start_time	n/a	n/a	n/a	n/a	n/a	n/a	n/a	n/a	n/a	doo	445.7692795	284	true	445.7357068	446.1295056
445.7692795	0.0	cv_transition	/intervals/trials	284	cv_transition_time	n/a	n/a	n/a	n/a	n/a	n/a	n/a	n/a	n/a	doo	445.7692795	284	true	445.7357068	446.1295056
446.7410732	0.42918620000000374	trials	/intervals/trials	285	start_time	n/a	n/a	n/a	n/a	n/a	n/a	n/a	n/a	n/a	lee	446.8390692	285	true	446.7410732	447.1702594
446.8390692	0.0	cv_transition	/intervals/trials	285	cv_transition_time	n/a	n/a	n/a	n/a	n/a	n/a	n/a	n/a	n/a	lee	446.8390692	285	true	446.7410732	447.1702594
447.9551347	0.38926190000000815	trials	/intervals/trials	286	start_time	n/a	n/a	n/a	n/a	n/a	n/a	n/a	n/a	n/a	gee	447.9914295	286	true	447.9551347	448.3443966
447.9914295	0.0	cv_transition	/intervals/trials	286	cv_transition_time	n/a	n/a	n/a	n/a	n/a	n/a	n/a	n/a	n/a	gee	447.9914295	286	true	447.9551347	448.3443966
448.9459832	0.5289968999999815	trials	/intervals/trials	287	start_time	n/a	n/a	n/a	n/a	n/a	n/a	n/a	n/a	n/a	vee	449.041257	287	true	448.9459832	449.4749801
449.041257	0.0	cv_transition	/intervals/trials	287	cv_transition_time	n/a	n/a	n/a	n/a	n/a	n/a	n/a	n/a	n/a	vee	449.041257	287	true	448.9459832	449.4749801
450.084733	0.6442328999999631	trials	/intervals/trials	288	start_time	n/a	n/a	n/a	n/a	n/a	n/a	n/a	n/a	n/a	soo	450.3524072	288	true	450.084733	450.7289659
450.3524072	0.0	cv_transition	/intervals/trials	288	cv_transition_time	n/a	n/a	n/a	n/a	n/a	n/a	n/a	n/a	n/a	soo	450.3524072	288	true	450.084733	450.7289659
452.6280921	0.45459249999998974	trials	/intervals/trials	289	start_time	n/a	n/a	n/a	n/a	n/a	n/a	n/a	n/a	n/a	taa	452.7097554	289	true	452.6280921	453.0826846
452.7097554	0.0	cv_transition	/intervals/trials	289	cv_transition_time	n/a	n/a	n/a	n/a	n/a	n/a	n/a	n/a	n/a	taa	452.7097554	289	true	452.6280921	453.0826846
453.9501307	0.4609441000000061	trials	/intervals/trials	290	start_time	n/a	n/a	n/a	n/a	n/a	n/a	n/a	n/a	n/a	bee	453.965556	290	true	453.9501307	454.4110748
453.965556	0.0	cv_transition	/intervals/trials	290	cv_transition_time	n/a	n/a	n/a	n/a	n/a	n/a	n/a	n/a	n/a	bee	453.965556	290	true	453.9501307	454.4110748
455.0144761	0.5035905999999954	trials	/intervals/trials	291	start_time	n/a	n/a	n/a	n/a	n/a	n/a	n/a	n/a	n/a	raa	455.0988616	291	true	455.0144761	455.5180667
455.0988616	0.0	cv_transition	/intervals/trials	291	cv_transition_time	n/a	n/a	n/a	n/a	n/a	n/a	n/a	n/a	n/a	raa	455.0988616	291	true	455.0144761	455.5180667
456.2439629	0.4328156999999919	trials	/intervals/trials	292	start_time	n/a	n/a	n/a	n/a	n/a	n/a	n/a	n/a	n/a	gaa	456.278443	292	true	456.2439629	456.6767786
456.278443	0.0	cv_transition	/intervals/trials	292	cv_transition_time	n/a	n/a	n/a	n/a	n/a	n/a	n/a	n/a	n/a	gaa	456.278443	292	true	456.2439629	456.6767786
457.3691022	0.4772768000000269	trials	/intervals/trials	293	start_time	n/a	n/a	n/a	n/a	n/a	n/a	n/a	n/a	n/a	fee	457.4952267	293	true	457.3691022	457.846379
457.4952267	0.0	cv_transition	/intervals/trials	293	cv_transition_time	n/a	n/a	n/a	n/a	n/a	n/a	n/a	n/a	n/a	fee	457.4952267	293	true	457.3691022	457.846379
458.7655452	0.41013139999995474	trials	/intervals/trials	294	start_time	n/a	n/a	n/a	n/a	n/a	n/a	n/a	n/a	n/a	thaa	458.8090989	294	true	458.7655452	459.1756766
458.8090989	0.0	cv_transition	/intervals/trials	294	cv_transition_time	n/a	n/a	n/a	n/a	n/a	n/a	n/a	n/a	n/a	thaa	458.8090989	294	true	458.7655452	459.1756766
459.8135579	0.39652090000004137	trials	/intervals/trials	295	start_time	n/a	n/a	n/a	n/a	n/a	n/a	n/a	n/a	n/a	waa	459.8861476	295	true	459.8135579	460.2100788
459.8861476	0.0	cv_transition	/intervals/trials	295	cv_transition_time	n/a	n/a	n/a	n/a	n/a	n/a	n/a	n/a	n/a	waa	459.8861476	295	true	459.8135579	460.2100788
461.1836872	0.4718325999999706	trials	/intervals/trials	296	start_time	n/a	n/a	n/a	n/a	n/a	n/a	n/a	n/a	n/a	voo	461.2163525	296	true	461.1836872	461.6555198
461.2163525	0.0	cv_transition	/intervals/trials	296	cv_transition_time	n/a	n/a	n/a	n/a	n/a	n/a	n/a	n/a	n/a	voo	461.2163525	296	true	461.1836872	461.6555198
462.3551023	0.5544032999999899	trials	/intervals/trials	297	start_time	n/a	n/a	n/a	n/a	n/a	n/a	n/a	n/a	n/a	roo	462.4458393	297	true	462.3551023	462.9095056
462.4458393	0.0	cv_transition	/intervals/trials	297	cv_transition_time	n/a	n/a	n/a	n/a	n/a	n/a	n/a	n/a	n/a	roo	462.4458393	297	true	462.3551023	462.9095056
463.5791449	0.4863504999999577	trials	/intervals/trials	298	start_time	n/a	n/a	n/a	n/a	n/a	n/a	n/a	n/a	n/a	naa	463.6589935	298	true	463.5791449	464.0654954
463.6589935	0.0	cv_transition	/intervals/trials	298	cv_transition_time	n/a	n/a	n/a	n/a	n/a	n/a	n/a	n/a	n/a	naa	463.6589935	298	true	463.5791449	464.0654954
464.5926776	0.6079381000000126	trials	/intervals/trials	299	start_time	n/a	n/a	n/a	n/a	n/a	n/a	n/a	n/a	n/a	saa	464.8031875	299	true	464.5926776	465.2006157
464.8031875	0.0	cv_transition	/intervals/trials	299	cv_transition_time	n/a	n/a	n/a	n/a	n/a	n/a	n/a	n/a	n/a	saa	464.8031875	299	true	464.5926776	465.2006157
467.1886642	0.41194610000002285	trials	/intervals/trials	300	start_time	n/a	n/a	n/a	n/a	n/a	n/a	n/a	n/a	n/a	daa	467.2258664	300	true	467.1886642	467.6006103
467.2258664	0.0	cv_transition	/intervals/trials	300	cv_transition_time	n/a	n/a	n/a	n/a	n/a	n/a	n/a	n/a	n/a	daa	467.2258664	300	true	467.1886642	467.6006103
468.0842387	0.44642619999996214	trials	/intervals/trials	301	start_time	n/a	n/a	n/a	n/a	n/a	n/a	n/a	n/a	n/a	paa	468.1786053	301	true	468.0842387	468.5306649
468.1786053	0.0	cv_transition	/intervals/trials	301	cv_transition_time	n/a	n/a	n/a	n/a	n/a	n/a	n/a	n/a	n/a	paa	468.1786053	301	true	468.0842387	468.5306649
469.1821569	0.46457359999999426	trials	/intervals/trials	302	start_time	n/a	n/a	n/a	n/a	n/a	n/a	n/a	n/a	n/a	nee	469.2774308	302	true	469.1821569	469.6467305
469.2774308	0.0	cv_transition	/intervals/trials	302	cv_transition_time	n/a	n/a	n/a	n/a	n/a	n/a	n/a	n/a	n/a	nee	469.2774308	302	true	469.1821569	469.6467305
470.8626068	0.3892618000000425	trials	/intervals/trials	303	start_time	n/a	n/a	n/a	n/a	n/a	n/a	n/a	n/a	n/a	laa	470.9315669	303	true	470.8626068	471.2518686
470.9315669	0.0	cv_transition	/intervals/trials	303	cv_transition_time	n/a	n/a	n/a	n/a	n/a	n/a	n/a	n/a	n/a	laa	470.9315669	303	true	470.8626068	471.2518686
473.4467975	0.401965099999984	trials	/intervals/trials	304	start_time	n/a	n/a	n/a	n/a	n/a	n/a	n/a	n/a	n/a	mee	473.4867218	304	true	473.4467975	473.8487626
473.4867218	0.0	cv_transition	/intervals/trials	304	cv_transition_time	n/a	n/a	n/a	n/a	n/a	n/a	n/a	n/a	n/a	mee	473.4867218	304	true	473.4467975	473.8487626
474.6245643	0.4554999000000066	trials	/intervals/trials	305	start_time	n/a	n/a	n/a	n/a	n/a	n/a	n/a	n/a	n/a	moo	474.6944318	305	true	474.6245643	475.0800642
474.6944318	0.0	cv_transition	/intervals/trials	305	cv_transition_time	n/a	n/a	n/a	n/a	n/a	n/a	n/a	n/a	n/a	moo	474.6944318	305	true	474.6245643	475.0800642
475.8005162	0.45549999999997226	trials	/intervals/trials	306	start_time	n/a	n/a	n/a	n/a	n/a	n/a	n/a	n/a	n/a	woo	475.8912533	306	true	475.8005162	476.2560162
475.8912533	0.0	cv_transition	/intervals/trials	306	cv_transition_time	n/a	n/a	n/a	n/a	n/a	n/a	n/a	n/a	n/a	woo	475.8912533	306	true	475.8005162	476.2560162
476.9610429	0.4555000000000291	trials	/intervals/trials	307	start_time	n/a	n/a	n/a	n/a	n/a	n/a	n/a	n/a	n/a	foo	477.0545021	307	true	476.9610429	477.4165429
477.0545021	0.0	cv_transition	/intervals/trials	307	cv_transition_time	n/a	n/a	n/a	n/a	n/a	n/a	n/a	n/a	n/a	foo	477.0545021	307	true	476.9610429	477.4165429
477.982742	0.5725507000000221	trials	/intervals/trials	308	start_time	n/a	n/a	n/a	n/a	n/a	n/a	n/a	n/a	n/a	zoo	478.2195656	308	true	477.982742	478.5552927
478.2195656	0.0	cv_transition	/intervals/trials	308	cv_transition_time	n/a	n/a	n/a	n/a	n/a	n/a	n/a	n/a	n/a	zoo	478.2195656	308	true	477.982742	478.5552927
479.0815675	0.4609441000000061	trials	/intervals/trials	309	start_time	n/a	n/a	n/a	n/a	n/a	n/a	n/a	n/a	n/a	too	479.1868224	309	true	479.0815675	479.5425116
479.1868224	0.0	cv_transition	/intervals/trials	309	cv_transition_time	n/a	n/a	n/a	n/a	n/a	n/a	n/a	n/a	n/a	too	479.1868224	309	true	479.0815675	479.5425116
480.106896	0.49088729999999714	trials	/intervals/trials	310	start_time	n/a	n/a	n/a	n/a	n/a	n/a	n/a	n/a	n/a	yaa	480.2194099	310	true	480.106896	480.5977833
480.2194099	0.0	cv_transition	/intervals/trials	310	cv_transition_time	n/a	n/a	n/a	n/a	n/a	n/a	n/a	n/a	n/a	yaa	480.2194099	310	true	480.106896	480.5977833
481.128595	0.4654809999999543	trials	/intervals/trials	311	start_time	n/a	n/a	n/a	n/a	n/a	n/a	n/a	n/a	n/a	tee	481.2256836	311	true	481.128595	481.594076
481.2256836	0.0	cv_transition	/intervals/trials	311	cv_transition_time	n/a	n/a	n/a	n/a	n/a	n/a	n/a	n/a	n/a	tee	481.2256836	311	true	481.128595	481.594076
482.2464753	0.38744710000003124	trials	/intervals/trials	312	start_time	n/a	n/a	n/a	n/a	n/a	n/a	n/a	n/a	n/a	dee	482.2746037	312	true	482.2464753	482.6339224
482.2746037	0.0	cv_transition	/intervals/trials	312	cv_transition_time	n/a	n/a	n/a	n/a	n/a	n/a	n/a	n/a	n/a	dee	482.2746037	312	true	482.2464753	482.6339224
483.8770198	0.36748499999998785	trials	/intervals/trials	313	start_time	n/a	n/a	n/a	n/a	n/a	n/a	n/a	n/a	n/a	haa	483.9405357	313	true	483.8770198	484.2445048
483.9405357	0.0	cv_transition	/intervals/trials	313	cv_transition_time	n/a	n/a	n/a	n/a	n/a	n/a	n/a	n/a	n/a	haa	483.9405357	313	true	483.8770198	484.2445048
484.7235963	0.3801882000000205	trials	/intervals/trials	314	start_time	n/a	n/a	n/a	n/a	n/a	n/a	n/a	n/a	n/a	koo	484.8052597	314	true	484.7235963	485.1037845
484.8052597	0.0	cv_transition	/intervals/trials	314	cv_transition_time	n/a	n/a	n/a	n/a	n/a	n/a	n/a	n/a	n/a	koo	484.8052597	314	true	484.7235963	485.1037845
485.5502107	0.41376089999999976	trials	/intervals/trials	315	start_time	n/a	n/a	n/a	n/a	n/a	n/a	n/a	n/a	n/a	kee	485.6590952	315	true	485.5502107	485.9639716
485.6590952	0.0	cv_transition	/intervals/trials	315	cv_transition_time	n/a	n/a	n/a	n/a	n/a	n/a	n/a	n/a	n/a	kee	485.6590952	315	true	485.5502107	485.9639716
486.3486967	0.431000900000015	trials	/intervals/trials	316	start_time	n/a	n/a	n/a	n/a	n/a	n/a	n/a	n/a	n/a	pee	486.4348968	316	true	486.3486967	486.7796976
486.4348968	0.0	cv_transition	/intervals/trials	316	cv_transition_time	n/a	n/a	n/a	n/a	n/a	n/a	n/a	n/a	n/a	pee	486.4348968	316	true	486.3486967	486.7796976
487.1145172	0.4500556999999503	trials	/intervals/trials	317	start_time	n/a	n/a	n/a	n/a	n/a	n/a	n/a	n/a	n/a	yee	487.2052543	317	true	487.1145172	487.5645729
487.2052543	0.0	cv_transition	/intervals/trials	317	cv_transition_time	n/a	n/a	n/a	n/a	n/a	n/a	n/a	n/a	n/a	yee	487.2052543	317	true	487.1145172	487.5645729
488.0037402	0.4927021000000309	trials	/intervals/trials	318	start_time	n/a	n/a	n/a	n/a	n/a	n/a	n/a	n/a	n/a	loo	488.155271	318	true	488.0037402	488.4964423
488.155271	0.0	cv_transition	/intervals/trials	318	cv_transition_time	n/a	n/a	n/a	n/a	n/a	n/a	n/a	n/a	n/a	loo	488.155271	318	true	488.0037402	488.4964423
489.0553824	0.3729291999999873	trials	/intervals/trials	319	start_time	n/a	n/a	n/a	n/a	n/a	n/a	n/a	n/a	n/a	goo	489.0898625	319	true	489.0553824	489.4283116
489.0898625	0.0	cv_transition	/intervals/trials	319	cv_transition_time	n/a	n/a	n/a	n/a	n/a	n/a	n/a	n/a	n/a	goo	489.0898625	319	true	489.0553824	489.4283116
496.2245156	0.3402638999999681	trials	/intervals/trials	320	start_time	n/a	n/a	n/a	n/a	n/a	n/a	n/a	n/a	n/a	mee	496.2943831	320	true	496.2245156	496.5647795
496.2943831	0.0	cv_transition	/intervals/trials	320	cv_transition_time	n/a	n/a	n/a	n/a	n/a	n/a	n/a	n/a	n/a	mee	496.2943831	320	true	496.2245156	496.5647795
497.264362	0.4945169000000078	trials	/intervals/trials	321	start_time	n/a	n/a	n/a	n/a	n/a	n/a	n/a	n/a	n/a	wee	497.4040971	321	true	497.264362	497.7588789
497.4040971	0.0	cv_transition	/intervals/trials	321	cv_transition_time	n/a	n/a	n/a	n/a	n/a	n/a	n/a	n/a	n/a	wee	497.4040971	321	true	497.264362	497.7588789
499.6144513	0.3774660000000267	trials	/intervals/trials	322	start_time	n/a	n/a	n/a	n/a	n/a	n/a	n/a	n/a	n/a	kee	499.7324094	322	true	499.6144513	499.9919173
499.7324094	0.0	cv_transition	/intervals/trials	322	cv_transition_time	n/a	n/a	n/a	n/a	n/a	n/a	n/a	n/a	n/a	kee	499.7324094	322	true	499.6144513	499.9919173
500.637965	0.6224560999999653	trials	/intervals/trials	323	start_time	n/a	n/a	n/a	n/a	n/a	n/a	n/a	n/a	n/a	see	500.9156204	323	true	500.637965	501.2604211
500.9156204	0.0	cv_transition	/intervals/trials	323	cv_transition_time	n/a	n/a	n/a	n/a	n/a	n/a	n/a	n/a	n/a	see	500.9156204	323	true	500.637965	501.2604211
501.9255236	0.5262747999999533	trials	/intervals/trials	324	start_time	n/a	n/a	n/a	n/a	n/a	n/a	n/a	n/a	n/a	zoo	502.1523662	324	true	501.9255236	502.4517984
502.1523662	0.0	cv_transition	/intervals/trials	324	cv_transition_time	n/a	n/a	n/a	n/a	n/a	n/a	n/a	n/a	n/a	zoo	502.1523662	324	true	501.9255236	502.4517984
502.9354268	0.462758899999983	trials	/intervals/trials	325	start_time	n/a	n/a	n/a	n/a	n/a	n/a	n/a	n/a	n/a	pee	503.0288859	325	true	502.9354268	503.3981857
503.0288859	0.0	cv_transition	/intervals/trials	325	cv_transition_time	n/a	n/a	n/a	n/a	n/a	n/a	n/a	n/a	n/a	pee	503.0288859	325	true	502.9354268	503.3981857
504.0142901	0.42646410000003243	trials	/intervals/trials	326	start_time	n/a	n/a	n/a	n/a	n/a	n/a	n/a	n/a	n/a	baa	504.0369744	326	true	504.0142901	504.4407542
504.0369744	0.0	cv_transition	/intervals/trials	326	cv_transition_time	n/a	n/a	n/a	n/a	n/a	n/a	n/a	n/a	n/a	baa	504.0369744	326	true	504.0142901	504.4407542
505.0740987	0.35387439999999515	trials	/intervals/trials	327	start_time	n/a	n/a	n/a	n/a	n/a	n/a	n/a	n/a	n/a	thoo	505.1031346	327	true	505.0740987	505.4279731
505.1031346	0.0	cv_transition	/intervals/trials	327	cv_transition_time	n/a	n/a	n/a	n/a	n/a	n/a	n/a	n/a	n/a	thoo	505.1031346	327	true	505.0740987	505.4279731
506.0504292	0.4709252000000106	trials	/intervals/trials	328	start_time	n/a	n/a	n/a	n/a	n/a	n/a	n/a	n/a	n/a	hoo	506.1457031	328	true	506.0504292	506.5213544
506.1457031	0.0	cv_transition	/intervals/trials	328	cv_transition_time	n/a	n/a	n/a	n/a	n/a	n/a	n/a	n/a	n/a	hoo	506.1457031	328	true	506.0504292	506.5213544
507.3216551	0.3747438999999986	trials	/intervals/trials	329	start_time	n/a	n/a	n/a	n/a	n/a	n/a	n/a	n/a	n/a	goo	507.3615794	329	true	507.3216551	507.696399
507.3615794	0.0	cv_transition	/intervals/trials	329	cv_transition_time	n/a	n/a	n/a	n/a	n/a	n/a	n/a	n/a	n/a	goo	507.3615794	329	true	507.3216551	507.696399
508.6718222	0.5861611999999923	trials	/intervals/trials	330	start_time	n/a	n/a	n/a	n/a	n/a	n/a	n/a	n/a	n/a	shoo	508.8923132	330	true	508.6718222	509.2579834
508.8923132	0.0	cv_transition	/intervals/trials	330	cv_transition_time	n/a	n/a	n/a	n/a	n/a	n/a	n/a	n/a	n/a	shoo	508.8923132	330	true	508.6718222	509.2579834
509.9866018	0.5199231999999938	trials	/intervals/trials	331	start_time	n/a	n/a	n/a	n/a	n/a	n/a	n/a	n/a	n/a	roo	510.0927642	331	true	509.9866018	510.506525
510.0927642	0.0	cv_transition	/intervals/trials	331	cv_transition_time	n/a	n/a	n/a	n/a	n/a	n/a	n/a	n/a	n/a	roo	510.0927642	331	true	509.9866018	510.506525
511.0382441	0.695045700000037	trials	/intervals/trials	332	start_time	n/a	n/a	n/a	n/a	n/a	n/a	n/a	n/a	n/a	yee	511.2614572	332	true	511.0382441	511.7332898
511.2614572	0.0	cv_transition	/intervals/trials	332	cv_transition_time	n/a	n/a	n/a	n/a	n/a	n/a	n/a	n/a	n/a	yee	511.2614572	332	true	511.0382441	511.7332898
512.3748006	0.6034013000000868	trials	/intervals/trials	333	start_time	n/a	n/a	n/a	n/a	n/a	n/a	n/a	n/a	n/a	zaa	512.5508305	333	true	512.3748006	512.9782019
512.5508305	0.0	cv_transition	/intervals/trials	333	cv_transition_time	n/a	n/a	n/a	n/a	n/a	n/a	n/a	n/a	n/a	zaa	512.5508305	333	true	512.3748006	512.9782019
513.397407	0.5988643999999113	trials	/intervals/trials	334	start_time	n/a	n/a	n/a	n/a	n/a	n/a	n/a	n/a	n/a	laa	513.5480305	334	true	513.397407	513.9962714
513.5480305	0.0	cv_transition	/intervals/trials	334	cv_transition_time	n/a	n/a	n/a	n/a	n/a	n/a	n/a	n/a	n/a	laa	513.5480305	334	true	513.397407	513.9962714
514.8374038	0.5044979000000467	trials	/intervals/trials	335	start_time	n/a	n/a	n/a	n/a	n/a	n/a	n/a	n/a	n/a	voo	514.884587	335	true	514.8374038	515.3419017
514.884587	0.0	cv_transition	/intervals/trials	335	cv_transition_time	n/a	n/a	n/a	n/a	n/a	n/a	n/a	n/a	n/a	voo	514.884587	335	true	514.8374038	515.3419017
515.8600101	0.6024940000000925	trials	/intervals/trials	336	start_time	n/a	n/a	n/a	n/a	n/a	n/a	n/a	n/a	n/a	poo	515.9634504	336	true	515.8600101	516.4625041
515.9634504	0.0	cv_transition	/intervals/trials	336	cv_transition_time	n/a	n/a	n/a	n/a	n/a	n/a	n/a	n/a	n/a	poo	515.9634504	336	true	515.8600101	516.4625041
516.8553954	0.5770876000000271	trials	/intervals/trials	337	start_time	n/a	n/a	n/a	n/a	n/a	n/a	n/a	n/a	n/a	loo	516.9769831	337	true	516.8553954	517.432483
516.9769831	0.0	cv_transition	/intervals/trials	337	cv_transition_time	n/a	n/a	n/a	n/a	n/a	n/a	n/a	n/a	n/a	loo	516.9769831	337	true	516.8553954	517.432483
517.9034082	0.65149190000011	trials	/intervals/trials	338	start_time	n/a	n/a	n/a	n/a	n/a	n/a	n/a	n/a	n/a	shaa	518.1003076	338	true	517.9034082	518.5549001
518.1003076	0.0	cv_transition	/intervals/trials	338	cv_transition_time	n/a	n/a	n/a	n/a	n/a	n/a	n/a	n/a	n/a	shaa	518.1003076	338	true	517.9034082	518.5549001
519.1310803	0.4518703999999616	trials	/intervals/trials	339	start_time	n/a	n/a	n/a	n/a	n/a	n/a	n/a	n/a	n/a	thaa	519.157394	339	true	519.1310803	519.5829507
519.157394	0.0	cv_transition	/intervals/trials	339	cv_transition_time	n/a	n/a	n/a	n/a	n/a	n/a	n/a	n/a	n/a	thaa	519.157394	339	true	519.1310803	519.5829507
520.161853	0.4282788000000437	trials	/intervals/trials	340	start_time	n/a	n/a	n/a	n/a	n/a	n/a	n/a	n/a	n/a	vaa	520.2063142	340	true	520.161853	520.5901318
520.2063142	0.0	cv_transition	/intervals/trials	340	cv_transition_time	n/a	n/a	n/a	n/a	n/a	n/a	n/a	n/a	n/a	vaa	520.2063142	340	true	520.161853	520.5901318
521.1998847	0.6088455000000295	trials	/intervals/trials	341	start_time	n/a	n/a	n/a	n/a	n/a	n/a	n/a	n/a	n/a	foo	521.3405271	341	true	521.1998847	521.8087302
521.3405271	0.0	cv_transition	/intervals/trials	341	cv_transition_time	n/a	n/a	n/a	n/a	n/a	n/a	n/a	n/a	n/a	foo	521.3405271	341	true	521.1998847	521.8087302
522.3921693	0.45912940000005165	trials	/intervals/trials	342	start_time	n/a	n/a	n/a	n/a	n/a	n/a	n/a	n/a	n/a	maa	522.4720179	342	true	522.3921693	522.8512987
522.4720179	0.0	cv_transition	/intervals/trials	342	cv_transition_time	n/a	n/a	n/a	n/a	n/a	n/a	n/a	n/a	n/a	maa	522.4720179	342	true	522.3921693	522.8512987
523.3421861	0.5616622999999663	trials	/intervals/trials	343	start_time	n/a	n/a	n/a	n/a	n/a	n/a	n/a	n/a	n/a	saa	523.510957	343	true	523.3421861	523.9038484
523.510957	0.0	cv_transition	/intervals/trials	343	cv_transition_time	n/a	n/a	n/a	n/a	n/a	n/a	n/a	n/a	n/a	saa	523.510957	343	true	523.3421861	523.9038484
524.5453592	0.4654809999999543	trials	/intervals/trials	344	start_time	n/a	n/a	n/a	n/a	n/a	n/a	n/a	n/a	n/a	too	524.6360962	344	true	524.5453592	525.0108402
524.6360962	0.0	cv_transition	/intervals/trials	344	cv_transition_time	n/a	n/a	n/a	n/a	n/a	n/a	n/a	n/a	n/a	too	524.6360962	344	true	524.5453592	525.0108402
525.610612	0.6006792000000587	trials	/intervals/trials	345	start_time	n/a	n/a	n/a	n/a	n/a	n/a	n/a	n/a	n/a	shee	525.8292883	345	true	525.610612	526.2112912
525.8292883	0.0	cv_transition	/intervals/trials	345	cv_transition_time	n/a	n/a	n/a	n/a	n/a	n/a	n/a	n/a	n/a	shee	525.8292883	345	true	525.610612	526.2112912
526.9834634	0.6015864999999394	trials	/intervals/trials	346	start_time	n/a	n/a	n/a	n/a	n/a	n/a	n/a	n/a	n/a	zee	527.1912512	346	true	526.9834634	527.5850499
527.1912512	0.0	cv_transition	/intervals/trials	346	cv_transition_time	n/a	n/a	n/a	n/a	n/a	n/a	n/a	n/a	n/a	zee	527.1912512	346	true	526.9834634	527.5850499
528.192988	0.4745546999999988	trials	/intervals/trials	347	start_time	n/a	n/a	n/a	n/a	n/a	n/a	n/a	n/a	n/a	dee	528.2383566	347	true	528.192988	528.6675427
528.2383566	0.0	cv_transition	/intervals/trials	347	cv_transition_time	n/a	n/a	n/a	n/a	n/a	n/a	n/a	n/a	n/a	dee	528.2383566	347	true	528.192988	528.6675427
529.3480705	0.510849500000063	trials	/intervals/trials	348	start_time	n/a	n/a	n/a	n/a	n/a	n/a	n/a	n/a	n/a	lee	529.4406223	348	true	529.3480705	529.85892
529.4406223	0.0	cv_transition	/intervals/trials	348	cv_transition_time	n/a	n/a	n/a	n/a	n/a	n/a	n/a	n/a	n/a	lee	529.4406223	348	true	529.3480705	529.85892
530.3942685	0.5534959000000299	trials	/intervals/trials	349	start_time	n/a	n/a	n/a	n/a	n/a	n/a	n/a	n/a	n/a	yaa	530.5149488	349	true	530.3942685	530.9477644
530.5149488	0.0	cv_transition	/intervals/trials	349	cv_transition_time	n/a	n/a	n/a	n/a	n/a	n/a	n/a	n/a	n/a	yaa	530.5149488	349	true	530.3942685	530.9477644
531.6137743	0.4709252000000106	trials	/intervals/trials	350	start_time	n/a	n/a	n/a	n/a	n/a	n/a	n/a	n/a	n/a	gaa	531.6464396	350	true	531.6137743	532.0846995
531.6464396	0.0	cv_transition	/intervals/trials	350	cv_transition_time	n/a	n/a	n/a	n/a	n/a	n/a	n/a	n/a	n/a	gaa	531.6464396	350	true	531.6137743	532.0846995
533.0456047	0.43463039999994635	trials	/intervals/trials	351	start_time	n/a	n/a	n/a	n/a	n/a	n/a	n/a	n/a	n/a	doo	533.085529	351	true	533.0456047	533.4802351
533.085529	0.0	cv_transition	/intervals/trials	351	cv_transition_time	n/a	n/a	n/a	n/a	n/a	n/a	n/a	n/a	n/a	doo	533.085529	351	true	533.0456047	533.4802351
533.9230318	0.47727689999999257	trials	/intervals/trials	352	start_time	n/a	n/a	n/a	n/a	n/a	n/a	n/a	n/a	n/a	woo	534.0128615	352	true	533.9230318	534.4003087
534.0128615	0.0	cv_transition	/intervals/trials	352	cv_transition_time	n/a	n/a	n/a	n/a	n/a	n/a	n/a	n/a	n/a	woo	534.0128615	352	true	533.9230318	534.4003087
534.8231432	0.4310010000000375	trials	/intervals/trials	353	start_time	n/a	n/a	n/a	n/a	n/a	n/a	n/a	n/a	n/a	taa	534.9265835	353	true	534.8231432	535.2541442
534.9265835	0.0	cv_transition	/intervals/trials	353	cv_transition_time	n/a	n/a	n/a	n/a	n/a	n/a	n/a	n/a	n/a	taa	534.9265835	353	true	534.8231432	535.2541442
535.6806082	0.4110387999999148	trials	/intervals/trials	354	start_time	n/a	n/a	n/a	n/a	n/a	n/a	n/a	n/a	n/a	tee	535.7749747	354	true	535.6806082	536.091647
535.7749747	0.0	cv_transition	/intervals/trials	354	cv_transition_time	n/a	n/a	n/a	n/a	n/a	n/a	n/a	n/a	n/a	tee	535.7749747	354	true	535.6806082	536.091647
536.3429886	0.47001779999993687	trials	/intervals/trials	355	start_time	n/a	n/a	n/a	n/a	n/a	n/a	n/a	n/a	n/a	ree	536.4137635	355	true	536.3429886	536.8130064
536.4137635	0.0	cv_transition	/intervals/trials	355	cv_transition_time	n/a	n/a	n/a	n/a	n/a	n/a	n/a	n/a	n/a	ree	536.4137635	355	true	536.3429886	536.8130064
537.3537992	0.4337229999999863	trials	/intervals/trials	356	start_time	n/a	n/a	n/a	n/a	n/a	n/a	n/a	n/a	n/a	koo	537.4681278	356	true	537.3537992	537.7875222
537.4681278	0.0	cv_transition	/intervals/trials	356	cv_transition_time	n/a	n/a	n/a	n/a	n/a	n/a	n/a	n/a	n/a	koo	537.4681278	356	true	537.3537992	537.7875222
538.8618487	0.37111449999997603	trials	/intervals/trials	357	start_time	n/a	n/a	n/a	n/a	n/a	n/a	n/a	n/a	n/a	hee	538.9471415	357	true	538.8618487	539.2329632
538.9471415	0.0	cv_transition	/intervals/trials	357	cv_transition_time	n/a	n/a	n/a	n/a	n/a	n/a	n/a	n/a	n/a	hee	538.9471415	357	true	538.8618487	539.2329632
539.5523575	0.5054053000000067	trials	/intervals/trials	358	start_time	n/a	n/a	n/a	n/a	n/a	n/a	n/a	n/a	n/a	vee	539.6621494	358	true	539.5523575	540.0577628
539.6621494	0.0	cv_transition	/intervals/trials	358	cv_transition_time	n/a	n/a	n/a	n/a	n/a	n/a	n/a	n/a	n/a	vee	539.6621494	358	true	539.5523575	540.0577628
541.2573064	0.5072201000000405	trials	/intervals/trials	359	start_time	n/a	n/a	n/a	n/a	n/a	n/a	n/a	n/a	n/a	fee	541.3943194	359	true	541.2573064	541.7645265
541.3943194	0.0	cv_transition	/intervals/trials	359	cv_transition_time	n/a	n/a	n/a	n/a	n/a	n/a	n/a	n/a	n/a	fee	541.3943194	359	true	541.2573064	541.7645265
542.226378	0.44914830000004713	trials	/intervals/trials	360	start_time	n/a	n/a	n/a	n/a	n/a	n/a	n/a	n/a	n/a	bee	542.2418033	360	true	542.226378	542.6755263
542.2418033	0.0	cv_transition	/intervals/trials	360	cv_transition_time	n/a	n/a	n/a	n/a	n/a	n/a	n/a	n/a	n/a	bee	542.2418033	360	true	542.226378	542.6755263
543.2135969	0.42555670000001555	trials	/intervals/trials	361	start_time	n/a	n/a	n/a	n/a	n/a	n/a	n/a	n/a	n/a	haa	543.3088708	361	true	543.2135969	543.6391536
543.3088708	0.0	cv_transition	/intervals/trials	361	cv_transition_time	n/a	n/a	n/a	n/a	n/a	n/a	n/a	n/a	n/a	haa	543.3088708	361	true	543.2135969	543.6391536
543.8823289	0.4319083000000319	trials	/intervals/trials	362	start_time	n/a	n/a	n/a	n/a	n/a	n/a	n/a	n/a	n/a	naa	543.9331416	362	true	543.8823289	544.3142372
543.9331416	0.0	cv_transition	/intervals/trials	362	cv_transition_time	n/a	n/a	n/a	n/a	n/a	n/a	n/a	n/a	n/a	naa	543.9331416	362	true	543.8823289	544.3142372
544.6808148	0.2976175000000012	trials	/intervals/trials	363	start_time	n/a	n/a	n/a	n/a	n/a	n/a	n/a	n/a	n/a	boo	544.6962401	363	true	544.6808148	544.9784323
544.6962401	0.0	cv_transition	/intervals/trials	363	cv_transition_time	n/a	n/a	n/a	n/a	n/a	n/a	n/a	n/a	n/a	boo	544.6962401	363	true	544.6808148	544.9784323
545.697977	0.5943275999999287	trials	/intervals/trials	364	start_time	n/a	n/a	n/a	n/a	n/a	n/a	n/a	n/a	n/a	soo	545.9756323	364	true	545.697977	546.2923046
545.9756323	0.0	cv_transition	/intervals/trials	364	cv_transition_time	n/a	n/a	n/a	n/a	n/a	n/a	n/a	n/a	n/a	soo	545.9756323	364	true	545.697977	546.2923046
546.7151391	0.3747439999999642	trials	/intervals/trials	365	start_time	n/a	n/a	n/a	n/a	n/a	n/a	n/a	n/a	n/a	gee	546.736916	365	true	546.7151391	547.0898831
546.736916	0.0	cv_transition	/intervals/trials	365	cv_transition_time	n/a	n/a	n/a	n/a	n/a	n/a	n/a	n/a	n/a	gee	546.736916	365	true	546.7151391	547.0898831
547.5807705	0.4328156000000263	trials	/intervals/trials	366	start_time	n/a	n/a	n/a	n/a	n/a	n/a	n/a	n/a	n/a	faa	547.6542675	366	true	547.5807705	548.0135861
547.6542675	0.0	cv_transition	/intervals/trials	366	cv_transition_time	n/a	n/a	n/a	n/a	n/a	n/a	n/a	n/a	n/a	faa	547.6542675	366	true	547.5807705	548.0135861
548.4119217	0.38744710000003124	trials	/intervals/trials	367	start_time	n/a	n/a	n/a	n/a	n/a	n/a	n/a	n/a	n/a	nee	548.4609197	367	true	548.4119217	548.7993688
548.4609197	0.0	cv_transition	/intervals/trials	367	cv_transition_time	n/a	n/a	n/a	n/a	n/a	n/a	n/a	n/a	n/a	nee	548.4609197	367	true	548.4119217	548.7993688
549.2149445	0.4446113999999852	trials	/intervals/trials	368	start_time	n/a	n/a	n/a	n/a	n/a	n/a	n/a	n/a	n/a	raa	549.2757383	368	true	549.2149445	549.6595559
549.2757383	0.0	cv_transition	/intervals/trials	368	cv_transition_time	n/a	n/a	n/a	n/a	n/a	n/a	n/a	n/a	n/a	raa	549.2757383	368	true	549.2149445	549.6595559
551.1421991	0.4037798000000521	trials	/intervals/trials	369	start_time	n/a	n/a	n/a	n/a	n/a	n/a	n/a	n/a	n/a	paa	551.2429172	369	true	551.1421991	551.5459789
551.2429172	0.0	cv_transition	/intervals/trials	369	cv_transition_time	n/a	n/a	n/a	n/a	n/a	n/a	n/a	n/a	n/a	paa	551.2429172	369	true	551.1421991	551.5459789
552.014182	0.4455189000000246	trials	/intervals/trials	370	start_time	n/a	n/a	n/a	n/a	n/a	n/a	n/a	n/a	n/a	yoo	552.0885864	370	true	552.014182	552.4597009
552.0885864	0.0	cv_transition	/intervals/trials	370	cv_transition_time	n/a	n/a	n/a	n/a	n/a	n/a	n/a	n/a	n/a	yoo	552.0885864	370	true	552.014182	552.4597009
553.858866	0.4582219999999779	trials	/intervals/trials	371	start_time	n/a	n/a	n/a	n/a	n/a	n/a	n/a	n/a	n/a	kaa	553.956862	371	true	553.858866	554.317088
553.956862	0.0	cv_transition	/intervals/trials	371	cv_transition_time	n/a	n/a	n/a	n/a	n/a	n/a	n/a	n/a	n/a	kaa	553.956862	371	true	553.858866	554.317088
554.6519077	0.44370409999999083	trials	/intervals/trials	372	start_time	n/a	n/a	n/a	n/a	n/a	n/a	n/a	n/a	n/a	waa	554.7462742	372	true	554.6519077	555.0956118
554.7462742	0.0	cv_transition	/intervals/trials	372	cv_transition_time	n/a	n/a	n/a	n/a	n/a	n/a	n/a	n/a	n/a	waa	554.7462742	372	true	554.6519077	555.0956118
555.468541	0.3466154000000188	trials	/intervals/trials	373	start_time	n/a	n/a	n/a	n/a	n/a	n/a	n/a	n/a	n/a	daa	555.4912252	373	true	555.468541	555.8151564
555.4912252	0.0	cv_transition	/intervals/trials	373	cv_transition_time	n/a	n/a	n/a	n/a	n/a	n/a	n/a	n/a	n/a	daa	555.4912252	373	true	555.468541	555.8151564
560.1053798	0.20227349999993294	trials	/intervals/trials	374	start_time	n/a	n/a	n/a	n/a	n/a	n/a	n/a	n/a	n/a	doo	560.1307774	374	true	560.1053798	560.3076533
560.1307774	0.0	cv_transition	/intervals/trials	374	cv_transition_time	n/a	n/a	n/a	n/a	n/a	n/a	n/a	n/a	n/a	doo	560.1307774	374	true	560.1053798	560.3076533
562.0392236	0.30114259999993465	trials	/intervals/trials	375	start_time	n/a	n/a	n/a	n/a	n/a	n/a	n/a	n/a	n/a	doo	562.0528294	375	true	562.0392236	562.3403662
562.0528294	0.0	cv_transition	/intervals/trials	375	cv_transition_time	n/a	n/a	n/a	n/a	n/a	n/a	n/a	n/a	n/a	doo	562.0528294	375	true	562.0392236	562.3403662
563.2465154	0.349216599999977	trials	/intervals/trials	376	start_time	n/a	n/a	n/a	n/a	n/a	n/a	n/a	n/a	n/a	doo	563.2682847	376	true	563.2465154	563.595732
563.2682847	0.0	cv_transition	/intervals/trials	376	cv_transition_time	n/a	n/a	n/a	n/a	n/a	n/a	n/a	n/a	n/a	doo	563.2682847	376	true	563.2465154	563.595732
564.3050499	0.37733539999999266	trials	/intervals/trials	377	start_time	n/a	n/a	n/a	n/a	n/a	n/a	n/a	n/a	n/a	doo	564.3277263	377	true	564.3050499	564.6823853
564.3277263	0.0	cv_transition	/intervals/trials	377	cv_transition_time	n/a	n/a	n/a	n/a	n/a	n/a	n/a	n/a	n/a	doo	564.3277263	377	true	564.3050499	564.6823853
565.0752821832564	0.37903039367176916	invalid_times	/intervals/invalid_times	25	start_time	n/a	n/a	n/a	n/a	25	565.0752821832564	565.4543125769281	"[""ECoG artifact""]"	"[{""idx_start"":1724472,""count"":1157,""timeseries"":""/acquisition/ElectricalSeries""}]"	n/a	n/a	n/a	n/a	n/a	n/a
565.2465743	0.37189300000000003	trials	/intervals/trials	378	start_time	n/a	n/a	n/a	n/a	n/a	n/a	n/a	n/a	n/a	doo	565.2683436	378	true	565.2465743	565.6184673
565.2683436	0.0	cv_transition	/intervals/trials	378	cv_transition_time	n/a	n/a	n/a	n/a	n/a	n/a	n/a	n/a	n/a	doo	565.2683436	378	true	565.2465743	565.6184673
566.1028353	0.22767109999995228	trials	/intervals/trials	379	start_time	n/a	n/a	n/a	n/a	n/a	n/a	n/a	n/a	n/a	doo	566.1291399	379	true	566.1028353	566.3305064
566.1291399	0.0	cv_transition	/intervals/trials	379	cv_transition_time	n/a	n/a	n/a	n/a	n/a	n/a	n/a	n/a	n/a	doo	566.1291399	379	true	566.1028353	566.3305064
577.1217538	0.3582872000000634	trials	/intervals/trials	380	start_time	n/a	n/a	n/a	n/a	n/a	n/a	n/a	n/a	n/a	noo	577.1906901	380	true	577.1217538	577.480041
577.1906901	0.0	cv_transition	/intervals/trials	380	cv_transition_time	n/a	n/a	n/a	n/a	n/a	n/a	n/a	n/a	n/a	noo	577.1906901	380	true	577.1217538	577.480041
579.158095	0.3737071000000469	trials	/intervals/trials	381	start_time	n/a	n/a	n/a	n/a	n/a	n/a	n/a	n/a	n/a	noo	579.2161465	381	true	579.158095	579.5318021
579.2161465	0.0	cv_transition	/intervals/trials	381	cv_transition_time	n/a	n/a	n/a	n/a	n/a	n/a	n/a	n/a	n/a	noo	579.2161465	381	true	579.158095	579.5318021
580.5848943	0.37552130000005945	trials	/intervals/trials	382	start_time	n/a	n/a	n/a	n/a	n/a	n/a	n/a	n/a	n/a	noo	580.6483883	382	true	580.5848943	580.9604156
580.6483883	0.0	cv_transition	/intervals/trials	382	cv_transition_time	n/a	n/a	n/a	n/a	n/a	n/a	n/a	n/a	n/a	noo	580.6483883	382	true	580.5848943	580.9604156
581.8620294	0.44173639999996794	trials	/intervals/trials	383	start_time	n/a	n/a	n/a	n/a	n/a	n/a	n/a	n/a	n/a	noo	581.9590845	383	true	581.8620294	582.3037658
581.9590845	0.0	cv_transition	/intervals/trials	383	cv_transition_time	n/a	n/a	n/a	n/a	n/a	n/a	n/a	n/a	n/a	noo	581.9590845	383	true	581.8620294	582.3037658
588.5415912	0.5841442000000825	trials	/intervals/trials	384	start_time	n/a	n/a	n/a	n/a	n/a	n/a	n/a	n/a	n/a	yoo	588.6468097	384	true	588.5415912	589.1257354
588.6468097	0.0	cv_transition	/intervals/trials	384	cv_transition_time	n/a	n/a	n/a	n/a	n/a	n/a	n/a	n/a	n/a	yoo	588.6468097	384	true	588.5415912	589.1257354
590.1670359	0.456249200000002	trials	/intervals/trials	385	start_time	n/a	n/a	n/a	n/a	n/a	n/a	n/a	n/a	n/a	yoo	590.2314369	385	true	590.1670359	590.6232851
590.2314369	0.0	cv_transition	/intervals/trials	385	cv_transition_time	n/a	n/a	n/a	n/a	n/a	n/a	n/a	n/a	n/a	yoo	590.2314369	385	true	590.1670359	590.6232851
591.7389642	0.5097655999999233	trials	/intervals/trials	386	start_time	n/a	n/a	n/a	n/a	n/a	n/a	n/a	n/a	n/a	yoo	591.7806888	386	true	591.7389642	592.2487298
591.7806888	0.0	cv_transition	/intervals/trials	386	cv_transition_time	n/a	n/a	n/a	n/a	n/a	n/a	n/a	n/a	n/a	yoo	591.7806888	386	true	591.7389642	592.2487298
593.2519339	0.4118035999999847	trials	/intervals/trials	387	start_time	n/a	n/a	n/a	n/a	n/a	n/a	n/a	n/a	n/a	yoo	593.2945656	387	true	593.2519339	593.6637375
593.2945656	0.0	cv_transition	/intervals/trials	387	cv_transition_time	n/a	n/a	n/a	n/a	n/a	n/a	n/a	n/a	n/a	yoo	593.2945656	387	true	593.2519339	593.6637375
594.4927868	0.3274473000000171	trials	/intervals/trials	388	start_time	n/a	n/a	n/a	n/a	n/a	n/a	n/a	n/a	n/a	yoo	594.5290691	388	true	594.4927868	594.8202341
594.5290691	0.0	cv_transition	/intervals/trials	388	cv_transition_time	n/a	n/a	n/a	n/a	n/a	n/a	n/a	n/a	n/a	yoo	594.5290691	388	true	594.4927868	594.8202341
606.0	57.0	epochs	/intervals/epochs	0	start_time	0	rest_period	606.0	663.0	n/a	n/a	n/a	n/a	n/a	n/a	n/a	n/a	n/a	n/a	n/a
609.7361791071853	0.2801528996703837	invalid_times	/intervals/invalid_times	26	start_time	n/a	n/a	n/a	n/a	26	609.7361791071853	610.0163320068557	"[""ECoG artifact""]"	"[{""idx_start"":1860767,""count"":855,""timeseries"":""/acquisition/ElectricalSeries""}]"	n/a	n/a	n/a	n/a	n/a	n/a
609.9012993684671	0.04324752405261734	invalid_times	/intervals/invalid_times	2	start_time	n/a	n/a	n/a	n/a	2	609.9012993684671	609.9445468925197	"[""ECoG artifact""]"	"[{""idx_start"":1861271,""count"":132,""timeseries"":""/acquisition/ElectricalSeries""}]"	n/a	n/a	n/a	n/a	n/a	n/a
611.972069546453	0.6833108800307173	invalid_times	/intervals/invalid_times	3	start_time	n/a	n/a	n/a	n/a	3	611.972069546453	612.6553804264837	"[""ECoG artifact""]"	"[{""idx_start"":1867590,""count"":2085,""timeseries"":""/acquisition/ElectricalSeries""}]"	n/a	n/a	n/a	n/a	n/a	n/a
614.7576635372861	1.7874471639535159	invalid_times	/intervals/invalid_times	4	start_time	n/a	n/a	n/a	n/a	4	614.7576635372861	616.5451107012397	"[""ECoG artifact""]"	"[{""idx_start"":1876091,""count"":5455,""timeseries"":""/acquisition/ElectricalSeries""}]"	n/a	n/a	n/a	n/a	n/a	n/a
619.6738858094184	0.8563009762409592	invalid_times	/intervals/invalid_times	5	start_time	n/a	n/a	n/a	n/a	5	619.6738858094184	620.5301867856593	"[""ECoG artifact""]"	"[{""idx_start"":1891094,""count"":2613,""timeseries"":""/acquisition/ElectricalSeries""}]"	n/a	n/a	n/a	n/a	n/a	n/a
623.4630242764265	4.81489101118666	invalid_times	/intervals/invalid_times	6	start_time	n/a	n/a	n/a	n/a	6	623.4630242764265	628.2779152876132	"[""ECoG artifact""]"	"[{""idx_start"":1902658,""count"":14694,""timeseries"":""/acquisition/ElectricalSeries""}]"	n/a	n/a	n/a	n/a	n/a	n/a
631.1870675955175	22.80811563876057	invalid_times	/intervals/invalid_times	27	start_time	n/a	n/a	n/a	n/a	27	631.1870675955175	653.9951832342781	"[""ECoG artifact""]"	"[{""idx_start"":1926230,""count"":69604,""timeseries"":""/acquisition/ElectricalSeries""}]"	n/a	n/a	n/a	n/a	n/a	n/a
643.4456741487253	3.1830177702695437	invalid_times	/intervals/invalid_times	7	start_time	n/a	n/a	n/a	n/a	7	643.4456741487253	646.6286919189948	"[""ECoG artifact""]"	"[{""idx_start"":1963640,""count"":9714,""timeseries"":""/acquisition/ElectricalSeries""}]"	n/a	n/a	n/a	n/a	n/a	n/a
