onset	duration	trial_type	source_table	source_row	source_onset_column	nwb_epochs_id	nwb_epochs_label	nwb_epochs_start_time	nwb_epochs_stop_time	nwb_trials_condition	nwb_trials_cv_transition_time	nwb_trials_id	nwb_trials_speak	nwb_trials_start_time	nwb_trials_stop_time
0.0	4.1	epochs	/intervals/epochs	0	start_time	0	rest_period	0.0	4.1	n/a	n/a	n/a	n/a	n/a	n/a
5.2434979	0.3327485999999995	trials	/intervals/trials	0	start_time	n/a	n/a	n/a	n/a	baa	5.2527839	0	true	5.2434979	5.5762465
5.2527839	0.0	cv_transition	/intervals/trials	0	cv_transition_time	n/a	n/a	n/a	n/a	baa	5.2527839	0	true	5.2434979	5.5762465
6.1310853	0.4248348000000002	trials	/intervals/trials	1	start_time	n/a	n/a	n/a	n/a	daa	6.1543003	1	true	6.1310853	6.5559201
6.1543003	0.0	cv_transition	/intervals/trials	1	cv_transition_time	n/a	n/a	n/a	n/a	daa	6.1543003	1	true	6.1310853	6.5559201
7.0651027	0.43876380000000026	trials	/intervals/trials	2	start_time	n/a	n/a	n/a	n/a	gaa	7.0937346	2	true	7.0651027	7.5038665
7.0937346	0.0	cv_transition	/intervals/trials	2	cv_transition_time	n/a	n/a	n/a	n/a	gaa	7.0937346	2	true	7.0651027	7.5038665
7.9581069	0.37995239999999963	trials	/intervals/trials	3	start_time	n/a	n/a	n/a	n/a	paa	7.9921556	3	true	7.9581069	8.3380593
7.9921556	0.0	cv_transition	/intervals/trials	3	cv_transition_time	n/a	n/a	n/a	n/a	paa	7.9921556	3	true	7.9581069	8.3380593
8.856528	0.40548889999999993	trials	/intervals/trials	4	start_time	n/a	n/a	n/a	n/a	taa	8.926173	4	true	8.856528	9.2620169
8.926173	0.0	cv_transition	/intervals/trials	4	cv_transition_time	n/a	n/a	n/a	n/a	taa	8.926173	4	true	8.856528	9.2620169
9.7967361	0.4689432999999994	trials	/intervals/trials	5	start_time	n/a	n/a	n/a	n/a	kaa	9.9213233	5	true	9.7967361	10.2656794
9.9213233	0.0	cv_transition	/intervals/trials	5	cv_transition_time	n/a	n/a	n/a	n/a	kaa	9.9213233	5	true	9.7967361	10.2656794
10.7253367	0.43566840000000084	trials	/intervals/trials	6	start_time	n/a	n/a	n/a	n/a	maa	10.8267089	6	true	10.7253367	11.1610051
10.8267089	0.0	cv_transition	/intervals/trials	6	cv_transition_time	n/a	n/a	n/a	n/a	maa	10.8267089	6	true	10.7253367	11.1610051
11.6477466	0.4310254000000011	trials	/intervals/trials	7	start_time	n/a	n/a	n/a	n/a	naa	11.7460235	7	true	11.6477466	12.078772
11.7460235	0.0	cv_transition	/intervals/trials	7	cv_transition_time	n/a	n/a	n/a	n/a	naa	11.7460235	7	true	11.6477466	12.078772
12.4935469	0.5525173999999993	trials	/intervals/trials	8	start_time	n/a	n/a	n/a	n/a	shaa	12.6599212	8	true	12.4935469	13.0460643
12.6599212	0.0	cv_transition	/intervals/trials	8	cv_transition_time	n/a	n/a	n/a	n/a	shaa	12.6599212	8	true	12.4935469	13.0460643
13.424469	0.5501957999999991	trials	/intervals/trials	9	start_time	n/a	n/a	n/a	n/a	saa	13.624892	9	true	13.424469	13.9746648
13.624892	0.0	cv_transition	/intervals/trials	9	cv_transition_time	n/a	n/a	n/a	n/a	saa	13.624892	9	true	13.424469	13.9746648
14.4706923	0.47977700000000034	trials	/intervals/trials	10	start_time	n/a	n/a	n/a	n/a	paa	14.5991487	10	true	14.4706923	14.9504693
14.5991487	0.0	cv_transition	/intervals/trials	10	cv_transition_time	n/a	n/a	n/a	n/a	paa	14.5991487	10	true	14.4706923	14.9504693
15.3884592	0.5037658	trials	/intervals/trials	11	start_time	n/a	n/a	n/a	n/a	haa	15.5447736	11	true	15.3884592	15.892225
15.5447736	0.0	cv_transition	/intervals/trials	11	cv_transition_time	n/a	n/a	n/a	n/a	haa	15.5447736	11	true	15.3884592	15.892225
17.2626847	0.47203859999999764	trials	/intervals/trials	12	start_time	n/a	n/a	n/a	n/a	raa	17.3756644	12	true	17.2626847	17.7347233
17.3756644	0.0	cv_transition	/intervals/trials	12	cv_transition_time	n/a	n/a	n/a	n/a	raa	17.3756644	12	true	17.2626847	17.7347233
18.1255094	0.49293220000000204	trials	/intervals/trials	13	start_time	n/a	n/a	n/a	n/a	laa	18.2516443	13	true	18.1255094	18.6184416
18.2516443	0.0	cv_transition	/intervals/trials	13	cv_transition_time	n/a	n/a	n/a	n/a	laa	18.2516443	13	true	18.1255094	18.6184416
19.0007155	0.4906106000000001	trials	/intervals/trials	14	start_time	n/a	n/a	n/a	n/a	yaa	19.1013138	14	true	19.0007155	19.4913261
19.1013138	0.0	cv_transition	/intervals/trials	14	cv_transition_time	n/a	n/a	n/a	n/a	yaa	19.1013138	14	true	19.0007155	19.4913261
19.9680077	0.42251329999999854	trials	/intervals/trials	15	start_time	n/a	n/a	n/a	n/a	waa	20.0306883	15	true	19.9680077	20.390521
20.0306883	0.0	cv_transition	/intervals/trials	15	cv_transition_time	n/a	n/a	n/a	n/a	waa	20.0306883	15	true	19.9680077	20.390521
20.8277371	0.47513389999999944	trials	/intervals/trials	16	start_time	n/a	n/a	n/a	n/a	faa	20.9469075	16	true	20.8277371	21.302871
20.9469075	0.0	cv_transition	/intervals/trials	16	cv_transition_time	n/a	n/a	n/a	n/a	faa	20.9469075	16	true	20.8277371	21.302871
21.7524685	0.44340680000000177	trials	/intervals/trials	17	start_time	n/a	n/a	n/a	n/a	zaa	21.8708651	17	true	21.7524685	22.1958753
21.8708651	0.0	cv_transition	/intervals/trials	17	cv_transition_time	n/a	n/a	n/a	n/a	zaa	21.8708651	17	true	21.7524685	22.1958753
22.7197608	0.3281054999999995	trials	/intervals/trials	18	start_time	n/a	n/a	n/a	n/a	bee	22.7367851	18	true	22.7197608	23.0478663
22.7367851	0.0	cv_transition	/intervals/trials	18	cv_transition_time	n/a	n/a	n/a	n/a	bee	22.7367851	18	true	22.7197608	23.0478663
23.663838	0.38614310000000174	trials	/intervals/trials	19	start_time	n/a	n/a	n/a	n/a	dee	23.7002082	19	true	23.663838	24.0499811
23.7002082	0.0	cv_transition	/intervals/trials	19	cv_transition_time	n/a	n/a	n/a	n/a	dee	23.7002082	19	true	23.663838	24.0499811
24.5630329	0.4109058000000019	trials	/intervals/trials	20	start_time	n/a	n/a	n/a	n/a	gee	24.6218443	20	true	24.5630329	24.9739387
24.6218443	0.0	cv_transition	/intervals/trials	20	cv_transition_time	n/a	n/a	n/a	n/a	gee	24.6218443	20	true	24.5630329	24.9739387
25.4297268	0.38149999999999906	trials	/intervals/trials	21	start_time	n/a	n/a	n/a	n/a	pee	25.4684185	21	true	25.4297268	25.8112268
25.4684185	0.0	cv_transition	/intervals/trials	21	cv_transition_time	n/a	n/a	n/a	n/a	pee	25.4684185	21	true	25.4297268	25.8112268
26.3823162	0.38691689999999923	trials	/intervals/trials	22	start_time	n/a	n/a	n/a	n/a	tee	26.4271986	22	true	26.3823162	26.7692331
26.4271986	0.0	cv_transition	/intervals/trials	22	cv_transition_time	n/a	n/a	n/a	n/a	tee	26.4271986	22	true	26.3823162	26.7692331
27.3302626	0.3992982999999981	trials	/intervals/trials	23	start_time	n/a	n/a	n/a	n/a	kee	27.3960385	23	true	27.3302626	27.7295609
27.3960385	0.0	cv_transition	/intervals/trials	23	cv_transition_time	n/a	n/a	n/a	n/a	kee	27.3960385	23	true	27.3302626	27.7295609
28.185349	0.4526928000000012	trials	/intervals/trials	24	start_time	n/a	n/a	n/a	n/a	mee	28.3138054	24	true	28.185349	28.6380418
28.3138054	0.0	cv_transition	/intervals/trials	24	cv_transition_time	n/a	n/a	n/a	n/a	mee	28.3138054	24	true	28.185349	28.6380418
29.0388877	0.49912279999999853	trials	/intervals/trials	25	start_time	n/a	n/a	n/a	n/a	nee	29.1828208	25	true	29.0388877	29.5380105
29.1828208	0.0	cv_transition	/intervals/trials	25	cv_transition_time	n/a	n/a	n/a	n/a	nee	29.1828208	25	true	29.0388877	29.5380105
29.9241536	0.5710893000000006	trials	/intervals/trials	26	start_time	n/a	n/a	n/a	n/a	shee	30.1338625	26	true	29.9241536	30.4952429
30.1338625	0.0	cv_transition	/intervals/trials	26	cv_transition_time	n/a	n/a	n/a	n/a	shee	30.1338625	26	true	29.9241536	30.4952429
30.8558495	0.5370405999999974	trials	/intervals/trials	27	start_time	n/a	n/a	n/a	n/a	see	31.0640108	27	true	30.8558495	31.3928901
31.0640108	0.0	cv_transition	/intervals/trials	27	cv_transition_time	n/a	n/a	n/a	n/a	see	31.0640108	27	true	30.8558495	31.3928901
32.6867403	0.5060873000000043	trials	/intervals/trials	28	start_time	n/a	n/a	n/a	n/a	hee	32.8422809	28	true	32.6867403	33.1928276
32.8422809	0.0	cv_transition	/intervals/trials	28	cv_transition_time	n/a	n/a	n/a	n/a	hee	32.8422809	28	true	32.6867403	33.1928276
33.5921258	0.4635265000000004	trials	/intervals/trials	29	start_time	n/a	n/a	n/a	n/a	vee	33.7082009	29	true	33.5921258	34.0556523
33.7082009	0.0	cv_transition	/intervals/trials	29	cv_transition_time	n/a	n/a	n/a	n/a	vee	33.7082009	29	true	33.5921258	34.0556523
34.5215002	0.4434067999999982	trials	/intervals/trials	30	start_time	n/a	n/a	n/a	n/a	ree	34.606622	30	true	34.5215002	34.964907
34.606622	0.0	cv_transition	/intervals/trials	30	cv_transition_time	n/a	n/a	n/a	n/a	ree	34.606622	30	true	34.5215002	34.964907
35.4145045	0.46739560000000324	trials	/intervals/trials	31	start_time	n/a	n/a	n/a	n/a	lee	35.5313534	31	true	35.4145045	35.8819001
35.5313534	0.0	cv_transition	/intervals/trials	31	cv_transition_time	n/a	n/a	n/a	n/a	lee	35.5313534	31	true	35.4145045	35.8819001
36.305961	0.46662179999999864	trials	/intervals/trials	32	start_time	n/a	n/a	n/a	n/a	yee	36.4421558	32	true	36.305961	36.7725828
36.4421558	0.0	cv_transition	/intervals/trials	32	cv_transition_time	n/a	n/a	n/a	n/a	yee	36.4421558	32	true	36.305961	36.7725828
37.2631935	0.41322720000000146	trials	/intervals/trials	33	start_time	n/a	n/a	n/a	n/a	wee	37.3421245	33	true	37.2631935	37.6764207
37.3421245	0.0	cv_transition	/intervals/trials	33	cv_transition_time	n/a	n/a	n/a	n/a	wee	37.3421245	33	true	37.2631935	37.6764207
38.1515547	0.4503711999999993	trials	/intervals/trials	34	start_time	n/a	n/a	n/a	n/a	fee	38.2730466	34	true	38.1515547	38.6019259
38.2730466	0.0	cv_transition	/intervals/trials	34	cv_transition_time	n/a	n/a	n/a	n/a	fee	38.2730466	34	true	38.1515547	38.6019259
39.0608094	0.46120500000000675	trials	/intervals/trials	35	start_time	n/a	n/a	n/a	n/a	zee	39.2039687	35	true	39.0608094	39.5220144
39.2039687	0.0	cv_transition	/intervals/trials	35	cv_transition_time	n/a	n/a	n/a	n/a	zee	39.2039687	35	true	39.0608094	39.5220144
40.0582812	0.2925091999999978	trials	/intervals/trials	36	start_time	n/a	n/a	n/a	n/a	boo	40.0760794	36	true	40.0582812	40.3507904
40.0760794	0.0	cv_transition	/intervals/trials	36	cv_transition_time	n/a	n/a	n/a	n/a	boo	40.0760794	36	true	40.0582812	40.3507904
40.9342611	0.3366176999999979	trials	/intervals/trials	37	start_time	n/a	n/a	n/a	n/a	doo	40.9613452	37	true	40.9342611	41.2708788
40.9613452	0.0	cv_transition	/intervals/trials	37	cv_transition_time	n/a	n/a	n/a	n/a	doo	40.9613452	37	true	40.9342611	41.2708788
41.8133363	0.3381653	trials	/intervals/trials	38	start_time	n/a	n/a	n/a	n/a	goo	41.852028	38	true	41.8133363	42.1515016
41.852028	0.0	cv_transition	/intervals/trials	38	cv_transition_time	n/a	n/a	n/a	n/a	goo	41.852028	38	true	41.8133363	42.1515016
42.6537198	0.38382160000000454	trials	/intervals/trials	39	start_time	n/a	n/a	n/a	n/a	poo	42.6916377	39	true	42.6537198	43.0375414
42.6916377	0.0	cv_transition	/intervals/trials	39	cv_transition_time	n/a	n/a	n/a	n/a	poo	42.6916377	39	true	42.6537198	43.0375414
43.5405333	0.41709649999999954	trials	/intervals/trials	40	start_time	n/a	n/a	n/a	n/a	too	43.6155952	40	true	43.5405333	43.9576298
43.6155952	0.0	cv_transition	/intervals/trials	40	cv_transition_time	n/a	n/a	n/a	n/a	too	43.6155952	40	true	43.5405333	43.9576298
44.4482404	0.408584299999994	trials	/intervals/trials	41	start_time	n/a	n/a	n/a	n/a	koo	44.5271715	41	true	44.4482404	44.8568247
44.5271715	0.0	cv_transition	/intervals/trials	41	cv_transition_time	n/a	n/a	n/a	n/a	koo	44.5271715	41	true	44.4482404	44.8568247
45.3969607	0.3915598999999972	trials	/intervals/trials	42	start_time	n/a	n/a	n/a	n/a	moo	45.4960114	42	true	45.3969607	45.7885206
45.4960114	0.0	cv_transition	/intervals/trials	42	cv_transition_time	n/a	n/a	n/a	n/a	moo	45.4960114	42	true	45.3969607	45.7885206
46.3271089	0.4217393999999999	trials	/intervals/trials	43	start_time	n/a	n/a	n/a	n/a	noo	46.4168736	43	true	46.3271089	46.7488483
46.4168736	0.0	cv_transition	/intervals/trials	43	cv_transition_time	n/a	n/a	n/a	n/a	noo	46.4168736	43	true	46.3271089	46.7488483
47.1489204	0.5687678999999974	trials	/intervals/trials	44	start_time	n/a	n/a	n/a	n/a	shoo	47.3717846	44	true	47.1489204	47.7176883
47.3717846	0.0	cv_transition	/intervals/trials	44	cv_transition_time	n/a	n/a	n/a	n/a	shoo	47.3717846	44	true	47.1489204	47.7176883
48.1022837	0.47590780000000166	trials	/intervals/trials	45	start_time	n/a	n/a	n/a	n/a	soo	48.2709794	45	true	48.1022837	48.5781915
48.2709794	0.0	cv_transition	/intervals/trials	45	cv_transition_time	n/a	n/a	n/a	n/a	soo	48.2709794	45	true	48.1022837	48.5781915
49.949425	0.49602750000000384	trials	/intervals/trials	46	start_time	n/a	n/a	n/a	n/a	hoo	50.1390143	46	true	49.949425	50.4454525
50.1390143	0.0	cv_transition	/intervals/trials	46	cv_transition_time	n/a	n/a	n/a	n/a	hoo	50.1390143	46	true	49.949425	50.4454525
50.9910053	0.4534666000000058	trials	/intervals/trials	47	start_time	n/a	n/a	n/a	n/a	voo	51.0877345	47	true	50.9910053	51.4444719
51.0877345	0.0	cv_transition	/intervals/trials	47	cv_transition_time	n/a	n/a	n/a	n/a	voo	51.0877345	47	true	50.9910053	51.4444719
51.9327611	0.4116794999999982	trials	/intervals/trials	48	start_time	n/a	n/a	n/a	n/a	roo	52.0163351	48	true	51.9327611	52.3444406
52.0163351	0.0	cv_transition	/intervals/trials	48	cv_transition_time	n/a	n/a	n/a	n/a	roo	52.0163351	48	true	51.9327611	52.3444406
52.8868981	0.38304779999999994	trials	/intervals/trials	49	start_time	n/a	n/a	n/a	n/a	loo	52.9936872	49	true	52.8868981	53.2699459
52.9936872	0.0	cv_transition	/intervals/trials	49	cv_transition_time	n/a	n/a	n/a	n/a	loo	52.9936872	49	true	52.8868981	53.2699459
53.7729379	0.4348945999999998	trials	/intervals/trials	50	start_time	n/a	n/a	n/a	n/a	yoo	53.8402614	50	true	53.7729379	54.2078325
53.8402614	0.0	cv_transition	/intervals/trials	50	cv_transition_time	n/a	n/a	n/a	n/a	yoo	53.8402614	50	true	53.7729379	54.2078325
54.7440993	0.45114509999999797	trials	/intervals/trials	51	start_time	n/a	n/a	n/a	n/a	woo	54.871008	51	true	54.7440993	55.1952444
54.871008	0.0	cv_transition	/intervals/trials	51	cv_transition_time	n/a	n/a	n/a	n/a	woo	54.871008	51	true	54.7440993	55.1952444
55.6665092	0.4503713000000005	trials	/intervals/trials	52	start_time	n/a	n/a	n/a	n/a	foo	55.825919	52	true	55.6665092	56.1168805
55.825919	0.0	cv_transition	/intervals/trials	52	cv_transition_time	n/a	n/a	n/a	n/a	foo	55.825919	52	true	55.6665092	56.1168805
56.5332031	0.4975750999999988	trials	/intervals/trials	53	start_time	n/a	n/a	n/a	n/a	zoo	56.6949343	53	true	56.5332031	57.0307782
56.6949343	0.0	cv_transition	/intervals/trials	53	cv_transition_time	n/a	n/a	n/a	n/a	zoo	56.6949343	53	true	56.5332031	57.0307782
57.6490714	0.36834490000000386	trials	/intervals/trials	54	start_time	n/a	n/a	n/a	n/a	baa	57.6699649	54	true	57.6490714	58.0174163
57.6699649	0.0	cv_transition	/intervals/trials	54	cv_transition_time	n/a	n/a	n/a	n/a	baa	57.6699649	54	true	57.6490714	58.0174163
58.5389803	0.4109058000000019	trials	/intervals/trials	55	start_time	n/a	n/a	n/a	n/a	daa	58.5567785	55	true	58.5389803	58.9498861
58.5567785	0.0	cv_transition	/intervals/trials	55	cv_transition_time	n/a	n/a	n/a	n/a	daa	58.5567785	55	true	58.5389803	58.9498861
59.443592	0.38846459999999894	trials	/intervals/trials	56	start_time	n/a	n/a	n/a	n/a	gaa	59.4691286	56	true	59.443592	59.8320566
59.4691286	0.0	cv_transition	/intervals/trials	56	cv_transition_time	n/a	n/a	n/a	n/a	gaa	59.4691286	56	true	59.443592	59.8320566
60.3211196	0.4054888999999946	trials	/intervals/trials	57	start_time	n/a	n/a	n/a	n/a	paa	60.3489776	57	true	60.3211196	60.7266085
60.3489776	0.0	cv_transition	/intervals/trials	57	cv_transition_time	n/a	n/a	n/a	n/a	paa	60.3489776	57	true	60.3211196	60.7266085
61.1738845	0.4023935000000023	trials	/intervals/trials	58	start_time	n/a	n/a	n/a	n/a	taa	61.2195406	58	true	61.1738845	61.576278
61.2195406	0.0	cv_transition	/intervals/trials	58	cv_transition_time	n/a	n/a	n/a	n/a	taa	61.2195406	58	true	61.1738845	61.576278
62.1535581	0.3482252000000017	trials	/intervals/trials	59	start_time	n/a	n/a	n/a	n/a	gaa	62.1945713	59	true	62.1535581	62.5017833
62.1945713	0.0	cv_transition	/intervals/trials	59	cv_transition_time	n/a	n/a	n/a	n/a	gaa	62.1945713	59	true	62.1535581	62.5017833
64.468095	0.40394119999999134	trials	/intervals/trials	60	start_time	n/a	n/a	n/a	n/a	naa	64.5462522	60	true	64.468095	64.8720362
64.5462522	0.0	cv_transition	/intervals/trials	60	cv_transition_time	n/a	n/a	n/a	n/a	naa	64.5462522	60	true	64.468095	64.8720362
65.2295475	0.5076348999999993	trials	/intervals/trials	61	start_time	n/a	n/a	n/a	n/a	shaa	65.3912787	61	true	65.2295475	65.7371824
65.3912787	0.0	cv_transition	/intervals/trials	61	cv_transition_time	n/a	n/a	n/a	n/a	shaa	65.3912787	61	true	65.2295475	65.7371824
66.1767201	0.5463266000000004	trials	/intervals/trials	62	start_time	n/a	n/a	n/a	n/a	saa	66.363214	62	true	66.1767201	66.7230467
66.363214	0.0	cv_transition	/intervals/trials	62	cv_transition_time	n/a	n/a	n/a	n/a	saa	66.363214	62	true	66.1767201	66.7230467
68.0425	0.4735196999999971	trials	/intervals/trials	63	start_time	n/a	n/a	n/a	n/a	haa	68.2010693	63	true	68.0425	68.5160197
68.2010693	0.0	cv_transition	/intervals/trials	63	cv_transition_time	n/a	n/a	n/a	n/a	haa	68.2010693	63	true	68.0425	68.5160197
68.9810938	0.4728125000000034	trials	/intervals/trials	64	start_time	n/a	n/a	n/a	n/a	vaa	69.0724062	64	true	68.9810938	69.4539063
69.0724062	0.0	cv_transition	/intervals/trials	64	cv_transition_time	n/a	n/a	n/a	n/a	vaa	69.0724062	64	true	68.9810938	69.4539063
69.9127897	0.4774554999999907	trials	/intervals/trials	65	start_time	n/a	n/a	n/a	n/a	raa	70.0381508	65	true	69.9127897	70.3902452
70.0381508	0.0	cv_transition	/intervals/trials	65	cv_transition_time	n/a	n/a	n/a	n/a	raa	70.0381508	65	true	69.9127897	70.3902452
70.7701976	0.5130517999999995	trials	/intervals/trials	66	start_time	n/a	n/a	n/a	n/a	laa	70.9481793	66	true	70.7701976	71.2832494
70.9481793	0.0	cv_transition	/intervals/trials	66	cv_transition_time	n/a	n/a	n/a	n/a	laa	70.9481793	66	true	70.7701976	71.2832494
71.6833215	0.4836461000000014	trials	/intervals/trials	67	start_time	n/a	n/a	n/a	n/a	yaa	71.7777292	67	true	71.6833215	72.1669676
71.7777292	0.0	cv_transition	/intervals/trials	67	cv_transition_time	n/a	n/a	n/a	n/a	yaa	71.7777292	67	true	71.6833215	72.1669676
72.6815671	0.4000721000000027	trials	/intervals/trials	68	start_time	n/a	n/a	n/a	n/a	waa	72.728771	68	true	72.6815671	73.0816392
72.728771	0.0	cv_transition	/intervals/trials	68	cv_transition_time	n/a	n/a	n/a	n/a	waa	72.728771	68	true	72.6815671	73.0816392
74.0040491	0.5169209999999964	trials	/intervals/trials	69	start_time	n/a	n/a	n/a	n/a	faa	74.1495298	69	true	74.0040491	74.5209701
74.1495298	0.0	cv_transition	/intervals/trials	69	cv_transition_time	n/a	n/a	n/a	n/a	faa	74.1495298	69	true	74.0040491	74.5209701
74.8158007	0.5300761999999963	trials	/intervals/trials	70	start_time	n/a	n/a	n/a	n/a	zaa	74.982175	70	true	74.8158007	75.3458769
74.982175	0.0	cv_transition	/intervals/trials	70	cv_transition_time	n/a	n/a	n/a	n/a	zaa	74.982175	70	true	74.8158007	75.3458769
75.8566072	0.36292810000000486	trials	/intervals/trials	71	start_time	n/a	n/a	n/a	n/a	bee	75.8658932	71	true	75.8566072	76.2195353
75.8658932	0.0	cv_transition	/intervals/trials	71	cv_transition_time	n/a	n/a	n/a	n/a	bee	75.8658932	71	true	75.8566072	76.2195353
76.7867555	0.3567374000000001	trials	/intervals/trials	72	start_time	n/a	n/a	n/a	n/a	dee	76.807649	72	true	76.7867555	77.1434929
76.807649	0.0	cv_transition	/intervals/trials	72	cv_transition_time	n/a	n/a	n/a	n/a	dee	76.807649	72	true	76.7867555	77.1434929
77.7416664	0.43798990000000515	trials	/intervals/trials	73	start_time	n/a	n/a	n/a	n/a	gee	77.8530985	73	true	77.7416664	78.1796563
77.8530985	0.0	cv_transition	/intervals/trials	73	cv_transition_time	n/a	n/a	n/a	n/a	gee	77.8530985	73	true	77.7416664	78.1796563
78.7453289	0.37917849999999476	trials	/intervals/trials	74	start_time	n/a	n/a	n/a	n/a	pee	78.7716392	74	true	78.7453289	79.1245074
78.7716392	0.0	cv_transition	/intervals/trials	74	cv_transition_time	n/a	n/a	n/a	n/a	pee	78.7716392	74	true	78.7453289	79.1245074
79.5833909	0.47668160000000626	trials	/intervals/trials	75	start_time	n/a	n/a	n/a	n/a	tee	79.6507144	75	true	79.5833909	80.0600725
79.6507144	0.0	cv_transition	/intervals/trials	75	cv_transition_time	n/a	n/a	n/a	n/a	tee	79.6507144	75	true	79.5833909	80.0600725
80.5197298	0.38846460000000604	trials	/intervals/trials	76	start_time	n/a	n/a	n/a	n/a	kee	80.6133637	76	true	80.5197298	80.9081944
80.6133637	0.0	cv_transition	/intervals/trials	76	cv_transition_time	n/a	n/a	n/a	n/a	kee	80.6133637	76	true	80.5197298	80.9081944
81.426663	0.4503713000000005	trials	/intervals/trials	77	start_time	n/a	n/a	n/a	n/a	mee	81.5473811	77	true	81.426663	81.8770343
81.5473811	0.0	cv_transition	/intervals/trials	77	cv_transition_time	n/a	n/a	n/a	n/a	mee	81.5473811	77	true	81.426663	81.8770343
82.3645496	0.46662179999999864	trials	/intervals/trials	78	start_time	n/a	n/a	n/a	n/a	nee	82.493006	78	true	82.3645496	82.8311714
82.493006	0.0	cv_transition	/intervals/trials	78	cv_transition_time	n/a	n/a	n/a	n/a	nee	82.493006	78	true	82.3645496	82.8311714
83.1817181	0.6144241000000079	trials	/intervals/trials	79	start_time	n/a	n/a	n/a	n/a	shee	83.4293449	79	true	83.1817181	83.7961422
83.4293449	0.0	cv_transition	/intervals/trials	79	cv_transition_time	n/a	n/a	n/a	n/a	shee	83.4293449	79	true	83.1817181	83.7961422
84.2418704	0.5107303000000059	trials	/intervals/trials	80	start_time	n/a	n/a	n/a	n/a	see	84.4407457	80	true	84.2418704	84.7526007
84.4407457	0.0	cv_transition	/intervals/trials	80	cv_transition_time	n/a	n/a	n/a	n/a	see	84.4407457	80	true	84.2418704	84.7526007
86.1153221	0.5532912000000039	trials	/intervals/trials	81	start_time	n/a	n/a	n/a	n/a	hee	86.3002684	81	true	86.1153221	86.6686133
86.3002684	0.0	cv_transition	/intervals/trials	81	cv_transition_time	n/a	n/a	n/a	n/a	hee	86.3002684	81	true	86.1153221	86.6686133
87.1770221	0.46275260000000173	trials	/intervals/trials	82	start_time	n/a	n/a	n/a	n/a	vee	87.293871	82	true	87.1770221	87.6397747
87.293871	0.0	cv_transition	/intervals/trials	82	cv_transition_time	n/a	n/a	n/a	n/a	vee	87.293871	82	true	87.1770221	87.6397747
88.0986582	0.5200162999999947	trials	/intervals/trials	83	start_time	n/a	n/a	n/a	n/a	ree	88.2116379	83	true	88.0986582	88.6186745
88.2116379	0.0	cv_transition	/intervals/trials	83	cv_transition_time	n/a	n/a	n/a	n/a	ree	88.2116379	83	true	88.0986582	88.6186745
89.0930346	0.5316238000000055	trials	/intervals/trials	84	start_time	n/a	n/a	n/a	n/a	lee	89.2060143	84	true	89.0930346	89.6246584
89.2060143	0.0	cv_transition	/intervals/trials	84	cv_transition_time	n/a	n/a	n/a	n/a	lee	89.2060143	84	true	89.0930346	89.6246584
90.1431271	0.43334690000000364	trials	/intervals/trials	85	start_time	n/a	n/a	n/a	n/a	yee	90.2166413	85	true	90.1431271	90.576474
90.2166413	0.0	cv_transition	/intervals/trials	85	cv_transition_time	n/a	n/a	n/a	n/a	yee	90.2166413	85	true	90.1431271	90.576474
91.1522064	0.4836461000000014	trials	/intervals/trials	86	start_time	n/a	n/a	n/a	n/a	wee	91.2582216	86	true	91.1522064	91.6358525
91.2582216	0.0	cv_transition	/intervals/trials	86	cv_transition_time	n/a	n/a	n/a	n/a	wee	91.2582216	86	true	91.1522064	91.6358525
92.0885453	0.5803753999999941	trials	/intervals/trials	87	start_time	n/a	n/a	n/a	n/a	fee	92.2572411	87	true	92.0885453	92.6689207
92.2572411	0.0	cv_transition	/intervals/trials	87	cv_transition_time	n/a	n/a	n/a	n/a	fee	92.2572411	87	true	92.0885453	92.6689207
93.0720881	0.4836461000000014	trials	/intervals/trials	88	start_time	n/a	n/a	n/a	n/a	zee	93.2469745	88	true	93.0720881	93.5557342
93.2469745	0.0	cv_transition	/intervals/trials	88	cv_transition_time	n/a	n/a	n/a	n/a	zee	93.2469745	88	true	93.0720881	93.5557342
94.2823642	0.32191480000000183	trials	/intervals/trials	89	start_time	n/a	n/a	n/a	n/a	boo	94.2947455	89	true	94.2823642	94.604279
94.2947455	0.0	cv_transition	/intervals/trials	89	cv_transition_time	n/a	n/a	n/a	n/a	boo	94.2947455	89	true	94.2823642	94.604279
95.2109647	0.4085843000000011	trials	/intervals/trials	90	start_time	n/a	n/a	n/a	n/a	doo	95.2581686	90	true	95.2109647	95.619549
95.2581686	0.0	cv_transition	/intervals/trials	90	cv_transition_time	n/a	n/a	n/a	n/a	doo	95.2581686	90	true	95.2109647	95.619549
96.201472	0.38459540000000914	trials	/intervals/trials	91	start_time	n/a	n/a	n/a	n/a	goo	96.2355207	91	true	96.201472	96.5860674
96.2355207	0.0	cv_transition	/intervals/trials	91	cv_transition_time	n/a	n/a	n/a	n/a	goo	96.2355207	91	true	96.201472	96.5860674
97.0960239	0.3915598999999901	trials	/intervals/trials	92	start_time	n/a	n/a	n/a	n/a	poo	97.1424539	92	true	97.0960239	97.4875838
97.1424539	0.0	cv_transition	/intervals/trials	92	cv_transition_time	n/a	n/a	n/a	n/a	poo	97.1424539	92	true	97.0960239	97.4875838
98.0981387	0.41787019999999586	trials	/intervals/trials	93	start_time	n/a	n/a	n/a	n/a	too	98.1732006	93	true	98.0981387	98.5160089
98.1732006	0.0	cv_transition	/intervals/trials	93	cv_transition_time	n/a	n/a	n/a	n/a	too	98.1732006	93	true	98.0981387	98.5160089
99.1103133	0.43102550000000406	trials	/intervals/trials	94	start_time	n/a	n/a	n/a	n/a	koo	99.190792	94	true	99.1103133	99.5413388
99.190792	0.0	cv_transition	/intervals/trials	94	cv_transition_time	n/a	n/a	n/a	n/a	koo	99.190792	94	true	99.1103133	99.5413388
100.1039159	0.4147749999999917	trials	/intervals/trials	95	start_time	n/a	n/a	n/a	n/a	moo	100.2192172	95	true	100.1039159	100.5186909
100.2192172	0.0	cv_transition	/intervals/trials	95	cv_transition_time	n/a	n/a	n/a	n/a	moo	100.2192172	95	true	100.1039159	100.5186909
101.071982	0.45733579999999563	trials	/intervals/trials	96	start_time	n/a	n/a	n/a	n/a	noo	101.1718066	96	true	101.071982	101.5293178
101.1718066	0.0	cv_transition	/intervals/trials	96	cv_transition_time	n/a	n/a	n/a	n/a	noo	101.1718066	96	true	101.071982	101.5293178
101.9518311	0.5888874999999985	trials	/intervals/trials	97	start_time	n/a	n/a	n/a	n/a	shoo	102.1816597	97	true	101.9518311	102.5407186
102.1816597	0.0	cv_transition	/intervals/trials	97	cv_transition_time	n/a	n/a	n/a	n/a	shoo	102.1816597	97	true	101.9518311	102.5407186
103.0150787	0.5594818999999944	trials	/intervals/trials	98	start_time	n/a	n/a	n/a	n/a	soo	103.2201447	98	true	103.0150787	103.5745606
103.2201447	0.0	cv_transition	/intervals/trials	98	cv_transition_time	n/a	n/a	n/a	n/a	soo	103.2201447	98	true	103.0150787	103.5745606
105.0843104	0.4163224999999926	trials	/intervals/trials	99	start_time	n/a	n/a	n/a	n/a	hoo	105.1671106	99	true	105.0843104	105.5006329
105.1671106	0.0	cv_transition	/intervals/trials	99	cv_transition_time	n/a	n/a	n/a	n/a	hoo	105.1671106	99	true	105.0843104	105.5006329
106.0245184	0.46971719999999095	trials	/intervals/trials	100	start_time	n/a	n/a	n/a	n/a	voo	106.1529749	100	true	106.0245184	106.4942356
106.1529749	0.0	cv_transition	/intervals/trials	100	cv_transition_time	n/a	n/a	n/a	n/a	voo	106.1529749	100	true	106.0245184	106.4942356
107.0266332	0.4341207999999881	trials	/intervals/trials	101	start_time	n/a	n/a	n/a	n/a	roo	107.139613	101	true	107.0266332	107.460754
107.139613	0.0	cv_transition	/intervals/trials	101	cv_transition_time	n/a	n/a	n/a	n/a	roo	107.139613	101	true	107.0266332	107.460754
107.9946993	0.4379900000000134	trials	/intervals/trials	102	start_time	n/a	n/a	n/a	n/a	loo	108.1014884	102	true	107.9946993	108.4326893
108.1014884	0.0	cv_transition	/intervals/trials	102	cv_transition_time	n/a	n/a	n/a	n/a	loo	108.1014884	102	true	107.9946993	108.4326893
108.9859804	0.4813247000000018	trials	/intervals/trials	103	start_time	n/a	n/a	n/a	n/a	yoo	109.1407472	103	true	108.9859804	109.4673051
109.1407472	0.0	cv_transition	/intervals/trials	103	cv_transition_time	n/a	n/a	n/a	n/a	yoo	109.1407472	103	true	108.9859804	109.4673051
109.9865476	0.44185910000000206	trials	/intervals/trials	104	start_time	n/a	n/a	n/a	n/a	woo	110.0708955	104	true	109.9865476	110.4284067
110.0708955	0.0	cv_transition	/intervals/trials	104	cv_transition_time	n/a	n/a	n/a	n/a	woo	110.0708955	104	true	109.9865476	110.4284067
110.8996715	0.5316238000000055	trials	/intervals/trials	105	start_time	n/a	n/a	n/a	n/a	foo	111.0846177	105	true	110.8996715	111.4312953
111.0846177	0.0	cv_transition	/intervals/trials	105	cv_transition_time	n/a	n/a	n/a	n/a	foo	111.0846177	105	true	110.8996715	111.4312953
111.8592254	0.46197879999999714	trials	/intervals/trials	106	start_time	n/a	n/a	n/a	n/a	zoo	112.0108968	106	true	111.8592254	112.3212042
112.0108968	0.0	cv_transition	/intervals/trials	106	cv_transition_time	n/a	n/a	n/a	n/a	zoo	112.0108968	106	true	111.8592254	112.3212042
112.9743199	0.3946552999999966	trials	/intervals/trials	107	start_time	n/a	n/a	n/a	n/a	baa	112.9812844	107	true	112.9743199	113.3689752
112.9812844	0.0	cv_transition	/intervals/trials	107	cv_transition_time	n/a	n/a	n/a	n/a	baa	112.9812844	107	true	112.9743199	113.3689752
113.900599	0.41167959999999937	trials	/intervals/trials	108	start_time	n/a	n/a	n/a	n/a	daa	113.9245878	108	true	113.900599	114.3122786
113.9245878	0.0	cv_transition	/intervals/trials	108	cv_transition_time	n/a	n/a	n/a	n/a	daa	113.9245878	108	true	113.900599	114.3122786
114.8322949	0.3722141000000079	trials	/intervals/trials	109	start_time	n/a	n/a	n/a	n/a	gaa	114.8586053	109	true	114.8322949	115.204509
114.8586053	0.0	cv_transition	/intervals/trials	109	cv_transition_time	n/a	n/a	n/a	n/a	gaa	114.8586053	109	true	114.8322949	115.204509
115.744645	0.4054888999999946	trials	/intervals/trials	110	start_time	n/a	n/a	n/a	n/a	paa	115.795718	110	true	115.744645	116.1501339
115.795718	0.0	cv_transition	/intervals/trials	110	cv_transition_time	n/a	n/a	n/a	n/a	paa	115.795718	110	true	115.744645	116.1501339
116.6554474	0.4457282000000049	trials	/intervals/trials	111	start_time	n/a	n/a	n/a	n/a	taa	116.7459859	111	true	116.6554474	117.1011756
116.7459859	0.0	cv_transition	/intervals/trials	111	cv_transition_time	n/a	n/a	n/a	n/a	taa	116.7459859	111	true	116.6554474	117.1011756
117.5794049	0.4186440999999945	trials	/intervals/trials	112	start_time	n/a	n/a	n/a	n/a	kaa	117.6776818	112	true	117.5794049	117.998049
117.6776818	0.0	cv_transition	/intervals/trials	112	cv_transition_time	n/a	n/a	n/a	n/a	kaa	117.6776818	112	true	117.5794049	117.998049
118.4785998	0.4387638000000038	trials	/intervals/trials	113	start_time	n/a	n/a	n/a	n/a	maa	118.5497925	113	true	118.4785998	118.9173636
118.5497925	0.0	cv_transition	/intervals/trials	113	cv_transition_time	n/a	n/a	n/a	n/a	maa	118.5497925	113	true	118.4785998	118.9173636
119.3360077	0.4395376000000084	trials	/intervals/trials	114	start_time	n/a	n/a	n/a	n/a	naa	119.4335108	114	true	119.3360077	119.7755453
119.4335108	0.0	cv_transition	/intervals/trials	114	cv_transition_time	n/a	n/a	n/a	n/a	naa	119.4335108	114	true	119.3360077	119.7755453
120.1315089	0.5246592999999962	trials	/intervals/trials	115	start_time	n/a	n/a	n/a	n/a	shaa	120.3187766	115	true	120.1315089	120.6561682
120.3187766	0.0	cv_transition	/intervals/trials	115	cv_transition_time	n/a	n/a	n/a	n/a	shaa	120.3187766	115	true	120.1315089	120.6561682
121.1057656	0.4774555000000049	trials	/intervals/trials	116	start_time	n/a	n/a	n/a	n/a	saa	121.2690446	116	true	121.1057656	121.5832211
121.2690446	0.0	cv_transition	/intervals/trials	116	cv_transition_time	n/a	n/a	n/a	n/a	saa	121.2690446	116	true	121.1057656	121.5832211
122.9985631	0.4078104999999965	trials	/intervals/trials	117	start_time	n/a	n/a	n/a	n/a	haa	123.124698	117	true	122.9985631	123.4063736
123.124698	0.0	cv_transition	/intervals/trials	117	cv_transition_time	n/a	n/a	n/a	n/a	haa	123.124698	117	true	122.9985631	123.4063736
123.9550217	0.42793009999999754	trials	/intervals/trials	118	start_time	n/a	n/a	n/a	n/a	vaa	124.0378219	118	true	123.9550217	124.3829518
124.0378219	0.0	cv_transition	/intervals/trials	118	cv_transition_time	n/a	n/a	n/a	n/a	vaa	124.0378219	118	true	123.9550217	124.3829518
124.857312	0.484419900000006	trials	/intervals/trials	119	start_time	n/a	n/a	n/a	n/a	raa	124.9896375	119	true	124.857312	125.3417319
124.9896375	0.0	cv_transition	/intervals/trials	119	cv_transition_time	n/a	n/a	n/a	n/a	raa	124.9896375	119	true	124.857312	125.3417319
125.8625221	0.414001099999993	trials	/intervals/trials	120	start_time	n/a	n/a	n/a	n/a	laa	125.9522868	120	true	125.8625221	126.2765232
125.9522868	0.0	cv_transition	/intervals/trials	120	cv_transition_time	n/a	n/a	n/a	n/a	laa	125.9522868	120	true	125.8625221	126.2765232
126.7671338	0.4828722999999968	trials	/intervals/trials	121	start_time	n/a	n/a	n/a	n/a	yaa	126.8700537	121	true	126.7671338	127.2500061
126.8700537	0.0	cv_transition	/intervals/trials	121	cv_transition_time	n/a	n/a	n/a	n/a	yaa	126.8700537	121	true	126.7671338	127.2500061
127.7259139	0.42328710000001024	trials	/intervals/trials	122	start_time	n/a	n/a	n/a	n/a	waa	127.8017496	122	true	127.7259139	128.149201
127.8017496	0.0	cv_transition	/intervals/trials	122	cv_transition_time	n/a	n/a	n/a	n/a	waa	127.8017496	122	true	127.7259139	128.149201
128.605763	0.5416835999999989	trials	/intervals/trials	123	start_time	n/a	n/a	n/a	n/a	faa	128.7821971	123	true	128.605763	129.1474466
128.7821971	0.0	cv_transition	/intervals/trials	123	cv_transition_time	n/a	n/a	n/a	n/a	faa	128.7821971	123	true	128.605763	129.1474466
129.4786475	0.5262069999999994	trials	/intervals/trials	124	start_time	n/a	n/a	n/a	n/a	zaa	129.6380573	124	true	129.4786475	130.0048545
129.6380573	0.0	cv_transition	/intervals/trials	124	cv_transition_time	n/a	n/a	n/a	n/a	zaa	129.6380573	124	true	129.4786475	130.0048545
130.579813	0.33893919999999866	trials	/intervals/trials	125	start_time	n/a	n/a	n/a	n/a	bee	130.589099	125	true	130.579813	130.9187522
130.589099	0.0	cv_transition	/intervals/trials	125	cv_transition_time	n/a	n/a	n/a	n/a	bee	130.589099	125	true	130.579813	130.9187522
131.3915647	0.4163226000000009	trials	/intervals/trials	126	start_time	n/a	n/a	n/a	n/a	dee	131.431804	126	true	131.3915647	131.8078873
131.431804	0.0	cv_transition	/intervals/trials	126	cv_transition_time	n/a	n/a	n/a	n/a	dee	131.431804	126	true	131.3915647	131.8078873
132.2481987	0.4341208000000165	trials	/intervals/trials	127	start_time	n/a	n/a	n/a	n/a	gee	132.3340943	127	true	132.2481987	132.6823195
132.3340943	0.0	cv_transition	/intervals/trials	127	cv_transition_time	n/a	n/a	n/a	n/a	gee	132.3340943	127	true	132.2481987	132.6823195
134.3522528	0.3505467999999894	trials	/intervals/trials	128	start_time	n/a	n/a	n/a	n/a	pee	134.3940399	128	true	134.3522528	134.7027996
134.3940399	0.0	cv_transition	/intervals/trials	128	cv_transition_time	n/a	n/a	n/a	n/a	pee	134.3940399	128	true	134.3522528	134.7027996
135.175612	0.40161979999999176	trials	/intervals/trials	129	start_time	n/a	n/a	n/a	n/a	tee	135.2545431	129	true	135.175612	135.5772318
135.2545431	0.0	cv_transition	/intervals/trials	129	cv_transition_time	n/a	n/a	n/a	n/a	tee	135.2545431	129	true	135.175612	135.5772318
136.0794499	0.40781040000001667	trials	/intervals/trials	130	start_time	n/a	n/a	n/a	n/a	kee	136.144452	130	true	136.0794499	136.4872603
136.144452	0.0	cv_transition	/intervals/trials	130	cv_transition_time	n/a	n/a	n/a	n/a	kee	136.144452	130	true	136.0794499	136.4872603
137.0258487	0.4395375999999942	trials	/intervals/trials	131	start_time	n/a	n/a	n/a	n/a	mee	137.0916245	131	true	137.0258487	137.4653863
137.0916245	0.0	cv_transition	/intervals/trials	131	cv_transition_time	n/a	n/a	n/a	n/a	mee	137.0916245	131	true	137.0258487	137.4653863
137.9792119	0.4921582999999998	trials	/intervals/trials	132	start_time	n/a	n/a	n/a	n/a	nee	138.109216	132	true	137.9792119	138.4713702
138.109216	0.0	cv_transition	/intervals/trials	132	cv_transition_time	n/a	n/a	n/a	n/a	nee	138.109216	132	true	137.9792119	138.4713702
138.8745377	0.5989473000000203	trials	/intervals/trials	133	start_time	n/a	n/a	n/a	n/a	shee	139.1074616	133	true	138.8745377	139.473485
139.1074616	0.0	cv_transition	/intervals/trials	133	cv_transition_time	n/a	n/a	n/a	n/a	shee	139.1074616	133	true	138.8745377	139.473485
139.9029628	0.5501957999999831	trials	/intervals/trials	134	start_time	n/a	n/a	n/a	n/a	see	140.0948736	134	true	139.9029628	140.4531586
140.0948736	0.0	cv_transition	/intervals/trials	134	cv_transition_time	n/a	n/a	n/a	n/a	see	140.0948736	134	true	139.9029628	140.4531586
140.8524569	0.5022180999999932	trials	/intervals/trials	135	start_time	n/a	n/a	n/a	n/a	hee	141.0180573	135	true	140.8524569	141.354675
141.0180573	0.0	cv_transition	/intervals/trials	135	cv_transition_time	n/a	n/a	n/a	n/a	hee	141.0180573	135	true	140.8524569	141.354675
144.2457182	0.475133900000003	trials	/intervals/trials	136	start_time	n/a	n/a	n/a	n/a	hee	144.3741746	136	true	144.2457182	144.7208521
144.3741746	0.0	cv_transition	/intervals/trials	136	cv_transition_time	n/a	n/a	n/a	n/a	hee	144.3741746	136	true	144.2457182	144.7208521
145.2656311	0.4302515999999912	trials	/intervals/trials	137	start_time	n/a	n/a	n/a	n/a	vee	145.2981321	137	true	145.2656311	145.6958827
145.2981321	0.0	cv_transition	/intervals/trials	137	cv_transition_time	n/a	n/a	n/a	n/a	vee	145.2981321	137	true	145.2656311	145.6958827
146.0804781	0.5362669000000153	trials	/intervals/trials	138	start_time	n/a	n/a	n/a	n/a	ree	146.2592337	138	true	146.0804781	146.616745
146.2592337	0.0	cv_transition	/intervals/trials	138	cv_transition_time	n/a	n/a	n/a	n/a	ree	146.2592337	138	true	146.0804781	146.616745
147.1212846	0.4581096000000002	trials	/intervals/trials	139	start_time	n/a	n/a	n/a	n/a	lee	147.2280737	139	true	147.1212846	147.5793942
147.2280737	0.0	cv_transition	/intervals/trials	139	cv_transition_time	n/a	n/a	n/a	n/a	lee	147.2280737	139	true	147.1212846	147.5793942
148.0862554	0.43721610000000055	trials	/intervals/trials	140	start_time	n/a	n/a	n/a	n/a	yee	148.1442929	140	true	148.0862554	148.5234715
148.1442929	0.0	cv_transition	/intervals/trials	140	cv_transition_time	n/a	n/a	n/a	n/a	yee	148.1442929	140	true	148.0862554	148.5234715
149.0047961	0.4937060000000031	trials	/intervals/trials	141	start_time	n/a	n/a	n/a	n/a	wee	149.1200973	141	true	149.0047961	149.4985021
149.1200973	0.0	cv_transition	/intervals/trials	141	cv_transition_time	n/a	n/a	n/a	n/a	wee	149.1200973	141	true	149.0047961	149.4985021
149.9658977	0.46197879999999714	trials	/intervals/trials	142	start_time	n/a	n/a	n/a	n/a	fee	150.0781036	142	true	149.9658977	150.4278765
150.0781036	0.0	cv_transition	/intervals/trials	142	cv_transition_time	n/a	n/a	n/a	n/a	fee	150.0781036	142	true	149.9658977	150.4278765
150.8643188	0.49061059999999657	trials	/intervals/trials	143	start_time	n/a	n/a	n/a	n/a	zee	151.0012873	143	true	150.8643188	151.3549294
151.0012873	0.0	cv_transition	/intervals/trials	143	cv_transition_time	n/a	n/a	n/a	n/a	zee	151.0012873	143	true	150.8643188	151.3549294
151.9314356	0.3660234000000173	trials	/intervals/trials	144	start_time	n/a	n/a	n/a	n/a	boo	151.9438169	144	true	151.9314356	152.297459
151.9438169	0.0	cv_transition	/intervals/trials	144	cv_transition_time	n/a	n/a	n/a	n/a	boo	151.9438169	144	true	151.9314356	152.297459
152.8259875	0.42870390000001635	trials	/intervals/trials	145	start_time	n/a	n/a	n/a	n/a	doo	152.8553932	145	true	152.8259875	153.2546914
152.8553932	0.0	cv_transition	/intervals/trials	145	cv_transition_time	n/a	n/a	n/a	n/a	doo	152.8553932	145	true	152.8259875	153.2546914
153.7367899	0.4047151000000042	trials	/intervals/trials	146	start_time	n/a	n/a	n/a	n/a	goo	153.7816722	146	true	153.7367899	154.141505
153.7816722	0.0	cv_transition	/intervals/trials	146	cv_transition_time	n/a	n/a	n/a	n/a	goo	153.7816722	146	true	153.7367899	154.141505
154.6692596	0.4062628000000075	trials	/intervals/trials	147	start_time	n/a	n/a	n/a	n/a	poo	154.7118205	147	true	154.6692596	155.0755224
154.7118205	0.0	cv_transition	/intervals/trials	147	cv_transition_time	n/a	n/a	n/a	n/a	poo	154.7118205	147	true	154.6692596	155.0755224
155.6682791	0.3861430000000041	trials	/intervals/trials	148	start_time	n/a	n/a	n/a	n/a	too	155.7224474	148	true	155.6682791	156.0544221
155.7224474	0.0	cv_transition	/intervals/trials	148	cv_transition_time	n/a	n/a	n/a	n/a	too	155.7224474	148	true	155.6682791	156.0544221
156.613904	0.39929820000000404	trials	/intervals/trials	149	start_time	n/a	n/a	n/a	n/a	koo	156.6657509	149	true	156.613904	157.0132022
156.6657509	0.0	cv_transition	/intervals/trials	149	cv_transition_time	n/a	n/a	n/a	n/a	koo	156.6657509	149	true	156.613904	157.0132022
157.5881608	0.4658479	trials	/intervals/trials	150	start_time	n/a	n/a	n/a	n/a	moo	157.6934022	150	true	157.5881608	158.0540087
157.6934022	0.0	cv_transition	/intervals/trials	150	cv_transition_time	n/a	n/a	n/a	n/a	moo	157.6934022	150	true	157.5881608	158.0540087
158.490451	0.4643002999999908	trials	/intervals/trials	151	start_time	n/a	n/a	n/a	n/a	noo	158.6127167	151	true	158.490451	158.9547513
158.6127167	0.0	cv_transition	/intervals/trials	151	cv_transition_time	n/a	n/a	n/a	n/a	noo	158.6127167	151	true	158.490451	158.9547513
159.3664309	0.569541700000002	trials	/intervals/trials	152	start_time	n/a	n/a	n/a	n/a	shoo	159.5885212	152	true	159.3664309	159.9359726
159.5885212	0.0	cv_transition	/intervals/trials	152	cv_transition_time	n/a	n/a	n/a	n/a	shoo	159.5885212	152	true	159.3664309	159.9359726
160.4258094	0.5587079999999958	trials	/intervals/trials	153	start_time	n/a	n/a	n/a	n/a	soo	160.6362922	153	true	160.4258094	160.9845174
160.6362922	0.0	cv_transition	/intervals/trials	153	cv_transition_time	n/a	n/a	n/a	n/a	soo	160.6362922	153	true	160.4258094	160.9845174
162.4377773	0.47745539999999664	trials	/intervals/trials	154	start_time	n/a	n/a	n/a	n/a	hoo	162.5515308	154	true	162.4377773	162.9152327
162.5515308	0.0	cv_transition	/intervals/trials	154	cv_transition_time	n/a	n/a	n/a	n/a	hoo	162.5515308	154	true	162.4377773	162.9152327
163.4638809	0.3652495999999985	trials	/intervals/trials	155	start_time	n/a	n/a	n/a	n/a	voo	163.5126324	155	true	163.4638809	163.8291305
163.5126324	0.0	cv_transition	/intervals/trials	155	cv_transition_time	n/a	n/a	n/a	n/a	voo	163.5126324	155	true	163.4638809	163.8291305
164.5944521	0.43721610000000055	trials	/intervals/trials	156	start_time	n/a	n/a	n/a	n/a	roo	164.6950505	156	true	164.5944521	165.0316682
164.6950505	0.0	cv_transition	/intervals/trials	156	cv_transition_time	n/a	n/a	n/a	n/a	roo	164.6950505	156	true	164.5944521	165.0316682
165.7288925	0.41941790000001333	trials	/intervals/trials	157	start_time	n/a	n/a	n/a	n/a	loo	165.8418722	157	true	165.7288925	166.1483104
165.8418722	0.0	cv_transition	/intervals/trials	157	cv_transition_time	n/a	n/a	n/a	n/a	loo	165.8418722	157	true	165.7288925	166.1483104
166.9376209	0.5029919999999777	trials	/intervals/trials	158	start_time	n/a	n/a	n/a	n/a	yoo	167.0877447	158	true	166.9376209	167.4406129
167.0877447	0.0	cv_transition	/intervals/trials	158	cv_transition_time	n/a	n/a	n/a	n/a	yoo	167.0877447	158	true	166.9376209	167.4406129
168.0906333	0.4186440999999945	trials	/intervals/trials	159	start_time	n/a	n/a	n/a	n/a	woo	168.1819457	159	true	168.0906333	168.5092774
168.1819457	0.0	cv_transition	/intervals/trials	159	cv_transition_time	n/a	n/a	n/a	n/a	woo	168.1819457	159	true	168.0906333	168.5092774
168.995245	0.5463266999999803	trials	/intervals/trials	160	start_time	n/a	n/a	n/a	n/a	foo	169.1538809	160	true	168.995245	169.5415717
169.1538809	0.0	cv_transition	/intervals/trials	160	cv_transition_time	n/a	n/a	n/a	n/a	foo	169.1538809	160	true	168.995245	169.5415717
169.9594419	0.506861200000003	trials	/intervals/trials	161	start_time	n/a	n/a	n/a	n/a	zoo	170.1087919	161	true	169.9594419	170.4663031
170.1087919	0.0	cv_transition	/intervals/trials	161	cv_transition_time	n/a	n/a	n/a	n/a	zoo	170.1087919	161	true	169.9594419	170.4663031
171.09543	0.4062627000000134	trials	/intervals/trials	162	start_time	n/a	n/a	n/a	n/a	baa	171.1101328	162	true	171.09543	171.5016927
171.1101328	0.0	cv_transition	/intervals/trials	162	cv_transition_time	n/a	n/a	n/a	n/a	baa	171.1101328	162	true	171.09543	171.5016927
171.9768267	0.4263823999999943	trials	/intervals/trials	163	start_time	n/a	n/a	n/a	n/a	daa	172.0070062	163	true	171.9768267	172.4032091
172.0070062	0.0	cv_transition	/intervals/trials	163	cv_transition_time	n/a	n/a	n/a	n/a	daa	172.0070062	163	true	171.9768267	172.4032091
172.8760216	0.4194178999999849	trials	/intervals/trials	164	start_time	n/a	n/a	n/a	n/a	gaa	172.9162609	164	true	172.8760216	173.2954395
172.9162609	0.0	cv_transition	/intervals/trials	164	cv_transition_time	n/a	n/a	n/a	n/a	gaa	172.9162609	164	true	172.8760216	173.2954395
173.8363493	0.36834490000001097	trials	/intervals/trials	165	start_time	n/a	n/a	n/a	n/a	paa	173.8572429	165	true	173.8363493	174.2046942
173.8572429	0.0	cv_transition	/intervals/trials	165	cv_transition_time	n/a	n/a	n/a	n/a	paa	173.8572429	165	true	173.8363493	174.2046942
174.7309012	0.42173950000000104	trials	/intervals/trials	166	start_time	n/a	n/a	n/a	n/a	taa	174.8020939	166	true	174.7309012	175.1526407
174.8020939	0.0	cv_transition	/intervals/trials	166	cv_transition_time	n/a	n/a	n/a	n/a	taa	174.8020939	166	true	174.7309012	175.1526407
175.6502158	0.41554879999998207	trials	/intervals/trials	167	start_time	n/a	n/a	n/a	n/a	kaa	175.742302	167	true	175.6502158	176.0657646
175.742302	0.0	cv_transition	/intervals/trials	167	cv_transition_time	n/a	n/a	n/a	n/a	kaa	175.742302	167	true	175.6502158	176.0657646
176.6159604	0.42793009999999754	trials	/intervals/trials	168	start_time	n/a	n/a	n/a	n/a	maa	176.6778671	168	true	176.6159604	177.0438905
176.6778671	0.0	cv_transition	/intervals/trials	168	cv_transition_time	n/a	n/a	n/a	n/a	maa	176.6778671	168	true	176.6159604	177.0438905
177.5345011	0.44650210000000357	trials	/intervals/trials	169	start_time	n/a	n/a	n/a	n/a	naa	177.6250397	169	true	177.5345011	177.9810032
177.6250397	0.0	cv_transition	/intervals/trials	169	cv_transition_time	n/a	n/a	n/a	n/a	naa	177.6250397	169	true	177.5345011	177.9810032
178.3795277	0.5215639999999837	trials	/intervals/trials	170	start_time	n/a	n/a	n/a	n/a	shaa	178.5706646	170	true	178.3795277	178.9010917
178.5706646	0.0	cv_transition	/intervals/trials	170	cv_transition_time	n/a	n/a	n/a	n/a	shaa	178.5706646	170	true	178.3795277	178.9010917
179.3808686	0.53239769999999	trials	/intervals/trials	171	start_time	n/a	n/a	n/a	n/a	saa	179.5518859	171	true	179.3808686	179.9132663
179.5518859	0.0	cv_transition	/intervals/trials	171	cv_transition_time	n/a	n/a	n/a	n/a	saa	179.5518859	171	true	179.3808686	179.9132663
181.4872443	0.46275260000001595	trials	/intervals/trials	172	start_time	n/a	n/a	n/a	n/a	haa	181.6249867	172	true	181.4872443	181.9499969
181.6249867	0.0	cv_transition	/intervals/trials	172	cv_transition_time	n/a	n/a	n/a	n/a	haa	181.6249867	172	true	181.4872443	181.9499969
182.5768023	0.386916900000017	trials	/intervals/trials	173	start_time	n/a	n/a	n/a	n/a	vaa	182.6007911	173	true	182.5768023	182.9637192
182.6007911	0.0	cv_transition	/intervals/trials	173	cv_transition_time	n/a	n/a	n/a	n/a	vaa	182.6007911	173	true	182.5768023	182.9637192
183.5711787	0.4116796000000136	trials	/intervals/trials	174	start_time	n/a	n/a	n/a	n/a	raa	183.6470144	174	true	183.5711787	183.9828583
183.6470144	0.0	cv_transition	/intervals/trials	174	cv_transition_time	n/a	n/a	n/a	n/a	raa	183.6470144	174	true	183.5711787	183.9828583
184.5725197	0.4008459000000073	trials	/intervals/trials	175	start_time	n/a	n/a	n/a	n/a	laa	184.6715704	175	true	184.5725197	184.9733656
184.6715704	0.0	cv_transition	/intervals/trials	175	cv_transition_time	n/a	n/a	n/a	n/a	laa	184.6715704	175	true	184.5725197	184.9733656
185.4794529	0.4503713000000005	trials	/intervals/trials	176	start_time	n/a	n/a	n/a	n/a	yaa	185.5947541	176	true	185.4794529	185.9298242
185.5947541	0.0	cv_transition	/intervals/trials	176	cv_transition_time	n/a	n/a	n/a	n/a	yaa	185.5947541	176	true	185.4794529	185.9298242
186.4831154	0.4503712000000064	trials	/intervals/trials	177	start_time	n/a	n/a	n/a	n/a	waa	186.5837138	177	true	186.4831154	186.9334866
186.5837138	0.0	cv_transition	/intervals/trials	177	cv_transition_time	n/a	n/a	n/a	n/a	waa	186.5837138	177	true	186.4831154	186.9334866
187.2724258	0.5718631999999957	trials	/intervals/trials	178	start_time	n/a	n/a	n/a	n/a	faa	187.4782656	178	true	187.2724258	187.844289
187.4782656	0.0	cv_transition	/intervals/trials	178	cv_transition_time	n/a	n/a	n/a	n/a	faa	187.4782656	178	true	187.2724258	187.844289
188.333352	0.4836461000000156	trials	/intervals/trials	179	start_time	n/a	n/a	n/a	n/a	zaa	188.4571654	179	true	188.333352	188.8169981
188.4571654	0.0	cv_transition	/intervals/trials	179	cv_transition_time	n/a	n/a	n/a	n/a	zaa	188.4571654	179	true	188.333352	188.8169981
189.4074333	0.3915599000000043	trials	/intervals/trials	180	start_time	n/a	n/a	n/a	n/a	bee	189.4151717	180	true	189.4074333	189.7989932
189.4151717	0.0	cv_transition	/intervals/trials	180	cv_transition_time	n/a	n/a	n/a	n/a	bee	189.4151717	180	true	189.4074333	189.7989932
190.3507368	0.42947770000000673	trials	/intervals/trials	181	start_time	n/a	n/a	n/a	n/a	dee	190.3902023	181	true	190.3507368	190.7802145
190.3902023	0.0	cv_transition	/intervals/trials	181	cv_transition_time	n/a	n/a	n/a	n/a	dee	190.3902023	181	true	190.3507368	190.7802145
191.2801112	0.43257310000001326	trials	/intervals/trials	182	start_time	n/a	n/a	n/a	n/a	gee	191.3745189	182	true	191.2801112	191.7126843
191.3745189	0.0	cv_transition	/intervals/trials	182	cv_transition_time	n/a	n/a	n/a	n/a	gee	191.3745189	182	true	191.2801112	191.7126843
192.3371682	0.4023934999999881	trials	/intervals/trials	183	start_time	n/a	n/a	n/a	n/a	pee	192.3774075	183	true	192.3371682	192.7395617
192.3774075	0.0	cv_transition	/intervals/trials	183	cv_transition_time	n/a	n/a	n/a	n/a	pee	192.3774075	183	true	192.3371682	192.7395617
193.3477951	0.5068611999999746	trials	/intervals/trials	184	start_time	n/a	n/a	n/a	n/a	tee	193.4313692	184	true	193.3477951	193.8546563
193.4313692	0.0	cv_transition	/intervals/trials	184	cv_transition_time	n/a	n/a	n/a	n/a	tee	193.4313692	184	true	193.3477951	193.8546563
194.3607436	0.4697170999999969	trials	/intervals/trials	185	start_time	n/a	n/a	n/a	n/a	kee	194.4497345	185	true	194.3607436	194.8304607
194.4497345	0.0	cv_transition	/intervals/trials	185	cv_transition_time	n/a	n/a	n/a	n/a	kee	194.4497345	185	true	194.3607436	194.8304607
195.3017255	0.4658479	trials	/intervals/trials	186	start_time	n/a	n/a	n/a	n/a	mee	195.4015501	186	true	195.3017255	195.7675734
195.4015501	0.0	cv_transition	/intervals/trials	186	cv_transition_time	n/a	n/a	n/a	n/a	mee	195.4015501	186	true	195.3017255	195.7675734
196.3417581	0.45578820000000064	trials	/intervals/trials	187	start_time	n/a	n/a	n/a	n/a	nee	196.453964	187	true	196.3417581	196.7975463
196.453964	0.0	cv_transition	/intervals/trials	187	cv_transition_time	n/a	n/a	n/a	n/a	nee	196.453964	187	true	196.3417581	196.7975463
197.3461944	0.5881137000000081	trials	/intervals/trials	188	start_time	n/a	n/a	n/a	n/a	shee	197.5659632	188	true	197.3461944	197.9343081
197.5659632	0.0	cv_transition	/intervals/trials	188	cv_transition_time	n/a	n/a	n/a	n/a	shee	197.5659632	188	true	197.3461944	197.9343081
198.4032514	0.5687679000000117	trials	/intervals/trials	189	start_time	n/a	n/a	n/a	n/a	see	198.6114127	189	true	198.4032514	198.9720193
198.6114127	0.0	cv_transition	/intervals/trials	189	cv_transition_time	n/a	n/a	n/a	n/a	see	198.6114127	189	true	198.4032514	198.9720193
200.4802214	0.5563865000000021	trials	/intervals/trials	190	start_time	n/a	n/a	n/a	n/a	hee	200.640405	190	true	200.4802214	201.0366079
200.640405	0.0	cv_transition	/intervals/trials	190	cv_transition_time	n/a	n/a	n/a	n/a	hee	200.640405	190	true	200.4802214	201.0366079
201.6007327	0.4581096999999943	trials	/intervals/trials	191	start_time	n/a	n/a	n/a	n/a	vee	201.6920451	191	true	201.6007327	202.0588424
201.6920451	0.0	cv_transition	/intervals/trials	191	cv_transition_time	n/a	n/a	n/a	n/a	vee	201.6920451	191	true	201.6007327	202.0588424
203.5902595	0.4557881000000066	trials	/intervals/trials	192	start_time	n/a	n/a	n/a	n/a	lee	203.6885364	192	true	203.5902595	204.0460476
203.6885364	0.0	cv_transition	/intervals/trials	192	cv_transition_time	n/a	n/a	n/a	n/a	lee	203.6885364	192	true	203.5902595	204.0460476
204.6658885	0.44185910000001627	trials	/intervals/trials	193	start_time	n/a	n/a	n/a	n/a	yee	204.7525579	193	true	204.6658885	205.1077476
204.7525579	0.0	cv_transition	/intervals/trials	193	cv_transition_time	n/a	n/a	n/a	n/a	yee	204.7525579	193	true	204.6658885	205.1077476
205.6207994	0.4588833999999906	trials	/intervals/trials	194	start_time	n/a	n/a	n/a	n/a	wee	205.72991	194	true	205.6207994	206.0796828
205.72991	0.0	cv_transition	/intervals/trials	194	cv_transition_time	n/a	n/a	n/a	n/a	wee	205.72991	194	true	205.6207994	206.0796828
206.8372661	0.5525173999999993	trials	/intervals/trials	195	start_time	n/a	n/a	n/a	n/a	fee	207.0113788	195	true	206.8372661	207.3897835
207.0113788	0.0	cv_transition	/intervals/trials	195	cv_transition_time	n/a	n/a	n/a	n/a	fee	207.0113788	195	true	206.8372661	207.3897835
207.7805696	0.6121024999999918	trials	/intervals/trials	196	start_time	n/a	n/a	n/a	n/a	zee	207.9926	196	true	207.7805696	208.3926721
207.9926	0.0	cv_transition	/intervals/trials	196	cv_transition_time	n/a	n/a	n/a	n/a	zee	207.9926	196	true	207.7805696	208.3926721
209.0248943	0.3722141000000079	trials	/intervals/trials	197	start_time	n/a	n/a	n/a	n/a	boo	209.0365018	197	true	209.0248943	209.3971084
209.0365018	0.0	cv_transition	/intervals/trials	197	cv_transition_time	n/a	n/a	n/a	n/a	boo	209.0365018	197	true	209.0248943	209.3971084
209.8823022	0.42328710000001024	trials	/intervals/trials	198	start_time	n/a	n/a	n/a	n/a	doo	209.9256369	198	true	209.8823022	210.3055893
209.9256369	0.0	cv_transition	/intervals/trials	198	cv_transition_time	n/a	n/a	n/a	n/a	doo	209.9256369	198	true	209.8823022	210.3055893
210.8743572	0.3683448000000169	trials	/intervals/trials	199	start_time	n/a	n/a	n/a	n/a	goo	210.902989	199	true	210.8743572	211.242702
210.902989	0.0	cv_transition	/intervals/trials	199	cv_transition_time	n/a	n/a	n/a	n/a	goo	210.902989	199	true	210.8743572	211.242702
211.7874811	0.42715619999998466	trials	/intervals/trials	200	start_time	n/a	n/a	n/a	n/a	poo	211.8331372	200	true	211.7874811	212.2146373
211.8331372	0.0	cv_transition	/intervals/trials	200	cv_transition_time	n/a	n/a	n/a	n/a	poo	211.8331372	200	true	211.7874811	212.2146373
212.7803098	0.4635265000000004	trials	/intervals/trials	201	start_time	n/a	n/a	n/a	n/a	too	212.8569194	201	true	212.7803098	213.2438363
212.8569194	0.0	cv_transition	/intervals/trials	201	cv_transition_time	n/a	n/a	n/a	n/a	too	212.8569194	201	true	212.7803098	213.2438363
213.7731386	0.4302515999999912	trials	/intervals/trials	202	start_time	n/a	n/a	n/a	n/a	koo	213.841236	202	true	213.7731386	214.2033902
213.841236	0.0	cv_transition	/intervals/trials	202	cv_transition_time	n/a	n/a	n/a	n/a	koo	213.841236	202	true	213.7731386	214.2033902
214.7466216	0.4395375999999942	trials	/intervals/trials	203	start_time	n/a	n/a	n/a	n/a	moo	214.8317433	203	true	214.7466216	215.1861592
214.8317433	0.0	cv_transition	/intervals/trials	203	cv_transition_time	n/a	n/a	n/a	n/a	moo	214.8317433	203	true	214.7466216	215.1861592
215.6868296	0.4627526999999816	trials	/intervals/trials	204	start_time	n/a	n/a	n/a	n/a	noo	215.7943925	204	true	215.6868296	216.1495823
215.7943925	0.0	cv_transition	/intervals/trials	204	cv_transition_time	n/a	n/a	n/a	n/a	noo	215.7943925	204	true	215.6868296	216.1495823
216.5109627	0.5207900999999993	trials	/intervals/trials	205	start_time	n/a	n/a	n/a	n/a	shoo	216.7299576	205	true	216.5109627	217.0317528
216.7299576	0.0	cv_transition	/intervals/trials	205	cv_transition_time	n/a	n/a	n/a	n/a	shoo	216.7299576	205	true	216.5109627	217.0317528
217.6005207	0.5432313000000022	trials	/intervals/trials	206	start_time	n/a	n/a	n/a	n/a	soo	217.8032651	206	true	217.6005207	218.143752
217.8032651	0.0	cv_transition	/intervals/trials	206	cv_transition_time	n/a	n/a	n/a	n/a	soo	217.8032651	206	true	217.6005207	218.143752
219.6604663	0.44650210000000357	trials	/intervals/trials	207	start_time	n/a	n/a	n/a	n/a	woo	219.7866012	207	true	219.6604663	220.1069684
219.7866012	0.0	cv_transition	/intervals/trials	207	cv_transition_time	n/a	n/a	n/a	n/a	woo	219.7866012	207	true	219.6604663	220.1069684
221.0046156	0.4457283000000132	trials	/intervals/trials	208	start_time	n/a	n/a	n/a	n/a	voo	221.1090832	208	true	221.0046156	221.4503439
221.1090832	0.0	cv_transition	/intervals/trials	208	cv_transition_time	n/a	n/a	n/a	n/a	voo	221.1090832	208	true	221.0046156	221.4503439
221.9486929	0.47745539999999664	trials	/intervals/trials	209	start_time	n/a	n/a	n/a	n/a	roo	222.0485174	209	true	221.9486929	222.4261483
222.0485174	0.0	cv_transition	/intervals/trials	209	cv_transition_time	n/a	n/a	n/a	n/a	roo	222.0485174	209	true	221.9486929	222.4261483
222.8865794	0.4588835000000131	trials	/intervals/trials	210	start_time	n/a	n/a	n/a	n/a	loo	222.9794395	210	true	222.8865794	223.3454629
222.9794395	0.0	cv_transition	/intervals/trials	210	cv_transition_time	n/a	n/a	n/a	n/a	loo	222.9794395	210	true	222.8865794	223.3454629
223.7664285	0.43721610000000055	trials	/intervals/trials	211	start_time	n/a	n/a	n/a	n/a	yoo	223.8561932	211	true	223.7664285	224.2036446
223.8561932	0.0	cv_transition	/intervals/trials	211	cv_transition_time	n/a	n/a	n/a	n/a	yoo	223.8561932	211	true	223.7664285	224.2036446
224.7577096	0.39388139999999794	trials	/intervals/trials	212	start_time	n/a	n/a	n/a	n/a	woo	224.8289023	212	true	224.7577096	225.151591
224.8289023	0.0	cv_transition	/intervals/trials	212	cv_transition_time	n/a	n/a	n/a	n/a	woo	224.8289023	212	true	224.7577096	225.151591
225.6282726	0.5107303999999999	trials	/intervals/trials	213	start_time	n/a	n/a	n/a	n/a	foo	225.7845871	213	true	225.6282726	226.139003
225.7845871	0.0	cv_transition	/intervals/trials	213	cv_transition_time	n/a	n/a	n/a	n/a	foo	225.7845871	213	true	225.6282726	226.139003
226.6334828	0.5176948000000152	trials	/intervals/trials	214	start_time	n/a	n/a	n/a	n/a	zoo	226.7959879	214	true	226.6334828	227.1511776
226.7959879	0.0	cv_transition	/intervals/trials	214	cv_transition_time	n/a	n/a	n/a	n/a	zoo	226.7959879	214	true	226.6334828	227.1511776
227.8267345	0.38072620000002644	trials	/intervals/trials	215	start_time	n/a	n/a	n/a	n/a	baa	227.8375682	215	true	227.8267345	228.2074607
227.8375682	0.0	cv_transition	/intervals/trials	215	cv_transition_time	n/a	n/a	n/a	n/a	baa	227.8375682	215	true	227.8267345	228.2074607
228.8095034	0.41013199999997596	trials	/intervals/trials	216	start_time	n/a	n/a	n/a	n/a	daa	228.8265278	216	true	228.8095034	229.2196354
228.8265278	0.0	cv_transition	/intervals/trials	216	cv_transition_time	n/a	n/a	n/a	n/a	daa	228.8265278	216	true	228.8095034	229.2196354
229.7543545	0.4333469999999977	trials	/intervals/trials	217	start_time	n/a	n/a	n/a	n/a	gaa	229.7930462	217	true	229.7543545	230.1877015
229.7930462	0.0	cv_transition	/intervals/trials	217	cv_transition_time	n/a	n/a	n/a	n/a	gaa	229.7930462	217	true	229.7543545	230.1877015
230.7549217	0.4194178999999849	trials	/intervals/trials	218	start_time	n/a	n/a	n/a	n/a	paa	230.7928395	218	true	230.7549217	231.1743396
230.7928395	0.0	cv_transition	/intervals/trials	218	cv_transition_time	n/a	n/a	n/a	n/a	paa	230.7928395	218	true	230.7549217	231.1743396
231.7523934	0.43102550000000406	trials	/intervals/trials	219	start_time	n/a	n/a	n/a	n/a	taa	231.833646	219	true	231.7523934	232.1834189
231.833646	0.0	cv_transition	/intervals/trials	219	cv_transition_time	n/a	n/a	n/a	n/a	taa	231.833646	219	true	231.7523934	232.1834189
232.7429007	0.43257309999998483	trials	/intervals/trials	220	start_time	n/a	n/a	n/a	n/a	kaa	232.8086766	220	true	232.7429007	233.1754738
232.8086766	0.0	cv_transition	/intervals/trials	220	cv_transition_time	n/a	n/a	n/a	n/a	kaa	232.8086766	220	true	232.7429007	233.1754738
233.673049	0.4395375999999942	trials	/intervals/trials	221	start_time	n/a	n/a	n/a	n/a	maa	233.7550753	221	true	233.673049	234.1125866
233.7550753	0.0	cv_transition	/intervals/trials	221	cv_transition_time	n/a	n/a	n/a	n/a	maa	233.7550753	221	true	233.673049	234.1125866
234.6179001	0.4403113999999846	trials	/intervals/trials	222	start_time	n/a	n/a	n/a	n/a	naa	234.6875451	222	true	234.6179001	235.0582115
234.6875451	0.0	cv_transition	/intervals/trials	222	cv_transition_time	n/a	n/a	n/a	n/a	naa	234.6875451	222	true	234.6179001	235.0582115
235.4528667	0.5594819000000086	trials	/intervals/trials	223	start_time	n/a	n/a	n/a	n/a	shaa	235.6385869	223	true	235.4528667	236.0123486
235.6385869	0.0	cv_transition	/intervals/trials	223	cv_transition_time	n/a	n/a	n/a	n/a	shaa	235.6385869	223	true	235.4528667	236.0123486
236.4812919	0.5478742999999895	trials	/intervals/trials	224	start_time	n/a	n/a	n/a	n/a	saa	236.629868	224	true	236.4812919	237.0291662
236.629868	0.0	cv_transition	/intervals/trials	224	cv_transition_time	n/a	n/a	n/a	n/a	saa	236.629868	224	true	236.4812919	237.0291662
238.4034951	0.481324600000022	trials	/intervals/trials	225	start_time	n/a	n/a	n/a	n/a	haa	238.5660002	225	true	238.4034951	238.8848197
238.5660002	0.0	cv_transition	/intervals/trials	225	cv_transition_time	n/a	n/a	n/a	n/a	haa	238.5660002	225	true	238.4034951	238.8848197
239.4752549	0.46507409999998117	trials	/intervals/trials	226	start_time	n/a	n/a	n/a	n/a	vaa	239.5603766	226	true	239.4752549	239.940329
239.5603766	0.0	cv_transition	/intervals/trials	226	cv_transition_time	n/a	n/a	n/a	n/a	vaa	239.5603766	226	true	239.4752549	239.940329
240.4928464	0.38846449999999777	trials	/intervals/trials	227	start_time	n/a	n/a	n/a	n/a	raa	240.5570746	227	true	240.4928464	240.8813109
240.5570746	0.0	cv_transition	/intervals/trials	227	cv_transition_time	n/a	n/a	n/a	n/a	raa	240.5570746	227	true	240.4928464	240.8813109
241.4044226	0.4016196999999977	trials	/intervals/trials	228	start_time	n/a	n/a	n/a	n/a	laa	241.4988303	228	true	241.4044226	241.8060423
241.4988303	0.0	cv_transition	/intervals/trials	228	cv_transition_time	n/a	n/a	n/a	n/a	laa	241.4988303	228	true	241.4044226	241.8060423
242.4235617	0.4650741000000096	trials	/intervals/trials	229	start_time	n/a	n/a	n/a	n/a	yaa	242.4769563	229	true	242.4235617	242.8886358
242.4769563	0.0	cv_transition	/intervals/trials	229	cv_transition_time	n/a	n/a	n/a	n/a	yaa	242.4769563	229	true	242.4235617	242.8886358
243.3475193	0.47203860000001896	trials	/intervals/trials	230	start_time	n/a	n/a	n/a	n/a	waa	243.4481177	230	true	243.3475193	243.8195579
243.4481177	0.0	cv_transition	/intervals/trials	230	cv_transition_time	n/a	n/a	n/a	n/a	waa	243.4481177	230	true	243.3475193	243.8195579
244.4192791	0.46584799999999404	trials	/intervals/trials	231	start_time	n/a	n/a	n/a	n/a	faa	244.5577954	231	true	244.4192791	244.8851271
244.5577954	0.0	cv_transition	/intervals/trials	231	cv_transition_time	n/a	n/a	n/a	n/a	faa	244.5577954	231	true	244.4192791	244.8851271
245.4190724	0.5184686999999997	trials	/intervals/trials	232	start_time	n/a	n/a	n/a	n/a	zaa	245.5475288	232	true	245.4190724	245.9375411
245.5475288	0.0	cv_transition	/intervals/trials	232	cv_transition_time	n/a	n/a	n/a	n/a	zaa	245.5475288	232	true	245.4190724	245.9375411
246.5403576	0.35828510000001756	trials	/intervals/trials	233	start_time	n/a	n/a	n/a	n/a	bee	246.5558343	233	true	246.5403576	246.8986427
246.5558343	0.0	cv_transition	/intervals/trials	233	cv_transition_time	n/a	n/a	n/a	n/a	bee	246.5558343	233	true	246.5403576	246.8986427
247.5362817	0.4457283000000132	trials	/intervals/trials	234	start_time	n/a	n/a	n/a	n/a	dee	247.5827118	234	true	247.5362817	247.98201
247.5827118	0.0	cv_transition	/intervals/trials	234	cv_transition_time	n/a	n/a	n/a	n/a	dee	247.5827118	234	true	247.5362817	247.98201
248.4408935	0.4944798000000219	trials	/intervals/trials	235	start_time	n/a	n/a	n/a	n/a	gee	248.5345274	235	true	248.4408935	248.9353733
248.5345274	0.0	cv_transition	/intervals/trials	235	cv_transition_time	n/a	n/a	n/a	n/a	gee	248.5345274	235	true	248.4408935	248.9353733
249.4043166	0.4155487000000164	trials	/intervals/trials	236	start_time	n/a	n/a	n/a	n/a	pee	249.4530681	236	true	249.4043166	249.8198653
249.4530681	0.0	cv_transition	/intervals/trials	236	cv_transition_time	n/a	n/a	n/a	n/a	pee	249.4530681	236	true	249.4043166	249.8198653
250.4072052	0.4557881000000066	trials	/intervals/trials	237	start_time	n/a	n/a	n/a	n/a	tee	250.463695	237	true	250.4072052	250.8629933
250.463695	0.0	cv_transition	/intervals/trials	237	cv_transition_time	n/a	n/a	n/a	n/a	tee	250.463695	237	true	250.4072052	250.8629933
251.3652114	0.4379900000000134	trials	/intervals/trials	238	start_time	n/a	n/a	n/a	n/a	kee	251.4456902	238	true	251.3652114	251.8032014
251.4456902	0.0	cv_transition	/intervals/trials	238	cv_transition_time	n/a	n/a	n/a	n/a	kee	251.4456902	238	true	251.3652114	251.8032014
252.2914905	0.4728125000000034	trials	/intervals/trials	239	start_time	n/a	n/a	n/a	n/a	mee	252.4153039	239	true	252.2914905	252.764303
252.4153039	0.0	cv_transition	/intervals/trials	239	cv_transition_time	n/a	n/a	n/a	n/a	mee	252.4153039	239	true	252.2914905	252.764303
253.2680688	0.4627525999999875	trials	/intervals/trials	240	start_time	n/a	n/a	n/a	n/a	nee	253.3733102	240	true	253.2680688	253.7308214
253.3733102	0.0	cv_transition	/intervals/trials	240	cv_transition_time	n/a	n/a	n/a	n/a	nee	253.3733102	240	true	253.2680688	253.7308214
254.1440487	0.6600801999999817	trials	/intervals/trials	241	start_time	n/a	n/a	n/a	n/a	shee	254.3916755	241	true	254.1440487	254.8041289
254.3916755	0.0	cv_transition	/intervals/trials	241	cv_transition_time	n/a	n/a	n/a	n/a	shee	254.3916755	241	true	254.1440487	254.8041289
255.2150347	0.6353175000000135	trials	/intervals/trials	242	start_time	n/a	n/a	n/a	n/a	see	255.4402203	242	true	255.2150347	255.8503522
255.4402203	0.0	cv_transition	/intervals/trials	242	cv_transition_time	n/a	n/a	n/a	n/a	see	255.4402203	242	true	255.2150347	255.8503522
257.4181395	0.5594818999999802	trials	/intervals/trials	243	start_time	n/a	n/a	n/a	n/a	hee	257.5496913	243	true	257.4181395	257.9776214
257.5496913	0.0	cv_transition	/intervals/trials	243	cv_transition_time	n/a	n/a	n/a	n/a	hee	257.5496913	243	true	257.4181395	257.9776214
258.4837087	0.4101318999999535	trials	/intervals/trials	244	start_time	n/a	n/a	n/a	n/a	vee	258.5409724	244	true	258.4837087	258.8938406
258.5409724	0.0	cv_transition	/intervals/trials	244	cv_transition_time	n/a	n/a	n/a	n/a	vee	258.5409724	244	true	258.4837087	258.8938406
259.4115354	0.53239769999999	trials	/intervals/trials	245	start_time	n/a	n/a	n/a	n/a	ree	259.5260628	245	true	259.4115354	259.9439331
259.5260628	0.0	cv_transition	/intervals/trials	245	cv_transition_time	n/a	n/a	n/a	n/a	ree	259.5260628	245	true	259.4115354	259.9439331
260.3625772	0.48828910000003134	trials	/intervals/trials	246	start_time	n/a	n/a	n/a	n/a	lee	260.4368652	246	true	260.3625772	260.8508663
260.4368652	0.0	cv_transition	/intervals/trials	246	cv_transition_time	n/a	n/a	n/a	n/a	lee	260.4368652	246	true	260.3625772	260.8508663
261.4335632	0.4704909000000157	trials	/intervals/trials	247	start_time	n/a	n/a	n/a	n/a	yee	261.4916007	247	true	261.4335632	261.9040541
261.4916007	0.0	cv_transition	/intervals/trials	247	cv_transition_time	n/a	n/a	n/a	n/a	yee	261.4916007	247	true	261.4335632	261.9040541
262.3691283	0.4643002999999908	trials	/intervals/trials	248	start_time	n/a	n/a	n/a	n/a	wee	262.431035	248	true	262.3691283	262.8334286
262.431035	0.0	cv_transition	/intervals/trials	248	cv_transition_time	n/a	n/a	n/a	n/a	wee	262.431035	248	true	262.3691283	262.8334286
263.301598	0.5703154999999924	trials	/intervals/trials	249	start_time	n/a	n/a	n/a	n/a	fee	263.4594601	249	true	263.301598	263.8719135
263.4594601	0.0	cv_transition	/intervals/trials	249	cv_transition_time	n/a	n/a	n/a	n/a	fee	263.4594601	249	true	263.301598	263.8719135
264.4654441	0.5679939999999988	trials	/intervals/trials	250	start_time	n/a	n/a	n/a	n/a	zee	264.6782484	250	true	264.4654441	265.0334381
264.6782484	0.0	cv_transition	/intervals/trials	250	cv_transition_time	n/a	n/a	n/a	n/a	zee	264.6782484	250	true	264.4654441	265.0334381
267.250472	0.36834490000001097	trials	/intervals/trials	251	start_time	n/a	n/a	n/a	n/a	boo	267.2558888	251	true	267.250472	267.6188169
267.2558888	0.0	cv_transition	/intervals/trials	251	cv_transition_time	n/a	n/a	n/a	n/a	boo	267.2558888	251	true	267.250472	267.6188169
268.0900816	0.3992982999999981	trials	/intervals/trials	252	start_time	n/a	n/a	n/a	n/a	doo	268.125678	252	true	268.0900816	268.4893799
268.125678	0.0	cv_transition	/intervals/trials	252	cv_transition_time	n/a	n/a	n/a	n/a	doo	268.125678	252	true	268.0900816	268.4893799
268.959097	0.4116796000000136	trials	/intervals/trials	253	start_time	n/a	n/a	n/a	n/a	goo	269.0070747	253	true	268.959097	269.3707766
269.0070747	0.0	cv_transition	/intervals/trials	253	cv_transition_time	n/a	n/a	n/a	n/a	goo	269.0070747	253	true	268.959097	269.3707766
269.8358507	0.44108529999999746	trials	/intervals/trials	254	start_time	n/a	n/a	n/a	n/a	poo	269.9217463	254	true	269.8358507	270.276936
269.9217463	0.0	cv_transition	/intervals/trials	254	cv_transition_time	n/a	n/a	n/a	n/a	poo	269.9217463	254	true	269.8358507	270.276936
270.8696927	0.4379899000000478	trials	/intervals/trials	255	start_time	n/a	n/a	n/a	n/a	too	270.9424331	255	true	270.8696927	271.3076826
270.9424331	0.0	cv_transition	/intervals/trials	255	cv_transition_time	n/a	n/a	n/a	n/a	too	270.9424331	255	true	270.8696927	271.3076826
271.8393065	0.3962028999999916	trials	/intervals/trials	256	start_time	n/a	n/a	n/a	n/a	koo	271.9275235	256	true	271.8393065	272.2355094
271.9275235	0.0	cv_transition	/intervals/trials	256	cv_transition_time	n/a	n/a	n/a	n/a	koo	271.9275235	256	true	271.8393065	272.2355094
272.8592194	0.4418591000000447	trials	/intervals/trials	257	start_time	n/a	n/a	n/a	n/a	moo	272.959044	257	true	272.8592194	273.3010785
272.959044	0.0	cv_transition	/intervals/trials	257	cv_transition_time	n/a	n/a	n/a	n/a	moo	272.959044	257	true	272.8592194	273.3010785
273.8915137	0.40239359999998214	trials	/intervals/trials	258	start_time	n/a	n/a	n/a	n/a	noo	273.9774093	258	true	273.8915137	274.2939073
273.9774093	0.0	cv_transition	/intervals/trials	258	cv_transition_time	n/a	n/a	n/a	n/a	noo	273.9774093	258	true	273.8915137	274.2939073
274.8673182	0.5888874999999985	trials	/intervals/trials	259	start_time	n/a	n/a	n/a	n/a	shoo	275.0909562	259	true	274.8673182	275.4562057
275.0909562	0.0	cv_transition	/intervals/trials	259	cv_transition_time	n/a	n/a	n/a	n/a	shoo	275.0909562	259	true	274.8673182	275.4562057
275.850861	0.5687677999999892	trials	/intervals/trials	260	start_time	n/a	n/a	n/a	n/a	soo	276.0775943	260	true	275.850861	276.4196288
276.0775943	0.0	cv_transition	/intervals/trials	260	cv_transition_time	n/a	n/a	n/a	n/a	soo	276.0775943	260	true	275.850861	276.4196288
278.0408107	0.45191890000000967	trials	/intervals/trials	261	start_time	n/a	n/a	n/a	n/a	hoo	278.1653979	261	true	278.0408107	278.4927296
278.1653979	0.0	cv_transition	/intervals/trials	261	cv_transition_time	n/a	n/a	n/a	n/a	hoo	278.1653979	261	true	278.0408107	278.4927296
280.209093	0.4101319000000103	trials	/intervals/trials	262	start_time	n/a	n/a	n/a	n/a	roo	280.3120129	262	true	280.209093	280.6192249
280.3120129	0.0	cv_transition	/intervals/trials	262	cv_transition_time	n/a	n/a	n/a	n/a	roo	280.3120129	262	true	280.209093	280.6192249
281.1407889	0.4844200000000001	trials	/intervals/trials	263	start_time	n/a	n/a	n/a	n/a	loo	281.2553163	263	true	281.1407889	281.6252089
281.2553163	0.0	cv_transition	/intervals/trials	263	cv_transition_time	n/a	n/a	n/a	n/a	loo	281.2553163	263	true	281.1407889	281.6252089
282.1746309	0.43334690000000364	trials	/intervals/trials	264	start_time	n/a	n/a	n/a	n/a	yoo	282.2752293	264	true	282.1746309	282.6079778
282.2752293	0.0	cv_transition	/intervals/trials	264	cv_transition_time	n/a	n/a	n/a	n/a	yoo	282.2752293	264	true	282.1746309	282.6079778
283.1690073	0.4379900000000134	trials	/intervals/trials	265	start_time	n/a	n/a	n/a	n/a	woo	283.2324617	265	true	283.1690073	283.6069973
283.2324617	0.0	cv_transition	/intervals/trials	265	cv_transition_time	n/a	n/a	n/a	n/a	woo	283.2324617	265	true	283.1690073	283.6069973
284.1254659	0.5633510000000115	trials	/intervals/trials	266	start_time	n/a	n/a	n/a	n/a	foo	284.2856495	266	true	284.1254659	284.6888169
284.2856495	0.0	cv_transition	/intervals/trials	266	cv_transition_time	n/a	n/a	n/a	n/a	foo	284.2856495	266	true	284.1254659	284.6888169
285.1043657	0.5153732999999647	trials	/intervals/trials	267	start_time	n/a	n/a	n/a	n/a	zoo	285.238239	267	true	285.1043657	285.619739
285.238239	0.0	cv_transition	/intervals/trials	267	cv_transition_time	n/a	n/a	n/a	n/a	zoo	285.238239	267	true	285.1043657	285.619739
286.2140434	0.3985244000000421	trials	/intervals/trials	268	start_time	n/a	n/a	n/a	n/a	baa	286.2202341	268	true	286.2140434	286.6125678
286.2202341	0.0	cv_transition	/intervals/trials	268	cv_transition_time	n/a	n/a	n/a	n/a	baa	286.2202341	268	true	286.2140434	286.6125678
287.1372271	0.44108529999999746	trials	/intervals/trials	269	start_time	n/a	n/a	n/a	n/a	daa	287.161216	269	true	287.1372271	287.5783124
287.161216	0.0	cv_transition	/intervals/trials	269	cv_transition_time	n/a	n/a	n/a	n/a	daa	287.161216	269	true	287.1372271	287.5783124
288.1958318	0.4511451000000193	trials	/intervals/trials	270	start_time	n/a	n/a	n/a	n/a	gaa	288.2190468	270	true	288.1958318	288.6469769
288.2190468	0.0	cv_transition	/intervals/trials	270	cv_transition_time	n/a	n/a	n/a	n/a	gaa	288.2190468	270	true	288.1958318	288.6469769
289.1460997	0.47281250000003183	trials	/intervals/trials	271	start_time	n/a	n/a	n/a	n/a	paa	289.2103279	271	true	289.1460997	289.6189122
289.2103279	0.0	cv_transition	/intervals/trials	271	cv_transition_time	n/a	n/a	n/a	n/a	paa	289.2103279	271	true	289.1460997	289.6189122
290.2449437	0.4828722999999968	trials	/intervals/trials	272	start_time	n/a	n/a	n/a	n/a	taa	290.3060766	272	true	290.2449437	290.727816
290.3060766	0.0	cv_transition	/intervals/trials	272	cv_transition_time	n/a	n/a	n/a	n/a	taa	290.3060766	272	true	290.2449437	290.727816
291.3646813	0.4542404000000033	trials	/intervals/trials	273	start_time	n/a	n/a	n/a	n/a	kaa	291.4072421	273	true	291.3646813	291.8189217
291.4072421	0.0	cv_transition	/intervals/trials	273	cv_transition_time	n/a	n/a	n/a	n/a	kaa	291.4072421	273	true	291.3646813	291.8189217
292.366796	0.5610295999999835	trials	/intervals/trials	274	start_time	n/a	n/a	n/a	n/a	maa	292.5494208	274	true	292.366796	292.9278256
292.5494208	0.0	cv_transition	/intervals/trials	274	cv_transition_time	n/a	n/a	n/a	n/a	maa	292.5494208	274	true	292.366796	292.9278256
293.5445711	0.4743601000000126	trials	/intervals/trials	275	start_time	n/a	n/a	n/a	n/a	naa	293.6374312	275	true	293.5445711	294.0189312
293.6374312	0.0	cv_transition	/intervals/trials	275	cv_transition_time	n/a	n/a	n/a	n/a	naa	293.6374312	275	true	293.5445711	294.0189312
294.4816839	0.6004949999999667	trials	/intervals/trials	276	start_time	n/a	n/a	n/a	n/a	shaa	294.6960358	276	true	294.4816839	295.0821789
294.6960358	0.0	cv_transition	/intervals/trials	276	cv_transition_time	n/a	n/a	n/a	n/a	shaa	294.6960358	276	true	294.4816839	295.0821789
295.6532682	0.550969699999996	trials	/intervals/trials	277	start_time	n/a	n/a	n/a	n/a	saa	295.8103565	277	true	295.6532682	296.2042379
295.8103565	0.0	cv_transition	/intervals/trials	277	cv_transition_time	n/a	n/a	n/a	n/a	saa	295.8103565	277	true	295.6532682	296.2042379
298.0219736	0.5107302999999774	trials	/intervals/trials	278	start_time	n/a	n/a	n/a	n/a	haa	298.1906693	278	true	298.0219736	298.5327039
298.1906693	0.0	cv_transition	/intervals/trials	278	cv_transition_time	n/a	n/a	n/a	n/a	haa	298.1906693	278	true	298.0219736	298.5327039
299.1409372	0.5277547000000027	trials	/intervals/trials	279	start_time	n/a	n/a	n/a	n/a	vaa	299.277132	279	true	299.1409372	299.6686919
299.277132	0.0	cv_transition	/intervals/trials	279	cv_transition_time	n/a	n/a	n/a	n/a	vaa	299.277132	279	true	299.1409372	299.6686919
300.2250784	0.5122780000000375	trials	/intervals/trials	280	start_time	n/a	n/a	n/a	n/a	raa	300.3612732	280	true	300.2250784	300.7373564
300.3612732	0.0	cv_transition	/intervals/trials	280	cv_transition_time	n/a	n/a	n/a	n/a	raa	300.3612732	280	true	300.2250784	300.7373564
301.2852307	0.5169210000000248	trials	/intervals/trials	281	start_time	n/a	n/a	n/a	n/a	laa	301.4353545	281	true	301.2852307	301.8021517
301.4353545	0.0	cv_transition	/intervals/trials	281	cv_transition_time	n/a	n/a	n/a	n/a	laa	301.4353545	281	true	301.2852307	301.8021517
302.4908638	0.5246592999999962	trials	/intervals/trials	282	start_time	n/a	n/a	n/a	n/a	yaa	302.6139034	282	true	302.4908638	303.0155231
302.6139034	0.0	cv_transition	/intervals/trials	282	cv_transition_time	n/a	n/a	n/a	n/a	yaa	302.6139034	282	true	302.4908638	303.0155231
303.5169675	0.4882890999999745	trials	/intervals/trials	283	start_time	n/a	n/a	n/a	n/a	waa	303.6044107	283	true	303.5169675	304.0052566
303.6044107	0.0	cv_transition	/intervals/trials	283	cv_transition_time	n/a	n/a	n/a	n/a	waa	303.6044107	283	true	303.5169675	304.0052566
304.6103946	0.48596770000000333	trials	/intervals/trials	284	start_time	n/a	n/a	n/a	n/a	faa	304.7496847	284	true	304.6103946	305.0963623
304.7496847	0.0	cv_transition	/intervals/trials	284	cv_transition_time	n/a	n/a	n/a	n/a	faa	304.7496847	284	true	304.6103946	305.0963623
305.6720946	0.5424575000000118	trials	/intervals/trials	285	start_time	n/a	n/a	n/a	n/a	zaa	305.8392427	285	true	305.6720946	306.2145521
305.8392427	0.0	cv_transition	/intervals/trials	285	cv_transition_time	n/a	n/a	n/a	n/a	zaa	305.8392427	285	true	305.6720946	306.2145521
306.8707632	0.3799523999999792	trials	/intervals/trials	286	start_time	n/a	n/a	n/a	n/a	bee	306.8916567	286	true	306.8707632	307.2507156
306.8916567	0.0	cv_transition	/intervals/trials	286	cv_transition_time	n/a	n/a	n/a	n/a	bee	306.8916567	286	true	306.8707632	307.2507156
307.7978161	0.39233380000001716	trials	/intervals/trials	287	start_time	n/a	n/a	n/a	n/a	dee	307.826448	287	true	307.7978161	308.1901499
307.826448	0.0	cv_transition	/intervals/trials	287	cv_transition_time	n/a	n/a	n/a	n/a	dee	307.826448	287	true	307.7978161	308.1901499
308.8448133	0.4109057000000007	trials	/intervals/trials	288	start_time	n/a	n/a	n/a	n/a	gee	308.9043985	288	true	308.8448133	309.255719
308.9043985	0.0	cv_transition	/intervals/trials	288	cv_transition_time	n/a	n/a	n/a	n/a	gee	308.9043985	288	true	308.8448133	309.255719
309.7997242	0.46197879999999714	trials	/intervals/trials	289	start_time	n/a	n/a	n/a	n/a	pee	309.8771076	289	true	309.7997242	310.261703
309.8771076	0.0	cv_transition	/intervals/trials	289	cv_transition_time	n/a	n/a	n/a	n/a	pee	309.8771076	289	true	309.7997242	310.261703
310.7987436	0.4867414999999937	trials	/intervals/trials	290	start_time	n/a	n/a	n/a	n/a	tee	310.8738055	290	true	310.7987436	311.2854851
310.8738055	0.0	cv_transition	/intervals/trials	290	cv_transition_time	n/a	n/a	n/a	n/a	tee	310.8738055	290	true	310.7987436	311.2854851
311.877468	0.46662179999998443	trials	/intervals/trials	291	start_time	n/a	n/a	n/a	n/a	kee	311.9478869	291	true	311.877468	312.3440898
311.9478869	0.0	cv_transition	/intervals/trials	291	cv_transition_time	n/a	n/a	n/a	n/a	kee	311.9478869	291	true	311.877468	312.3440898
312.962383	0.4828722999999968	trials	/intervals/trials	292	start_time	n/a	n/a	n/a	n/a	mee	313.0536954	292	true	312.962383	313.4452553
313.0536954	0.0	cv_transition	/intervals/trials	292	cv_transition_time	n/a	n/a	n/a	n/a	mee	313.0536954	292	true	312.962383	313.4452553
313.9296753	0.4867414000000281	trials	/intervals/trials	293	start_time	n/a	n/a	n/a	n/a	nee	314.0503933	293	true	313.9296753	314.4164167
314.0503933	0.0	cv_transition	/intervals/trials	293	cv_transition_time	n/a	n/a	n/a	n/a	nee	314.0503933	293	true	313.9296753	314.4164167
314.9464929	0.6771046000000069	trials	/intervals/trials	294	start_time	n/a	n/a	n/a	n/a	shee	315.1933459	294	true	314.9464929	315.6235975
315.1933459	0.0	cv_transition	/intervals/trials	294	cv_transition_time	n/a	n/a	n/a	n/a	shee	315.1933459	294	true	314.9464929	315.6235975
316.0020022	0.6492466000000263	trials	/intervals/trials	295	start_time	n/a	n/a	n/a	n/a	see	316.2326047	295	true	316.0020022	316.6512488
316.2326047	0.0	cv_transition	/intervals/trials	295	cv_transition_time	n/a	n/a	n/a	n/a	see	316.2326047	295	true	316.0020022	316.6512488
318.2267744	0.5850183999999672	trials	/intervals/trials	296	start_time	n/a	n/a	n/a	n/a	hee	318.3985655	296	true	318.2267744	318.8117928
318.3985655	0.0	cv_transition	/intervals/trials	296	cv_transition_time	n/a	n/a	n/a	n/a	hee	318.3985655	296	true	318.2267744	318.8117928
319.3349044	0.4643002999999908	trials	/intervals/trials	297	start_time	n/a	n/a	n/a	n/a	vee	319.379013	297	true	319.3349044	319.7992047
319.379013	0.0	cv_transition	/intervals/trials	297	cv_transition_time	n/a	n/a	n/a	n/a	vee	319.379013	297	true	319.3349044	319.7992047
320.2712434	0.5447790000000055	trials	/intervals/trials	298	start_time	n/a	n/a	n/a	n/a	ree	320.3780324	298	true	320.2712434	320.8160224
320.3780324	0.0	cv_transition	/intervals/trials	298	cv_transition_time	n/a	n/a	n/a	n/a	ree	320.3780324	298	true	320.2712434	320.8160224
321.2594291	0.4929322000000411	trials	/intervals/trials	299	start_time	n/a	n/a	n/a	n/a	lee	321.3638967	299	true	321.2594291	321.7523613
321.3638967	0.0	cv_transition	/intervals/trials	299	cv_transition_time	n/a	n/a	n/a	n/a	lee	321.3638967	299	true	321.2594291	321.7523613
322.3342843	0.4991228000000092	trials	/intervals/trials	300	start_time	n/a	n/a	n/a	n/a	yee	322.424049	300	true	322.3342843	322.8334071
322.424049	0.0	cv_transition	/intervals/trials	300	cv_transition_time	n/a	n/a	n/a	n/a	yee	322.424049	300	true	322.3342843	322.8334071
323.2636587	0.4782293000000095	trials	/intervals/trials	301	start_time	n/a	n/a	n/a	n/a	wee	323.3689001	301	true	323.2636587	323.741888
323.3689001	0.0	cv_transition	/intervals/trials	301	cv_transition_time	n/a	n/a	n/a	n/a	wee	323.3689001	301	true	323.2636587	323.741888
324.2572613	0.5726370000000429	trials	/intervals/trials	302	start_time	n/a	n/a	n/a	n/a	fee	324.4128019	302	true	324.2572613	324.8298983
324.4128019	0.0	cv_transition	/intervals/trials	302	cv_transition_time	n/a	n/a	n/a	n/a	fee	324.4128019	302	true	324.2572613	324.8298983
325.2988416	0.5796015999999895	trials	/intervals/trials	303	start_time	n/a	n/a	n/a	n/a	zee	325.4667636	303	true	325.2988416	325.8784432
325.4667636	0.0	cv_transition	/intervals/trials	303	cv_transition_time	n/a	n/a	n/a	n/a	zee	325.4667636	303	true	325.2988416	325.8784432
326.4588185	0.3698926000000142	trials	/intervals/trials	304	start_time	n/a	n/a	n/a	n/a	boo	326.4820335	304	true	326.4588185	326.8287111
326.4820335	0.0	cv_transition	/intervals/trials	304	cv_transition_time	n/a	n/a	n/a	n/a	boo	326.4820335	304	true	326.4588185	326.8287111
327.448552	0.46507409999998117	trials	/intervals/trials	305	start_time	n/a	n/a	n/a	n/a	doo	327.5011727	305	true	327.448552	327.9136261
327.5011727	0.0	cv_transition	/intervals/trials	305	cv_transition_time	n/a	n/a	n/a	n/a	doo	327.5011727	305	true	327.448552	327.9136261
328.4723341	0.4519189999999753	trials	/intervals/trials	306	start_time	n/a	n/a	n/a	n/a	goo	328.5443007	306	true	328.4723341	328.9242531
328.5443007	0.0	cv_transition	/intervals/trials	306	cv_transition_time	n/a	n/a	n/a	n/a	goo	328.5443007	306	true	328.4723341	328.9242531
329.4574246	0.4550141999999937	trials	/intervals/trials	307	start_time	n/a	n/a	n/a	n/a	poo	329.5580229	307	true	329.4574246	329.9124388
329.5580229	0.0	cv_transition	/intervals/trials	307	cv_transition_time	n/a	n/a	n/a	n/a	poo	329.5580229	307	true	329.4574246	329.9124388
330.5423396	0.4023935000000165	trials	/intervals/trials	308	start_time	n/a	n/a	n/a	n/a	too	330.6251398	308	true	330.5423396	330.9447331
330.6251398	0.0	cv_transition	/intervals/trials	308	cv_transition_time	n/a	n/a	n/a	n/a	too	330.6251398	308	true	330.5423396	330.9447331
331.6791014	0.4294778000000292	trials	/intervals/trials	309	start_time	n/a	n/a	n/a	n/a	koo	331.76964	309	true	331.6791014	332.1085792
331.76964	0.0	cv_transition	/intervals/trials	309	cv_transition_time	n/a	n/a	n/a	n/a	koo	331.76964	309	true	331.6791014	332.1085792
333.4032032	0.3753093999999919	trials	/intervals/trials	310	start_time	n/a	n/a	n/a	n/a	moo	333.4774912	310	true	333.4032032	333.7785126
333.4774912	0.0	cv_transition	/intervals/trials	310	cv_transition_time	n/a	n/a	n/a	n/a	moo	333.4774912	310	true	333.4032032	333.7785126
334.5941334	0.3675711000000206	trials	/intervals/trials	311	start_time	n/a	n/a	n/a	n/a	noo	334.7156253	311	true	334.5941334	334.9617045
334.7156253	0.0	cv_transition	/intervals/trials	311	cv_transition_time	n/a	n/a	n/a	n/a	noo	334.7156253	311	true	334.5941334	334.9617045
335.5707117	0.5084087999999838	trials	/intervals/trials	312	start_time	n/a	n/a	n/a	n/a	shoo	335.7904805	312	true	335.5707117	336.0791205
335.7904805	0.0	cv_transition	/intervals/trials	312	cv_transition_time	n/a	n/a	n/a	n/a	shoo	335.7904805	312	true	335.5707117	336.0791205
338.8533147	0.4735863000000222	trials	/intervals/trials	313	start_time	n/a	n/a	n/a	n/a	hoo	338.9949263	313	true	338.8533147	339.326901
338.9949263	0.0	cv_transition	/intervals/trials	313	cv_transition_time	n/a	n/a	n/a	n/a	hoo	338.9949263	313	true	338.8533147	339.326901
339.9745999	0.45656200000001945	trials	/intervals/trials	314	start_time	n/a	n/a	n/a	n/a	voo	340.0589478	314	true	339.9745999	340.4311619
340.0589478	0.0	cv_transition	/intervals/trials	314	cv_transition_time	n/a	n/a	n/a	n/a	voo	340.0589478	314	true	339.9745999	340.4311619
340.8660565	0.5029918999999836	trials	/intervals/trials	315	start_time	n/a	n/a	n/a	n/a	roo	340.9898699	315	true	340.8660565	341.3690484
340.9898699	0.0	cv_transition	/intervals/trials	315	cv_transition_time	n/a	n/a	n/a	n/a	roo	340.9898699	315	true	340.8660565	341.3690484
341.9223396	0.5207902000000217	trials	/intervals/trials	316	start_time	n/a	n/a	n/a	n/a	loo	342.022938	316	true	341.9223396	342.4431298
342.022938	0.0	cv_transition	/intervals/trials	316	cv_transition_time	n/a	n/a	n/a	n/a	loo	342.022938	316	true	341.9223396	342.4431298
342.9716583	0.4998965999999996	trials	/intervals/trials	317	start_time	n/a	n/a	n/a	n/a	yoo	343.093924	317	true	342.9716583	343.4715549
343.093924	0.0	cv_transition	/intervals/trials	317	cv_transition_time	n/a	n/a	n/a	n/a	yoo	343.093924	317	true	342.9716583	343.4715549
344.0403228	0.4387636999999813	trials	/intervals/trials	318	start_time	n/a	n/a	n/a	n/a	woo	344.1238968	318	true	344.0403228	344.4790865
344.1238968	0.0	cv_transition	/intervals/trials	318	cv_transition_time	n/a	n/a	n/a	n/a	woo	344.1238968	318	true	344.0403228	344.4790865
344.924041	0.6113287000000014	trials	/intervals/trials	319	start_time	n/a	n/a	n/a	n/a	foo	345.1275593	319	true	344.924041	345.5353697
345.1275593	0.0	cv_transition	/intervals/trials	319	cv_transition_time	n/a	n/a	n/a	n/a	foo	345.1275593	319	true	344.924041	345.5353697
345.9369894	0.6028165999999828	trials	/intervals/trials	320	start_time	n/a	n/a	n/a	n/a	zoo	346.1172927	320	true	345.9369894	346.539806
346.1172927	0.0	cv_transition	/intervals/trials	320	cv_transition_time	n/a	n/a	n/a	n/a	zoo	346.1172927	320	true	345.9369894	346.539806
347.103157	0.40316739999997253	trials	/intervals/trials	321	start_time	n/a	n/a	n/a	n/a	baa	347.1116692	321	true	347.103157	347.5063244
347.1116692	0.0	cv_transition	/intervals/trials	321	cv_transition_time	n/a	n/a	n/a	n/a	baa	347.1116692	321	true	347.103157	347.5063244
348.0572941	0.4116796000000136	trials	/intervals/trials	322	start_time	n/a	n/a	n/a	n/a	daa	348.0750923	322	true	348.0572941	348.4689737
348.0750923	0.0	cv_transition	/intervals/trials	322	cv_transition_time	n/a	n/a	n/a	n/a	daa	348.0750923	322	true	348.0572941	348.4689737
349.0176219	0.40471500000001015	trials	/intervals/trials	323	start_time	n/a	n/a	n/a	n/a	gaa	349.0423845	323	true	349.0176219	349.4223369
349.0423845	0.0	cv_transition	/intervals/trials	323	cv_transition_time	n/a	n/a	n/a	n/a	gaa	349.0423845	323	true	349.0176219	349.4223369
349.9570561	0.43798989999999094	trials	/intervals/trials	324	start_time	n/a	n/a	n/a	n/a	paa	350.0058076	324	true	349.9570561	350.395046
350.0058076	0.0	cv_transition	/intervals/trials	324	cv_transition_time	n/a	n/a	n/a	n/a	paa	350.0058076	324	true	349.9570561	350.395046
350.9057764	0.47668160000000626	trials	/intervals/trials	325	start_time	n/a	n/a	n/a	n/a	taa	350.9986364	325	true	350.9057764	351.382458
350.9986364	0.0	cv_transition	/intervals/trials	325	cv_transition_time	n/a	n/a	n/a	n/a	taa	350.9986364	325	true	350.9057764	351.382458
351.9156295	0.45578809999994974	trials	/intervals/trials	326	start_time	n/a	n/a	n/a	n/a	kaa	351.9930129	326	true	351.9156295	352.3714176
351.9930129	0.0	cv_transition	/intervals/trials	326	cv_transition_time	n/a	n/a	n/a	n/a	kaa	351.9930129	326	true	351.9156295	352.3714176
352.9084583	0.4604310999999939	trials	/intervals/trials	327	start_time	n/a	n/a	n/a	n/a	maa	352.9726865	327	true	352.9084583	353.3688894
352.9726865	0.0	cv_transition	/intervals/trials	327	cv_transition_time	n/a	n/a	n/a	n/a	maa	352.9726865	327	true	352.9084583	353.3688894
353.7968195	0.48983679999997776	trials	/intervals/trials	328	start_time	n/a	n/a	n/a	n/a	naa	353.896644	328	true	353.7968195	354.2866563
353.896644	0.0	cv_transition	/intervals/trials	328	cv_transition_time	n/a	n/a	n/a	n/a	naa	353.896644	328	true	353.7968195	354.2866563
355.2500794	0.5989473999999859	trials	/intervals/trials	329	start_time	n/a	n/a	n/a	n/a	shaa	355.4652052	329	true	355.2500794	355.8490268
355.4652052	0.0	cv_transition	/intervals/trials	329	cv_transition_time	n/a	n/a	n/a	n/a	shaa	355.4652052	329	true	355.2500794	355.8490268
356.1810015	0.5540650000000369	trials	/intervals/trials	330	start_time	n/a	n/a	n/a	n/a	saa	356.3597571	330	true	356.1810015	356.7350665
356.3597571	0.0	cv_transition	/intervals/trials	330	cv_transition_time	n/a	n/a	n/a	n/a	saa	356.3597571	330	true	356.1810015	356.7350665
358.083085	0.4658479000000284	trials	/intervals/trials	331	start_time	n/a	n/a	n/a	n/a	haa	358.2432686	331	true	358.083085	358.5489329
358.2432686	0.0	cv_transition	/intervals/trials	331	cv_transition_time	n/a	n/a	n/a	n/a	haa	358.2432686	331	true	358.083085	358.5489329
359.0960334	0.4426330000000007	trials	/intervals/trials	332	start_time	n/a	n/a	n/a	n/a	vaa	359.1695477	332	true	359.0960334	359.5386664
359.1695477	0.0	cv_transition	/intervals/trials	332	cv_transition_time	n/a	n/a	n/a	n/a	vaa	359.1695477	332	true	359.0960334	359.5386664
359.9464768	0.5269807999999898	trials	/intervals/trials	333	start_time	n/a	n/a	n/a	n/a	raa	360.1229109	333	true	359.9464768	360.4734576
360.1229109	0.0	cv_transition	/intervals/trials	333	cv_transition_time	n/a	n/a	n/a	n/a	raa	360.1229109	333	true	359.9464768	360.4734576
360.8549577	0.49370599999997467	trials	/intervals/trials	334	start_time	n/a	n/a	n/a	n/a	laa	361.007403	334	true	360.8549577	361.3486637
361.007403	0.0	cv_transition	/intervals/trials	334	cv_transition_time	n/a	n/a	n/a	n/a	laa	361.007403	334	true	360.8549577	361.3486637
361.8578463	0.46971709999996847	trials	/intervals/trials	335	start_time	n/a	n/a	n/a	n/a	yaa	361.9406465	335	true	361.8578463	362.3275634
361.9406465	0.0	cv_transition	/intervals/trials	335	cv_transition_time	n/a	n/a	n/a	n/a	yaa	361.9406465	335	true	361.8578463	362.3275634
362.9249631	0.40626279999997905	trials	/intervals/trials	336	start_time	n/a	n/a	n/a	n/a	waa	362.9605595	336	true	362.9249631	363.3312259
362.9605595	0.0	cv_transition	/intervals/trials	336	cv_transition_time	n/a	n/a	n/a	n/a	waa	362.9605595	336	true	362.9249631	363.3312259
363.8365394	0.49680130000001554	trials	/intervals/trials	337	start_time	n/a	n/a	n/a	n/a	faa	363.9673173	337	true	363.8365394	364.3333407
363.9673173	0.0	cv_transition	/intervals/trials	337	cv_transition_time	n/a	n/a	n/a	n/a	faa	363.9673173	337	true	363.8365394	364.3333407
364.8889534	0.4704909000000157	trials	/intervals/trials	338	start_time	n/a	n/a	n/a	n/a	zaa	365.0127668	338	true	364.8889534	365.3594443
365.0127668	0.0	cv_transition	/intervals/trials	338	cv_transition_time	n/a	n/a	n/a	n/a	zaa	365.0127668	338	true	364.8889534	365.3594443
366.0048217	0.38923840000001064	trials	/intervals/trials	339	start_time	n/a	n/a	n/a	n/a	bee	366.0241676	339	true	366.0048217	366.3940601
366.0241676	0.0	cv_transition	/intervals/trials	339	cv_transition_time	n/a	n/a	n/a	n/a	bee	366.0241676	339	true	366.0048217	366.3940601
366.9295531	0.46584799999999404	trials	/intervals/trials	340	start_time	n/a	n/a	n/a	n/a	dee	366.9883645	340	true	366.9295531	367.3954011
366.9883645	0.0	cv_transition	/intervals/trials	340	cv_transition_time	n/a	n/a	n/a	n/a	dee	366.9883645	340	true	366.9295531	367.3954011
367.9277988	0.4434066999999686	trials	/intervals/trials	341	start_time	n/a	n/a	n/a	n/a	gee	368.0253018	341	true	367.9277988	368.3712055
368.0253018	0.0	cv_transition	/intervals/trials	341	cv_transition_time	n/a	n/a	n/a	n/a	gee	368.0253018	341	true	367.9277988	368.3712055
368.9600931	0.42870390000001635	trials	/intervals/trials	342	start_time	n/a	n/a	n/a	n/a	pee	369.0181306	342	true	368.9600931	369.388797
369.0181306	0.0	cv_transition	/intervals/trials	342	cv_transition_time	n/a	n/a	n/a	n/a	pee	369.0181306	342	true	368.9600931	369.388797
370.0148285	0.4186440999999945	trials	/intervals/trials	343	start_time	n/a	n/a	n/a	n/a	tee	370.0968549	343	true	370.0148285	370.4334726
370.0968549	0.0	cv_transition	/intervals/trials	343	cv_transition_time	n/a	n/a	n/a	n/a	tee	370.0968549	343	true	370.0148285	370.4334726
371.027777	0.4952536000000123	trials	/intervals/trials	344	start_time	n/a	n/a	n/a	n/a	kee	371.1577811	344	true	371.027777	371.5230306
371.1577811	0.0	cv_transition	/intervals/trials	344	cv_transition_time	n/a	n/a	n/a	n/a	kee	371.1577811	344	true	371.027777	371.5230306
372.1150135	0.5029920000000061	trials	/intervals/trials	345	start_time	n/a	n/a	n/a	n/a	mee	372.1978137	345	true	372.1150135	372.6180055
372.1978137	0.0	cv_transition	/intervals/trials	345	cv_transition_time	n/a	n/a	n/a	n/a	mee	372.1978137	345	true	372.1150135	372.6180055
373.1682013	0.506861200000003	trials	/intervals/trials	346	start_time	n/a	n/a	n/a	n/a	nee	373.2780857	346	true	373.1682013	373.6750625
373.2780857	0.0	cv_transition	/intervals/trials	346	cv_transition_time	n/a	n/a	n/a	n/a	nee	373.2780857	346	true	373.1682013	373.6750625
374.007811	0.6593063999999913	trials	/intervals/trials	347	start_time	n/a	n/a	n/a	n/a	shee	374.2755575	347	true	374.007811	374.6671174
374.2755575	0.0	cv_transition	/intervals/trials	347	cv_transition_time	n/a	n/a	n/a	n/a	shee	374.2755575	347	true	374.007811	374.6671174
375.1793954	0.6167456000000016	trials	/intervals/trials	348	start_time	n/a	n/a	n/a	n/a	see	375.381366	348	true	375.1793954	375.796141
375.381366	0.0	cv_transition	/intervals/trials	348	cv_transition_time	n/a	n/a	n/a	n/a	see	375.381366	348	true	375.1793954	375.796141
377.2401149	0.698771899999997	trials	/intervals/trials	349	start_time	n/a	n/a	n/a	n/a	hee	377.5256595	349	true	377.2401149	377.9388868
377.5256595	0.0	cv_transition	/intervals/trials	349	cv_transition_time	n/a	n/a	n/a	n/a	hee	377.5256595	349	true	377.2401149	377.9388868
378.4186638	0.5471004999999991	trials	/intervals/trials	350	start_time	n/a	n/a	n/a	n/a	vee	378.5703352	350	true	378.4186638	378.9657643
378.5703352	0.0	cv_transition	/intervals/trials	350	cv_transition_time	n/a	n/a	n/a	n/a	vee	378.5703352	350	true	378.4186638	378.9657643
379.4850068	0.5494219999999927	trials	/intervals/trials	351	start_time	n/a	n/a	n/a	n/a	ree	379.6103678	351	true	379.4850068	380.0344288
379.6103678	0.0	cv_transition	/intervals/trials	351	cv_transition_time	n/a	n/a	n/a	n/a	ree	379.6103678	351	true	379.4850068	380.0344288
380.5296824	0.49680130000001554	trials	/intervals/trials	352	start_time	n/a	n/a	n/a	n/a	lee	380.6403406	352	true	380.5296824	381.0264837
380.6403406	0.0	cv_transition	/intervals/trials	352	cv_transition_time	n/a	n/a	n/a	n/a	lee	380.6403406	352	true	380.5296824	381.0264837
381.5565599	0.47745539999999664	trials	/intervals/trials	353	start_time	n/a	n/a	n/a	n/a	yee	381.6618013	353	true	381.5565599	382.0340153
381.6618013	0.0	cv_transition	/intervals/trials	353	cv_transition_time	n/a	n/a	n/a	n/a	yee	381.6618013	353	true	381.5565599	382.0340153
382.6685591	0.5153733000000216	trials	/intervals/trials	354	start_time	n/a	n/a	n/a	n/a	wee	382.7614191	354	true	382.6685591	383.1839324
382.7614191	0.0	cv_transition	/intervals/trials	354	cv_transition_time	n/a	n/a	n/a	n/a	wee	382.7614191	354	true	382.6685591	383.1839324
383.6250177	0.5501957999999831	trials	/intervals/trials	355	start_time	n/a	n/a	n/a	n/a	fee	383.7650816	355	true	383.6250177	384.1752135
383.7650816	0.0	cv_transition	/intervals/trials	355	cv_transition_time	n/a	n/a	n/a	n/a	fee	383.7650816	355	true	383.6250177	384.1752135
384.5930838	0.5238854000000401	trials	/intervals/trials	356	start_time	n/a	n/a	n/a	n/a	zee	384.7555889	356	true	384.5930838	385.1169692
384.7555889	0.0	cv_transition	/intervals/trials	356	cv_transition_time	n/a	n/a	n/a	n/a	zee	384.7555889	356	true	384.5930838	385.1169692
385.835087	0.37840479999999843	trials	/intervals/trials	357	start_time	n/a	n/a	n/a	n/a	boo	385.8521114	357	true	385.835087	386.2134918
385.8521114	0.0	cv_transition	/intervals/trials	357	cv_transition_time	n/a	n/a	n/a	n/a	boo	385.8521114	357	true	385.835087	386.2134918
386.841071	0.4643002999999908	trials	/intervals/trials	358	start_time	n/a	n/a	n/a	n/a	doo	386.8952394	358	true	386.841071	387.3053713
386.8952394	0.0	cv_transition	/intervals/trials	358	cv_transition_time	n/a	n/a	n/a	n/a	doo	386.8952394	358	true	386.841071	387.3053713
387.9894404	0.4511451000000193	trials	/intervals/trials	359	start_time	n/a	n/a	n/a	n/a	goo	388.0443826	359	true	387.9894404	388.4405855
388.0443826	0.0	cv_transition	/intervals/trials	359	cv_transition_time	n/a	n/a	n/a	n/a	goo	388.0443826	359	true	387.9894404	388.4405855
388.9667925	0.4542404000000033	trials	/intervals/trials	360	start_time	n/a	n/a	n/a	n/a	poo	389.0263777	360	true	388.9667925	389.4210329
389.0263777	0.0	cv_transition	/intervals/trials	360	cv_transition_time	n/a	n/a	n/a	n/a	poo	389.0263777	360	true	388.9667925	389.4210329
390.0563505	0.45191890000000967	trials	/intervals/trials	361	start_time	n/a	n/a	n/a	n/a	too	390.1290909	361	true	390.0563505	390.5082694
390.1290909	0.0	cv_transition	/intervals/trials	361	cv_transition_time	n/a	n/a	n/a	n/a	too	390.1290909	361	true	390.0563505	390.5082694
391.2279349	0.5115041000000247	trials	/intervals/trials	362	start_time	n/a	n/a	n/a	n/a	koo	391.3169258	362	true	391.2279349	391.739439
391.3169258	0.0	cv_transition	/intervals/trials	362	cv_transition_time	n/a	n/a	n/a	n/a	koo	391.3169258	362	true	391.2279349	391.739439
392.3089807	0.41322730000001684	trials	/intervals/trials	363	start_time	n/a	n/a	n/a	n/a	moo	392.4041623	363	true	392.3089807	392.722208
392.4041623	0.0	cv_transition	/intervals/trials	363	cv_transition_time	n/a	n/a	n/a	n/a	moo	392.4041623	363	true	392.3089807	392.722208
393.3730022	0.4387638000000038	trials	/intervals/trials	364	start_time	n/a	n/a	n/a	n/a	noo	393.4720529	364	true	393.3730022	393.811766
393.4720529	0.0	cv_transition	/intervals/trials	364	cv_transition_time	n/a	n/a	n/a	n/a	noo	393.4720529	364	true	393.3730022	393.811766
394.3364253	0.6345437000000516	trials	/intervals/trials	365	start_time	n/a	n/a	n/a	n/a	shoo	394.5956596	365	true	394.3364253	394.970969
394.5956596	0.0	cv_transition	/intervals/trials	365	cv_transition_time	n/a	n/a	n/a	n/a	shoo	394.5956596	365	true	394.3364253	394.970969
395.436817	0.6105548999999542	trials	/intervals/trials	366	start_time	n/a	n/a	n/a	n/a	soo	395.6271801	366	true	395.436817	396.0473719
395.6271801	0.0	cv_transition	/intervals/trials	366	cv_transition_time	n/a	n/a	n/a	n/a	soo	395.6271801	366	true	395.436817	396.0473719
397.6793874	0.5277545999999802	trials	/intervals/trials	367	start_time	n/a	n/a	n/a	n/a	hoo	397.7823073	367	true	397.6793874	398.207142
397.7823073	0.0	cv_transition	/intervals/trials	367	cv_transition_time	n/a	n/a	n/a	n/a	hoo	397.7823073	367	true	397.6793874	398.207142
398.7263845	0.49680130000001554	trials	/intervals/trials	368	start_time	n/a	n/a	n/a	n/a	voo	398.8432334	368	true	398.7263845	399.2231858
398.8432334	0.0	cv_transition	/intervals/trials	368	cv_transition_time	n/a	n/a	n/a	n/a	voo	398.8432334	368	true	398.7263845	399.2231858
399.7989182	0.4882890999999745	trials	/intervals/trials	369	start_time	n/a	n/a	n/a	n/a	roo	399.9103503	369	true	399.7989182	400.2872073
399.9103503	0.0	cv_transition	/intervals/trials	369	cv_transition_time	n/a	n/a	n/a	n/a	roo	399.9103503	369	true	399.7989182	400.2872073
400.8265695	0.4828722999999968	trials	/intervals/trials	370	start_time	n/a	n/a	n/a	n/a	loo	400.9426446	370	true	400.8265695	401.3094418
400.9426446	0.0	cv_transition	/intervals/trials	370	cv_transition_time	n/a	n/a	n/a	n/a	loo	400.9426446	370	true	400.8265695	401.3094418
401.8758881	0.43102549999997564	trials	/intervals/trials	371	start_time	n/a	n/a	n/a	n/a	yoo	401.9873202	371	true	401.8758881	402.3069136
401.9873202	0.0	cv_transition	/intervals/trials	371	cv_transition_time	n/a	n/a	n/a	n/a	yoo	401.9873202	371	true	401.8758881	402.3069136
402.8865151	0.4820985000000064	trials	/intervals/trials	372	start_time	n/a	n/a	n/a	n/a	woo	402.9716368	372	true	402.8865151	403.3686136
402.9716368	0.0	cv_transition	/intervals/trials	372	cv_transition_time	n/a	n/a	n/a	n/a	woo	402.9716368	372	true	402.8865151	403.3686136
403.8955944	0.5331714999999804	trials	/intervals/trials	373	start_time	n/a	n/a	n/a	n/a	foo	404.0573257	373	true	403.8955944	404.4287659
404.0573257	0.0	cv_transition	/intervals/trials	373	cv_transition_time	n/a	n/a	n/a	n/a	foo	404.0573257	373	true	403.8955944	404.4287659
404.9333055	0.5749586000000022	trials	/intervals/trials	374	start_time	n/a	n/a	n/a	n/a	zoo	405.1213472	374	true	404.9333055	405.5082641
405.1213472	0.0	cv_transition	/intervals/trials	374	cv_transition_time	n/a	n/a	n/a	n/a	zoo	405.1213472	374	true	404.9333055	405.5082641
406.9483688	0.4101318999999535	trials	/intervals/trials	375	start_time	n/a	n/a	n/a	n/a	baa	406.9561071	375	true	406.9483688	407.3585007
406.9561071	0.0	cv_transition	/intervals/trials	375	cv_transition_time	n/a	n/a	n/a	n/a	baa	406.9561071	375	true	406.9483688	407.3585007
407.8885769	0.4704909000000157	trials	/intervals/trials	376	start_time	n/a	n/a	n/a	n/a	daa	407.9040536	376	true	407.8885769	408.3590678
407.9040536	0.0	cv_transition	/intervals/trials	376	cv_transition_time	n/a	n/a	n/a	n/a	daa	407.9040536	376	true	407.8885769	408.3590678
408.8218205	0.4828722999999968	trials	/intervals/trials	377	start_time	n/a	n/a	n/a	n/a	gaa	408.8481308	377	true	408.8218205	409.3046928
408.8481308	0.0	cv_transition	/intervals/trials	377	cv_transition_time	n/a	n/a	n/a	n/a	gaa	408.8481308	377	true	408.8218205	409.3046928
409.7682192	0.47126480000002857	trials	/intervals/trials	378	start_time	n/a	n/a	n/a	n/a	paa	409.8045894	378	true	409.7682192	410.239484
409.8045894	0.0	cv_transition	/intervals/trials	378	cv_transition_time	n/a	n/a	n/a	n/a	paa	409.8045894	378	true	409.7682192	410.239484
410.7757508	0.48364619999995284	trials	/intervals/trials	379	start_time	n/a	n/a	n/a	n/a	taa	410.8376575	379	true	410.7757508	411.259397
410.8376575	0.0	cv_transition	/intervals/trials	379	cv_transition_time	n/a	n/a	n/a	n/a	taa	410.8376575	379	true	410.7757508	411.259397
411.8335817	0.49447979999996505	trials	/intervals/trials	380	start_time	n/a	n/a	n/a	n/a	kaa	411.9086435	380	true	411.8335817	412.3280615
411.9086435	0.0	cv_transition	/intervals/trials	380	cv_transition_time	n/a	n/a	n/a	n/a	kaa	411.9086435	380	true	411.8335817	412.3280615
412.8859956	0.48983679999997776	trials	/intervals/trials	381	start_time	n/a	n/a	n/a	n/a	maa	412.916949	381	true	412.8859956	413.3758324
412.916949	0.0	cv_transition	/intervals/trials	381	cv_transition_time	n/a	n/a	n/a	n/a	maa	412.916949	381	true	412.8859956	413.3758324
413.8339421	0.5223378000000025	trials	/intervals/trials	382	start_time	n/a	n/a	n/a	n/a	naa	413.9446003	382	true	413.8339421	414.3562799
413.9446003	0.0	cv_transition	/intervals/trials	382	cv_transition_time	n/a	n/a	n/a	n/a	naa	413.9446003	382	true	413.8339421	414.3562799
414.7578996	0.5811492000000271	trials	/intervals/trials	383	start_time	n/a	n/a	n/a	n/a	shaa	414.9358814	383	true	414.7578996	415.3390488
414.9358814	0.0	cv_transition	/intervals/trials	383	cv_transition_time	n/a	n/a	n/a	n/a	shaa	414.9358814	383	true	414.7578996	415.3390488
415.7545976	0.5687677999999892	trials	/intervals/trials	384	start_time	n/a	n/a	n/a	n/a	saa	415.9116859	384	true	415.7545976	416.3233654
415.9116859	0.0	cv_transition	/intervals/trials	384	cv_transition_time	n/a	n/a	n/a	n/a	saa	415.9116859	384	true	415.7545976	416.3233654
417.759601	0.47668160000000626	trials	/intervals/trials	385	start_time	n/a	n/a	n/a	n/a	haa	417.9383566	385	true	417.759601	418.2362826
417.9383566	0.0	cv_transition	/intervals/trials	385	cv_transition_time	n/a	n/a	n/a	n/a	haa	417.9383566	385	true	417.759601	418.2362826
418.8460637	0.48209839999998394	trials	/intervals/trials	386	start_time	n/a	n/a	n/a	n/a	vaa	418.9203517	386	true	418.8460637	419.3281621
418.9203517	0.0	cv_transition	/intervals/trials	386	cv_transition_time	n/a	n/a	n/a	n/a	vaa	418.9203517	386	true	418.8460637	419.3281621
419.8079391	0.48519379999999046	trials	/intervals/trials	387	start_time	n/a	n/a	n/a	n/a	raa	419.9240142	387	true	419.8079391	420.2931329
419.9240142	0.0	cv_transition	/intervals/trials	387	cv_transition_time	n/a	n/a	n/a	n/a	raa	419.9240142	387	true	419.8079391	420.2931329
420.8030894	0.4418591000000447	trials	/intervals/trials	388	start_time	n/a	n/a	n/a	n/a	laa	420.9145215	388	true	420.8030894	421.2449485
420.9145215	0.0	cv_transition	/intervals/trials	388	cv_transition_time	n/a	n/a	n/a	n/a	laa	420.9145215	388	true	420.8030894	421.2449485
421.7889537	0.4379899000000478	trials	/intervals/trials	389	start_time	n/a	n/a	n/a	n/a	yaa	421.8493127	389	true	421.7889537	422.2269436
421.8493127	0.0	cv_transition	/intervals/trials	389	cv_transition_time	n/a	n/a	n/a	n/a	yaa	421.8493127	389	true	421.7889537	422.2269436
422.7748179	0.4000720999999885	trials	/intervals/trials	390	start_time	n/a	n/a	n/a	n/a	waa	422.8181526	390	true	422.7748179	423.17489
422.8181526	0.0	cv_transition	/intervals/trials	390	cv_transition_time	n/a	n/a	n/a	n/a	waa	422.8181526	390	true	422.7748179	423.17489
423.6987755	0.5076349999999934	trials	/intervals/trials	391	start_time	n/a	n/a	n/a	n/a	faa	423.8349703	391	true	423.6987755	424.2064105
423.8349703	0.0	cv_transition	/intervals/trials	391	cv_transition_time	n/a	n/a	n/a	n/a	faa	423.8349703	391	true	423.6987755	424.2064105
424.7001165	0.5115041000000247	trials	/intervals/trials	392	start_time	n/a	n/a	n/a	n/a	zaa	424.8517879	392	true	424.7001165	425.2116206
424.8517879	0.0	cv_transition	/intervals/trials	392	cv_transition_time	n/a	n/a	n/a	n/a	zaa	424.8517879	392	true	424.7001165	425.2116206
425.7997343	0.3791785999999888	trials	/intervals/trials	393	start_time	n/a	n/a	n/a	n/a	bee	425.8190802	393	true	425.7997343	426.1789129
425.8190802	0.0	cv_transition	/intervals/trials	393	cv_transition_time	n/a	n/a	n/a	n/a	bee	425.8190802	393	true	425.7997343	426.1789129
426.7453592	0.4201917999999978	trials	/intervals/trials	394	start_time	n/a	n/a	n/a	n/a	dee	426.7801818	394	true	426.7453592	427.165551
426.7801818	0.0	cv_transition	/intervals/trials	394	cv_transition_time	n/a	n/a	n/a	n/a	dee	426.7801818	394	true	426.7453592	427.165551
427.654614	0.5184686000000056	trials	/intervals/trials	395	start_time	n/a	n/a	n/a	n/a	gee	427.75676	395	true	427.654614	428.1730826
427.75676	0.0	cv_transition	/intervals/trials	395	cv_transition_time	n/a	n/a	n/a	n/a	gee	427.75676	395	true	427.654614	428.1730826
428.6412521	0.47590780000001587	trials	/intervals/trials	396	start_time	n/a	n/a	n/a	n/a	pee	428.7093495	396	true	428.6412521	429.1171599
428.7093495	0.0	cv_transition	/intervals/trials	396	cv_transition_time	n/a	n/a	n/a	n/a	pee	428.7093495	396	true	428.6412521	429.1171599
429.6062228	0.49370599999997467	trials	/intervals/trials	397	start_time	n/a	n/a	n/a	n/a	tee	429.7075951	397	true	429.6062228	430.0999288
429.7075951	0.0	cv_transition	/intervals/trials	397	cv_transition_time	n/a	n/a	n/a	n/a	tee	429.7075951	397	true	429.6062228	430.0999288
430.6091115	0.43798989999999094	trials	/intervals/trials	398	start_time	n/a	n/a	n/a	n/a	kee	430.7004239	398	true	430.6091115	431.0471014
430.7004239	0.0	cv_transition	/intervals/trials	398	cv_transition_time	n/a	n/a	n/a	n/a	kee	430.7004239	398	true	430.6091115	431.0471014
432.4105966	0.44108529999999746	trials	/intervals/trials	399	start_time	n/a	n/a	n/a	n/a	mee	432.5050043	399	true	432.4105966	432.8516819
432.5050043	0.0	cv_transition	/intervals/trials	399	cv_transition_time	n/a	n/a	n/a	n/a	mee	432.5050043	399	true	432.4105966	432.8516819
433.3531262	0.538588299999958	trials	/intervals/trials	400	start_time	n/a	n/a	n/a	n/a	nee	433.4831303	400	true	433.3531262	433.8917145
433.4831303	0.0	cv_transition	/intervals/trials	400	cv_transition_time	n/a	n/a	n/a	n/a	nee	433.4831303	400	true	433.3531262	433.8917145
434.2159509	0.6476989000000231	trials	/intervals/trials	401	start_time	n/a	n/a	n/a	n/a	shee	434.4566132	401	true	434.2159509	434.8636498
434.4566132	0.0	cv_transition	/intervals/trials	401	cv_transition_time	n/a	n/a	n/a	n/a	shee	434.4566132	401	true	434.2159509	434.8636498
435.1228841	0.6515680999999631	trials	/intervals/trials	402	start_time	n/a	n/a	n/a	n/a	see	435.3975951	402	true	435.1228841	435.7744522
435.3975951	0.0	cv_transition	/intervals/trials	402	cv_transition_time	n/a	n/a	n/a	n/a	see	435.3975951	402	true	435.1228841	435.7744522
437.1704484	0.5850183000000015	trials	/intervals/trials	403	start_time	n/a	n/a	n/a	n/a	hee	437.3778358	403	true	437.1704484	437.7554667
437.3778358	0.0	cv_transition	/intervals/trials	403	cv_transition_time	n/a	n/a	n/a	n/a	hee	437.3778358	403	true	437.1704484	437.7554667
438.2468512	0.47590780000001587	trials	/intervals/trials	404	start_time	n/a	n/a	n/a	n/a	vee	438.3644739	404	true	438.2468512	438.722759
438.3644739	0.0	cv_transition	/intervals/trials	404	cv_transition_time	n/a	n/a	n/a	n/a	vee	438.3644739	404	true	438.2468512	438.722759
439.2559305	0.5223378000000025	trials	/intervals/trials	405	start_time	n/a	n/a	n/a	n/a	ree	439.3665887	405	true	439.2559305	439.7782683
439.3665887	0.0	cv_transition	/intervals/trials	405	cv_transition_time	n/a	n/a	n/a	n/a	ree	439.3665887	405	true	439.2559305	439.7782683
440.2410209	0.5370406999999773	trials	/intervals/trials	406	start_time	n/a	n/a	n/a	n/a	lee	440.3656082	406	true	440.2410209	440.7780616
440.3656082	0.0	cv_transition	/intervals/trials	406	cv_transition_time	n/a	n/a	n/a	n/a	lee	440.3656082	406	true	440.2410209	440.7780616
441.3158761	0.43489459999995006	trials	/intervals/trials	407	start_time	n/a	n/a	n/a	n/a	yee	441.3839735	407	true	441.3158761	441.7507707
441.3839735	0.0	cv_transition	/intervals/trials	407	cv_transition_time	n/a	n/a	n/a	n/a	yee	441.3839735	407	true	441.3158761	441.7507707
442.2274523	0.488289199999997	trials	/intervals/trials	408	start_time	n/a	n/a	n/a	n/a	wee	442.3303722	408	true	442.2274523	442.7157415
442.3303722	0.0	cv_transition	/intervals/trials	408	cv_transition_time	n/a	n/a	n/a	n/a	wee	442.3303722	408	true	442.2274523	442.7157415
443.1839109	0.5501959000000056	trials	/intervals/trials	409	start_time	n/a	n/a	n/a	n/a	fee	443.3425469	409	true	443.1839109	443.7341068
443.3425469	0.0	cv_transition	/intervals/trials	409	cv_transition_time	n/a	n/a	n/a	n/a	fee	443.3425469	409	true	443.1839109	443.7341068
444.1248929	0.561029499999961	trials	/intervals/trials	410	start_time	n/a	n/a	n/a	n/a	zee	444.3137083	410	true	444.1248929	444.6859224
444.3137083	0.0	cv_transition	/intervals/trials	410	cv_transition_time	n/a	n/a	n/a	n/a	zee	444.3137083	410	true	444.1248929	444.6859224
445.3289783	0.3412606999999639	trials	/intervals/trials	411	start_time	n/a	n/a	n/a	n/a	boo	445.3514195	411	true	445.3289783	445.670239
445.3514195	0.0	cv_transition	/intervals/trials	411	cv_transition_time	n/a	n/a	n/a	n/a	boo	445.3514195	411	true	445.3289783	445.670239
446.2273993	0.34977290000000494	trials	/intervals/trials	412	start_time	n/a	n/a	n/a	n/a	doo	446.252162	412	true	446.2273993	446.5771722
446.252162	0.0	cv_transition	/intervals/trials	412	cv_transition_time	n/a	n/a	n/a	n/a	doo	446.252162	412	true	446.2273993	446.5771722
447.2248711	0.3737617000000455	trials	/intervals/trials	413	start_time	n/a	n/a	n/a	n/a	goo	447.2573721	413	true	447.2248711	447.5986328
447.2573721	0.0	cv_transition	/intervals/trials	413	cv_transition_time	n/a	n/a	n/a	n/a	goo	447.2573721	413	true	447.2248711	447.5986328
448.1867465	0.39155999999996993	trials	/intervals/trials	414	start_time	n/a	n/a	n/a	n/a	poo	448.2718683	414	true	448.1867465	448.5783065
448.2718683	0.0	cv_transition	/intervals/trials	414	cv_transition_time	n/a	n/a	n/a	n/a	poo	448.2718683	414	true	448.1867465	448.5783065
449.2151717	0.4511451000000193	trials	/intervals/trials	415	start_time	n/a	n/a	n/a	n/a	too	449.3033887	415	true	449.2151717	449.6663168
449.3033887	0.0	cv_transition	/intervals/trials	415	cv_transition_time	n/a	n/a	n/a	n/a	too	449.3033887	415	true	449.2151717	449.6663168
450.1902023	0.4449543999999719	trials	/intervals/trials	416	start_time	n/a	n/a	n/a	n/a	koo	450.279967	416	true	450.1902023	450.6351567
450.279967	0.0	cv_transition	/intervals/trials	416	cv_transition_time	n/a	n/a	n/a	n/a	koo	450.279967	416	true	450.1902023	450.6351567
451.1280889	0.5045395999999869	trials	/intervals/trials	417	start_time	n/a	n/a	n/a	n/a	moo	451.2488069	417	true	451.1280889	451.6326285
451.2488069	0.0	cv_transition	/intervals/trials	417	cv_transition_time	n/a	n/a	n/a	n/a	moo	451.2488069	417	true	451.1280889	451.6326285
452.147228	0.44804980000003525	trials	/intervals/trials	418	start_time	n/a	n/a	n/a	n/a	noo	452.2470526	418	true	452.147228	452.5952778
452.2470526	0.0	cv_transition	/intervals/trials	418	cv_transition_time	n/a	n/a	n/a	n/a	noo	452.2470526	418	true	452.147228	452.5952778
453.0944006	0.5525173000000336	trials	/intervals/trials	419	start_time	n/a	n/a	n/a	n/a	shoo	453.3095264	419	true	453.0944006	453.6469179
453.3095264	0.0	cv_transition	/intervals/trials	419	cv_transition_time	n/a	n/a	n/a	n/a	shoo	453.3095264	419	true	453.0944006	453.6469179
454.042347	0.5850183999999672	trials	/intervals/trials	420	start_time	n/a	n/a	n/a	n/a	soo	454.2505083	420	true	454.042347	454.6273654
454.2505083	0.0	cv_transition	/intervals/trials	420	cv_transition_time	n/a	n/a	n/a	n/a	soo	454.2505083	420	true	454.042347	454.6273654
456.0697916	0.566446400000018	trials	/intervals/trials	421	start_time	n/a	n/a	n/a	n/a	hoo	456.2849174	421	true	456.0697916	456.636238
456.2849174	0.0	cv_transition	/intervals/trials	421	cv_transition_time	n/a	n/a	n/a	n/a	hoo	456.2849174	421	true	456.0697916	456.636238
457.0463699	0.509956499999987	trials	/intervals/trials	422	start_time	n/a	n/a	n/a	n/a	voo	457.2096488	422	true	457.0463699	457.5563264
457.2096488	0.0	cv_transition	/intervals/trials	422	cv_transition_time	n/a	n/a	n/a	n/a	voo	457.2096488	422	true	457.0463699	457.5563264
458.0539015	0.5076349999999934	trials	/intervals/trials	423	start_time	n/a	n/a	n/a	n/a	roo	458.1777149	423	true	458.0539015	458.5615365
458.1777149	0.0	cv_transition	/intervals/trials	423	cv_transition_time	n/a	n/a	n/a	n/a	roo	458.1777149	423	true	458.0539015	458.5615365
459.0335751	0.46120500000000675	trials	/intervals/trials	424	start_time	n/a	n/a	n/a	n/a	loo	459.1697699	424	true	459.0335751	459.4947801
459.1697699	0.0	cv_transition	/intervals/trials	424	cv_transition_time	n/a	n/a	n/a	n/a	loo	459.1697699	424	true	459.0335751	459.4947801
460.0472974	0.4263824000000227	trials	/intervals/trials	425	start_time	n/a	n/a	n/a	n/a	yoo	460.1633725	425	true	460.0472974	460.4736798
460.1633725	0.0	cv_transition	/intervals/trials	425	cv_transition_time	n/a	n/a	n/a	n/a	yoo	460.1633725	425	true	460.0472974	460.4736798
461.0091728	0.4782293000000095	trials	/intervals/trials	426	start_time	n/a	n/a	n/a	n/a	woo	461.1384031	426	true	461.0091728	461.4874021
461.1384031	0.0	cv_transition	/intervals/trials	426	cv_transition_time	n/a	n/a	n/a	n/a	woo	461.1384031	426	true	461.0091728	461.4874021
461.9192014	0.538588299999958	trials	/intervals/trials	427	start_time	n/a	n/a	n/a	n/a	foo	462.093314	427	true	461.9192014	462.4577897
462.093314	0.0	cv_transition	/intervals/trials	427	cv_transition_time	n/a	n/a	n/a	n/a	foo	462.093314	427	true	461.9192014	462.4577897
462.9646509	0.5532912000000465	trials	/intervals/trials	428	start_time	n/a	n/a	n/a	n/a	zoo	463.1511448	428	true	462.9646509	463.5179421
463.1511448	0.0	cv_transition	/intervals/trials	428	cv_transition_time	n/a	n/a	n/a	n/a	zoo	463.1511448	428	true	462.9646509	463.5179421
