onset	duration	trial_type	source_table	source_row	source_onset_column	nwb_epochs_id	nwb_epochs_label	nwb_epochs_start_time	nwb_epochs_stop_time	nwb_invalid_times_id	nwb_invalid_times_start_time	nwb_invalid_times_stop_time	nwb_invalid_times_tags	nwb_invalid_times_timeseries	nwb_trials_condition	nwb_trials_cv_transition_time	nwb_trials_id	nwb_trials_speak	nwb_trials_start_time	nwb_trials_stop_time
2.094907165194462	3.098161478707976	invalid_times	/intervals/invalid_times	0	start_time	n/a	n/a	n/a	n/a	0	2.094907165194462	5.193068643902438	"[""ECoG artifact""]"	"[{""idx_start"":6393,""count"":9454,""timeseries"":""/acquisition/ElectricalSeries""}]"	n/a	n/a	n/a	n/a	n/a	n/a
8.002418	0.3307310000000001	trials	/intervals/trials	0	start_time	n/a	n/a	n/a	n/a	n/a	n/a	n/a	n/a	n/a	raa	8.0304029	0	true	8.002418	8.333149
8.0304029	0.0	cv_transition	/intervals/trials	0	cv_transition_time	n/a	n/a	n/a	n/a	n/a	n/a	n/a	n/a	n/a	raa	8.0304029	0	true	8.002418	8.333149
8.9030239	0.4719276999999984	trials	/intervals/trials	1	start_time	n/a	n/a	n/a	n/a	n/a	n/a	n/a	n/a	n/a	shee	9.086198	1	true	8.9030239	9.3749516
9.086198	0.0	cv_transition	/intervals/trials	1	cv_transition_time	n/a	n/a	n/a	n/a	n/a	n/a	n/a	n/a	n/a	shee	9.086198	1	true	8.9030239	9.3749516
10.1508974	0.3777965999999999	trials	/intervals/trials	2	start_time	n/a	n/a	n/a	n/a	n/a	n/a	n/a	n/a	n/a	yoo	10.1916028	2	true	10.1508974	10.528694
10.1916028	0.0	cv_transition	/intervals/trials	2	cv_transition_time	n/a	n/a	n/a	n/a	n/a	n/a	n/a	n/a	n/a	yoo	10.1916028	2	true	10.1508974	10.528694
11.372058	0.3281868999999986	trials	/intervals/trials	3	start_time	n/a	n/a	n/a	n/a	n/a	n/a	n/a	n/a	n/a	baa	11.3873225	3	true	11.372058	11.7002449
11.3873225	0.0	cv_transition	/intervals/trials	3	cv_transition_time	n/a	n/a	n/a	n/a	n/a	n/a	n/a	n/a	n/a	baa	11.3873225	3	true	11.372058	11.7002449
12.8018335	0.4261341999999999	trials	/intervals/trials	4	start_time	n/a	n/a	n/a	n/a	n/a	n/a	n/a	n/a	n/a	zee	12.9303098	4	true	12.8018335	13.2279677
12.9303098	0.0	cv_transition	/intervals/trials	4	cv_transition_time	n/a	n/a	n/a	n/a	n/a	n/a	n/a	n/a	n/a	zee	12.9303098	4	true	12.8018335	13.2279677
13.9746565	0.31546649999999943	trials	/intervals/trials	5	start_time	n/a	n/a	n/a	n/a	n/a	n/a	n/a	n/a	n/a	gee	13.9988253	5	true	13.9746565	14.290123
13.9988253	0.0	cv_transition	/intervals/trials	5	cv_transition_time	n/a	n/a	n/a	n/a	n/a	n/a	n/a	n/a	n/a	gee	13.9988253	5	true	13.9746565	14.290123
15.0482602	0.4057814999999998	trials	/intervals/trials	6	start_time	n/a	n/a	n/a	n/a	n/a	n/a	n/a	n/a	n/a	kee	15.1423913	6	true	15.0482602	15.4540417
15.1423913	0.0	cv_transition	/intervals/trials	6	cv_transition_time	n/a	n/a	n/a	n/a	n/a	n/a	n/a	n/a	n/a	kee	15.1423913	6	true	15.0482602	15.4540417
16.2236273	0.42613409999999874	trials	/intervals/trials	7	start_time	n/a	n/a	n/a	n/a	n/a	n/a	n/a	n/a	n/a	ree	16.2592445	7	true	16.2236273	16.6497614
16.2592445	0.0	cv_transition	/intervals/trials	7	cv_transition_time	n/a	n/a	n/a	n/a	n/a	n/a	n/a	n/a	n/a	ree	16.2592445	7	true	16.2236273	16.6497614
18.6099786	0.41977399999999676	trials	/intervals/trials	8	start_time	n/a	n/a	n/a	n/a	n/a	n/a	n/a	n/a	n/a	voo	18.650684	8	true	18.6099786	19.0297526
18.650684	0.0	cv_transition	/intervals/trials	8	cv_transition_time	n/a	n/a	n/a	n/a	n/a	n/a	n/a	n/a	n/a	voo	18.650684	8	true	18.6099786	19.0297526
20.2318325	0.5011846999999996	trials	/intervals/trials	9	start_time	n/a	n/a	n/a	n/a	n/a	n/a	n/a	n/a	n/a	noo	20.4150066	9	true	20.2318325	20.7330172
20.4150066	0.0	cv_transition	/intervals/trials	9	cv_transition_time	n/a	n/a	n/a	n/a	n/a	n/a	n/a	n/a	n/a	noo	20.4150066	9	true	20.2318325	20.7330172
22.594015	0.4108697000000028	trials	/intervals/trials	10	start_time	n/a	n/a	n/a	n/a	n/a	n/a	n/a	n/a	n/a	dee	22.6347204	10	true	22.594015	23.0048847
22.6347204	0.0	cv_transition	/intervals/trials	10	cv_transition_time	n/a	n/a	n/a	n/a	n/a	n/a	n/a	n/a	n/a	dee	22.6347204	10	true	22.594015	23.0048847
23.6688908	0.44267070000000075	trials	/intervals/trials	11	start_time	n/a	n/a	n/a	n/a	n/a	n/a	n/a	n/a	n/a	yee	23.7159563	11	true	23.6688908	24.1115615
23.7159563	0.0	cv_transition	/intervals/trials	11	cv_transition_time	n/a	n/a	n/a	n/a	n/a	n/a	n/a	n/a	n/a	yee	23.7159563	11	true	23.6688908	24.1115615
24.6534515	0.4083256000000013	trials	/intervals/trials	12	start_time	n/a	n/a	n/a	n/a	n/a	n/a	n/a	n/a	n/a	koo	24.7412224	12	true	24.6534515	25.0617771
24.7412224	0.0	cv_transition	/intervals/trials	12	cv_transition_time	n/a	n/a	n/a	n/a	n/a	n/a	n/a	n/a	n/a	koo	24.7412224	12	true	24.6534515	25.0617771
25.6240197	0.39560519999999855	trials	/intervals/trials	13	start_time	n/a	n/a	n/a	n/a	n/a	n/a	n/a	n/a	n/a	fee	25.7016143	13	true	25.6240197	26.0196249
25.7016143	0.0	cv_transition	/intervals/trials	13	cv_transition_time	n/a	n/a	n/a	n/a	n/a	n/a	n/a	n/a	n/a	fee	25.7016143	13	true	25.6240197	26.0196249
26.6874471	0.40450939999999846	trials	/intervals/trials	14	start_time	n/a	n/a	n/a	n/a	n/a	n/a	n/a	n/a	n/a	hee	26.7764901	14	true	26.6874471	27.0919565
26.7764901	0.0	cv_transition	/intervals/trials	14	cv_transition_time	n/a	n/a	n/a	n/a	n/a	n/a	n/a	n/a	n/a	hee	26.7764901	14	true	26.6874471	27.0919565
27.7546906	0.3688922000000012	trials	/intervals/trials	15	start_time	n/a	n/a	n/a	n/a	n/a	n/a	n/a	n/a	n/a	vaa	27.7801314	15	true	27.7546906	28.1235828
27.7801314	0.0	cv_transition	/intervals/trials	15	cv_transition_time	n/a	n/a	n/a	n/a	n/a	n/a	n/a	n/a	n/a	vaa	27.7801314	15	true	27.7546906	28.1235828
28.670561	0.36507609999999957	trials	/intervals/trials	16	start_time	n/a	n/a	n/a	n/a	n/a	n/a	n/a	n/a	n/a	loo	28.7125384	16	true	28.670561	29.0356371
28.7125384	0.0	cv_transition	/intervals/trials	16	cv_transition_time	n/a	n/a	n/a	n/a	n/a	n/a	n/a	n/a	n/a	loo	28.7125384	16	true	28.670561	29.0356371
29.5813433	0.35362770000000054	trials	/intervals/trials	17	start_time	n/a	n/a	n/a	n/a	n/a	n/a	n/a	n/a	n/a	hoo	29.602968	17	true	29.5813433	29.934971
29.602968	0.0	cv_transition	/intervals/trials	17	cv_transition_time	n/a	n/a	n/a	n/a	n/a	n/a	n/a	n/a	n/a	hoo	29.602968	17	true	29.5813433	29.934971
30.985678	0.4083255000000001	trials	/intervals/trials	18	start_time	n/a	n/a	n/a	n/a	n/a	n/a	n/a	n/a	n/a	kaa	31.0645446	18	true	30.985678	31.3940035
31.0645446	0.0	cv_transition	/intervals/trials	18	cv_transition_time	n/a	n/a	n/a	n/a	n/a	n/a	n/a	n/a	n/a	kaa	31.0645446	18	true	30.985678	31.3940035
31.9040925	0.3663482000000009	trials	/intervals/trials	19	start_time	n/a	n/a	n/a	n/a	n/a	n/a	n/a	n/a	n/a	poo	31.9587903	19	true	31.9040925	32.2704407
31.9587903	0.0	cv_transition	/intervals/trials	19	cv_transition_time	n/a	n/a	n/a	n/a	n/a	n/a	n/a	n/a	n/a	poo	31.9587903	19	true	31.9040925	32.2704407
32.7639931	0.3828846999999982	trials	/intervals/trials	20	start_time	n/a	n/a	n/a	n/a	n/a	n/a	n/a	n/a	n/a	bee	32.8021543	20	true	32.7639931	33.1468778
32.8021543	0.0	cv_transition	/intervals/trials	20	cv_transition_time	n/a	n/a	n/a	n/a	n/a	n/a	n/a	n/a	n/a	bee	32.8021543	20	true	32.7639931	33.1468778
33.5704679	0.38161270000000513	trials	/intervals/trials	21	start_time	n/a	n/a	n/a	n/a	n/a	n/a	n/a	n/a	n/a	paa	33.6315259	21	true	33.5704679	33.9520806
33.6315259	0.0	cv_transition	/intervals/trials	21	cv_transition_time	n/a	n/a	n/a	n/a	n/a	n/a	n/a	n/a	n/a	paa	33.6315259	21	true	33.5704679	33.9520806
34.4112878	0.4134138000000007	trials	/intervals/trials	22	start_time	n/a	n/a	n/a	n/a	n/a	n/a	n/a	n/a	n/a	taa	34.4863383	22	true	34.4112878	34.8247016
34.4863383	0.0	cv_transition	/intervals/trials	22	cv_transition_time	n/a	n/a	n/a	n/a	n/a	n/a	n/a	n/a	n/a	taa	34.4863383	22	true	34.4112878	34.8247016
35.3856722	0.3599880000000013	trials	/intervals/trials	23	start_time	n/a	n/a	n/a	n/a	n/a	n/a	n/a	n/a	n/a	naa	35.4136572	23	true	35.3856722	35.7456602
35.4136572	0.0	cv_transition	/intervals/trials	23	cv_transition_time	n/a	n/a	n/a	n/a	n/a	n/a	n/a	n/a	n/a	naa	35.4136572	23	true	35.3856722	35.7456602
36.0954718	0.5100890000000007	trials	/intervals/trials	24	start_time	n/a	n/a	n/a	n/a	n/a	n/a	n/a	n/a	n/a	saa	36.2595653	24	true	36.0954718	36.6055608
36.2595653	0.0	cv_transition	/intervals/trials	24	cv_transition_time	n/a	n/a	n/a	n/a	n/a	n/a	n/a	n/a	n/a	saa	36.2595653	24	true	36.0954718	36.6055608
37.3980431	0.5317136999999974	trials	/intervals/trials	25	start_time	n/a	n/a	n/a	n/a	n/a	n/a	n/a	n/a	n/a	shoo	37.5875774	25	true	37.3980431	37.9297568
37.5875774	0.0	cv_transition	/intervals/trials	25	cv_transition_time	n/a	n/a	n/a	n/a	n/a	n/a	n/a	n/a	n/a	shoo	37.5875774	25	true	37.3980431	37.9297568
38.2159663	0.4757438000000036	trials	/intervals/trials	26	start_time	n/a	n/a	n/a	n/a	n/a	n/a	n/a	n/a	n/a	foo	38.3698834	26	true	38.2159663	38.6917101
38.3698834	0.0	cv_transition	/intervals/trials	26	cv_transition_time	n/a	n/a	n/a	n/a	n/a	n/a	n/a	n/a	n/a	foo	38.3698834	26	true	38.2159663	38.6917101
39.1203884	0.3828846999999982	trials	/intervals/trials	27	start_time	n/a	n/a	n/a	n/a	n/a	n/a	n/a	n/a	n/a	daa	39.1356529	27	true	39.1203884	39.5032731
39.1356529	0.0	cv_transition	/intervals/trials	27	cv_transition_time	n/a	n/a	n/a	n/a	n/a	n/a	n/a	n/a	n/a	daa	39.1356529	27	true	39.1203884	39.5032731
40.2105286	0.4871921999999955	trials	/intervals/trials	28	start_time	n/a	n/a	n/a	n/a	n/a	n/a	n/a	n/a	n/a	faa	40.3084759	28	true	40.2105286	40.6977208
40.3084759	0.0	cv_transition	/intervals/trials	28	cv_transition_time	n/a	n/a	n/a	n/a	n/a	n/a	n/a	n/a	n/a	faa	40.3084759	28	true	40.2105286	40.6977208
41.2039936	0.3854287999999997	trials	/intervals/trials	29	start_time	n/a	n/a	n/a	n/a	n/a	n/a	n/a	n/a	n/a	goo	41.2268904	29	true	41.2039936	41.5894224
41.2268904	0.0	cv_transition	/intervals/trials	29	cv_transition_time	n/a	n/a	n/a	n/a	n/a	n/a	n/a	n/a	n/a	goo	41.2268904	29	true	41.2039936	41.5894224
41.9621308	0.4045095000000032	trials	/intervals/trials	30	start_time	n/a	n/a	n/a	n/a	n/a	n/a	n/a	n/a	n/a	mee	42.0435415	30	true	41.9621308	42.3666403
42.0435415	0.0	cv_transition	/intervals/trials	30	cv_transition_time	n/a	n/a	n/a	n/a	n/a	n/a	n/a	n/a	n/a	mee	42.0435415	30	true	41.9621308	42.3666403
42.9250668	0.5113609999999937	trials	/intervals/trials	31	start_time	n/a	n/a	n/a	n/a	n/a	n/a	n/a	n/a	n/a	zaa	43.0319184	31	true	42.9250668	43.4364278
43.0319184	0.0	cv_transition	/intervals/trials	31	cv_transition_time	n/a	n/a	n/a	n/a	n/a	n/a	n/a	n/a	n/a	zaa	43.0319184	31	true	42.9250668	43.4364278
43.6768438	0.5635148000000001	trials	/intervals/trials	32	start_time	n/a	n/a	n/a	n/a	n/a	n/a	n/a	n/a	n/a	see	43.8892749	32	true	43.6768438	44.2403586
43.8892749	0.0	cv_transition	/intervals/trials	32	cv_transition_time	n/a	n/a	n/a	n/a	n/a	n/a	n/a	n/a	n/a	see	43.8892749	32	true	43.6768438	44.2403586
44.6130669	0.5495222999999996	trials	/intervals/trials	33	start_time	n/a	n/a	n/a	n/a	n/a	n/a	n/a	n/a	n/a	zoo	44.9374377	33	true	44.6130669	45.1625892
44.9374377	0.0	cv_transition	/intervals/trials	33	cv_transition_time	n/a	n/a	n/a	n/a	n/a	n/a	n/a	n/a	n/a	zoo	44.9374377	33	true	44.6130669	45.1625892
45.577275	0.38924490000000134	trials	/intervals/trials	34	start_time	n/a	n/a	n/a	n/a	n/a	n/a	n/a	n/a	n/a	too	45.6637739	34	true	45.577275	45.9665199
45.6637739	0.0	cv_transition	/intervals/trials	34	cv_transition_time	n/a	n/a	n/a	n/a	n/a	n/a	n/a	n/a	n/a	too	45.6637739	34	true	45.577275	45.9665199
46.4549842	0.3777965000000023	trials	/intervals/trials	35	start_time	n/a	n/a	n/a	n/a	n/a	n/a	n/a	n/a	n/a	vee	46.4842411	35	true	46.4549842	46.8327807
46.4842411	0.0	cv_transition	/intervals/trials	35	cv_transition_time	n/a	n/a	n/a	n/a	n/a	n/a	n/a	n/a	n/a	vee	46.4842411	35	true	46.4549842	46.8327807
47.0999096	0.4019654000000017	trials	/intervals/trials	36	start_time	n/a	n/a	n/a	n/a	n/a	n/a	n/a	n/a	n/a	thaa	47.1736881	36	true	47.0999096	47.501875
47.1736881	0.0	cv_transition	/intervals/trials	36	cv_transition_time	n/a	n/a	n/a	n/a	n/a	n/a	n/a	n/a	n/a	thaa	47.1736881	36	true	47.0999096	47.501875
48.31471	0.4782879000000051	trials	/intervals/trials	37	start_time	n/a	n/a	n/a	n/a	n/a	n/a	n/a	n/a	n/a	moo	48.4851637	37	true	48.31471	48.7929979
48.4851637	0.0	cv_transition	/intervals/trials	37	cv_transition_time	n/a	n/a	n/a	n/a	n/a	n/a	n/a	n/a	n/a	moo	48.4851637	37	true	48.31471	48.7929979
49.1809708	0.5457061000000039	trials	/intervals/trials	38	start_time	n/a	n/a	n/a	n/a	n/a	n/a	n/a	n/a	n/a	thoo	49.3616008	38	true	49.1809708	49.7266769
49.3616008	0.0	cv_transition	/intervals/trials	38	cv_transition_time	n/a	n/a	n/a	n/a	n/a	n/a	n/a	n/a	n/a	thoo	49.3616008	38	true	49.1809708	49.7266769
50.1744358	0.370164299999999	trials	/intervals/trials	39	start_time	n/a	n/a	n/a	n/a	n/a	n/a	n/a	n/a	n/a	nee	50.2342218	39	true	50.1744358	50.5446001
50.2342218	0.0	cv_transition	/intervals/trials	39	cv_transition_time	n/a	n/a	n/a	n/a	n/a	n/a	n/a	n/a	n/a	nee	50.2342218	39	true	50.1744358	50.5446001
50.9592859	0.37143629999999916	trials	/intervals/trials	40	start_time	n/a	n/a	n/a	n/a	n/a	n/a	n/a	n/a	n/a	boo	51.0050794	40	true	50.9592859	51.3307222
51.0050794	0.0	cv_transition	/intervals/trials	40	cv_transition_time	n/a	n/a	n/a	n/a	n/a	n/a	n/a	n/a	n/a	boo	51.0050794	40	true	50.9592859	51.3307222
51.8509875	0.42231809999999825	trials	/intervals/trials	41	start_time	n/a	n/a	n/a	n/a	n/a	n/a	n/a	n/a	n/a	laa	51.9145896	41	true	51.8509875	52.2733056
51.9145896	0.0	cv_transition	/intervals/trials	41	cv_transition_time	n/a	n/a	n/a	n/a	n/a	n/a	n/a	n/a	n/a	laa	51.9145896	41	true	51.8509875	52.2733056
52.7019838	0.4337663999999961	trials	/intervals/trials	42	start_time	n/a	n/a	n/a	n/a	n/a	n/a	n/a	n/a	n/a	maa	52.7948429	42	true	52.7019838	53.1357502
52.7948429	0.0	cv_transition	/intervals/trials	42	cv_transition_time	n/a	n/a	n/a	n/a	n/a	n/a	n/a	n/a	n/a	maa	52.7948429	42	true	52.7019838	53.1357502
53.4753855	0.5202652999999984	trials	/intervals/trials	43	start_time	n/a	n/a	n/a	n/a	n/a	n/a	n/a	n/a	n/a	soo	53.6598317	43	true	53.4753855	53.9956508
53.6598317	0.0	cv_transition	/intervals/trials	43	cv_transition_time	n/a	n/a	n/a	n/a	n/a	n/a	n/a	n/a	n/a	soo	53.6598317	43	true	53.4753855	53.9956508
54.4752108	0.40578150000000335	trials	/intervals/trials	44	start_time	n/a	n/a	n/a	n/a	n/a	n/a	n/a	n/a	n/a	roo	54.5337247	44	true	54.4752108	54.8809923
54.5337247	0.0	cv_transition	/intervals/trials	44	cv_transition_time	n/a	n/a	n/a	n/a	n/a	n/a	n/a	n/a	n/a	roo	54.5337247	44	true	54.4752108	54.8809923
56.3362086	0.38034069999999787	trials	/intervals/trials	45	start_time	n/a	n/a	n/a	n/a	n/a	n/a	n/a	n/a	n/a	tee	56.4048989	45	true	56.3362086	56.7165493
56.4048989	0.0	cv_transition	/intervals/trials	45	cv_transition_time	n/a	n/a	n/a	n/a	n/a	n/a	n/a	n/a	n/a	tee	56.4048989	45	true	56.3362086	56.7165493
57.3334898	0.3676201999999975	trials	/intervals/trials	46	start_time	n/a	n/a	n/a	n/a	n/a	n/a	n/a	n/a	n/a	haa	57.4276209	46	true	57.3334898	57.70111
57.4276209	0.0	cv_transition	/intervals/trials	46	cv_transition_time	n/a	n/a	n/a	n/a	n/a	n/a	n/a	n/a	n/a	haa	57.4276209	46	true	57.3334898	57.70111
58.3981892	0.3536277000000041	trials	/intervals/trials	47	start_time	n/a	n/a	n/a	n/a	n/a	n/a	n/a	n/a	n/a	waa	58.4605192	47	true	58.3981892	58.7518169
58.4605192	0.0	cv_transition	/intervals/trials	47	cv_transition_time	n/a	n/a	n/a	n/a	n/a	n/a	n/a	n/a	n/a	waa	58.4605192	47	true	58.3981892	58.7518169
59.6969443	0.3727084000000005	trials	/intervals/trials	48	start_time	n/a	n/a	n/a	n/a	n/a	n/a	n/a	n/a	n/a	pee	59.7427379	48	true	59.6969443	60.0696527
59.7427379	0.0	cv_transition	/intervals/trials	48	cv_transition_time	n/a	n/a	n/a	n/a	n/a	n/a	n/a	n/a	n/a	pee	59.7427379	48	true	59.6969443	60.0696527
60.588646	0.3307310000000001	trials	/intervals/trials	49	start_time	n/a	n/a	n/a	n/a	n/a	n/a	n/a	n/a	n/a	lee	60.6229911	49	true	60.588646	60.919377
60.6229911	0.0	cv_transition	/intervals/trials	49	cv_transition_time	n/a	n/a	n/a	n/a	n/a	n/a	n/a	n/a	n/a	lee	60.6229911	49	true	60.588646	60.919377
61.583383	0.3103784000000047	trials	/intervals/trials	50	start_time	n/a	n/a	n/a	n/a	n/a	n/a	n/a	n/a	n/a	wee	61.6190002	50	true	61.583383	61.8937614
61.6190002	0.0	cv_transition	/intervals/trials	50	cv_transition_time	n/a	n/a	n/a	n/a	n/a	n/a	n/a	n/a	n/a	wee	61.6190002	50	true	61.583383	61.8937614
62.6022889	0.36634820000000445	trials	/intervals/trials	51	start_time	n/a	n/a	n/a	n/a	n/a	n/a	n/a	n/a	n/a	yaa	62.6302738	51	true	62.6022889	62.9686371
62.6302738	0.0	cv_transition	/intervals/trials	51	cv_transition_time	n/a	n/a	n/a	n/a	n/a	n/a	n/a	n/a	n/a	yaa	62.6302738	51	true	62.6022889	62.9686371
63.6415475	0.29129760000000005	trials	/intervals/trials	52	start_time	n/a	n/a	n/a	n/a	n/a	n/a	n/a	n/a	n/a	gaa	63.6784367	52	true	63.6415475	63.9328451
63.6784367	0.0	cv_transition	/intervals/trials	52	cv_transition_time	n/a	n/a	n/a	n/a	n/a	n/a	n/a	n/a	n/a	gaa	63.6784367	52	true	63.6415475	63.9328451
64.5536018	0.4744717000000094	trials	/intervals/trials	53	start_time	n/a	n/a	n/a	n/a	n/a	n/a	n/a	n/a	n/a	shaa	64.7265995	53	true	64.5536018	65.0280735
64.7265995	0.0	cv_transition	/intervals/trials	53	cv_transition_time	n/a	n/a	n/a	n/a	n/a	n/a	n/a	n/a	n/a	shaa	64.7265995	53	true	64.5536018	65.0280735
66.3141083	0.3116502999999966	trials	/intervals/trials	54	start_time	n/a	n/a	n/a	n/a	n/a	n/a	n/a	n/a	n/a	doo	66.3420932	54	true	66.3141083	66.6257586
66.3420932	0.0	cv_transition	/intervals/trials	54	cv_transition_time	n/a	n/a	n/a	n/a	n/a	n/a	n/a	n/a	n/a	doo	66.3420932	54	true	66.3141083	66.6257586
72.8562217	0.4146858000000009	trials	/intervals/trials	55	start_time	n/a	n/a	n/a	n/a	n/a	n/a	n/a	n/a	n/a	fee	72.9427206	55	true	72.8562217	73.2709075
72.9427206	0.0	cv_transition	/intervals/trials	55	cv_transition_time	n/a	n/a	n/a	n/a	n/a	n/a	n/a	n/a	n/a	fee	72.9427206	55	true	72.8562217	73.2709075
74.2681887	0.3803406000000109	trials	/intervals/trials	56	start_time	n/a	n/a	n/a	n/a	n/a	n/a	n/a	n/a	n/a	vaa	74.2847252	56	true	74.2681887	74.6485293
74.2847252	0.0	cv_transition	/intervals/trials	56	cv_transition_time	n/a	n/a	n/a	n/a	n/a	n/a	n/a	n/a	n/a	vaa	74.2847252	56	true	74.2681887	74.6485293
75.181515	0.39814930000000004	trials	/intervals/trials	57	start_time	n/a	n/a	n/a	n/a	n/a	n/a	n/a	n/a	n/a	bee	75.2095	57	true	75.181515	75.5796643
75.2095	0.0	cv_transition	/intervals/trials	57	cv_transition_time	n/a	n/a	n/a	n/a	n/a	n/a	n/a	n/a	n/a	bee	75.2095	57	true	75.181515	75.5796643
76.3772348	0.5088168999999994	trials	/intervals/trials	58	start_time	n/a	n/a	n/a	n/a	n/a	n/a	n/a	n/a	n/a	zoo	76.5794895	58	true	76.3772348	76.8860517
76.5794895	0.0	cv_transition	/intervals/trials	58	cv_transition_time	n/a	n/a	n/a	n/a	n/a	n/a	n/a	n/a	n/a	zoo	76.5794895	58	true	76.3772348	76.8860517
77.4889997	0.539346000000009	trials	/intervals/trials	59	start_time	n/a	n/a	n/a	n/a	n/a	n/a	n/a	n/a	n/a	shaa	77.648005	59	true	77.4889997	78.0283457
77.648005	0.0	cv_transition	/intervals/trials	59	cv_transition_time	n/a	n/a	n/a	n/a	n/a	n/a	n/a	n/a	n/a	shaa	77.648005	59	true	77.4889997	78.0283457
78.7317851	0.4248620999999986	trials	/intervals/trials	60	start_time	n/a	n/a	n/a	n/a	n/a	n/a	n/a	n/a	n/a	baa	78.7457775	60	true	78.7317851	79.1566472
78.7457775	0.0	cv_transition	/intervals/trials	60	cv_transition_time	n/a	n/a	n/a	n/a	n/a	n/a	n/a	n/a	n/a	baa	78.7457775	60	true	78.7317851	79.1566472
79.8206532	0.4528470999999996	trials	/intervals/trials	61	start_time	n/a	n/a	n/a	n/a	n/a	n/a	n/a	n/a	n/a	noo	79.8842554	61	true	79.8206532	80.2735003
79.8842554	0.0	cv_transition	/intervals/trials	61	cv_transition_time	n/a	n/a	n/a	n/a	n/a	n/a	n/a	n/a	n/a	noo	79.8842554	61	true	79.8206532	80.2735003
81.0023805	0.44903100000000506	trials	/intervals/trials	62	start_time	n/a	n/a	n/a	n/a	n/a	n/a	n/a	n/a	n/a	waa	81.0634386	62	true	81.0023805	81.4514115
81.0634386	0.0	cv_transition	/intervals/trials	62	cv_transition_time	n/a	n/a	n/a	n/a	n/a	n/a	n/a	n/a	n/a	waa	81.0634386	62	true	81.0023805	81.4514115
82.1421304	0.3892450000000025	trials	/intervals/trials	63	start_time	n/a	n/a	n/a	n/a	n/a	n/a	n/a	n/a	n/a	woo	82.1713874	63	true	82.1421304	82.5313754
82.1713874	0.0	cv_transition	/intervals/trials	63	cv_transition_time	n/a	n/a	n/a	n/a	n/a	n/a	n/a	n/a	n/a	woo	82.1713874	63	true	82.1421304	82.5313754
83.332762	0.42995030000000156	trials	/intervals/trials	64	start_time	n/a	n/a	n/a	n/a	n/a	n/a	n/a	n/a	n/a	laa	83.3582028	64	true	83.332762	83.7627123
83.3582028	0.0	cv_transition	/intervals/trials	64	cv_transition_time	n/a	n/a	n/a	n/a	n/a	n/a	n/a	n/a	n/a	laa	83.3582028	64	true	83.332762	83.7627123
84.505585	0.39051700000000267	trials	/intervals/trials	65	start_time	n/a	n/a	n/a	n/a	n/a	n/a	n/a	n/a	n/a	roo	84.5513785	65	true	84.505585	84.896102
84.5513785	0.0	cv_transition	/intervals/trials	65	cv_transition_time	n/a	n/a	n/a	n/a	n/a	n/a	n/a	n/a	n/a	roo	84.5513785	65	true	84.505585	84.896102
85.7420101	0.506272800000005	trials	/intervals/trials	66	start_time	n/a	n/a	n/a	n/a	n/a	n/a	n/a	n/a	n/a	yee	85.7788993	66	true	85.7420101	86.2482829
85.7788993	0.0	cv_transition	/intervals/trials	66	cv_transition_time	n/a	n/a	n/a	n/a	n/a	n/a	n/a	n/a	n/a	yee	85.7788993	66	true	85.7420101	86.2482829
86.8143417	0.4706556999999947	trials	/intervals/trials	67	start_time	n/a	n/a	n/a	n/a	n/a	n/a	n/a	n/a	n/a	maa	86.8868481	67	true	86.8143417	87.2849974
86.8868481	0.0	cv_transition	/intervals/trials	67	cv_transition_time	n/a	n/a	n/a	n/a	n/a	n/a	n/a	n/a	n/a	maa	86.8868481	67	true	86.8143417	87.2849974
88.2479334	0.44012659999999926	trials	/intervals/trials	68	start_time	n/a	n/a	n/a	n/a	n/a	n/a	n/a	n/a	n/a	moo	88.3000871	68	true	88.2479334	88.68806
88.3000871	0.0	cv_transition	/intervals/trials	68	cv_transition_time	n/a	n/a	n/a	n/a	n/a	n/a	n/a	n/a	n/a	moo	88.3000871	68	true	88.2479334	88.68806
89.5708573	0.478287899999998	trials	/intervals/trials	69	start_time	n/a	n/a	n/a	n/a	n/a	n/a	n/a	n/a	n/a	nee	89.6789809	69	true	89.5708573	90.0491452
89.6789809	0.0	cv_transition	/intervals/trials	69	cv_transition_time	n/a	n/a	n/a	n/a	n/a	n/a	n/a	n/a	n/a	nee	89.6789809	69	true	89.5708573	90.0491452
92.4952826	0.3943330999999972	trials	/intervals/trials	70	start_time	n/a	n/a	n/a	n/a	n/a	n/a	n/a	n/a	n/a	goo	92.5461642	70	true	92.4952826	92.8896157
92.5461642	0.0	cv_transition	/intervals/trials	70	cv_transition_time	n/a	n/a	n/a	n/a	n/a	n/a	n/a	n/a	n/a	goo	92.5461642	70	true	92.4952826	92.8896157
93.695	0.40814400000000717	trials	/intervals/trials	71	start_time	n/a	n/a	n/a	n/a	n/a	n/a	n/a	n/a	n/a	loo	93.7325	71	true	93.695	94.103144
93.7325	0.0	cv_transition	/intervals/trials	71	cv_transition_time	n/a	n/a	n/a	n/a	n/a	n/a	n/a	n/a	n/a	loo	93.7325	71	true	93.695	94.103144
95.8801871	0.41595780000000104	trials	/intervals/trials	72	start_time	n/a	n/a	n/a	n/a	n/a	n/a	n/a	n/a	n/a	haa	95.9259806	72	true	95.8801871	96.2961449
95.9259806	0.0	cv_transition	/intervals/trials	72	cv_transition_time	n/a	n/a	n/a	n/a	n/a	n/a	n/a	n/a	n/a	haa	95.9259806	72	true	95.8801871	96.2961449
96.8800123	0.4922803999999985	trials	/intervals/trials	73	start_time	n/a	n/a	n/a	n/a	n/a	n/a	n/a	n/a	n/a	tee	96.9754155	73	true	96.8800123	97.3722927
96.9754155	0.0	cv_transition	/intervals/trials	73	cv_transition_time	n/a	n/a	n/a	n/a	n/a	n/a	n/a	n/a	n/a	tee	96.9754155	73	true	96.8800123	97.3722927
97.8798375	0.44903100000000506	trials	/intervals/trials	74	start_time	n/a	n/a	n/a	n/a	n/a	n/a	n/a	n/a	n/a	vee	97.9014623	74	true	97.8798375	98.3288685
97.9014623	0.0	cv_transition	/intervals/trials	74	cv_transition_time	n/a	n/a	n/a	n/a	n/a	n/a	n/a	n/a	n/a	vee	97.9014623	74	true	97.8798375	98.3288685
99.0793734	0.6105803000000094	trials	/intervals/trials	75	start_time	n/a	n/a	n/a	n/a	n/a	n/a	n/a	n/a	n/a	zee	99.2994367	75	true	99.0793734	99.6899537
99.2994367	0.0	cv_transition	/intervals/trials	75	cv_transition_time	n/a	n/a	n/a	n/a	n/a	n/a	n/a	n/a	n/a	zee	99.2994367	75	true	99.0793734	99.6899537
100.2611007	0.4070535000000035	trials	/intervals/trials	76	start_time	n/a	n/a	n/a	n/a	n/a	n/a	n/a	n/a	n/a	haa	100.3336071	76	true	100.2611007	100.6681542
100.3336071	0.0	cv_transition	/intervals/trials	76	cv_transition_time	n/a	n/a	n/a	n/a	n/a	n/a	n/a	n/a	n/a	haa	100.3336071	76	true	100.2611007	100.6681542
101.413571	0.4261341999999928	trials	/intervals/trials	77	start_time	n/a	n/a	n/a	n/a	n/a	n/a	n/a	n/a	n/a	gaa	101.4631806	77	true	101.413571	101.8397052
101.4631806	0.0	cv_transition	/intervals/trials	77	cv_transition_time	n/a	n/a	n/a	n/a	n/a	n/a	n/a	n/a	n/a	gaa	101.4631806	77	true	101.413571	101.8397052
102.557137	0.5482501999999982	trials	/intervals/trials	78	start_time	n/a	n/a	n/a	n/a	n/a	n/a	n/a	n/a	n/a	shee	102.7466713	78	true	102.557137	103.1053872
102.7466713	0.0	cv_transition	/intervals/trials	78	cv_transition_time	n/a	n/a	n/a	n/a	n/a	n/a	n/a	n/a	n/a	shee	102.7466713	78	true	102.557137	103.1053872
103.7337761	0.4871921999999955	trials	/intervals/trials	79	start_time	n/a	n/a	n/a	n/a	n/a	n/a	n/a	n/a	n/a	shoo	103.8749728	79	true	103.7337761	104.2209683
103.8749728	0.0	cv_transition	/intervals/trials	79	cv_transition_time	n/a	n/a	n/a	n/a	n/a	n/a	n/a	n/a	n/a	shoo	103.8749728	79	true	103.7337761	104.2209683
104.9434883	0.4337665000000044	trials	/intervals/trials	80	start_time	n/a	n/a	n/a	n/a	n/a	n/a	n/a	n/a	n/a	pee	105.0032743	80	true	104.9434883	105.3772548
105.0032743	0.0	cv_transition	/intervals/trials	80	cv_transition_time	n/a	n/a	n/a	n/a	n/a	n/a	n/a	n/a	n/a	pee	105.0032743	80	true	104.9434883	105.3772548
106.0450769	0.4439428000000021	trials	/intervals/trials	81	start_time	n/a	n/a	n/a	n/a	n/a	n/a	n/a	n/a	n/a	kaa	106.1277597	81	true	106.0450769	106.4890197
106.1277597	0.0	cv_transition	/intervals/trials	81	cv_transition_time	n/a	n/a	n/a	n/a	n/a	n/a	n/a	n/a	n/a	kaa	106.1277597	81	true	106.0450769	106.4890197
107.2306204	0.4146856999999926	trials	/intervals/trials	82	start_time	n/a	n/a	n/a	n/a	n/a	n/a	n/a	n/a	n/a	wee	107.2420687	82	true	107.2306204	107.6453061
107.2420687	0.0	cv_transition	/intervals/trials	82	cv_transition_time	n/a	n/a	n/a	n/a	n/a	n/a	n/a	n/a	n/a	wee	107.2420687	82	true	107.2306204	107.6453061
108.3372971	0.42740630000000124	trials	/intervals/trials	83	start_time	n/a	n/a	n/a	n/a	n/a	n/a	n/a	n/a	n/a	foo	108.4339724	83	true	108.3372971	108.7647034
108.4339724	0.0	cv_transition	/intervals/trials	83	cv_transition_time	n/a	n/a	n/a	n/a	n/a	n/a	n/a	n/a	n/a	foo	108.4339724	83	true	108.3372971	108.7647034
109.5126642	0.41850189999999543	trials	/intervals/trials	84	start_time	n/a	n/a	n/a	n/a	n/a	n/a	n/a	n/a	n/a	gee	109.536833	84	true	109.5126642	109.9311661
109.536833	0.0	cv_transition	/intervals/trials	84	cv_transition_time	n/a	n/a	n/a	n/a	n/a	n/a	n/a	n/a	n/a	gee	109.536833	84	true	109.5126642	109.9311661
110.6155249	0.4859201000000013	trials	/intervals/trials	85	start_time	n/a	n/a	n/a	n/a	n/a	n/a	n/a	n/a	n/a	raa	110.679127	85	true	110.6155249	111.101445
110.679127	0.0	cv_transition	/intervals/trials	85	cv_transition_time	n/a	n/a	n/a	n/a	n/a	n/a	n/a	n/a	n/a	raa	110.679127	85	true	110.6155249	111.101445
111.974066	0.4464869000000107	trials	/intervals/trials	86	start_time	n/a	n/a	n/a	n/a	n/a	n/a	n/a	n/a	n/a	ree	112.002051	86	true	111.974066	112.4205529
112.002051	0.0	cv_transition	/intervals/trials	86	cv_transition_time	n/a	n/a	n/a	n/a	n/a	n/a	n/a	n/a	n/a	ree	112.002051	86	true	111.974066	112.4205529
113.1405288	0.3943330999999972	trials	/intervals/trials	87	start_time	n/a	n/a	n/a	n/a	n/a	n/a	n/a	n/a	n/a	poo	113.207947	87	true	113.1405288	113.5348619
113.207947	0.0	cv_transition	/intervals/trials	87	cv_transition_time	n/a	n/a	n/a	n/a	n/a	n/a	n/a	n/a	n/a	poo	113.207947	87	true	113.1405288	113.5348619
114.2777346	0.4579351999999943	trials	/intervals/trials	88	start_time	n/a	n/a	n/a	n/a	n/a	n/a	n/a	n/a	n/a	faa	114.3896743	88	true	114.2777346	114.7356698
114.3896743	0.0	cv_transition	/intervals/trials	88	cv_transition_time	n/a	n/a	n/a	n/a	n/a	n/a	n/a	n/a	n/a	faa	114.3896743	88	true	114.2777346	114.7356698
115.5167038	0.37906859999999654	trials	/intervals/trials	89	start_time	n/a	n/a	n/a	n/a	n/a	n/a	n/a	n/a	n/a	doo	115.5472328	89	true	115.5167038	115.8957724
115.5472328	0.0	cv_transition	/intervals/trials	89	cv_transition_time	n/a	n/a	n/a	n/a	n/a	n/a	n/a	n/a	n/a	doo	115.5472328	89	true	115.5167038	115.8957724
116.605572	0.47955989999999815	trials	/intervals/trials	90	start_time	n/a	n/a	n/a	n/a	n/a	n/a	n/a	n/a	n/a	zaa	116.725144	90	true	116.605572	117.0851319
116.725144	0.0	cv_transition	/intervals/trials	90	cv_transition_time	n/a	n/a	n/a	n/a	n/a	n/a	n/a	n/a	n/a	zaa	116.725144	90	true	116.605572	117.0851319
117.8712541	0.44521480000000224	trials	/intervals/trials	91	start_time	n/a	n/a	n/a	n/a	n/a	n/a	n/a	n/a	n/a	naa	117.928496	91	true	117.8712541	118.3164689
117.928496	0.0	cv_transition	/intervals/trials	91	cv_transition_time	n/a	n/a	n/a	n/a	n/a	n/a	n/a	n/a	n/a	naa	117.928496	91	true	117.8712541	118.3164689
119.0835103	0.4261341999999928	trials	/intervals/trials	92	start_time	n/a	n/a	n/a	n/a	n/a	n/a	n/a	n/a	n/a	thoo	119.1305759	92	true	119.0835103	119.5096445
119.1305759	0.0	cv_transition	/intervals/trials	92	cv_transition_time	n/a	n/a	n/a	n/a	n/a	n/a	n/a	n/a	n/a	thoo	119.1305759	92	true	119.0835103	119.5096445
120.4992934	0.4045095000000032	trials	/intervals/trials	93	start_time	n/a	n/a	n/a	n/a	n/a	n/a	n/a	n/a	n/a	paa	120.576888	93	true	120.4992934	120.9038029
120.576888	0.0	cv_transition	/intervals/trials	93	cv_transition_time	n/a	n/a	n/a	n/a	n/a	n/a	n/a	n/a	n/a	paa	120.576888	93	true	120.4992934	120.9038029
121.5449122	0.37906859999999654	trials	/intervals/trials	94	start_time	n/a	n/a	n/a	n/a	n/a	n/a	n/a	n/a	n/a	mee	121.569081	94	true	121.5449122	121.9239808
121.569081	0.0	cv_transition	/intervals/trials	94	cv_transition_time	n/a	n/a	n/a	n/a	n/a	n/a	n/a	n/a	n/a	mee	121.569081	94	true	121.5449122	121.9239808
122.8602039	0.37398039999999355	trials	/intervals/trials	95	start_time	n/a	n/a	n/a	n/a	n/a	n/a	n/a	n/a	n/a	taa	122.9149017	95	true	122.8602039	123.2341843
122.9149017	0.0	cv_transition	/intervals/trials	95	cv_transition_time	n/a	n/a	n/a	n/a	n/a	n/a	n/a	n/a	n/a	taa	122.9149017	95	true	122.8602039	123.2341843
123.9223592	0.39814919999999177	trials	/intervals/trials	96	start_time	n/a	n/a	n/a	n/a	n/a	n/a	n/a	n/a	n/a	yoo	123.9579764	96	true	123.9223592	124.3205084
123.9579764	0.0	cv_transition	/intervals/trials	96	cv_transition_time	n/a	n/a	n/a	n/a	n/a	n/a	n/a	n/a	n/a	yoo	123.9579764	96	true	123.9223592	124.3205084
125.2681799	0.3968771999999916	trials	/intervals/trials	97	start_time	n/a	n/a	n/a	n/a	n/a	n/a	n/a	n/a	n/a	voo	125.2987089	97	true	125.2681799	125.6650571
125.2987089	0.0	cv_transition	/intervals/trials	97	cv_transition_time	n/a	n/a	n/a	n/a	n/a	n/a	n/a	n/a	n/a	voo	125.2987089	97	true	125.2681799	125.6650571
126.3812169	0.4312223999999958	trials	/intervals/trials	98	start_time	n/a	n/a	n/a	n/a	n/a	n/a	n/a	n/a	n/a	thaa	126.4384588	98	true	126.3812169	126.8124393
126.4384588	0.0	cv_transition	/intervals/trials	98	cv_transition_time	n/a	n/a	n/a	n/a	n/a	n/a	n/a	n/a	n/a	thaa	126.4384588	98	true	126.3812169	126.8124393
127.4751733	0.5851394000000028	trials	/intervals/trials	99	start_time	n/a	n/a	n/a	n/a	n/a	n/a	n/a	n/a	n/a	soo	127.6570753	99	true	127.4751733	128.0603127
127.6570753	0.0	cv_transition	/intervals/trials	99	cv_transition_time	n/a	n/a	n/a	n/a	n/a	n/a	n/a	n/a	n/a	soo	127.6570753	99	true	127.4751733	128.0603127
128.7357672	0.5050008000000048	trials	/intervals/trials	100	start_time	n/a	n/a	n/a	n/a	n/a	n/a	n/a	n/a	n/a	yaa	128.7777446	100	true	128.7357672	129.240768
128.7777446	0.0	cv_transition	/intervals/trials	100	cv_transition_time	n/a	n/a	n/a	n/a	n/a	n/a	n/a	n/a	n/a	yaa	128.7777446	100	true	128.7357672	129.240768
129.9861848	0.40323740000002317	trials	/intervals/trials	101	start_time	n/a	n/a	n/a	n/a	n/a	n/a	n/a	n/a	n/a	dee	130.0218019	101	true	129.9861848	130.3894222
130.0218019	0.0	cv_transition	/intervals/trials	101	cv_transition_time	n/a	n/a	n/a	n/a	n/a	n/a	n/a	n/a	n/a	dee	130.0218019	101	true	129.9861848	130.3894222
131.0419798	0.39560520000000565	trials	/intervals/trials	102	start_time	n/a	n/a	n/a	n/a	n/a	n/a	n/a	n/a	n/a	boo	131.0547003	102	true	131.0419798	131.437585
131.0547003	0.0	cv_transition	/intervals/trials	102	cv_transition_time	n/a	n/a	n/a	n/a	n/a	n/a	n/a	n/a	n/a	boo	131.0547003	102	true	131.0419798	131.437585
132.1448405	0.3994213000000002	trials	/intervals/trials	103	start_time	n/a	n/a	n/a	n/a	n/a	n/a	n/a	n/a	n/a	lee	132.1677373	103	true	132.1448405	132.5442618
132.1677373	0.0	cv_transition	/intervals/trials	103	cv_transition_time	n/a	n/a	n/a	n/a	n/a	n/a	n/a	n/a	n/a	lee	132.1677373	103	true	132.1448405	132.5442618
133.2769581	0.4337664999999902	trials	/intervals/trials	104	start_time	n/a	n/a	n/a	n/a	n/a	n/a	n/a	n/a	n/a	koo	133.3583688	104	true	133.2769581	133.7107246
133.3583688	0.0	cv_transition	/intervals/trials	104	cv_transition_time	n/a	n/a	n/a	n/a	n/a	n/a	n/a	n/a	n/a	koo	133.3583688	104	true	133.2769581	133.7107246
134.3798188	0.49864059999998744	trials	/intervals/trials	105	start_time	n/a	n/a	n/a	n/a	n/a	n/a	n/a	n/a	n/a	see	134.5591768	105	true	134.3798188	134.8784594
134.5591768	0.0	cv_transition	/intervals/trials	105	cv_transition_time	n/a	n/a	n/a	n/a	n/a	n/a	n/a	n/a	n/a	see	134.5591768	105	true	134.3798188	134.8784594
135.6442288	0.5088168999999994	trials	/intervals/trials	106	start_time	n/a	n/a	n/a	n/a	n/a	n/a	n/a	n/a	n/a	too	135.7752492	106	true	135.6442288	136.1530457
135.7752492	0.0	cv_transition	/intervals/trials	106	cv_transition_time	n/a	n/a	n/a	n/a	n/a	n/a	n/a	n/a	n/a	too	135.7752492	106	true	135.6442288	136.1530457
136.9684248	0.4108696999999779	trials	/intervals/trials	107	start_time	n/a	n/a	n/a	n/a	n/a	n/a	n/a	n/a	n/a	daa	137.004042	107	true	136.9684248	137.3792945
137.004042	0.0	cv_transition	/intervals/trials	107	cv_transition_time	n/a	n/a	n/a	n/a	n/a	n/a	n/a	n/a	n/a	daa	137.004042	107	true	136.9684248	137.3792945
139.9985097323665	1.4007644983520322	invalid_times	/intervals/invalid_times	1	start_time	n/a	n/a	n/a	n/a	1	139.9985097323665	141.39927423071853	"[""ECoG artifact""]"	"[{""idx_start"":427241,""count"":4275,""timeseries"":""/acquisition/ElectricalSeries""}]"	n/a	n/a	n/a	n/a	n/a	n/a
142.4013174	0.3968771999999774	trials	/intervals/trials	108	start_time	n/a	n/a	n/a	n/a	n/a	n/a	n/a	n/a	n/a	wee	142.4356626	108	true	142.4013174	142.7981946
142.4356626	0.0	cv_transition	/intervals/trials	108	cv_transition_time	n/a	n/a	n/a	n/a	n/a	n/a	n/a	n/a	n/a	wee	142.4356626	108	true	142.4013174	142.7981946
143.1658148	0.6347490999999934	trials	/intervals/trials	109	start_time	n/a	n/a	n/a	n/a	n/a	n/a	n/a	n/a	n/a	shee	143.4138631	109	true	143.1658148	143.8005639
143.4138631	0.0	cv_transition	/intervals/trials	109	cv_transition_time	n/a	n/a	n/a	n/a	n/a	n/a	n/a	n/a	n/a	shee	143.4138631	109	true	143.1658148	143.8005639
144.9326816	0.42867820000000734	trials	/intervals/trials	110	start_time	n/a	n/a	n/a	n/a	n/a	n/a	n/a	n/a	n/a	poo	145.0077321	110	true	144.9326816	145.3613598
145.0077321	0.0	cv_transition	/intervals/trials	110	cv_transition_time	n/a	n/a	n/a	n/a	n/a	n/a	n/a	n/a	n/a	poo	145.0077321	110	true	144.9326816	145.3613598
145.637393	0.530441599999989	trials	/intervals/trials	111	start_time	n/a	n/a	n/a	n/a	n/a	n/a	n/a	n/a	n/a	shaa	145.8371036	111	true	145.637393	146.1678346
145.8371036	0.0	cv_transition	/intervals/trials	111	cv_transition_time	n/a	n/a	n/a	n/a	n/a	n/a	n/a	n/a	n/a	shaa	145.8371036	111	true	145.637393	146.1678346
146.6779236	0.4579351999999801	trials	/intervals/trials	112	start_time	n/a	n/a	n/a	n/a	n/a	n/a	n/a	n/a	n/a	ree	146.7962235	112	true	146.6779236	147.1358588
146.7962235	0.0	cv_transition	/intervals/trials	112	cv_transition_time	n/a	n/a	n/a	n/a	n/a	n/a	n/a	n/a	n/a	ree	146.7962235	112	true	146.6779236	147.1358588
147.5276478	0.44521480000000224	trials	/intervals/trials	113	start_time	n/a	n/a	n/a	n/a	n/a	n/a	n/a	n/a	n/a	vaa	147.5874338	113	true	147.5276478	147.9728626
147.5874338	0.0	cv_transition	/intervals/trials	113	cv_transition_time	n/a	n/a	n/a	n/a	n/a	n/a	n/a	n/a	n/a	vaa	147.5874338	113	true	147.5276478	147.9728626
148.6114279	0.4312223000000017	trials	/intervals/trials	114	start_time	n/a	n/a	n/a	n/a	n/a	n/a	n/a	n/a	n/a	loo	148.6813902	114	true	148.6114279	149.0426502
148.6813902	0.0	cv_transition	/intervals/trials	114	cv_transition_time	n/a	n/a	n/a	n/a	n/a	n/a	n/a	n/a	n/a	loo	148.6813902	114	true	148.6114279	149.0426502
149.2792501	0.5062727999999765	trials	/intervals/trials	115	start_time	n/a	n/a	n/a	n/a	n/a	n/a	n/a	n/a	n/a	laa	149.3530285	115	true	149.2792501	149.7855229
149.3530285	0.0	cv_transition	/intervals/trials	115	cv_transition_time	n/a	n/a	n/a	n/a	n/a	n/a	n/a	n/a	n/a	laa	149.3530285	115	true	149.2792501	149.7855229
150.2625387	0.4363105000000189	trials	/intervals/trials	116	start_time	n/a	n/a	n/a	n/a	n/a	n/a	n/a	n/a	n/a	taa	150.3452215	116	true	150.2625387	150.6988492
150.3452215	0.0	cv_transition	/intervals/trials	116	cv_transition_time	n/a	n/a	n/a	n/a	n/a	n/a	n/a	n/a	n/a	taa	150.3452215	116	true	150.2625387	150.6988492
151.0295802	0.482104100000015	trials	/intervals/trials	117	start_time	n/a	n/a	n/a	n/a	n/a	n/a	n/a	n/a	n/a	zoo	151.2127543	117	true	151.0295802	151.5116843
151.2127543	0.0	cv_transition	/intervals/trials	117	cv_transition_time	n/a	n/a	n/a	n/a	n/a	n/a	n/a	n/a	n/a	zoo	151.2127543	117	true	151.0295802	151.5116843
152.0268614	0.4235901000000126	trials	/intervals/trials	118	start_time	n/a	n/a	n/a	n/a	n/a	n/a	n/a	n/a	n/a	hee	152.0879194	118	true	152.0268614	152.4504515
152.0879194	0.0	cv_transition	/intervals/trials	118	cv_transition_time	n/a	n/a	n/a	n/a	n/a	n/a	n/a	n/a	n/a	hee	152.0879194	118	true	152.0268614	152.4504515
152.857505	0.4413987000000077	trials	/intervals/trials	119	start_time	n/a	n/a	n/a	n/a	n/a	n/a	n/a	n/a	n/a	faa	152.9363716	119	true	152.857505	153.2989037
152.9363716	0.0	cv_transition	/intervals/trials	119	cv_transition_time	n/a	n/a	n/a	n/a	n/a	n/a	n/a	n/a	n/a	faa	152.9363716	119	true	152.857505	153.2989037
155.624197	0.49609649999999306	trials	/intervals/trials	120	start_time	n/a	n/a	n/a	n/a	n/a	n/a	n/a	n/a	n/a	tee	155.7386808	120	true	155.624197	156.1202935
155.7386808	0.0	cv_transition	/intervals/trials	120	cv_transition_time	n/a	n/a	n/a	n/a	n/a	n/a	n/a	n/a	n/a	tee	155.7386808	120	true	155.624197	156.1202935
156.4052309	0.5164492000000109	trials	/intervals/trials	121	start_time	n/a	n/a	n/a	n/a	n/a	n/a	n/a	n/a	n/a	moo	156.4828255	121	true	156.4052309	156.9216801
156.4828255	0.0	cv_transition	/intervals/trials	121	cv_transition_time	n/a	n/a	n/a	n/a	n/a	n/a	n/a	n/a	n/a	moo	156.4828255	121	true	156.4052309	156.9216801
157.0501564	0.4490308999999968	trials	/intervals/trials	122	start_time	n/a	n/a	n/a	n/a	n/a	n/a	n/a	n/a	n/a	koo	157.1468316	122	true	157.0501564	157.4991873
157.1468316	0.0	cv_transition	/intervals/trials	122	cv_transition_time	n/a	n/a	n/a	n/a	n/a	n/a	n/a	n/a	n/a	koo	157.1468316	122	true	157.0501564	157.4991873
158.1428407	0.4235901000000126	trials	/intervals/trials	123	start_time	n/a	n/a	n/a	n/a	n/a	n/a	n/a	n/a	n/a	fee	158.2789492	123	true	158.1428407	158.5664308
158.2789492	0.0	cv_transition	/intervals/trials	123	cv_transition_time	n/a	n/a	n/a	n/a	n/a	n/a	n/a	n/a	n/a	fee	158.2789492	123	true	158.1428407	158.5664308
158.7585092	0.5037287000000106	trials	/intervals/trials	124	start_time	n/a	n/a	n/a	n/a	n/a	n/a	n/a	n/a	n/a	shoo	158.9531316	124	true	158.7585092	159.2622379
158.9531316	0.0	cv_transition	/intervals/trials	124	cv_transition_time	n/a	n/a	n/a	n/a	n/a	n/a	n/a	n/a	n/a	shoo	158.9531316	124	true	158.7585092	159.2622379
159.4186991	0.4235901000000126	trials	/intervals/trials	125	start_time	n/a	n/a	n/a	n/a	n/a	n/a	n/a	n/a	n/a	maa	159.4784851	125	true	159.4186991	159.8422892
159.4784851	0.0	cv_transition	/intervals/trials	125	cv_transition_time	n/a	n/a	n/a	n/a	n/a	n/a	n/a	n/a	n/a	maa	159.4784851	125	true	159.4186991	159.8422892
160.9604143	0.44648689999999647	trials	/intervals/trials	126	start_time	n/a	n/a	n/a	n/a	n/a	n/a	n/a	n/a	n/a	roo	161.0303767	126	true	160.9604143	161.4069012
161.0303767	0.0	cv_transition	/intervals/trials	126	cv_transition_time	n/a	n/a	n/a	n/a	n/a	n/a	n/a	n/a	n/a	roo	161.0303767	126	true	160.9604143	161.4069012
161.6002516	0.48592019999998115	trials	/intervals/trials	127	start_time	n/a	n/a	n/a	n/a	n/a	n/a	n/a	n/a	n/a	lee	161.6829344	127	true	161.6002516	162.0861718
161.6829344	0.0	cv_transition	/intervals/trials	127	cv_transition_time	n/a	n/a	n/a	n/a	n/a	n/a	n/a	n/a	n/a	lee	161.6829344	127	true	161.6002516	162.0861718
162.4703285	0.3994213000000002	trials	/intervals/trials	128	start_time	n/a	n/a	n/a	n/a	n/a	n/a	n/a	n/a	n/a	yee	162.5491952	128	true	162.4703285	162.8697498
162.5491952	0.0	cv_transition	/intervals/trials	128	cv_transition_time	n/a	n/a	n/a	n/a	n/a	n/a	n/a	n/a	n/a	yee	162.5491952	128	true	162.4703285	162.8697498
163.0770927	0.47701589999999783	trials	/intervals/trials	129	start_time	n/a	n/a	n/a	n/a	n/a	n/a	n/a	n/a	n/a	raa	163.1839443	129	true	163.0770927	163.5541086
163.1839443	0.0	cv_transition	/intervals/trials	129	cv_transition_time	n/a	n/a	n/a	n/a	n/a	n/a	n/a	n/a	n/a	raa	163.1839443	129	true	163.0770927	163.5541086
163.8148772	0.4159578999999951	trials	/intervals/trials	130	start_time	n/a	n/a	n/a	n/a	n/a	n/a	n/a	n/a	n/a	soo	163.9662503	130	true	163.8148772	164.2308351
163.9662503	0.0	cv_transition	/intervals/trials	130	cv_transition_time	n/a	n/a	n/a	n/a	n/a	n/a	n/a	n/a	n/a	soo	163.9662503	130	true	163.8148772	164.2308351
164.742196	0.31419449999998506	trials	/intervals/trials	131	start_time	n/a	n/a	n/a	n/a	n/a	n/a	n/a	n/a	n/a	doo	164.7650928	131	true	164.742196	165.0563905
164.7650928	0.0	cv_transition	/intervals/trials	131	cv_transition_time	n/a	n/a	n/a	n/a	n/a	n/a	n/a	n/a	n/a	doo	164.7650928	131	true	164.742196	165.0563905
165.2942624	0.37398039999999355	trials	/intervals/trials	132	start_time	n/a	n/a	n/a	n/a	n/a	n/a	n/a	n/a	n/a	bee	165.3082549	132	true	165.2942624	165.6682428
165.3082549	0.0	cv_transition	/intervals/trials	132	cv_transition_time	n/a	n/a	n/a	n/a	n/a	n/a	n/a	n/a	n/a	bee	165.3082549	132	true	165.2942624	165.6682428
166.2889995	0.45539110000001415	trials	/intervals/trials	133	start_time	n/a	n/a	n/a	n/a	n/a	n/a	n/a	n/a	n/a	yaa	166.3386091	133	true	166.2889995	166.7443906
166.3386091	0.0	cv_transition	/intervals/trials	133	cv_transition_time	n/a	n/a	n/a	n/a	n/a	n/a	n/a	n/a	n/a	yaa	166.3386091	133	true	166.2889995	166.7443906
167.0891141	0.3879729000000225	trials	/intervals/trials	134	start_time	n/a	n/a	n/a	n/a	n/a	n/a	n/a	n/a	n/a	baa	167.1120108	134	true	167.0891141	167.477087
167.1120108	0.0	cv_transition	/intervals/trials	134	cv_transition_time	n/a	n/a	n/a	n/a	n/a	n/a	n/a	n/a	n/a	baa	167.1120108	134	true	167.0891141	167.477087
167.7989137	0.314194399999991	trials	/intervals/trials	135	start_time	n/a	n/a	n/a	n/a	n/a	n/a	n/a	n/a	n/a	nee	167.8332588	135	true	167.7989137	168.1131081
167.8332588	0.0	cv_transition	/intervals/trials	135	cv_transition_time	n/a	n/a	n/a	n/a	n/a	n/a	n/a	n/a	n/a	nee	167.8332588	135	true	167.7989137	168.1131081
173.9098048	0.4274062000000072	trials	/intervals/trials	136	start_time	n/a	n/a	n/a	n/a	n/a	n/a	n/a	n/a	n/a	kee	174.0128402	136	true	173.9098048	174.337211
174.0128402	0.0	cv_transition	/intervals/trials	136	cv_transition_time	n/a	n/a	n/a	n/a	n/a	n/a	n/a	n/a	n/a	kee	174.0128402	136	true	173.9098048	174.337211
174.5928915	0.41850189999999543	trials	/intervals/trials	137	start_time	n/a	n/a	n/a	n/a	n/a	n/a	n/a	n/a	n/a	too	174.6921108	137	true	174.5928915	175.0113934
174.6921108	0.0	cv_transition	/intervals/trials	137	cv_transition_time	n/a	n/a	n/a	n/a	n/a	n/a	n/a	n/a	n/a	too	174.6921108	137	true	174.5928915	175.0113934
176.1524153	0.5100889999999936	trials	/intervals/trials	138	start_time	n/a	n/a	n/a	n/a	n/a	n/a	n/a	n/a	n/a	thoo	176.2694432	138	true	176.1524153	176.6625043
176.2694432	0.0	cv_transition	/intervals/trials	138	cv_transition_time	n/a	n/a	n/a	n/a	n/a	n/a	n/a	n/a	n/a	thoo	176.2694432	138	true	176.1524153	176.6625043
176.9932353	0.5660587999999791	trials	/intervals/trials	139	start_time	n/a	n/a	n/a	n/a	n/a	n/a	n/a	n/a	n/a	saa	177.1522406	139	true	176.9932353	177.5592941
177.1522406	0.0	cv_transition	/intervals/trials	139	cv_transition_time	n/a	n/a	n/a	n/a	n/a	n/a	n/a	n/a	n/a	saa	177.1522406	139	true	176.9932353	177.5592941
177.9345466	0.4553910999999857	trials	/intervals/trials	140	start_time	n/a	n/a	n/a	n/a	n/a	n/a	n/a	n/a	n/a	thaa	178.0045089	140	true	177.9345466	178.3899377
178.0045089	0.0	cv_transition	/intervals/trials	140	cv_transition_time	n/a	n/a	n/a	n/a	n/a	n/a	n/a	n/a	n/a	thaa	178.0045089	140	true	177.9345466	178.3899377
178.9267395	0.3917891000000111	trials	/intervals/trials	141	start_time	n/a	n/a	n/a	n/a	n/a	n/a	n/a	n/a	n/a	goo	178.9674449	141	true	178.9267395	179.3185286
178.9674449	0.0	cv_transition	/intervals/trials	141	cv_transition_time	n/a	n/a	n/a	n/a	n/a	n/a	n/a	n/a	n/a	goo	178.9674449	141	true	178.9267395	179.3185286
180.9276621	0.38670079999999984	trials	/intervals/trials	142	start_time	n/a	n/a	n/a	n/a	n/a	n/a	n/a	n/a	n/a	woo	181.0027125	142	true	180.9276621	181.3143629
181.0027125	0.0	cv_transition	/intervals/trials	142	cv_transition_time	n/a	n/a	n/a	n/a	n/a	n/a	n/a	n/a	n/a	woo	181.0027125	142	true	180.9276621	181.3143629
183.3343661	0.5113609999999937	trials	/intervals/trials	143	start_time	n/a	n/a	n/a	n/a	n/a	n/a	n/a	n/a	n/a	naa	183.4348574	143	true	183.3343661	183.8457271
183.4348574	0.0	cv_transition	/intervals/trials	143	cv_transition_time	n/a	n/a	n/a	n/a	n/a	n/a	n/a	n/a	n/a	naa	183.4348574	143	true	183.3343661	183.8457271
184.1179441	0.46302340000002573	trials	/intervals/trials	144	start_time	n/a	n/a	n/a	n/a	n/a	n/a	n/a	n/a	n/a	waa	184.1840903	144	true	184.1179441	184.5809675
184.1840903	0.0	cv_transition	/intervals/trials	144	cv_transition_time	n/a	n/a	n/a	n/a	n/a	n/a	n/a	n/a	n/a	waa	184.1840903	144	true	184.1179441	184.5809675
184.9155146	0.38034070000000497	trials	/intervals/trials	145	start_time	n/a	n/a	n/a	n/a	n/a	n/a	n/a	n/a	n/a	gaa	184.9485877	145	true	184.9155146	185.2958553
184.9485877	0.0	cv_transition	/intervals/trials	145	cv_transition_time	n/a	n/a	n/a	n/a	n/a	n/a	n/a	n/a	n/a	gaa	184.9485877	145	true	184.9155146	185.2958553
185.6329465	0.4744717000000094	trials	/intervals/trials	146	start_time	n/a	n/a	n/a	n/a	n/a	n/a	n/a	n/a	n/a	zee	185.8110324	146	true	185.6329465	186.1074182
185.8110324	0.0	cv_transition	/intervals/trials	146	cv_transition_time	n/a	n/a	n/a	n/a	n/a	n/a	n/a	n/a	n/a	zee	185.8110324	146	true	185.6329465	186.1074182
186.7192706	0.40323740000002317	trials	/intervals/trials	147	start_time	n/a	n/a	n/a	n/a	n/a	n/a	n/a	n/a	n/a	paa	186.7981372	147	true	186.7192706	187.122508
186.7981372	0.0	cv_transition	/intervals/trials	147	cv_transition_time	n/a	n/a	n/a	n/a	n/a	n/a	n/a	n/a	n/a	paa	186.7981372	147	true	186.7192706	187.122508
187.8844613	0.41722989999999527	trials	/intervals/trials	148	start_time	n/a	n/a	n/a	n/a	n/a	n/a	n/a	n/a	n/a	mee	187.9315269	148	true	187.8844613	188.3016912
187.9315269	0.0	cv_transition	/intervals/trials	148	cv_transition_time	n/a	n/a	n/a	n/a	n/a	n/a	n/a	n/a	n/a	mee	187.9315269	148	true	187.8844613	188.3016912
188.8206844	0.46429549999999153	trials	/intervals/trials	149	start_time	n/a	n/a	n/a	n/a	n/a	n/a	n/a	n/a	n/a	zaa	188.9962263	149	true	188.8206844	189.2849799
188.9962263	0.0	cv_transition	/intervals/trials	149	cv_transition_time	n/a	n/a	n/a	n/a	n/a	n/a	n/a	n/a	n/a	zaa	188.9962263	149	true	188.8206844	189.2849799
189.8255978	0.3625321000000099	trials	/intervals/trials	150	start_time	n/a	n/a	n/a	n/a	n/a	n/a	n/a	n/a	n/a	hoo	189.8841118	150	true	189.8255978	190.1881299
189.8841118	0.0	cv_transition	/intervals/trials	150	cv_transition_time	n/a	n/a	n/a	n/a	n/a	n/a	n/a	n/a	n/a	hoo	189.8841118	150	true	189.8255978	190.1881299
190.7592769	0.3752523999999937	trials	/intervals/trials	151	start_time	n/a	n/a	n/a	n/a	n/a	n/a	n/a	n/a	n/a	daa	190.7758134	151	true	190.7592769	191.1345293
190.7758134	0.0	cv_transition	/intervals/trials	151	cv_transition_time	n/a	n/a	n/a	n/a	n/a	n/a	n/a	n/a	n/a	daa	190.7758134	151	true	190.7592769	191.1345293
191.8048956	0.3994213000000002	trials	/intervals/trials	152	start_time	n/a	n/a	n/a	n/a	n/a	n/a	n/a	n/a	n/a	foo	191.8786741	152	true	191.8048956	192.2043169
191.8786741	0.0	cv_transition	/intervals/trials	152	cv_transition_time	n/a	n/a	n/a	n/a	n/a	n/a	n/a	n/a	n/a	foo	191.8786741	152	true	191.8048956	192.2043169
192.778008	0.5596985999999902	trials	/intervals/trials	153	start_time	n/a	n/a	n/a	n/a	n/a	n/a	n/a	n/a	n/a	see	193.0057035	153	true	192.778008	193.3377066
193.0057035	0.0	cv_transition	/intervals/trials	153	cv_transition_time	n/a	n/a	n/a	n/a	n/a	n/a	n/a	n/a	n/a	see	193.0057035	153	true	192.778008	193.3377066
193.9660955	0.3943331000000114	trials	/intervals/trials	154	start_time	n/a	n/a	n/a	n/a	n/a	n/a	n/a	n/a	n/a	pee	194.0360578	154	true	193.9660955	194.3604286
194.0360578	0.0	cv_transition	/intervals/trials	154	cv_transition_time	n/a	n/a	n/a	n/a	n/a	n/a	n/a	n/a	n/a	pee	194.0360578	154	true	193.9660955	194.3604286
194.9697368	0.3968772000000058	trials	/intervals/trials	155	start_time	n/a	n/a	n/a	n/a	n/a	n/a	n/a	n/a	n/a	kaa	195.0307948	155	true	194.9697368	195.366614
195.0307948	0.0	cv_transition	/intervals/trials	155	cv_transition_time	n/a	n/a	n/a	n/a	n/a	n/a	n/a	n/a	n/a	kaa	195.0307948	155	true	194.9697368	195.366614
196.1336555	0.370036099999993	trials	/intervals/trials	156	start_time	n/a	n/a	n/a	n/a	n/a	n/a	n/a	n/a	n/a	yoo	196.1832652	156	true	196.1336555	196.5036916
196.1832652	0.0	cv_transition	/intervals/trials	156	cv_transition_time	n/a	n/a	n/a	n/a	n/a	n/a	n/a	n/a	n/a	yoo	196.1832652	156	true	196.1336555	196.5036916
198.5581681	0.38670079999999984	trials	/intervals/trials	157	start_time	n/a	n/a	n/a	n/a	n/a	n/a	n/a	n/a	n/a	voo	198.5747046	157	true	198.5581681	198.9448689
198.5747046	0.0	cv_transition	/intervals/trials	157	cv_transition_time	n/a	n/a	n/a	n/a	n/a	n/a	n/a	n/a	n/a	voo	198.5747046	157	true	198.5581681	198.9448689
200.3021381	0.33200299999998606	trials	/intervals/trials	158	start_time	n/a	n/a	n/a	n/a	n/a	n/a	n/a	n/a	n/a	vee	200.3339391	158	true	200.3021381	200.6341411
200.3339391	0.0	cv_transition	/intervals/trials	158	cv_transition_time	n/a	n/a	n/a	n/a	n/a	n/a	n/a	n/a	n/a	vee	200.3339391	158	true	200.3021381	200.6341411
201.0869882	0.314194399999991	trials	/intervals/trials	159	start_time	n/a	n/a	n/a	n/a	n/a	n/a	n/a	n/a	n/a	haa	201.1633107	159	true	201.0869882	201.4011826
201.1633107	0.0	cv_transition	/intervals/trials	159	cv_transition_time	n/a	n/a	n/a	n/a	n/a	n/a	n/a	n/a	n/a	haa	201.1633107	159	true	201.0869882	201.4011826
202.12776392986157	3.246477719709958	invalid_times	/intervals/invalid_times	2	start_time	n/a	n/a	n/a	n/a	2	202.12776392986157	205.37424164957153	"[""ECoG artifact""]"	"[{""idx_start"":616844,""count"":9908,""timeseries"":""/acquisition/ElectricalSeries""}]"	n/a	n/a	n/a	n/a	n/a	n/a
208.664544	0.3472675999999808	trials	/intervals/trials	160	start_time	n/a	n/a	n/a	n/a	n/a	n/a	n/a	n/a	n/a	hee	208.7205139	160	true	208.664544	209.0118116
208.7205139	0.0	cv_transition	/intervals/trials	160	cv_transition_time	n/a	n/a	n/a	n/a	n/a	n/a	n/a	n/a	n/a	hee	208.7205139	160	true	208.664544	209.0118116
210.0612465	0.4592071999999803	trials	/intervals/trials	161	start_time	n/a	n/a	n/a	n/a	n/a	n/a	n/a	n/a	n/a	thaa	210.1642819	161	true	210.0612465	210.5204537
210.1642819	0.0	cv_transition	/intervals/trials	161	cv_transition_time	n/a	n/a	n/a	n/a	n/a	n/a	n/a	n/a	n/a	thaa	210.1642819	161	true	210.0612465	210.5204537
212.1575721	0.4159578999999951	trials	/intervals/trials	162	start_time	n/a	n/a	n/a	n/a	n/a	n/a	n/a	n/a	n/a	tee	212.2415269	162	true	212.1575721	212.57353
212.2415269	0.0	cv_transition	/intervals/trials	162	cv_transition_time	n/a	n/a	n/a	n/a	n/a	n/a	n/a	n/a	n/a	tee	212.2415269	162	true	212.1575721	212.57353
213.6916551	0.39560520000000565	trials	/intervals/trials	163	start_time	n/a	n/a	n/a	n/a	n/a	n/a	n/a	n/a	n/a	vee	213.7234562	163	true	213.6916551	214.0872603
213.7234562	0.0	cv_transition	/intervals/trials	163	cv_transition_time	n/a	n/a	n/a	n/a	n/a	n/a	n/a	n/a	n/a	vee	213.7234562	163	true	213.6916551	214.0872603
216.3413192	0.4095976000000121	trials	/intervals/trials	164	start_time	n/a	n/a	n/a	n/a	n/a	n/a	n/a	n/a	n/a	lee	216.3718482	164	true	216.3413192	216.7509168
216.3718482	0.0	cv_transition	/intervals/trials	164	cv_transition_time	n/a	n/a	n/a	n/a	n/a	n/a	n/a	n/a	n/a	lee	216.3718482	164	true	216.3413192	216.7509168
217.447996	0.4897363000000041	trials	/intervals/trials	165	start_time	n/a	n/a	n/a	n/a	n/a	n/a	n/a	n/a	n/a	yaa	217.509054	165	true	217.447996	217.9377323
217.509054	0.0	cv_transition	/intervals/trials	165	cv_transition_time	n/a	n/a	n/a	n/a	n/a	n/a	n/a	n/a	n/a	yaa	217.509054	165	true	217.447996	217.9377323
221.2183293	0.4706557000000089	trials	/intervals/trials	166	start_time	n/a	n/a	n/a	n/a	n/a	n/a	n/a	n/a	n/a	zoo	221.3798787	166	true	221.2183293	221.688985
221.3798787	0.0	cv_transition	/intervals/trials	166	cv_transition_time	n/a	n/a	n/a	n/a	n/a	n/a	n/a	n/a	n/a	zoo	221.3798787	166	true	221.2183293	221.688985
223.3782571	0.44267069999997943	trials	/intervals/trials	167	start_time	n/a	n/a	n/a	n/a	n/a	n/a	n/a	n/a	n/a	noo	223.4596678	167	true	223.3782571	223.8209278
223.4596678	0.0	cv_transition	/intervals/trials	167	cv_transition_time	n/a	n/a	n/a	n/a	n/a	n/a	n/a	n/a	n/a	noo	223.4596678	167	true	223.3782571	223.8209278
224.5281833	0.3917891000000111	trials	/intervals/trials	168	start_time	n/a	n/a	n/a	n/a	n/a	n/a	n/a	n/a	n/a	haa	224.5917855	168	true	224.5281833	224.9199724
224.5917855	0.0	cv_transition	/intervals/trials	168	cv_transition_time	n/a	n/a	n/a	n/a	n/a	n/a	n/a	n/a	n/a	haa	224.5917855	168	true	224.5281833	224.9199724
225.2456152	0.36380410000001007	trials	/intervals/trials	169	start_time	n/a	n/a	n/a	n/a	n/a	n/a	n/a	n/a	n/a	woo	225.2774162	169	true	225.2456152	225.6094193
225.2774162	0.0	cv_transition	/intervals/trials	169	cv_transition_time	n/a	n/a	n/a	n/a	n/a	n/a	n/a	n/a	n/a	woo	225.2774162	169	true	225.2456152	225.6094193
226.7160961	0.42359000000001856	trials	/intervals/trials	170	start_time	n/a	n/a	n/a	n/a	n/a	n/a	n/a	n/a	n/a	fee	226.8140433	170	true	226.7160961	227.1396861
226.8140433	0.0	cv_transition	/intervals/trials	170	cv_transition_time	n/a	n/a	n/a	n/a	n/a	n/a	n/a	n/a	n/a	fee	226.8140433	170	true	226.7160961	227.1396861
227.4169914	0.37143629999999916	trials	/intervals/trials	171	start_time	n/a	n/a	n/a	n/a	n/a	n/a	n/a	n/a	n/a	baa	227.4386161	171	true	227.4169914	227.7884277
227.4386161	0.0	cv_transition	/intervals/trials	171	cv_transition_time	n/a	n/a	n/a	n/a	n/a	n/a	n/a	n/a	n/a	baa	227.4386161	171	true	227.4169914	227.7884277
228.1980253	0.3714363999999932	trials	/intervals/trials	172	start_time	n/a	n/a	n/a	n/a	n/a	n/a	n/a	n/a	n/a	gee	228.2438188	172	true	228.1980253	228.5694617
228.2438188	0.0	cv_transition	/intervals/trials	172	cv_transition_time	n/a	n/a	n/a	n/a	n/a	n/a	n/a	n/a	n/a	gee	228.2438188	172	true	228.1980253	228.5694617
230.0552071	0.3307310000000143	trials	/intervals/trials	173	start_time	n/a	n/a	n/a	n/a	n/a	n/a	n/a	n/a	n/a	boo	230.0704716	173	true	230.0552071	230.3859381
230.0704716	0.0	cv_transition	/intervals/trials	173	cv_transition_time	n/a	n/a	n/a	n/a	n/a	n/a	n/a	n/a	n/a	boo	230.0704716	173	true	230.0552071	230.3859381
230.9748936	0.4757438000000036	trials	/intervals/trials	174	start_time	n/a	n/a	n/a	n/a	n/a	n/a	n/a	n/a	n/a	maa	231.0372237	174	true	230.9748936	231.4506374
231.0372237	0.0	cv_transition	/intervals/trials	174	cv_transition_time	n/a	n/a	n/a	n/a	n/a	n/a	n/a	n/a	n/a	maa	231.0372237	174	true	230.9748936	231.4506374
236.130481	0.4337663999999961	trials	/intervals/trials	175	start_time	n/a	n/a	n/a	n/a	n/a	n/a	n/a	n/a	n/a	koo	236.2309723	175	true	236.130481	236.5642474
236.2309723	0.0	cv_transition	/intervals/trials	175	cv_transition_time	n/a	n/a	n/a	n/a	n/a	n/a	n/a	n/a	n/a	koo	236.2309723	175	true	236.130481	236.5642474
236.9076988	0.4235901000000126	trials	/intervals/trials	176	start_time	n/a	n/a	n/a	n/a	n/a	n/a	n/a	n/a	n/a	vaa	236.9407719	176	true	236.9076988	237.3312889
236.9407719	0.0	cv_transition	/intervals/trials	176	cv_transition_time	n/a	n/a	n/a	n/a	n/a	n/a	n/a	n/a	n/a	vaa	236.9407719	176	true	236.9076988	237.3312889
238.0181918	0.5126329999999939	trials	/intervals/trials	177	start_time	n/a	n/a	n/a	n/a	n/a	n/a	n/a	n/a	n/a	yee	238.0678014	177	true	238.0181918	238.5308248
238.0678014	0.0	cv_transition	/intervals/trials	177	cv_transition_time	n/a	n/a	n/a	n/a	n/a	n/a	n/a	n/a	n/a	yee	238.0678014	177	true	238.0181918	238.5308248
238.7521601	0.450302999999991	trials	/intervals/trials	178	start_time	n/a	n/a	n/a	n/a	n/a	n/a	n/a	n/a	n/a	thoo	238.8501074	178	true	238.7521601	239.2024631
238.8501074	0.0	cv_transition	/intervals/trials	178	cv_transition_time	n/a	n/a	n/a	n/a	n/a	n/a	n/a	n/a	n/a	thoo	238.8501074	178	true	238.7521601	239.2024631
240.0750841	0.40832560000001195	trials	/intervals/trials	179	start_time	n/a	n/a	n/a	n/a	n/a	n/a	n/a	n/a	n/a	nee	240.1425024	179	true	240.0750841	240.4834097
240.1425024	0.0	cv_transition	/intervals/trials	179	cv_transition_time	n/a	n/a	n/a	n/a	n/a	n/a	n/a	n/a	n/a	nee	240.1425024	179	true	240.0750841	240.4834097
240.7836117	0.44139860000001363	trials	/intervals/trials	180	start_time	n/a	n/a	n/a	n/a	n/a	n/a	n/a	n/a	n/a	goo	240.823045	180	true	240.7836117	241.2250103
240.823045	0.0	cv_transition	/intervals/trials	180	cv_transition_time	n/a	n/a	n/a	n/a	n/a	n/a	n/a	n/a	n/a	goo	240.823045	180	true	240.7836117	241.2250103
241.8228702	0.5368019000000004	trials	/intervals/trials	181	start_time	n/a	n/a	n/a	n/a	n/a	n/a	n/a	n/a	n/a	see	242.0047723	181	true	241.8228702	242.3596721
242.0047723	0.0	cv_transition	/intervals/trials	181	cv_transition_time	n/a	n/a	n/a	n/a	n/a	n/a	n/a	n/a	n/a	see	242.0047723	181	true	241.8228702	242.3596721
242.5568386	0.454119100000014	trials	/intervals/trials	182	start_time	n/a	n/a	n/a	n/a	n/a	n/a	n/a	n/a	n/a	wee	242.6128085	182	true	242.5568386	243.0109577
242.6128085	0.0	cv_transition	/intervals/trials	182	cv_transition_time	n/a	n/a	n/a	n/a	n/a	n/a	n/a	n/a	n/a	wee	242.6128085	182	true	242.5568386	243.0109577
244.3516903	0.4846480999999869	trials	/intervals/trials	183	start_time	n/a	n/a	n/a	n/a	n/a	n/a	n/a	n/a	n/a	saa	244.492887	183	true	244.3516903	244.8363384
244.492887	0.0	cv_transition	/intervals/trials	183	cv_transition_time	n/a	n/a	n/a	n/a	n/a	n/a	n/a	n/a	n/a	saa	244.492887	183	true	244.3516903	244.8363384
245.3387951	0.40069330000000036	trials	/intervals/trials	184	start_time	n/a	n/a	n/a	n/a	n/a	n/a	n/a	n/a	n/a	faa	245.3871327	184	true	245.3387951	245.7394884
245.3871327	0.0	cv_transition	/intervals/trials	184	cv_transition_time	n/a	n/a	n/a	n/a	n/a	n/a	n/a	n/a	n/a	faa	245.3871327	184	true	245.3387951	245.7394884
246.1732548	0.35871589999999287	trials	/intervals/trials	185	start_time	n/a	n/a	n/a	n/a	n/a	n/a	n/a	n/a	n/a	moo	246.2126881	185	true	246.1732548	246.5319707
246.2126881	0.0	cv_transition	/intervals/trials	185	cv_transition_time	n/a	n/a	n/a	n/a	n/a	n/a	n/a	n/a	n/a	moo	246.2126881	185	true	246.1732548	246.5319707
246.37585209545156	0.7415812050099078	invalid_times	/intervals/invalid_times	3	start_time	n/a	n/a	n/a	n/a	3	246.37585209545156	247.11743330046147	"[""ECoG artifact""]"	"[{""idx_start"":751879,""count"":2263,""timeseries"":""/acquisition/ElectricalSeries""}]"	n/a	n/a	n/a	n/a	n/a	n/a
247.1132941	0.3256427999999971	trials	/intervals/trials	186	start_time	n/a	n/a	n/a	n/a	n/a	n/a	n/a	n/a	n/a	daa	247.1311027	186	true	247.1132941	247.4389369
247.1311027	0.0	cv_transition	/intervals/trials	186	cv_transition_time	n/a	n/a	n/a	n/a	n/a	n/a	n/a	n/a	n/a	daa	247.1311027	186	true	247.1132941	247.4389369
247.9083205	0.3510837000000038	trials	/intervals/trials	187	start_time	n/a	n/a	n/a	n/a	n/a	n/a	n/a	n/a	n/a	dee	247.9413936	187	true	247.9083205	248.2594042
247.9413936	0.0	cv_transition	/intervals/trials	187	cv_transition_time	n/a	n/a	n/a	n/a	n/a	n/a	n/a	n/a	n/a	dee	247.9413936	187	true	247.9083205	248.2594042
250.3938911	0.4681116000000145	trials	/intervals/trials	188	start_time	n/a	n/a	n/a	n/a	n/a	n/a	n/a	n/a	n/a	zaa	250.5185513	188	true	250.3938911	250.8620027
250.5185513	0.0	cv_transition	/intervals/trials	188	cv_transition_time	n/a	n/a	n/a	n/a	n/a	n/a	n/a	n/a	n/a	zaa	250.5185513	188	true	250.3938911	250.8620027
251.1901896	0.38924489999999423	trials	/intervals/trials	189	start_time	n/a	n/a	n/a	n/a	n/a	n/a	n/a	n/a	n/a	laa	251.2601519	189	true	251.1901896	251.5794345
251.2601519	0.0	cv_transition	/intervals/trials	189	cv_transition_time	n/a	n/a	n/a	n/a	n/a	n/a	n/a	n/a	n/a	laa	251.2601519	189	true	251.1901896	251.5794345
251.8287548	0.42486209999998437	trials	/intervals/trials	190	start_time	n/a	n/a	n/a	n/a	n/a	n/a	n/a	n/a	n/a	naa	251.8872688	190	true	251.8287548	252.2536169
251.8872688	0.0	cv_transition	/intervals/trials	190	cv_transition_time	n/a	n/a	n/a	n/a	n/a	n/a	n/a	n/a	n/a	naa	251.8872688	190	true	251.8287548	252.2536169
252.6339576	0.4095975999999837	trials	/intervals/trials	191	start_time	n/a	n/a	n/a	n/a	n/a	n/a	n/a	n/a	n/a	ree	252.6657586	191	true	252.6339576	253.0435552
252.6657586	0.0	cv_transition	/intervals/trials	191	cv_transition_time	n/a	n/a	n/a	n/a	n/a	n/a	n/a	n/a	n/a	ree	252.6657586	191	true	252.6339576	253.0435552
253.3513894	0.3612600000000157	trials	/intervals/trials	192	start_time	n/a	n/a	n/a	n/a	n/a	n/a	n/a	n/a	n/a	loo	253.399727	192	true	253.3513894	253.7126494
253.399727	0.0	cv_transition	/intervals/trials	192	cv_transition_time	n/a	n/a	n/a	n/a	n/a	n/a	n/a	n/a	n/a	loo	253.399727	192	true	253.3513894	253.7126494
254.0713654	0.31037829999999644	trials	/intervals/trials	193	start_time	n/a	n/a	n/a	n/a	n/a	n/a	n/a	n/a	n/a	hoo	254.1018944	193	true	254.0713654	254.3817437
254.1018944	0.0	cv_transition	/intervals/trials	193	cv_transition_time	n/a	n/a	n/a	n/a	n/a	n/a	n/a	n/a	n/a	hoo	254.1018944	193	true	254.0713654	254.3817437
255.5227656	0.3459954999999866	trials	/intervals/trials	194	start_time	n/a	n/a	n/a	n/a	n/a	n/a	n/a	n/a	n/a	too	255.5914559	194	true	255.5227656	255.8687611
255.5914559	0.0	cv_transition	/intervals/trials	194	cv_transition_time	n/a	n/a	n/a	n/a	n/a	n/a	n/a	n/a	n/a	too	255.5914559	194	true	255.5227656	255.8687611
256.0964567	0.5406179000000293	trials	/intervals/trials	195	start_time	n/a	n/a	n/a	n/a	n/a	n/a	n/a	n/a	n/a	soo	256.3139759	195	true	256.0964567	256.6370746
256.3139759	0.0	cv_transition	/intervals/trials	195	cv_transition_time	n/a	n/a	n/a	n/a	n/a	n/a	n/a	n/a	n/a	soo	256.3139759	195	true	256.0964567	256.6370746
256.8978433	0.4630233999999973	trials	/intervals/trials	196	start_time	n/a	n/a	n/a	n/a	n/a	n/a	n/a	n/a	n/a	roo	256.977982	196	true	256.8978433	257.3608667
256.977982	0.0	cv_transition	/intervals/trials	196	cv_transition_time	n/a	n/a	n/a	n/a	n/a	n/a	n/a	n/a	n/a	roo	256.977982	196	true	256.8978433	257.3608667
257.7628321	0.46683949999999186	trials	/intervals/trials	197	start_time	n/a	n/a	n/a	n/a	n/a	n/a	n/a	n/a	n/a	raa	257.8111697	197	true	257.7628321	258.2296716
257.8111697	0.0	cv_transition	/intervals/trials	197	cv_transition_time	n/a	n/a	n/a	n/a	n/a	n/a	n/a	n/a	n/a	raa	257.8111697	197	true	257.7628321	258.2296716
258.6443574	0.42486209999998437	trials	/intervals/trials	198	start_time	n/a	n/a	n/a	n/a	n/a	n/a	n/a	n/a	n/a	shee	258.7715616	198	true	258.6443574	259.0692195
258.7715616	0.0	cv_transition	/intervals/trials	198	cv_transition_time	n/a	n/a	n/a	n/a	n/a	n/a	n/a	n/a	n/a	shee	258.7715616	198	true	258.6443574	259.0692195
259.415215	0.37398039999999355	trials	/intervals/trials	199	start_time	n/a	n/a	n/a	n/a	n/a	n/a	n/a	n/a	n/a	kee	259.5144343	199	true	259.415215	259.7891954
259.5144343	0.0	cv_transition	/intervals/trials	199	cv_transition_time	n/a	n/a	n/a	n/a	n/a	n/a	n/a	n/a	n/a	kee	259.5144343	199	true	259.415215	259.7891954
260.1708081	0.3281868999999915	trials	/intervals/trials	200	start_time	n/a	n/a	n/a	n/a	n/a	n/a	n/a	n/a	n/a	foo	260.2115135	200	true	260.1708081	260.498995
260.2115135	0.0	cv_transition	/intervals/trials	200	cv_transition_time	n/a	n/a	n/a	n/a	n/a	n/a	n/a	n/a	n/a	foo	260.2115135	200	true	260.1708081	260.498995
261.3512633	0.5075448999999708	trials	/intervals/trials	201	start_time	n/a	n/a	n/a	n/a	n/a	n/a	n/a	n/a	n/a	zee	261.5331654	201	true	261.3512633	261.8588082
261.5331654	0.0	cv_transition	/intervals/trials	201	cv_transition_time	n/a	n/a	n/a	n/a	n/a	n/a	n/a	n/a	n/a	zee	261.5331654	201	true	261.3512633	261.8588082
262.2976628	0.3625321000000099	trials	/intervals/trials	202	start_time	n/a	n/a	n/a	n/a	n/a	n/a	n/a	n/a	n/a	voo	262.3294639	202	true	262.2976628	262.6601949
262.3294639	0.0	cv_transition	/intervals/trials	202	cv_transition_time	n/a	n/a	n/a	n/a	n/a	n/a	n/a	n/a	n/a	voo	262.3294639	202	true	262.2976628	262.6601949
263.1690118	0.4286781999999789	trials	/intervals/trials	203	start_time	n/a	n/a	n/a	n/a	n/a	n/a	n/a	n/a	n/a	poo	263.2529666	203	true	263.1690118	263.59769
263.2529666	0.0	cv_transition	/intervals/trials	203	cv_transition_time	n/a	n/a	n/a	n/a	n/a	n/a	n/a	n/a	n/a	poo	263.2529666	203	true	263.1690118	263.59769
264.0034715	0.4045095000000174	trials	/intervals/trials	204	start_time	n/a	n/a	n/a	n/a	n/a	n/a	n/a	n/a	n/a	taa	264.0518091	204	true	264.0034715	264.407981
264.0518091	0.0	cv_transition	/intervals/trials	204	cv_transition_time	n/a	n/a	n/a	n/a	n/a	n/a	n/a	n/a	n/a	taa	264.0518091	204	true	264.0034715	264.407981
264.7234474	0.4045095000000174	trials	/intervals/trials	205	start_time	n/a	n/a	n/a	n/a	n/a	n/a	n/a	n/a	n/a	kaa	264.7946818	205	true	264.7234474	265.1279569
264.7946818	0.0	cv_transition	/intervals/trials	205	cv_transition_time	n/a	n/a	n/a	n/a	n/a	n/a	n/a	n/a	n/a	kaa	264.7946818	205	true	264.7234474	265.1279569
265.4879448	0.3956052000000341	trials	/intervals/trials	206	start_time	n/a	n/a	n/a	n/a	n/a	n/a	n/a	n/a	n/a	waa	265.5413706	206	true	265.4879448	265.88355
265.5413706	0.0	cv_transition	/intervals/trials	206	cv_transition_time	n/a	n/a	n/a	n/a	n/a	n/a	n/a	n/a	n/a	waa	265.5413706	206	true	265.4879448	265.88355
266.1392305	0.478287899999998	trials	/intervals/trials	207	start_time	n/a	n/a	n/a	n/a	n/a	n/a	n/a	n/a	n/a	shaa	266.275339	207	true	266.1392305	266.6175184
266.275339	0.0	cv_transition	/intervals/trials	207	cv_transition_time	n/a	n/a	n/a	n/a	n/a	n/a	n/a	n/a	n/a	shaa	266.275339	207	true	266.1392305	266.6175184
267.08563	0.38415670000000546	trials	/intervals/trials	208	start_time	n/a	n/a	n/a	n/a	n/a	n/a	n/a	n/a	n/a	paa	267.1543202	208	true	267.08563	267.4697867
267.1543202	0.0	cv_transition	/intervals/trials	208	cv_transition_time	n/a	n/a	n/a	n/a	n/a	n/a	n/a	n/a	n/a	paa	267.1543202	208	true	267.08563	267.4697867
267.9849638	0.38288479999999936	trials	/intervals/trials	209	start_time	n/a	n/a	n/a	n/a	n/a	n/a	n/a	n/a	n/a	gaa	268.0231251	209	true	267.9849638	268.3678486
268.0231251	0.0	cv_transition	/intervals/trials	209	cv_transition_time	n/a	n/a	n/a	n/a	n/a	n/a	n/a	n/a	n/a	gaa	268.0231251	209	true	267.9849638	268.3678486
268.9555321	0.3332750999999803	trials	/intervals/trials	210	start_time	n/a	n/a	n/a	n/a	n/a	n/a	n/a	n/a	n/a	doo	269.0025977	210	true	268.9555321	269.2888072
269.0025977	0.0	cv_transition	/intervals/trials	210	cv_transition_time	n/a	n/a	n/a	n/a	n/a	n/a	n/a	n/a	n/a	doo	269.0025977	210	true	268.9555321	269.2888072
276.6132267	0.5533383000000072	trials	/intervals/trials	211	start_time	n/a	n/a	n/a	n/a	n/a	n/a	n/a	n/a	n/a	see	276.7900405	211	true	276.6132267	277.166565
276.7900405	0.0	cv_transition	/intervals/trials	211	cv_transition_time	n/a	n/a	n/a	n/a	n/a	n/a	n/a	n/a	n/a	see	276.7900405	211	true	276.6132267	277.166565
277.3688198	0.5177212000000395	trials	/intervals/trials	212	start_time	n/a	n/a	n/a	n/a	n/a	n/a	n/a	n/a	n/a	hee	277.5278251	212	true	277.3688198	277.886541
277.5278251	0.0	cv_transition	/intervals/trials	212	cv_transition_time	n/a	n/a	n/a	n/a	n/a	n/a	n/a	n/a	n/a	hee	277.5278251	212	true	277.3688198	277.886541
278.3012268	0.4439426999999796	trials	/intervals/trials	213	start_time	n/a	n/a	n/a	n/a	n/a	n/a	n/a	n/a	n/a	naa	278.3966299	213	true	278.3012268	278.7451695
278.3966299	0.0	cv_transition	/intervals/trials	213	cv_transition_time	n/a	n/a	n/a	n/a	n/a	n/a	n/a	n/a	n/a	naa	278.3966299	213	true	278.3012268	278.7451695
279.0479156	0.4948243999999704	trials	/intervals/trials	214	start_time	n/a	n/a	n/a	n/a	n/a	n/a	n/a	n/a	n/a	saa	279.1967445	214	true	279.0479156	279.54274
279.1967445	0.0	cv_transition	/intervals/trials	214	cv_transition_time	n/a	n/a	n/a	n/a	n/a	n/a	n/a	n/a	n/a	saa	279.1967445	214	true	279.0479156	279.54274
280.0490129	0.3956051000000116	trials	/intervals/trials	215	start_time	n/a	n/a	n/a	n/a	n/a	n/a	n/a	n/a	n/a	gaa	280.0808139	215	true	280.0490129	280.444618
280.0808139	0.0	cv_transition	/intervals/trials	215	cv_transition_time	n/a	n/a	n/a	n/a	n/a	n/a	n/a	n/a	n/a	gaa	280.0808139	215	true	280.0490129	280.444618
280.8745683	0.42740619999995033	trials	/intervals/trials	216	start_time	n/a	n/a	n/a	n/a	n/a	n/a	n/a	n/a	n/a	doo	280.9152737	216	true	280.8745683	281.3019745
280.9152737	0.0	cv_transition	/intervals/trials	216	cv_transition_time	n/a	n/a	n/a	n/a	n/a	n/a	n/a	n/a	n/a	doo	280.9152737	216	true	280.8745683	281.3019745
281.6390657	0.4922803999999701	trials	/intervals/trials	217	start_time	n/a	n/a	n/a	n/a	n/a	n/a	n/a	n/a	n/a	roo	281.7141162	217	true	281.6390657	282.1313461
281.7141162	0.0	cv_transition	/intervals/trials	217	cv_transition_time	n/a	n/a	n/a	n/a	n/a	n/a	n/a	n/a	n/a	roo	281.7141162	217	true	281.6390657	282.1313461
282.5702007	0.4121417000000065	trials	/intervals/trials	218	start_time	n/a	n/a	n/a	n/a	n/a	n/a	n/a	n/a	n/a	pee	282.6656038	218	true	282.5702007	282.9823424
282.6656038	0.0	cv_transition	/intervals/trials	218	cv_transition_time	n/a	n/a	n/a	n/a	n/a	n/a	n/a	n/a	n/a	pee	282.6656038	218	true	282.5702007	282.9823424
283.4580862	0.4833759999999643	trials	/intervals/trials	219	start_time	n/a	n/a	n/a	n/a	n/a	n/a	n/a	n/a	n/a	shee	283.5980108	219	true	283.4580862	283.9414622
283.5980108	0.0	cv_transition	/intervals/trials	219	cv_transition_time	n/a	n/a	n/a	n/a	n/a	n/a	n/a	n/a	n/a	shee	283.5980108	219	true	283.4580862	283.9414622
284.4070297	0.41595780000000104	trials	/intervals/trials	220	start_time	n/a	n/a	n/a	n/a	n/a	n/a	n/a	n/a	n/a	foo	284.4719039	220	true	284.4070297	284.8229875
284.4719039	0.0	cv_transition	/intervals/trials	220	cv_transition_time	n/a	n/a	n/a	n/a	n/a	n/a	n/a	n/a	n/a	foo	284.4719039	220	true	284.4070297	284.8229875
285.4030388	0.4197740000000181	trials	/intervals/trials	221	start_time	n/a	n/a	n/a	n/a	n/a	n/a	n/a	n/a	n/a	too	285.4844495	221	true	285.4030388	285.8228128
285.4844495	0.0	cv_transition	/intervals/trials	221	cv_transition_time	n/a	n/a	n/a	n/a	n/a	n/a	n/a	n/a	n/a	too	285.4844495	221	true	285.4030388	285.8228128
288.3529049	0.38924489999999423	trials	/intervals/trials	222	start_time	n/a	n/a	n/a	n/a	n/a	n/a	n/a	n/a	n/a	too	288.4241392	222	true	288.3529049	288.7421498
288.4241392	0.0	cv_transition	/intervals/trials	222	cv_transition_time	n/a	n/a	n/a	n/a	n/a	n/a	n/a	n/a	n/a	too	288.4241392	222	true	288.3529049	288.7421498
288.8057519	0.5228093999999714	trials	/intervals/trials	223	start_time	n/a	n/a	n/a	n/a	n/a	n/a	n/a	n/a	n/a	yaa	288.9189637	223	true	288.8057519	289.3285613
288.9189637	0.0	cv_transition	/intervals/trials	223	cv_transition_time	n/a	n/a	n/a	n/a	n/a	n/a	n/a	n/a	n/a	yaa	288.9189637	223	true	288.8057519	289.3285613
289.5473526	0.4452147999999738	trials	/intervals/trials	224	start_time	n/a	n/a	n/a	n/a	n/a	n/a	n/a	n/a	n/a	nee	289.6427558	224	true	289.5473526	289.9925674
289.6427558	0.0	cv_transition	/intervals/trials	224	cv_transition_time	n/a	n/a	n/a	n/a	n/a	n/a	n/a	n/a	n/a	nee	289.6427558	224	true	289.5473526	289.9925674
290.6553014	0.4223181000000409	trials	/intervals/trials	225	start_time	n/a	n/a	n/a	n/a	n/a	n/a	n/a	n/a	n/a	lee	290.7214476	225	true	290.6553014	291.0776195
290.7214476	0.0	cv_transition	/intervals/trials	225	cv_transition_time	n/a	n/a	n/a	n/a	n/a	n/a	n/a	n/a	n/a	lee	290.7214476	225	true	290.6553014	291.0776195
291.787419	0.5660588999999732	trials	/intervals/trials	226	start_time	n/a	n/a	n/a	n/a	n/a	n/a	n/a	n/a	n/a	zoo	292.0291071	226	true	291.787419	292.3534779
292.0291071	0.0	cv_transition	/intervals/trials	226	cv_transition_time	n/a	n/a	n/a	n/a	n/a	n/a	n/a	n/a	n/a	zoo	292.0291071	226	true	291.787419	292.3534779
292.9437055	0.44775889999999663	trials	/intervals/trials	227	start_time	n/a	n/a	n/a	n/a	n/a	n/a	n/a	n/a	n/a	gee	292.9729625	227	true	292.9437055	293.3914644
292.9729625	0.0	cv_transition	/intervals/trials	227	cv_transition_time	n/a	n/a	n/a	n/a	n/a	n/a	n/a	n/a	n/a	gee	292.9729625	227	true	292.9437055	293.3914644
293.9715156	0.5189933000000337	trials	/intervals/trials	228	start_time	n/a	n/a	n/a	n/a	n/a	n/a	n/a	n/a	n/a	fee	294.1063521	228	true	293.9715156	294.4905089
294.1063521	0.0	cv_transition	/intervals/trials	228	cv_transition_time	n/a	n/a	n/a	n/a	n/a	n/a	n/a	n/a	n/a	fee	294.1063521	228	true	293.9715156	294.4905089
294.9573484	0.5978599000000031	trials	/intervals/trials	229	start_time	n/a	n/a	n/a	n/a	n/a	n/a	n/a	n/a	n/a	soo	295.2193891	229	true	294.9573484	295.5552083
295.2193891	0.0	cv_transition	/intervals/trials	229	cv_transition_time	n/a	n/a	n/a	n/a	n/a	n/a	n/a	n/a	n/a	soo	295.2193891	229	true	294.9573484	295.5552083
296.3413304	0.5100889999999936	trials	/intervals/trials	230	start_time	n/a	n/a	n/a	n/a	n/a	n/a	n/a	n/a	n/a	waa	296.4278293	230	true	296.3413304	296.8514194
296.4278293	0.0	cv_transition	/intervals/trials	230	cv_transition_time	n/a	n/a	n/a	n/a	n/a	n/a	n/a	n/a	n/a	waa	296.4278293	230	true	296.3413304	296.8514194
298.8841429	0.48464820000003783	trials	/intervals/trials	231	start_time	n/a	n/a	n/a	n/a	n/a	n/a	n/a	n/a	n/a	kee	298.9846343	231	true	298.8841429	299.3687911
298.9846343	0.0	cv_transition	/intervals/trials	231	cv_transition_time	n/a	n/a	n/a	n/a	n/a	n/a	n/a	n/a	n/a	kee	298.9846343	231	true	298.8841429	299.3687911
299.908137	0.5062727999999765	trials	/intervals/trials	232	start_time	n/a	n/a	n/a	n/a	n/a	n/a	n/a	n/a	n/a	mee	300.0111724	232	true	299.908137	300.4144098
300.0111724	0.0	cv_transition	/intervals/trials	232	cv_transition_time	n/a	n/a	n/a	n/a	n/a	n/a	n/a	n/a	n/a	mee	300.0111724	232	true	299.908137	300.4144098
302.2804958	0.5698750000000246	trials	/intervals/trials	233	start_time	n/a	n/a	n/a	n/a	n/a	n/a	n/a	n/a	n/a	laa	302.4280527	233	true	302.2804958	302.8503708
302.4280527	0.0	cv_transition	/intervals/trials	233	cv_transition_time	n/a	n/a	n/a	n/a	n/a	n/a	n/a	n/a	n/a	laa	302.4280527	233	true	302.2804958	302.8503708
302.948318	0.6398373000000106	trials	/intervals/trials	234	start_time	n/a	n/a	n/a	n/a	n/a	n/a	n/a	n/a	n/a	ree	303.1798297	234	true	302.948318	303.5881553
303.1798297	0.0	cv_transition	/intervals/trials	234	cv_transition_time	n/a	n/a	n/a	n/a	n/a	n/a	n/a	n/a	n/a	ree	303.1798297	234	true	302.948318	303.5881553
304.7075525	0.6054920999999922	trials	/intervals/trials	235	start_time	n/a	n/a	n/a	n/a	n/a	n/a	n/a	n/a	n/a	loo	304.8563815	235	true	304.7075525	305.3130446
304.8563815	0.0	cv_transition	/intervals/trials	235	cv_transition_time	n/a	n/a	n/a	n/a	n/a	n/a	n/a	n/a	n/a	loo	304.8563815	235	true	304.7075525	305.3130446
305.9541539	0.4948244999999929	trials	/intervals/trials	236	start_time	n/a	n/a	n/a	n/a	n/a	n/a	n/a	n/a	n/a	goo	305.9935873	236	true	305.9541539	306.4489784
305.9935873	0.0	cv_transition	/intervals/trials	236	cv_transition_time	n/a	n/a	n/a	n/a	n/a	n/a	n/a	n/a	n/a	goo	305.9935873	236	true	305.9541539	306.4489784
306.9832362	0.44775879999997414	trials	/intervals/trials	237	start_time	n/a	n/a	n/a	n/a	n/a	n/a	n/a	n/a	n/a	maa	307.0442942	237	true	306.9832362	307.430995
307.0442942	0.0	cv_transition	/intervals/trials	237	cv_transition_time	n/a	n/a	n/a	n/a	n/a	n/a	n/a	n/a	n/a	maa	307.0442942	237	true	306.9832362	307.430995
308.6992212	0.3956051000000116	trials	/intervals/trials	238	start_time	n/a	n/a	n/a	n/a	n/a	n/a	n/a	n/a	n/a	koo	308.7755437	238	true	308.6992212	309.0948263
308.7755437	0.0	cv_transition	/intervals/trials	238	cv_transition_time	n/a	n/a	n/a	n/a	n/a	n/a	n/a	n/a	n/a	koo	308.7755437	238	true	308.6992212	309.0948263
309.5807465	0.38161270000000513	trials	/intervals/trials	239	start_time	n/a	n/a	n/a	n/a	n/a	n/a	n/a	n/a	n/a	haa	309.6367164	239	true	309.5807465	309.9623592
309.6367164	0.0	cv_transition	/intervals/trials	239	cv_transition_time	n/a	n/a	n/a	n/a	n/a	n/a	n/a	n/a	n/a	haa	309.6367164	239	true	309.5807465	309.9623592
310.1175483	0.4108696999999779	trials	/intervals/trials	240	start_time	n/a	n/a	n/a	n/a	n/a	n/a	n/a	n/a	n/a	kaa	310.1875107	240	true	310.1175483	310.528418
310.1875107	0.0	cv_transition	/intervals/trials	240	cv_transition_time	n/a	n/a	n/a	n/a	n/a	n/a	n/a	n/a	n/a	kaa	310.1875107	240	true	310.1175483	310.528418
311.5028024	0.34726749999998674	trials	/intervals/trials	241	start_time	n/a	n/a	n/a	n/a	n/a	n/a	n/a	n/a	n/a	vee	311.5295153	241	true	311.5028024	311.8500699
311.5295153	0.0	cv_transition	/intervals/trials	241	cv_transition_time	n/a	n/a	n/a	n/a	n/a	n/a	n/a	n/a	n/a	vee	311.5295153	241	true	311.5028024	311.8500699
311.9149441	0.4019652999999721	trials	/intervals/trials	242	start_time	n/a	n/a	n/a	n/a	n/a	n/a	n/a	n/a	n/a	paa	311.9950828	242	true	311.9149441	312.3169094
311.9950828	0.0	cv_transition	/intervals/trials	242	cv_transition_time	n/a	n/a	n/a	n/a	n/a	n/a	n/a	n/a	n/a	paa	311.9950828	242	true	311.9149441	312.3169094
312.4517459	0.45030300000001944	trials	/intervals/trials	243	start_time	n/a	n/a	n/a	n/a	n/a	n/a	n/a	n/a	n/a	wee	312.514076	243	true	312.4517459	312.9020489
312.514076	0.0	cv_transition	/intervals/trials	243	cv_transition_time	n/a	n/a	n/a	n/a	n/a	n/a	n/a	n/a	n/a	wee	312.514076	243	true	312.4517459	312.9020489
313.5914958	0.40578149999998914	trials	/intervals/trials	244	start_time	n/a	n/a	n/a	n/a	n/a	n/a	n/a	n/a	n/a	baa	313.6080324	244	true	313.5914958	313.9972773
313.6080324	0.0	cv_transition	/intervals/trials	244	cv_transition_time	n/a	n/a	n/a	n/a	n/a	n/a	n/a	n/a	n/a	baa	313.6080324	244	true	313.5914958	313.9972773
314.3152879	0.45793520000000854	trials	/intervals/trials	245	start_time	n/a	n/a	n/a	n/a	n/a	n/a	n/a	n/a	n/a	yee	314.3979706	245	true	314.3152879	314.7732231
314.3979706	0.0	cv_transition	/intervals/trials	245	cv_transition_time	n/a	n/a	n/a	n/a	n/a	n/a	n/a	n/a	n/a	yee	314.3979706	245	true	314.3152879	314.7732231
316.0961471	0.5037287000000106	trials	/intervals/trials	246	start_time	n/a	n/a	n/a	n/a	n/a	n/a	n/a	n/a	n/a	yoo	316.2042707	246	true	316.0961471	316.5998758
316.2042707	0.0	cv_transition	/intervals/trials	246	cv_transition_time	n/a	n/a	n/a	n/a	n/a	n/a	n/a	n/a	n/a	yoo	316.2042707	246	true	316.0961471	316.5998758
320.7047563	0.4146857000000068	trials	/intervals/trials	247	start_time	n/a	n/a	n/a	n/a	n/a	n/a	n/a	n/a	n/a	taa	320.7912551	247	true	320.7047563	321.119442
320.7912551	0.0	cv_transition	/intervals/trials	247	cv_transition_time	n/a	n/a	n/a	n/a	n/a	n/a	n/a	n/a	n/a	taa	320.7912551	247	true	320.7047563	321.119442
321.1436108	0.4731998000000317	trials	/intervals/trials	248	start_time	n/a	n/a	n/a	n/a	n/a	n/a	n/a	n/a	n/a	zaa	321.2326538	248	true	321.1436108	321.6168106
321.2326538	0.0	cv_transition	/intervals/trials	248	cv_transition_time	n/a	n/a	n/a	n/a	n/a	n/a	n/a	n/a	n/a	zaa	321.2326538	248	true	321.1436108	321.6168106
322.1001866	0.34472350000004326	trials	/intervals/trials	249	start_time	n/a	n/a	n/a	n/a	n/a	n/a	n/a	n/a	n/a	dee	322.1218114	249	true	322.1001866	322.4449101
322.1218114	0.0	cv_transition	/intervals/trials	249	cv_transition_time	n/a	n/a	n/a	n/a	n/a	n/a	n/a	n/a	n/a	dee	322.1218114	249	true	322.1001866	322.4449101
324.7193217	0.526625499999966	trials	/intervals/trials	250	start_time	n/a	n/a	n/a	n/a	n/a	n/a	n/a	n/a	n/a	zaa	324.8617904	250	true	324.7193217	325.2459472
324.8617904	0.0	cv_transition	/intervals/trials	250	cv_transition_time	n/a	n/a	n/a	n/a	n/a	n/a	n/a	n/a	n/a	zaa	324.8617904	250	true	324.7193217	325.2459472
325.750948	0.40578149999998914	trials	/intervals/trials	251	start_time	n/a	n/a	n/a	n/a	n/a	n/a	n/a	n/a	n/a	dee	325.7827491	251	true	325.750948	326.1567295
325.7827491	0.0	cv_transition	/intervals/trials	251	cv_transition_time	n/a	n/a	n/a	n/a	n/a	n/a	n/a	n/a	n/a	dee	325.7827491	251	true	325.750948	326.1567295
326.9453957	0.38797289999996565	trials	/intervals/trials	252	start_time	n/a	n/a	n/a	n/a	n/a	n/a	n/a	n/a	n/a	moo	327.0484311	252	true	326.9453957	327.3333686
327.0484311	0.0	cv_transition	/intervals/trials	252	cv_transition_time	n/a	n/a	n/a	n/a	n/a	n/a	n/a	n/a	n/a	moo	327.0484311	252	true	326.9453957	327.3333686
327.85745	0.3850500000000352	trials	/intervals/trials	253	start_time	n/a	n/a	n/a	n/a	n/a	n/a	n/a	n/a	n/a	faa	327.8981554	253	true	327.85745	328.2425
327.8981554	0.0	cv_transition	/intervals/trials	253	cv_transition_time	n/a	n/a	n/a	n/a	n/a	n/a	n/a	n/a	n/a	faa	327.8981554	253	true	327.85745	328.2425
329.3215365	0.42744040000002315	trials	/intervals/trials	254	start_time	n/a	n/a	n/a	n/a	n/a	n/a	n/a	n/a	n/a	thoo	329.3599913	254	true	329.3215365	329.7489769
329.3599913	0.0	cv_transition	/intervals/trials	254	cv_transition_time	n/a	n/a	n/a	n/a	n/a	n/a	n/a	n/a	n/a	thoo	329.3599913	254	true	329.3215365	329.7489769
330.203096	0.6207565999999929	trials	/intervals/trials	255	start_time	n/a	n/a	n/a	n/a	n/a	n/a	n/a	n/a	n/a	shoo	330.4778571	255	true	330.203096	330.8238526
330.4778571	0.0	cv_transition	/intervals/trials	255	cv_transition_time	n/a	n/a	n/a	n/a	n/a	n/a	n/a	n/a	n/a	shoo	330.4778571	255	true	330.203096	330.8238526
331.7270026	0.5609706999999844	trials	/intervals/trials	256	start_time	n/a	n/a	n/a	n/a	n/a	n/a	n/a	n/a	n/a	zee	331.9203531	256	true	331.7270026	332.2879733
331.9203531	0.0	cv_transition	/intervals/trials	256	cv_transition_time	n/a	n/a	n/a	n/a	n/a	n/a	n/a	n/a	n/a	zee	331.9203531	256	true	331.7270026	332.2879733
332.8985536	0.4731997000000092	trials	/intervals/trials	257	start_time	n/a	n/a	n/a	n/a	n/a	n/a	n/a	n/a	n/a	daa	332.9239944	257	true	332.8985536	333.3717533
332.9239944	0.0	cv_transition	/intervals/trials	257	cv_transition_time	n/a	n/a	n/a	n/a	n/a	n/a	n/a	n/a	n/a	daa	332.9239944	257	true	332.8985536	333.3717533
334.1298905	0.4363104999999905	trials	/intervals/trials	258	start_time	n/a	n/a	n/a	n/a	n/a	n/a	n/a	n/a	n/a	voo	334.1578754	258	true	334.1298905	334.566201
334.1578754	0.0	cv_transition	/intervals/trials	258	cv_transition_time	n/a	n/a	n/a	n/a	n/a	n/a	n/a	n/a	n/a	voo	334.1578754	258	true	334.1298905	334.566201
335.2607361	0.46938360000001467	trials	/intervals/trials	259	start_time	n/a	n/a	n/a	n/a	n/a	n/a	n/a	n/a	n/a	noo	335.3116178	259	true	335.2607361	335.7301197
335.3116178	0.0	cv_transition	/intervals/trials	259	cv_transition_time	n/a	n/a	n/a	n/a	n/a	n/a	n/a	n/a	n/a	noo	335.3116178	259	true	335.2607361	335.7301197
336.7859148	0.5088168999999994	trials	/intervals/trials	260	start_time	n/a	n/a	n/a	n/a	n/a	n/a	n/a	n/a	n/a	vaa	336.8380685	260	true	336.7859148	337.2947317
336.8380685	0.0	cv_transition	/intervals/trials	260	cv_transition_time	n/a	n/a	n/a	n/a	n/a	n/a	n/a	n/a	n/a	vaa	336.8380685	260	true	336.7859148	337.2947317
337.9205765	0.5024567000000388	trials	/intervals/trials	261	start_time	n/a	n/a	n/a	n/a	n/a	n/a	n/a	n/a	n/a	raa	337.9689141	261	true	337.9205765	338.4230332
337.9689141	0.0	cv_transition	/intervals/trials	261	cv_transition_time	n/a	n/a	n/a	n/a	n/a	n/a	n/a	n/a	n/a	raa	337.9689141	261	true	337.9205765	338.4230332
339.1048479	0.5965878000000089	trials	/intervals/trials	262	start_time	n/a	n/a	n/a	n/a	n/a	n/a	n/a	n/a	n/a	shaa	339.2625811	262	true	339.1048479	339.7014357
339.2625811	0.0	cv_transition	/intervals/trials	262	cv_transition_time	n/a	n/a	n/a	n/a	n/a	n/a	n/a	n/a	n/a	shaa	339.2625811	262	true	339.1048479	339.7014357
340.401059	0.5368018000000347	trials	/intervals/trials	263	start_time	n/a	n/a	n/a	n/a	n/a	n/a	n/a	n/a	n/a	thaa	340.4748374	263	true	340.401059	340.9378608
340.4748374	0.0	cv_transition	/intervals/trials	263	cv_transition_time	n/a	n/a	n/a	n/a	n/a	n/a	n/a	n/a	n/a	thaa	340.4748374	263	true	340.401059	340.9378608
341.7481517	0.4808320000000208	trials	/intervals/trials	264	start_time	n/a	n/a	n/a	n/a	n/a	n/a	n/a	n/a	n/a	woo	341.7786808	264	true	341.7481517	342.2289837
341.7786808	0.0	cv_transition	/intervals/trials	264	cv_transition_time	n/a	n/a	n/a	n/a	n/a	n/a	n/a	n/a	n/a	woo	341.7786808	264	true	341.7481517	342.2289837
342.8471963	0.4871921999999813	trials	/intervals/trials	265	start_time	n/a	n/a	n/a	n/a	n/a	n/a	n/a	n/a	n/a	hoo	342.9018941	265	true	342.8471963	343.3343885
342.9018941	0.0	cv_transition	/intervals/trials	265	cv_transition_time	n/a	n/a	n/a	n/a	n/a	n/a	n/a	n/a	n/a	hoo	342.9018941	265	true	342.8471963	343.3343885
344.254075	0.3879729000000225	trials	/intervals/trials	266	start_time	n/a	n/a	n/a	n/a	n/a	n/a	n/a	n/a	n/a	bee	344.2655234	266	true	344.254075	344.6420479
344.2655234	0.0	cv_transition	/intervals/trials	266	cv_transition_time	n/a	n/a	n/a	n/a	n/a	n/a	n/a	n/a	n/a	bee	344.2655234	266	true	344.254075	344.6420479
345.7372763	0.3968772000000058	trials	/intervals/trials	267	start_time	n/a	n/a	n/a	n/a	n/a	n/a	n/a	n/a	n/a	tee	345.8530322	267	true	345.7372763	346.1341535
345.8530322	0.0	cv_transition	/intervals/trials	267	cv_transition_time	n/a	n/a	n/a	n/a	n/a	n/a	n/a	n/a	n/a	tee	345.8530322	267	true	345.7372763	346.1341535
349.4643602	0.5202653000000055	trials	/intervals/trials	268	start_time	n/a	n/a	n/a	n/a	n/a	n/a	n/a	n/a	n/a	zee	349.6271816	268	true	349.4643602	349.9846255
349.6271816	0.0	cv_transition	/intervals/trials	268	cv_transition_time	n/a	n/a	n/a	n/a	n/a	n/a	n/a	n/a	n/a	zee	349.6271816	268	true	349.4643602	349.9846255
350.5354198	0.4604792999999745	trials	/intervals/trials	269	start_time	n/a	n/a	n/a	n/a	n/a	n/a	n/a	n/a	n/a	poo	350.6168305	269	true	350.5354198	350.9958991
350.6168305	0.0	cv_transition	/intervals/trials	269	cv_transition_time	n/a	n/a	n/a	n/a	n/a	n/a	n/a	n/a	n/a	poo	350.6168305	269	true	350.5354198	350.9958991
351.443658	0.5393459999999664	trials	/intervals/trials	270	start_time	n/a	n/a	n/a	n/a	n/a	n/a	n/a	n/a	n/a	shoo	351.6255601	270	true	351.443658	351.983004
351.6255601	0.0	cv_transition	/intervals/trials	270	cv_transition_time	n/a	n/a	n/a	n/a	n/a	n/a	n/a	n/a	n/a	shoo	351.6255601	270	true	351.443658	351.983004
352.6304735	0.41086960000001227	trials	/intervals/trials	271	start_time	n/a	n/a	n/a	n/a	n/a	n/a	n/a	n/a	n/a	hoo	352.6635466	271	true	352.6304735	353.0413431
352.6635466	0.0	cv_transition	/intervals/trials	271	cv_transition_time	n/a	n/a	n/a	n/a	n/a	n/a	n/a	n/a	n/a	hoo	352.6635466	271	true	352.6304735	353.0413431
353.7358782	0.5164492000000109	trials	/intervals/trials	272	start_time	n/a	n/a	n/a	n/a	n/a	n/a	n/a	n/a	n/a	thoo	353.8172889	272	true	353.7358782	354.2523274
353.8172889	0.0	cv_transition	/intervals/trials	272	cv_transition_time	n/a	n/a	n/a	n/a	n/a	n/a	n/a	n/a	n/a	thoo	353.8172889	272	true	353.7358782	354.2523274
354.6466605	0.4884642000000099	trials	/intervals/trials	273	start_time	n/a	n/a	n/a	n/a	n/a	n/a	n/a	n/a	n/a	faa	354.7662325	273	true	354.6466605	355.1351247
354.7662325	0.0	cv_transition	/intervals/trials	273	cv_transition_time	n/a	n/a	n/a	n/a	n/a	n/a	n/a	n/a	n/a	faa	354.7662325	273	true	354.6466605	355.1351247
355.7813222	0.43376640000002453	trials	/intervals/trials	274	start_time	n/a	n/a	n/a	n/a	n/a	n/a	n/a	n/a	n/a	noo	355.8423802	274	true	355.7813222	356.2150886
355.8423802	0.0	cv_transition	/intervals/trials	274	cv_transition_time	n/a	n/a	n/a	n/a	n/a	n/a	n/a	n/a	n/a	noo	355.8423802	274	true	355.7813222	356.2150886
356.7900517	0.4210459999999898	trials	/intervals/trials	275	start_time	n/a	n/a	n/a	n/a	n/a	n/a	n/a	n/a	n/a	hee	356.8561979	275	true	356.7900517	357.2110977
356.8561979	0.0	cv_transition	/intervals/trials	275	cv_transition_time	n/a	n/a	n/a	n/a	n/a	n/a	n/a	n/a	n/a	hee	356.8561979	275	true	356.7900517	357.2110977
357.8267662	0.4515749999999912	trials	/intervals/trials	276	start_time	n/a	n/a	n/a	n/a	n/a	n/a	n/a	n/a	n/a	kaa	357.9145371	276	true	357.8267662	358.2783412
357.9145371	0.0	cv_transition	/intervals/trials	276	cv_transition_time	n/a	n/a	n/a	n/a	n/a	n/a	n/a	n/a	n/a	kaa	357.9145371	276	true	357.8267662	358.2783412
358.9092742	0.42486209999998437	trials	/intervals/trials	277	start_time	n/a	n/a	n/a	n/a	n/a	n/a	n/a	n/a	n/a	wee	358.9537957	277	true	358.9092742	359.3341363
358.9537957	0.0	cv_transition	/intervals/trials	277	cv_transition_time	n/a	n/a	n/a	n/a	n/a	n/a	n/a	n/a	n/a	wee	358.9537957	277	true	358.9092742	359.3341363
359.62599949162825	0.46142830533949564	invalid_times	/intervals/invalid_times	5	start_time	n/a	n/a	n/a	n/a	5	359.62599949162825	360.08742779696775	"[""ECoG artifact""]"	"[{""idx_start"":1097491,""count"":1408,""timeseries"":""/acquisition/ElectricalSeries""}]"	n/a	n/a	n/a	n/a	n/a	n/a
359.7564543	0.5965879000000314	trials	/intervals/trials	278	start_time	n/a	n/a	n/a	n/a	n/a	n/a	n/a	n/a	n/a	see	360.0083187	278	true	359.7564543	360.3530422
360.0083187	0.0	cv_transition	/intervals/trials	278	cv_transition_time	n/a	n/a	n/a	n/a	n/a	n/a	n/a	n/a	n/a	see	360.0083187	278	true	359.7564543	360.3530422
360.9127408	0.538073900000029	trials	/intervals/trials	279	start_time	n/a	n/a	n/a	n/a	n/a	n/a	n/a	n/a	n/a	shee	361.0959149	279	true	360.9127408	361.4508147
361.0959149	0.0	cv_transition	/intervals/trials	279	cv_transition_time	n/a	n/a	n/a	n/a	n/a	n/a	n/a	n/a	n/a	shee	361.0959149	279	true	360.9127408	361.4508147
362.1021003	0.44139869999997927	trials	/intervals/trials	280	start_time	n/a	n/a	n/a	n/a	n/a	n/a	n/a	n/a	n/a	vaa	362.1491659	280	true	362.1021003	362.543499
362.1491659	0.0	cv_transition	/intervals/trials	280	cv_transition_time	n/a	n/a	n/a	n/a	n/a	n/a	n/a	n/a	n/a	vaa	362.1491659	280	true	362.1021003	362.543499
363.0892051	0.3790685999999823	trials	/intervals/trials	281	start_time	n/a	n/a	n/a	n/a	n/a	n/a	n/a	n/a	n/a	boo	363.1235503	281	true	363.0892051	363.4682737
363.1235503	0.0	cv_transition	/intervals/trials	281	cv_transition_time	n/a	n/a	n/a	n/a	n/a	n/a	n/a	n/a	n/a	boo	363.1235503	281	true	363.0892051	363.4682737
363.9656423	0.4439426999999796	trials	/intervals/trials	282	start_time	n/a	n/a	n/a	n/a	n/a	n/a	n/a	n/a	n/a	maa	364.047053	282	true	363.9656423	364.409585
364.047053	0.0	cv_transition	/intervals/trials	282	cv_transition_time	n/a	n/a	n/a	n/a	n/a	n/a	n/a	n/a	n/a	maa	364.047053	282	true	363.9656423	364.409585
365.0036288	0.43376640000002453	trials	/intervals/trials	283	start_time	n/a	n/a	n/a	n/a	n/a	n/a	n/a	n/a	n/a	ree	365.0328857	283	true	365.0036288	365.4373952
365.0328857	0.0	cv_transition	/intervals/trials	283	cv_transition_time	n/a	n/a	n/a	n/a	n/a	n/a	n/a	n/a	n/a	ree	365.0328857	283	true	365.0036288	365.4373952
366.0797765	0.6067642000000433	trials	/intervals/trials	284	start_time	n/a	n/a	n/a	n/a	n/a	n/a	n/a	n/a	n/a	shaa	366.2476861	284	true	366.0797765	366.6865407
366.2476861	0.0	cv_transition	/intervals/trials	284	cv_transition_time	n/a	n/a	n/a	n/a	n/a	n/a	n/a	n/a	n/a	shaa	366.2476861	284	true	366.0797765	366.6865407
367.2424232	0.36380409999998164	trials	/intervals/trials	285	start_time	n/a	n/a	n/a	n/a	n/a	n/a	n/a	n/a	n/a	doo	367.267864	285	true	367.2424232	367.6062273
367.267864	0.0	cv_transition	/intervals/trials	285	cv_transition_time	n/a	n/a	n/a	n/a	n/a	n/a	n/a	n/a	n/a	doo	367.267864	285	true	367.2424232	367.6062273
368.2244398	0.3574438999999643	trials	/intervals/trials	286	start_time	n/a	n/a	n/a	n/a	n/a	n/a	n/a	n/a	n/a	lee	368.2804097	286	true	368.2244398	368.5818837
368.2804097	0.0	cv_transition	/intervals/trials	286	cv_transition_time	n/a	n/a	n/a	n/a	n/a	n/a	n/a	n/a	n/a	lee	368.2804097	286	true	368.2244398	368.5818837
368.5908922810811	0.47790788767304093	invalid_times	/intervals/invalid_times	4	start_time	n/a	n/a	n/a	n/a	4	368.5908922810811	369.06880016875414	"[""ECoG artifact""]"	"[{""idx_start"":1124850,""count"":1458,""timeseries"":""/acquisition/ElectricalSeries""}]"	n/a	n/a	n/a	n/a	n/a	n/a
369.4074391	0.4235901000000126	trials	/intervals/trials	287	start_time	n/a	n/a	n/a	n/a	n/a	n/a	n/a	n/a	n/a	gee	369.4545047	287	true	369.4074391	369.8310292
369.4545047	0.0	cv_transition	/intervals/trials	287	cv_transition_time	n/a	n/a	n/a	n/a	n/a	n/a	n/a	n/a	n/a	gee	369.4545047	287	true	369.4074391	369.8310292
370.4403375	0.4642954000000259	trials	/intervals/trials	288	start_time	n/a	n/a	n/a	n/a	n/a	n/a	n/a	n/a	n/a	vee	370.4606902	288	true	370.4403375	370.9046329
370.4606902	0.0	cv_transition	/intervals/trials	288	cv_transition_time	n/a	n/a	n/a	n/a	n/a	n/a	n/a	n/a	n/a	vee	370.4606902	288	true	370.4403375	370.9046329
371.55721710112067	0.44494872300595034	invalid_times	/intervals/invalid_times	6	start_time	n/a	n/a	n/a	n/a	6	371.55721710112067	372.0021658241266	"[""ECoG artifact""]"	"[{""idx_start"":1133902,""count"":1358,""timeseries"":""/acquisition/ElectricalSeries""}]"	n/a	n/a	n/a	n/a	n/a	n/a
373.8443226	0.4630233999999973	trials	/intervals/trials	289	start_time	n/a	n/a	n/a	n/a	n/a	n/a	n/a	n/a	n/a	taa	373.9359097	289	true	373.8443226	374.307346
373.9359097	0.0	cv_transition	/intervals/trials	289	cv_transition_time	n/a	n/a	n/a	n/a	n/a	n/a	n/a	n/a	n/a	taa	373.9359097	289	true	373.8443226	374.307346
374.9828005	0.4197738999999956	trials	/intervals/trials	290	start_time	n/a	n/a	n/a	n/a	n/a	n/a	n/a	n/a	n/a	bee	375.0006091	290	true	374.9828005	375.4025744
375.0006091	0.0	cv_transition	/intervals/trials	290	cv_transition_time	n/a	n/a	n/a	n/a	n/a	n/a	n/a	n/a	n/a	bee	375.0006091	290	true	374.9828005	375.4025744
376.0004343	0.4439428000000021	trials	/intervals/trials	291	start_time	n/a	n/a	n/a	n/a	n/a	n/a	n/a	n/a	n/a	raa	376.0436837	291	true	376.0004343	376.4443771
376.0436837	0.0	cv_transition	/intervals/trials	291	cv_transition_time	n/a	n/a	n/a	n/a	n/a	n/a	n/a	n/a	n/a	raa	376.0436837	291	true	376.0004343	376.4443771
377.225411	0.40069330000000036	trials	/intervals/trials	292	start_time	n/a	n/a	n/a	n/a	n/a	n/a	n/a	n/a	n/a	gaa	377.2648443	292	true	377.225411	377.6261043
377.2648443	0.0	cv_transition	/intervals/trials	292	cv_transition_time	n/a	n/a	n/a	n/a	n/a	n/a	n/a	n/a	n/a	gaa	377.2648443	292	true	377.225411	377.6261043
378.3206394	0.40069330000000036	trials	/intervals/trials	293	start_time	n/a	n/a	n/a	n/a	n/a	n/a	n/a	n/a	n/a	fee	378.398234	293	true	378.3206394	378.7213327
378.398234	0.0	cv_transition	/intervals/trials	293	cv_transition_time	n/a	n/a	n/a	n/a	n/a	n/a	n/a	n/a	n/a	fee	378.398234	293	true	378.3206394	378.7213327
379.5189032	0.4032374999999888	trials	/intervals/trials	294	start_time	n/a	n/a	n/a	n/a	n/a	n/a	n/a	n/a	n/a	thaa	379.5748731	294	true	379.5189032	379.9221407
379.5748731	0.0	cv_transition	/intervals/trials	294	cv_transition_time	n/a	n/a	n/a	n/a	n/a	n/a	n/a	n/a	n/a	thaa	379.5748731	294	true	379.5189032	379.9221407
380.623036	0.39942120000000614	trials	/intervals/trials	295	start_time	n/a	n/a	n/a	n/a	n/a	n/a	n/a	n/a	n/a	waa	380.6561091	295	true	380.623036	381.0224572
380.6561091	0.0	cv_transition	/intervals/trials	295	cv_transition_time	n/a	n/a	n/a	n/a	n/a	n/a	n/a	n/a	n/a	waa	380.6561091	295	true	380.623036	381.0224572
381.7526095	0.37398039999999355	trials	/intervals/trials	296	start_time	n/a	n/a	n/a	n/a	n/a	n/a	n/a	n/a	n/a	voo	381.7793224	296	true	381.7526095	382.1265899
381.7793224	0.0	cv_transition	/intervals/trials	296	cv_transition_time	n/a	n/a	n/a	n/a	n/a	n/a	n/a	n/a	n/a	voo	381.7793224	296	true	381.7526095	382.1265899
382.8694626	0.4261341999999786	trials	/intervals/trials	297	start_time	n/a	n/a	n/a	n/a	n/a	n/a	n/a	n/a	n/a	roo	382.9025357	297	true	382.8694626	383.2955968
382.9025357	0.0	cv_transition	/intervals/trials	297	cv_transition_time	n/a	n/a	n/a	n/a	n/a	n/a	n/a	n/a	n/a	roo	382.9025357	297	true	382.8694626	383.2955968
383.7891492	0.4312223000000017	trials	/intervals/trials	298	start_time	n/a	n/a	n/a	n/a	n/a	n/a	n/a	n/a	n/a	naa	383.874376	298	true	383.7891492	384.2203715
383.874376	0.0	cv_transition	/intervals/trials	298	cv_transition_time	n/a	n/a	n/a	n/a	n/a	n/a	n/a	n/a	n/a	naa	383.874376	298	true	383.7891492	384.2203715
384.9060023	0.5228093999999714	trials	/intervals/trials	299	start_time	n/a	n/a	n/a	n/a	n/a	n/a	n/a	n/a	n/a	saa	385.0624635	299	true	384.9060023	385.4288117
385.0624635	0.0	cv_transition	/intervals/trials	299	cv_transition_time	n/a	n/a	n/a	n/a	n/a	n/a	n/a	n/a	n/a	saa	385.0624635	299	true	384.9060023	385.4288117
386.2276542	0.36634820000000445	trials	/intervals/trials	300	start_time	n/a	n/a	n/a	n/a	n/a	n/a	n/a	n/a	n/a	daa	386.2619994	300	true	386.2276542	386.5940024
386.2619994	0.0	cv_transition	/intervals/trials	300	cv_transition_time	n/a	n/a	n/a	n/a	n/a	n/a	n/a	n/a	n/a	daa	386.2619994	300	true	386.2276542	386.5940024
387.4907922	0.39433310000003985	trials	/intervals/trials	301	start_time	n/a	n/a	n/a	n/a	n/a	n/a	n/a	n/a	n/a	paa	387.5454901	301	true	387.4907922	387.8851253
387.5454901	0.0	cv_transition	/intervals/trials	301	cv_transition_time	n/a	n/a	n/a	n/a	n/a	n/a	n/a	n/a	n/a	paa	387.5454901	301	true	387.4907922	387.8851253
388.2679231873434	0.21423457033620252	invalid_times	/intervals/invalid_times	8	start_time	n/a	n/a	n/a	n/a	8	388.2679231873434	388.4821577576796	"[""ECoG artifact""]"	"[{""idx_start"":1184899,""count"":654,""timeseries"":""/acquisition/ElectricalSeries""}]"	n/a	n/a	n/a	n/a	n/a	n/a
388.79526982201713	0.2801528996703837	invalid_times	/intervals/invalid_times	9	start_time	n/a	n/a	n/a	n/a	9	388.79526982201713	389.0754227216875	"[""ECoG artifact""]"	"[{""idx_start"":1186508,""count"":855,""timeseries"":""/acquisition/ElectricalSeries""}]"	n/a	n/a	n/a	n/a	n/a	n/a
388.8696861	0.43758249999996224	trials	/intervals/trials	302	start_time	n/a	n/a	n/a	n/a	n/a	n/a	n/a	n/a	n/a	nee	388.9536409	302	true	388.8696861	389.3072686
388.9536409	0.0	cv_transition	/intervals/trials	302	cv_transition_time	n/a	n/a	n/a	n/a	n/a	n/a	n/a	n/a	n/a	nee	388.9536409	302	true	388.8696861	389.3072686
390.1404563	0.43758260000004157	trials	/intervals/trials	303	start_time	n/a	n/a	n/a	n/a	n/a	n/a	n/a	n/a	n/a	laa	390.2002423	303	true	390.1404563	390.5780389
390.2002423	0.0	cv_transition	/intervals/trials	303	cv_transition_time	n/a	n/a	n/a	n/a	n/a	n/a	n/a	n/a	n/a	laa	390.2002423	303	true	390.1404563	390.5780389
391.7826629	0.394333099999983	trials	/intervals/trials	304	start_time	n/a	n/a	n/a	n/a	n/a	n/a	n/a	n/a	n/a	baa	391.8042876	304	true	391.7826629	392.176996
391.8042876	0.0	cv_transition	/intervals/trials	304	cv_transition_time	n/a	n/a	n/a	n/a	n/a	n/a	n/a	n/a	n/a	baa	391.8042876	304	true	391.7826629	392.176996
392.9020601	0.4375825999999847	trials	/intervals/trials	305	start_time	n/a	n/a	n/a	n/a	n/a	n/a	n/a	n/a	n/a	mee	392.9694783	305	true	392.9020601	393.3396427
392.9694783	0.0	cv_transition	/intervals/trials	305	cv_transition_time	n/a	n/a	n/a	n/a	n/a	n/a	n/a	n/a	n/a	mee	392.9694783	305	true	392.9020601	393.3396427
394.4259668	0.4592071999999803	trials	/intervals/trials	306	start_time	n/a	n/a	n/a	n/a	n/a	n/a	n/a	n/a	n/a	moo	394.4857527	306	true	394.4259668	394.885174
394.4857527	0.0	cv_transition	/intervals/trials	306	cv_transition_time	n/a	n/a	n/a	n/a	n/a	n/a	n/a	n/a	n/a	moo	394.4857527	306	true	394.4259668	394.885174
395.5479081	0.4744717000000378	trials	/intervals/trials	307	start_time	n/a	n/a	n/a	n/a	n/a	n/a	n/a	n/a	n/a	woo	395.5631726	307	true	395.5479081	396.0223798
395.5631726	0.0	cv_transition	/intervals/trials	307	cv_transition_time	n/a	n/a	n/a	n/a	n/a	n/a	n/a	n/a	n/a	woo	395.5631726	307	true	395.5479081	396.0223798
396.6812977	0.5495222999999783	trials	/intervals/trials	308	start_time	n/a	n/a	n/a	n/a	n/a	n/a	n/a	n/a	n/a	foo	396.7970536	308	true	396.6812977	397.23082
396.7970536	0.0	cv_transition	/intervals/trials	308	cv_transition_time	n/a	n/a	n/a	n/a	n/a	n/a	n/a	n/a	n/a	foo	396.7970536	308	true	396.6812977	397.23082
397.9189949	0.6411093000000392	trials	/intervals/trials	309	start_time	n/a	n/a	n/a	n/a	n/a	n/a	n/a	n/a	n/a	zoo	398.1403302	309	true	397.9189949	398.5601042
397.94143801713903	0.47790788767304093	invalid_times	/intervals/invalid_times	7	start_time	n/a	n/a	n/a	n/a	7	397.94143801713903	398.4193459048121	"[""ECoG artifact""]"	"[{""idx_start"":1214420,""count"":1459,""timeseries"":""/acquisition/ElectricalSeries""}]"	n/a	n/a	n/a	n/a	n/a	n/a
398.1403302	0.0	cv_transition	/intervals/trials	309	cv_transition_time	n/a	n/a	n/a	n/a	n/a	n/a	n/a	n/a	n/a	zoo	398.1403302	309	true	397.9189949	398.5601042
399.1592361	0.40069330000000036	trials	/intervals/trials	310	start_time	n/a	n/a	n/a	n/a	n/a	n/a	n/a	n/a	n/a	too	399.2431909	310	true	399.1592361	399.5599294
399.2431909	0.0	cv_transition	/intervals/trials	310	cv_transition_time	n/a	n/a	n/a	n/a	n/a	n/a	n/a	n/a	n/a	too	399.2431909	310	true	399.1592361	399.5599294
400.3956612	0.5189932000000113	trials	/intervals/trials	311	start_time	n/a	n/a	n/a	n/a	n/a	n/a	n/a	n/a	n/a	yaa	400.4249182	311	true	400.3956612	400.9146544
400.4249182	0.0	cv_transition	/intervals/trials	311	cv_transition_time	n/a	n/a	n/a	n/a	n/a	n/a	n/a	n/a	n/a	yaa	400.4249182	311	true	400.3956612	400.9146544
401.7465701	0.4413987000000361	trials	/intervals/trials	312	start_time	n/a	n/a	n/a	n/a	n/a	n/a	n/a	n/a	n/a	tee	401.8254367	312	true	401.7465701	402.1879688
401.8254367	0.0	cv_transition	/intervals/trials	312	cv_transition_time	n/a	n/a	n/a	n/a	n/a	n/a	n/a	n/a	n/a	tee	401.8254367	312	true	401.7465701	402.1879688
402.9690027	0.3956052000000341	trials	/intervals/trials	313	start_time	n/a	n/a	n/a	n/a	n/a	n/a	n/a	n/a	n/a	dee	403.0198844	313	true	402.9690027	403.3646079
403.0198844	0.0	cv_transition	/intervals/trials	313	cv_transition_time	n/a	n/a	n/a	n/a	n/a	n/a	n/a	n/a	n/a	dee	403.0198844	313	true	402.9690027	403.3646079
404.1621784	0.48210399999999254	trials	/intervals/trials	314	start_time	n/a	n/a	n/a	n/a	n/a	n/a	n/a	n/a	n/a	yoo	404.2054278	314	true	404.1621784	404.6442824
404.2054278	0.0	cv_transition	/intervals/trials	314	cv_transition_time	n/a	n/a	n/a	n/a	n/a	n/a	n/a	n/a	n/a	yoo	404.2054278	314	true	404.1621784	404.6442824
404.92927112353334	0.4284761608437293	invalid_times	/intervals/invalid_times	10	start_time	n/a	n/a	n/a	n/a	10	404.92927112353334	405.35774728437707	"[""ECoG artifact""]"	"[{""idx_start"":1235746,""count"":1307,""timeseries"":""/acquisition/ElectricalSeries""}]"	n/a	n/a	n/a	n/a	n/a	n/a
405.3668024	0.42486220000000685	trials	/intervals/trials	315	start_time	n/a	n/a	n/a	n/a	n/a	n/a	n/a	n/a	n/a	haa	405.4520293	315	true	405.3668024	405.7916646
405.4520293	0.0	cv_transition	/intervals/trials	315	cv_transition_time	n/a	n/a	n/a	n/a	n/a	n/a	n/a	n/a	n/a	haa	405.4520293	315	true	405.3668024	405.7916646
406.4938319	0.48464810000001535	trials	/intervals/trials	316	start_time	n/a	n/a	n/a	n/a	n/a	n/a	n/a	n/a	n/a	koo	406.5777867	316	true	406.4938319	406.97848
406.5777867	0.0	cv_transition	/intervals/trials	316	cv_transition_time	n/a	n/a	n/a	n/a	n/a	n/a	n/a	n/a	n/a	koo	406.5777867	316	true	406.4938319	406.97848
407.6755592	0.5520662999999786	trials	/intervals/trials	317	start_time	n/a	n/a	n/a	n/a	n/a	n/a	n/a	n/a	n/a	kee	407.7938591	317	true	407.6755592	408.2276255
407.7938591	0.0	cv_transition	/intervals/trials	317	cv_transition_time	n/a	n/a	n/a	n/a	n/a	n/a	n/a	n/a	n/a	kee	407.7938591	317	true	407.6755592	408.2276255
408.9526896	0.44775889999999663	trials	/intervals/trials	318	start_time	n/a	n/a	n/a	n/a	n/a	n/a	n/a	n/a	n/a	pee	409.023924	318	true	408.9526896	409.4004485
409.023924	0.0	cv_transition	/intervals/trials	318	cv_transition_time	n/a	n/a	n/a	n/a	n/a	n/a	n/a	n/a	n/a	pee	409.023924	318	true	408.9526896	409.4004485
410.3303114	0.5317136999999548	trials	/intervals/trials	319	start_time	n/a	n/a	n/a	n/a	n/a	n/a	n/a	n/a	n/a	yee	410.378649	319	true	410.3303114	410.8620251
410.378649	0.0	cv_transition	/intervals/trials	319	cv_transition_time	n/a	n/a	n/a	n/a	n/a	n/a	n/a	n/a	n/a	yee	410.378649	319	true	410.3303114	410.8620251
411.6265225	0.5113609999999653	trials	/intervals/trials	320	start_time	n/a	n/a	n/a	n/a	n/a	n/a	n/a	n/a	n/a	loo	411.7168375	320	true	411.6265225	412.1378835
411.7168375	0.0	cv_transition	/intervals/trials	320	cv_transition_time	n/a	n/a	n/a	n/a	n/a	n/a	n/a	n/a	n/a	loo	411.7168375	320	true	411.6265225	412.1378835
412.8425949	0.44775889999999663	trials	/intervals/trials	321	start_time	n/a	n/a	n/a	n/a	n/a	n/a	n/a	n/a	n/a	goo	412.8654917	321	true	412.8425949	413.2903538
412.8654917	0.0	cv_transition	/intervals/trials	321	cv_transition_time	n/a	n/a	n/a	n/a	n/a	n/a	n/a	n/a	n/a	goo	412.8654917	321	true	412.8425949	413.2903538
417.53635816374424	0.23071793276204744	invalid_times	/intervals/invalid_times	11	start_time	n/a	n/a	n/a	n/a	11	417.53635816374424	417.7670760965063	"[""ECoG artifact""]"	"[{""idx_start"":1274219,""count"":704,""timeseries"":""/acquisition/ElectricalSeries""}]"	n/a	n/a	n/a	n/a	n/a	n/a
421.2902277	0.41468579999997246	trials	/intervals/trials	322	start_time	n/a	n/a	n/a	n/a	n/a	n/a	n/a	n/a	n/a	mee	421.3551019	322	true	421.2902277	421.7049135
421.3551019	0.0	cv_transition	/intervals/trials	322	cv_transition_time	n/a	n/a	n/a	n/a	n/a	n/a	n/a	n/a	n/a	mee	421.3551019	322	true	421.2902277	421.7049135
422.712371	0.4083255999999551	trials	/intervals/trials	323	start_time	n/a	n/a	n/a	n/a	n/a	n/a	n/a	n/a	n/a	wee	422.7327237	323	true	422.712371	423.1206966
422.7327237	0.0	cv_transition	/intervals/trials	323	cv_transition_time	n/a	n/a	n/a	n/a	n/a	n/a	n/a	n/a	n/a	wee	422.7327237	323	true	422.712371	423.1206966
425.7347435	0.47701580000000376	trials	/intervals/trials	324	start_time	n/a	n/a	n/a	n/a	n/a	n/a	n/a	n/a	n/a	kee	425.8339628	324	true	425.7347435	426.2117593
425.8339628	0.0	cv_transition	/intervals/trials	324	cv_transition_time	n/a	n/a	n/a	n/a	n/a	n/a	n/a	n/a	n/a	kee	425.8339628	324	true	425.7347435	426.2117593
427.3133479	0.6792705999999953	trials	/intervals/trials	325	start_time	n/a	n/a	n/a	n/a	n/a	n/a	n/a	n/a	n/a	see	427.5779327	325	true	427.3133479	427.9926185
427.5779327	0.0	cv_transition	/intervals/trials	325	cv_transition_time	n/a	n/a	n/a	n/a	n/a	n/a	n/a	n/a	n/a	see	427.5779327	325	true	427.3133479	427.9926185
428.5624935	0.6080361999999582	trials	/intervals/trials	326	start_time	n/a	n/a	n/a	n/a	n/a	n/a	n/a	n/a	n/a	zoo	428.8983126	326	true	428.5624935	429.1705297
428.8983126	0.0	cv_transition	/intervals/trials	326	cv_transition_time	n/a	n/a	n/a	n/a	n/a	n/a	n/a	n/a	n/a	zoo	428.8983126	326	true	428.5624935	429.1705297
429.8498003	0.4693835999999578	trials	/intervals/trials	327	start_time	n/a	n/a	n/a	n/a	n/a	n/a	n/a	n/a	n/a	pee	429.9197626	327	true	429.8498003	430.3191839
429.9197626	0.0	cv_transition	/intervals/trials	327	cv_transition_time	n/a	n/a	n/a	n/a	n/a	n/a	n/a	n/a	n/a	pee	429.9197626	327	true	429.8498003	430.3191839
431.2541349	0.4121417000000065	trials	/intervals/trials	328	start_time	n/a	n/a	n/a	n/a	n/a	n/a	n/a	n/a	n/a	baa	431.2732156	328	true	431.2541349	431.6662766
431.2732156	0.0	cv_transition	/intervals/trials	328	cv_transition_time	n/a	n/a	n/a	n/a	n/a	n/a	n/a	n/a	n/a	baa	431.2732156	328	true	431.2541349	431.6662766
432.9027017	0.4134138000000007	trials	/intervals/trials	329	start_time	n/a	n/a	n/a	n/a	n/a	n/a	n/a	n/a	n/a	thoo	432.9561275	329	true	432.9027017	433.3161155
432.9561275	0.0	cv_transition	/intervals/trials	329	cv_transition_time	n/a	n/a	n/a	n/a	n/a	n/a	n/a	n/a	n/a	thoo	432.9561275	329	true	432.9027017	433.3161155
433.9228796	0.6016759999999977	trials	/intervals/trials	330	start_time	n/a	n/a	n/a	n/a	n/a	n/a	n/a	n/a	n/a	hoo	434.1518473	330	true	433.9228796	434.5245556
434.1518473	0.0	cv_transition	/intervals/trials	330	cv_transition_time	n/a	n/a	n/a	n/a	n/a	n/a	n/a	n/a	n/a	hoo	434.1518473	330	true	433.9228796	434.5245556
435.2674283	0.45030300000001944	trials	/intervals/trials	331	start_time	n/a	n/a	n/a	n/a	n/a	n/a	n/a	n/a	n/a	goo	435.2915971	331	true	435.2674283	435.7177313
435.2915971	0.0	cv_transition	/intervals/trials	331	cv_transition_time	n/a	n/a	n/a	n/a	n/a	n/a	n/a	n/a	n/a	goo	435.2915971	331	true	435.2674283	435.7177313
436.6386899	0.6131244000000038	trials	/intervals/trials	332	start_time	n/a	n/a	n/a	n/a	n/a	n/a	n/a	n/a	n/a	shoo	436.8625694	332	true	436.6386899	437.2518143
436.8625694	0.0	cv_transition	/intervals/trials	332	cv_transition_time	n/a	n/a	n/a	n/a	n/a	n/a	n/a	n/a	n/a	shoo	436.8625694	332	true	436.6386899	437.2518143
438.1575084	0.478287899999998	trials	/intervals/trials	333	start_time	n/a	n/a	n/a	n/a	n/a	n/a	n/a	n/a	n/a	roo	438.1994858	333	true	438.1575084	438.6357963
438.1994858	0.0	cv_transition	/intervals/trials	333	cv_transition_time	n/a	n/a	n/a	n/a	n/a	n/a	n/a	n/a	n/a	roo	438.1994858	333	true	438.1575084	438.6357963
439.5554829	0.4757437999999752	trials	/intervals/trials	334	start_time	n/a	n/a	n/a	n/a	n/a	n/a	n/a	n/a	n/a	yee	439.588556	334	true	439.5554829	440.0312267
439.588556	0.0	cv_transition	/intervals/trials	334	cv_transition_time	n/a	n/a	n/a	n/a	n/a	n/a	n/a	n/a	n/a	yee	439.588556	334	true	439.5554829	440.0312267
440.6799683	0.6398371999999881	trials	/intervals/trials	335	start_time	n/a	n/a	n/a	n/a	n/a	n/a	n/a	n/a	n/a	zaa	440.9165681	335	true	440.6799683	441.3198055
440.9165681	0.0	cv_transition	/intervals/trials	335	cv_transition_time	n/a	n/a	n/a	n/a	n/a	n/a	n/a	n/a	n/a	zaa	440.9165681	335	true	440.6799683	441.3198055
442.1618975	0.46683949999999186	trials	/intervals/trials	336	start_time	n/a	n/a	n/a	n/a	n/a	n/a	n/a	n/a	n/a	laa	442.2547566	336	true	442.1618975	442.628737
442.2547566	0.0	cv_transition	/intervals/trials	336	cv_transition_time	n/a	n/a	n/a	n/a	n/a	n/a	n/a	n/a	n/a	laa	442.2547566	336	true	442.1618975	442.628737
443.679444	0.42613410000001295	trials	/intervals/trials	337	start_time	n/a	n/a	n/a	n/a	n/a	n/a	n/a	n/a	n/a	voo	443.7048848	337	true	443.679444	444.1055781
443.7048848	0.0	cv_transition	/intervals/trials	337	cv_transition_time	n/a	n/a	n/a	n/a	n/a	n/a	n/a	n/a	n/a	voo	443.7048848	337	true	443.679444	444.1055781
445.0125443	0.4388546000000133	trials	/intervals/trials	338	start_time	n/a	n/a	n/a	n/a	n/a	n/a	n/a	n/a	n/a	poo	445.0570657	338	true	445.0125443	445.4513989
445.0570657	0.0	cv_transition	/intervals/trials	338	cv_transition_time	n/a	n/a	n/a	n/a	n/a	n/a	n/a	n/a	n/a	poo	445.0570657	338	true	445.0125443	445.4513989
446.2057199	0.44903099999999085	trials	/intervals/trials	339	start_time	n/a	n/a	n/a	n/a	n/a	n/a	n/a	n/a	n/a	loo	446.2642339	339	true	446.2057199	446.6547509
446.2642339	0.0	cv_transition	/intervals/trials	339	cv_transition_time	n/a	n/a	n/a	n/a	n/a	n/a	n/a	n/a	n/a	loo	446.2642339	339	true	446.2057199	446.6547509
447.5121074	0.5889554999999973	trials	/intervals/trials	340	start_time	n/a	n/a	n/a	n/a	n/a	n/a	n/a	n/a	n/a	shaa	447.653304	340	true	447.5121074	448.1010629
447.653304	0.0	cv_transition	/intervals/trials	340	cv_transition_time	n/a	n/a	n/a	n/a	n/a	n/a	n/a	n/a	n/a	shaa	447.653304	340	true	447.5121074	448.1010629
448.9482431	0.526625499999966	trials	/intervals/trials	341	start_time	n/a	n/a	n/a	n/a	n/a	n/a	n/a	n/a	n/a	thaa	448.9965807	341	true	448.9482431	449.4748686
448.9965807	0.0	cv_transition	/intervals/trials	341	cv_transition_time	n/a	n/a	n/a	n/a	n/a	n/a	n/a	n/a	n/a	thaa	448.9965807	341	true	448.9482431	449.4748686
450.3436735	0.47192769999998063	trials	/intervals/trials	342	start_time	n/a	n/a	n/a	n/a	n/a	n/a	n/a	n/a	n/a	vaa	450.3856509	342	true	450.3436735	450.8156012
450.3856509	0.0	cv_transition	/intervals/trials	342	cv_transition_time	n/a	n/a	n/a	n/a	n/a	n/a	n/a	n/a	n/a	vaa	450.3856509	342	true	450.3436735	450.8156012
451.6246201	0.5380738000000065	trials	/intervals/trials	343	start_time	n/a	n/a	n/a	n/a	n/a	n/a	n/a	n/a	n/a	foo	451.7174791	343	true	451.6246201	452.1626939
451.7174791	0.0	cv_transition	/intervals/trials	343	cv_transition_time	n/a	n/a	n/a	n/a	n/a	n/a	n/a	n/a	n/a	foo	451.7174791	343	true	451.6246201	452.1626939
452.9424559	0.44903089999996837	trials	/intervals/trials	344	start_time	n/a	n/a	n/a	n/a	n/a	n/a	n/a	n/a	n/a	maa	452.9920655	344	true	452.9424559	453.3914868
452.9920655	0.0	cv_transition	/intervals/trials	344	cv_transition_time	n/a	n/a	n/a	n/a	n/a	n/a	n/a	n/a	n/a	maa	452.9920655	344	true	452.9424559	453.3914868
454.0961982	0.5800512999999796	trials	/intervals/trials	345	start_time	n/a	n/a	n/a	n/a	n/a	n/a	n/a	n/a	n/a	saa	454.2488433	345	true	454.0961982	454.6762495
454.2488433	0.0	cv_transition	/intervals/trials	345	cv_transition_time	n/a	n/a	n/a	n/a	n/a	n/a	n/a	n/a	n/a	saa	454.2488433	345	true	454.0961982	454.6762495
455.4242104	0.4859200999999871	trials	/intervals/trials	346	start_time	n/a	n/a	n/a	n/a	n/a	n/a	n/a	n/a	n/a	too	455.5081651	346	true	455.4242104	455.9101305
455.5081651	0.0	cv_transition	/intervals/trials	346	cv_transition_time	n/a	n/a	n/a	n/a	n/a	n/a	n/a	n/a	n/a	too	455.5081651	346	true	455.4242104	455.9101305
456.7560386	0.5686028999999735	trials	/intervals/trials	347	start_time	n/a	n/a	n/a	n/a	n/a	n/a	n/a	n/a	n/a	shee	456.9214041	347	true	456.7560386	457.3246415
456.9214041	0.0	cv_transition	/intervals/trials	347	cv_transition_time	n/a	n/a	n/a	n/a	n/a	n/a	n/a	n/a	n/a	shee	456.9214041	347	true	456.7560386	457.3246415
457.9441261	0.5813233000000082	trials	/intervals/trials	348	start_time	n/a	n/a	n/a	n/a	n/a	n/a	n/a	n/a	n/a	zee	458.1056755	348	true	457.9441261	458.5254494
458.1056755	0.0	cv_transition	/intervals/trials	348	cv_transition_time	n/a	n/a	n/a	n/a	n/a	n/a	n/a	n/a	n/a	zee	458.1056755	348	true	457.9441261	458.5254494
459.3192038	0.49100829999997586	trials	/intervals/trials	349	start_time	n/a	n/a	n/a	n/a	n/a	n/a	n/a	n/a	n/a	dee	459.3497328	349	true	459.3192038	459.8102121
459.3497328	0.0	cv_transition	/intervals/trials	349	cv_transition_time	n/a	n/a	n/a	n/a	n/a	n/a	n/a	n/a	n/a	dee	459.3497328	349	true	459.3192038	459.8102121
460.4500494	0.4859202000000096	trials	/intervals/trials	350	start_time	n/a	n/a	n/a	n/a	n/a	n/a	n/a	n/a	n/a	lee	460.5060193	350	true	460.4500494	460.9359696
460.5060193	0.0	cv_transition	/intervals/trials	350	cv_transition_time	n/a	n/a	n/a	n/a	n/a	n/a	n/a	n/a	n/a	lee	460.5060193	350	true	460.4500494	460.9359696
461.6521294	0.5482502000000409	trials	/intervals/trials	351	start_time	n/a	n/a	n/a	n/a	n/a	n/a	n/a	n/a	n/a	yaa	461.7157315	351	true	461.6521294	462.2003796
461.7157315	0.0	cv_transition	/intervals/trials	351	cv_transition_time	n/a	n/a	n/a	n/a	n/a	n/a	n/a	n/a	n/a	yaa	461.7157315	351	true	461.6521294	462.2003796
462.8796502	0.5240814	trials	/intervals/trials	352	start_time	n/a	n/a	n/a	n/a	n/a	n/a	n/a	n/a	n/a	gaa	462.9139953	352	true	462.8796502	463.4037316
462.9139953	0.0	cv_transition	/intervals/trials	352	cv_transition_time	n/a	n/a	n/a	n/a	n/a	n/a	n/a	n/a	n/a	gaa	462.9139953	352	true	462.8796502	463.4037316
464.1885817	0.44521480000003066	trials	/intervals/trials	353	start_time	n/a	n/a	n/a	n/a	n/a	n/a	n/a	n/a	n/a	doo	464.229287	353	true	464.1885817	464.6337965
464.229287	0.0	cv_transition	/intervals/trials	353	cv_transition_time	n/a	n/a	n/a	n/a	n/a	n/a	n/a	n/a	n/a	doo	464.229287	353	true	464.1885817	464.6337965
465.3448681	0.4312223000000017	trials	/intervals/trials	354	start_time	n/a	n/a	n/a	n/a	n/a	n/a	n/a	n/a	n/a	woo	465.4224627	354	true	465.3448681	465.7760904
465.4224627	0.0	cv_transition	/intervals/trials	354	cv_transition_time	n/a	n/a	n/a	n/a	n/a	n/a	n/a	n/a	n/a	woo	465.4224627	354	true	465.3448681	465.7760904
466.6614319	0.5647867999999789	trials	/intervals/trials	355	start_time	n/a	n/a	n/a	n/a	n/a	n/a	n/a	n/a	n/a	taa	466.7377544	355	true	466.6614319	467.2262187
466.7377544	0.0	cv_transition	/intervals/trials	355	cv_transition_time	n/a	n/a	n/a	n/a	n/a	n/a	n/a	n/a	n/a	taa	466.7377544	355	true	466.6614319	467.2262187
467.9525548	0.5686029000000303	trials	/intervals/trials	356	start_time	n/a	n/a	n/a	n/a	n/a	n/a	n/a	n/a	n/a	tee	468.0594063	356	true	467.9525548	468.5211577
468.0594063	0.0	cv_transition	/intervals/trials	356	cv_transition_time	n/a	n/a	n/a	n/a	n/a	n/a	n/a	n/a	n/a	tee	468.0594063	356	true	467.9525548	468.5211577
469.1266498	0.49228040000002693	trials	/intervals/trials	357	start_time	n/a	n/a	n/a	n/a	n/a	n/a	n/a	n/a	n/a	ree	469.192796	357	true	469.1266498	469.6189302
469.192796	0.0	cv_transition	/intervals/trials	357	cv_transition_time	n/a	n/a	n/a	n/a	n/a	n/a	n/a	n/a	n/a	ree	469.192796	357	true	469.1266498	469.6189302
470.5538813	0.42995029999997314	trials	/intervals/trials	358	start_time	n/a	n/a	n/a	n/a	n/a	n/a	n/a	n/a	n/a	koo	470.6454683	358	true	470.5538813	470.9838316
470.6454683	0.0	cv_transition	/intervals/trials	358	cv_transition_time	n/a	n/a	n/a	n/a	n/a	n/a	n/a	n/a	n/a	koo	470.6454683	358	true	470.5538813	470.9838316
471.7216161	0.4286781999999789	trials	/intervals/trials	359	start_time	n/a	n/a	n/a	n/a	n/a	n/a	n/a	n/a	n/a	hee	471.778858	359	true	471.7216161	472.1502943
471.778858	0.0	cv_transition	/intervals/trials	359	cv_transition_time	n/a	n/a	n/a	n/a	n/a	n/a	n/a	n/a	n/a	hee	471.778858	359	true	471.7216161	472.1502943
472.5598919	0.4159578999999667	trials	/intervals/trials	360	start_time	n/a	n/a	n/a	n/a	n/a	n/a	n/a	n/a	n/a	vee	472.5942371	360	true	472.5598919	472.9758498
472.5942371	0.0	cv_transition	/intervals/trials	360	cv_transition_time	n/a	n/a	n/a	n/a	n/a	n/a	n/a	n/a	n/a	vee	472.5942371	360	true	472.5598919	472.9758498
473.7810525	0.46683960000001434	trials	/intervals/trials	361	start_time	n/a	n/a	n/a	n/a	n/a	n/a	n/a	n/a	n/a	fee	473.9069847	361	true	473.7810525	474.2478921
473.9069847	0.0	cv_transition	/intervals/trials	361	cv_transition_time	n/a	n/a	n/a	n/a	n/a	n/a	n/a	n/a	n/a	fee	473.9069847	361	true	473.7810525	474.2478921
474.6842026	0.35744379999999865	trials	/intervals/trials	362	start_time	n/a	n/a	n/a	n/a	n/a	n/a	n/a	n/a	n/a	bee	474.7020111	362	true	474.6842026	475.0416464
474.7020111	0.0	cv_transition	/intervals/trials	362	cv_transition_time	n/a	n/a	n/a	n/a	n/a	n/a	n/a	n/a	n/a	bee	474.7020111	362	true	474.6842026	475.0416464
475.6344181	0.4019653999999946	trials	/intervals/trials	363	start_time	n/a	n/a	n/a	n/a	n/a	n/a	n/a	n/a	n/a	haa	475.7234611	363	true	475.6344181	476.0363835
475.7234611	0.0	cv_transition	/intervals/trials	363	cv_transition_time	n/a	n/a	n/a	n/a	n/a	n/a	n/a	n/a	n/a	haa	475.7234611	363	true	475.6344181	476.0363835
476.5108553	0.3879729000000225	trials	/intervals/trials	364	start_time	n/a	n/a	n/a	n/a	n/a	n/a	n/a	n/a	n/a	naa	476.5591929	364	true	476.5108553	476.8988282
476.5591929	0.0	cv_transition	/intervals/trials	364	cv_transition_time	n/a	n/a	n/a	n/a	n/a	n/a	n/a	n/a	n/a	naa	476.5591929	364	true	476.5108553	476.8988282
477.3847483	0.35871589999999287	trials	/intervals/trials	365	start_time	n/a	n/a	n/a	n/a	n/a	n/a	n/a	n/a	n/a	boo	477.4165494	365	true	477.3847483	477.7434642
477.4165494	0.0	cv_transition	/intervals/trials	365	cv_transition_time	n/a	n/a	n/a	n/a	n/a	n/a	n/a	n/a	n/a	boo	477.4165494	365	true	477.3847483	477.7434642
478.27645	0.5317135999999891	trials	/intervals/trials	366	start_time	n/a	n/a	n/a	n/a	n/a	n/a	n/a	n/a	n/a	soo	478.4761606	366	true	478.27645	478.8081636
478.4761606	0.0	cv_transition	/intervals/trials	366	cv_transition_time	n/a	n/a	n/a	n/a	n/a	n/a	n/a	n/a	n/a	soo	478.4761606	366	true	478.27645	478.8081636
479.7723717	0.39178900000001704	trials	/intervals/trials	367	start_time	n/a	n/a	n/a	n/a	n/a	n/a	n/a	n/a	n/a	gee	479.8067168	367	true	479.7723717	480.1641607
479.8067168	0.0	cv_transition	/intervals/trials	367	cv_transition_time	n/a	n/a	n/a	n/a	n/a	n/a	n/a	n/a	n/a	gee	479.8067168	367	true	479.7723717	480.1641607
480.6030153	0.47065560000004325	trials	/intervals/trials	368	start_time	n/a	n/a	n/a	n/a	n/a	n/a	n/a	n/a	n/a	faa	480.7124109	368	true	480.6030153	481.0736709
480.7124109	0.0	cv_transition	/intervals/trials	368	cv_transition_time	n/a	n/a	n/a	n/a	n/a	n/a	n/a	n/a	n/a	faa	480.7124109	368	true	480.6030153	481.0736709
481.4921729	0.40069330000000036	trials	/intervals/trials	369	start_time	n/a	n/a	n/a	n/a	n/a	n/a	n/a	n/a	n/a	nee	481.5519588	369	true	481.4921729	481.8928662
481.5519588	0.0	cv_transition	/intervals/trials	369	cv_transition_time	n/a	n/a	n/a	n/a	n/a	n/a	n/a	n/a	n/a	nee	481.5519588	369	true	481.4921729	481.8928662
482.3597057	0.40832560000001195	trials	/intervals/trials	370	start_time	n/a	n/a	n/a	n/a	n/a	n/a	n/a	n/a	n/a	raa	482.397867	370	true	482.3597057	482.7680313
482.397867	0.0	cv_transition	/intervals/trials	370	cv_transition_time	n/a	n/a	n/a	n/a	n/a	n/a	n/a	n/a	n/a	raa	482.397867	370	true	482.3597057	482.7680313
483.8518113	0.42486209999998437	trials	/intervals/trials	371	start_time	n/a	n/a	n/a	n/a	n/a	n/a	n/a	n/a	n/a	noo	483.9141414	371	true	483.8518113	484.2766734
483.9141414	0.0	cv_transition	/intervals/trials	371	cv_transition_time	n/a	n/a	n/a	n/a	n/a	n/a	n/a	n/a	n/a	noo	483.9141414	371	true	483.8518113	484.2766734
487.7455327	0.370164299999999	trials	/intervals/trials	372	start_time	n/a	n/a	n/a	n/a	n/a	n/a	n/a	n/a	n/a	paa	487.7976864	372	true	487.7455327	488.115697
487.7976864	0.0	cv_transition	/intervals/trials	372	cv_transition_time	n/a	n/a	n/a	n/a	n/a	n/a	n/a	n/a	n/a	paa	487.7976864	372	true	487.7455327	488.115697
496.026528	0.40196530000002895	trials	/intervals/trials	373	start_time	n/a	n/a	n/a	n/a	n/a	n/a	n/a	n/a	n/a	paa	496.087586	373	true	496.026528	496.4284933
496.087586	0.0	cv_transition	/intervals/trials	373	cv_transition_time	n/a	n/a	n/a	n/a	n/a	n/a	n/a	n/a	n/a	paa	496.087586	373	true	496.026528	496.4284933
497.3748928	0.4795599000000266	trials	/intervals/trials	374	start_time	n/a	n/a	n/a	n/a	n/a	n/a	n/a	n/a	n/a	yoo	497.4575755	374	true	497.3748928	497.8544527
497.4575755	0.0	cv_transition	/intervals/trials	374	cv_transition_time	n/a	n/a	n/a	n/a	n/a	n/a	n/a	n/a	n/a	yoo	497.4575755	374	true	497.3748928	497.8544527
498.1012289	0.4350384999999619	trials	/intervals/trials	375	start_time	n/a	n/a	n/a	n/a	n/a	n/a	n/a	n/a	n/a	kaa	498.1711913	375	true	498.1012289	498.5362674
498.1711913	0.0	cv_transition	/intervals/trials	375	cv_transition_time	n/a	n/a	n/a	n/a	n/a	n/a	n/a	n/a	n/a	kaa	498.1711913	375	true	498.1012289	498.5362674
499.006923	0.42995030000003	trials	/intervals/trials	376	start_time	n/a	n/a	n/a	n/a	n/a	n/a	n/a	n/a	n/a	waa	499.0717972	376	true	499.006923	499.4368733
499.0717972	0.0	cv_transition	/intervals/trials	376	cv_transition_time	n/a	n/a	n/a	n/a	n/a	n/a	n/a	n/a	n/a	waa	499.0717972	376	true	499.006923	499.4368733
499.8566473	0.3625319999999874	trials	/intervals/trials	377	start_time	n/a	n/a	n/a	n/a	n/a	n/a	n/a	n/a	n/a	daa	499.8719118	377	true	499.8566473	500.2191793
499.8719118	0.0	cv_transition	/intervals/trials	377	cv_transition_time	n/a	n/a	n/a	n/a	n/a	n/a	n/a	n/a	n/a	daa	499.8719118	377	true	499.8566473	500.2191793
508.14286268160845	1.8951519683586184	invalid_times	/intervals/invalid_times	12	start_time	n/a	n/a	n/a	n/a	12	508.14286268160845	510.03801464996707	"[""ECoG artifact""]"	"[{""idx_start"":1550728,""count"":5784,""timeseries"":""/acquisition/ElectricalSeries""}]"	n/a	n/a	n/a	n/a	n/a	n/a
516.0	45.0	epochs	/intervals/epochs	0	start_time	0	rest_period	516.0	561.0	n/a	n/a	n/a	n/a	n/a	n/a	n/a	n/a	n/a	n/a	n/a
