onset	duration	trial_type	source_table	source_row	source_onset_column	nwb_epochs_id	nwb_epochs_label	nwb_epochs_start_time	nwb_epochs_stop_time	nwb_invalid_times_id	nwb_invalid_times_start_time	nwb_invalid_times_stop_time	nwb_invalid_times_tags	nwb_invalid_times_timeseries	nwb_trials_condition	nwb_trials_cv_transition_time	nwb_trials_id	nwb_trials_speak	nwb_trials_start_time	nwb_trials_stop_time
16.51663975516652	0.06483177289714348	invalid_times	/intervals/invalid_times	0	start_time	n/a	n/a	n/a	n/a	0	16.51663975516652	16.581471528063663	"[""ECoG artifact""]"	"[{""idx_start"":50404,""count"":198,""timeseries"":""/acquisition/ElectricalSeries""}]"	n/a	n/a	n/a	n/a	n/a	n/a
61.0117704	0.4044473999999951	trials	/intervals/trials	0	start_time	n/a	n/a	n/a	n/a	n/a	n/a	n/a	n/a	n/a	raa	61.1122463	0	true	61.0117704	61.4162178
61.1122463	0.0	cv_transition	/intervals/trials	0	cv_transition_time	n/a	n/a	n/a	n/a	n/a	n/a	n/a	n/a	n/a	raa	61.1122463	0	true	61.0117704	61.4162178
61.8982478	0.6295641999999972	trials	/intervals/trials	1	start_time	n/a	n/a	n/a	n/a	n/a	n/a	n/a	n/a	n/a	shee	62.1513453	1	true	61.8982478	62.527812
62.1513453	0.0	cv_transition	/intervals/trials	1	cv_transition_time	n/a	n/a	n/a	n/a	n/a	n/a	n/a	n/a	n/a	shee	62.1513453	1	true	61.8982478	62.527812
63.2642114	0.4985640000000018	trials	/intervals/trials	2	start_time	n/a	n/a	n/a	n/a	n/a	n/a	n/a	n/a	n/a	yoo	63.4053864	2	true	63.2642114	63.7627754
63.4053864	0.0	cv_transition	/intervals/trials	2	cv_transition_time	n/a	n/a	n/a	n/a	n/a	n/a	n/a	n/a	n/a	yoo	63.4053864	2	true	63.2642114	63.7627754
64.3134851	0.43878720000000726	trials	/intervals/trials	3	start_time	n/a	n/a	n/a	n/a	n/a	n/a	n/a	n/a	n/a	baa	64.3249318	3	true	64.3134851	64.7522723
64.3249318	0.0	cv_transition	/intervals/trials	3	cv_transition_time	n/a	n/a	n/a	n/a	n/a	n/a	n/a	n/a	n/a	baa	64.3249318	3	true	64.3134851	64.7522723
65.486128	0.6295643000000126	trials	/intervals/trials	4	start_time	n/a	n/a	n/a	n/a	n/a	n/a	n/a	n/a	n/a	zee	65.6501963	4	true	65.486128	66.1156923
65.6501963	0.0	cv_transition	/intervals/trials	4	cv_transition_time	n/a	n/a	n/a	n/a	n/a	n/a	n/a	n/a	n/a	zee	65.6501963	4	true	65.486128	66.1156923
66.69947	0.4794862999999907	trials	/intervals/trials	5	start_time	n/a	n/a	n/a	n/a	n/a	n/a	n/a	n/a	n/a	gee	66.7605187	5	true	66.69947	67.1789563
66.7605187	0.0	cv_transition	/intervals/trials	5	cv_transition_time	n/a	n/a	n/a	n/a	n/a	n/a	n/a	n/a	n/a	gee	66.7605187	5	true	66.69947	67.1789563
67.8008895	0.4922048000000103	trials	/intervals/trials	6	start_time	n/a	n/a	n/a	n/a	n/a	n/a	n/a	n/a	n/a	kee	67.8911906	6	true	67.8008895	68.2930943
67.8911906	0.0	cv_transition	/intervals/trials	6	cv_transition_time	n/a	n/a	n/a	n/a	n/a	n/a	n/a	n/a	n/a	kee	67.8911906	6	true	67.8008895	68.2930943
68.8730565	0.5150979999999947	trials	/intervals/trials	7	start_time	n/a	n/a	n/a	n/a	n/a	n/a	n/a	n/a	n/a	ree	68.9557265	7	true	68.8730565	69.3881545
68.9557265	0.0	cv_transition	/intervals/trials	7	cv_transition_time	n/a	n/a	n/a	n/a	n/a	n/a	n/a	n/a	n/a	ree	68.9557265	7	true	68.8730565	69.3881545
71.1649247	0.49983589999999367	trials	/intervals/trials	8	start_time	n/a	n/a	n/a	n/a	n/a	n/a	n/a	n/a	n/a	voo	71.2399637	8	true	71.1649247	71.6647606
71.2399637	0.0	cv_transition	/intervals/trials	8	cv_transition_time	n/a	n/a	n/a	n/a	n/a	n/a	n/a	n/a	n/a	voo	71.2399637	8	true	71.1649247	71.6647606
72.1913052	0.6232049999999987	trials	/intervals/trials	9	start_time	n/a	n/a	n/a	n/a	n/a	n/a	n/a	n/a	n/a	noo	72.3388394	9	true	72.1913052	72.8145102
72.3388394	0.0	cv_transition	/intervals/trials	9	cv_transition_time	n/a	n/a	n/a	n/a	n/a	n/a	n/a	n/a	n/a	noo	72.3388394	9	true	72.1913052	72.8145102
73.4555211	0.47439889999999707	trials	/intervals/trials	10	start_time	n/a	n/a	n/a	n/a	n/a	n/a	n/a	n/a	n/a	dee	73.4949483	10	true	73.4555211	73.92992
73.4949483	0.0	cv_transition	/intervals/trials	10	cv_transition_time	n/a	n/a	n/a	n/a	n/a	n/a	n/a	n/a	n/a	dee	73.4949483	10	true	73.4555211	73.92992
74.5213288	0.564700099999996	trials	/intervals/trials	11	start_time	n/a	n/a	n/a	n/a	n/a	n/a	n/a	n/a	n/a	yee	74.6039989	11	true	74.5213288	75.0860289
74.6039989	0.0	cv_transition	/intervals/trials	11	cv_transition_time	n/a	n/a	n/a	n/a	n/a	n/a	n/a	n/a	n/a	yee	74.6039989	11	true	74.5213288	75.0860289
75.9610596	0.4794863000000049	trials	/intervals/trials	12	start_time	n/a	n/a	n/a	n/a	n/a	n/a	n/a	n/a	n/a	koo	76.0678947	12	true	75.9610596	76.4405459
76.0678947	0.0	cv_transition	/intervals/trials	12	cv_transition_time	n/a	n/a	n/a	n/a	n/a	n/a	n/a	n/a	n/a	koo	76.0678947	12	true	75.9610596	76.4405459
77.0344984	0.66899149999999	trials	/intervals/trials	13	start_time	n/a	n/a	n/a	n/a	n/a	n/a	n/a	n/a	n/a	fee	77.3219358	13	true	77.0344984	77.7034899
77.3219358	0.0	cv_transition	/intervals/trials	13	cv_transition_time	n/a	n/a	n/a	n/a	n/a	n/a	n/a	n/a	n/a	fee	77.3219358	13	true	77.0344984	77.7034899
78.3203357	0.5875932999999947	trials	/intervals/trials	14	start_time	n/a	n/a	n/a	n/a	n/a	n/a	n/a	n/a	n/a	hee	78.5034817	14	true	78.3203357	78.907929
78.5034817	0.0	cv_transition	/intervals/trials	14	cv_transition_time	n/a	n/a	n/a	n/a	n/a	n/a	n/a	n/a	n/a	hee	78.5034817	14	true	78.3203357	78.907929
79.6036293	0.5023795000000035	trials	/intervals/trials	15	start_time	n/a	n/a	n/a	n/a	n/a	n/a	n/a	n/a	n/a	vaa	79.71428	15	true	79.6036293	80.1060088
79.71428	0.0	cv_transition	/intervals/trials	15	cv_transition_time	n/a	n/a	n/a	n/a	n/a	n/a	n/a	n/a	n/a	vaa	79.71428	15	true	79.6036293	80.1060088
80.8067965	0.5837777999999929	trials	/intervals/trials	16	start_time	n/a	n/a	n/a	n/a	n/a	n/a	n/a	n/a	n/a	loo	81.0166512	16	true	80.8067965	81.3905743
81.0166512	0.0	cv_transition	/intervals/trials	16	cv_transition_time	n/a	n/a	n/a	n/a	n/a	n/a	n/a	n/a	n/a	loo	81.0166512	16	true	80.8067965	81.3905743
82.0506628	0.6435546000000016	trials	/intervals/trials	17	start_time	n/a	n/a	n/a	n/a	n/a	n/a	n/a	n/a	n/a	hoo	82.2757797	17	true	82.0506628	82.6942174
82.2757797	0.0	cv_transition	/intervals/trials	17	cv_transition_time	n/a	n/a	n/a	n/a	n/a	n/a	n/a	n/a	n/a	hoo	82.2757797	17	true	82.0506628	82.6942174
83.5209179	0.5087388000000033	trials	/intervals/trials	18	start_time	n/a	n/a	n/a	n/a	n/a	n/a	n/a	n/a	n/a	kaa	83.6252094	18	true	83.5209179	84.0296567
83.6252094	0.0	cv_transition	/intervals/trials	18	cv_transition_time	n/a	n/a	n/a	n/a	n/a	n/a	n/a	n/a	n/a	kaa	83.6252094	18	true	83.5209179	84.0296567
84.8817942	0.5481659999999948	trials	/intervals/trials	19	start_time	n/a	n/a	n/a	n/a	n/a	n/a	n/a	n/a	n/a	poo	84.9784545	19	true	84.8817942	85.4299602
84.9784545	0.0	cv_transition	/intervals/trials	19	cv_transition_time	n/a	n/a	n/a	n/a	n/a	n/a	n/a	n/a	n/a	poo	84.9784545	19	true	84.8817942	85.4299602
86.2782821	0.4578649000000041	trials	/intervals/trials	20	start_time	n/a	n/a	n/a	n/a	n/a	n/a	n/a	n/a	n/a	bee	86.2935443	20	true	86.2782821	86.736147
86.2935443	0.0	cv_transition	/intervals/trials	20	cv_transition_time	n/a	n/a	n/a	n/a	n/a	n/a	n/a	n/a	n/a	bee	86.2935443	20	true	86.2782821	86.736147
87.4598279	0.43751540000000944	trials	/intervals/trials	21	start_time	n/a	n/a	n/a	n/a	n/a	n/a	n/a	n/a	n/a	paa	87.5297795	21	true	87.4598279	87.8973433
87.5297795	0.0	cv_transition	/intervals/trials	21	cv_transition_time	n/a	n/a	n/a	n/a	n/a	n/a	n/a	n/a	n/a	paa	87.5297795	21	true	87.4598279	87.8973433
88.6846166	0.5354475000000036	trials	/intervals/trials	22	start_time	n/a	n/a	n/a	n/a	n/a	n/a	n/a	n/a	n/a	taa	88.8079857	22	true	88.6846166	89.2200641
88.8079857	0.0	cv_transition	/intervals/trials	22	cv_transition_time	n/a	n/a	n/a	n/a	n/a	n/a	n/a	n/a	n/a	taa	88.8079857	22	true	88.6846166	89.2200641
89.8699779	0.5112825000000072	trials	/intervals/trials	23	start_time	n/a	n/a	n/a	n/a	n/a	n/a	n/a	n/a	n/a	naa	89.9590072	23	true	89.8699779	90.3812604
89.9590072	0.0	cv_transition	/intervals/trials	23	cv_transition_time	n/a	n/a	n/a	n/a	n/a	n/a	n/a	n/a	n/a	naa	89.9590072	23	true	89.8699779	90.3812604
90.9459605	0.6511856000000051	trials	/intervals/trials	24	start_time	n/a	n/a	n/a	n/a	n/a	n/a	n/a	n/a	n/a	saa	91.1926988	24	true	90.9459605	91.5971461
91.1926988	0.0	cv_transition	/intervals/trials	24	cv_transition_time	n/a	n/a	n/a	n/a	n/a	n/a	n/a	n/a	n/a	saa	91.1926988	24	true	90.9459605	91.5971461
92.2305259	0.6130301999999972	trials	/intervals/trials	25	start_time	n/a	n/a	n/a	n/a	n/a	n/a	n/a	n/a	n/a	shoo	92.4772642	25	true	92.2305259	92.8435561
92.4772642	0.0	cv_transition	/intervals/trials	25	cv_transition_time	n/a	n/a	n/a	n/a	n/a	n/a	n/a	n/a	n/a	shoo	92.4772642	25	true	92.2305259	92.8435561
93.3879066	0.6639041000000105	trials	/intervals/trials	26	start_time	n/a	n/a	n/a	n/a	n/a	n/a	n/a	n/a	n/a	foo	93.6270138	26	true	93.3879066	94.0518107
93.6270138	0.0	cv_transition	/intervals/trials	26	cv_transition_time	n/a	n/a	n/a	n/a	n/a	n/a	n/a	n/a	n/a	foo	93.6270138	26	true	93.3879066	94.0518107
94.730977	0.42479690000000403	trials	/intervals/trials	27	start_time	n/a	n/a	n/a	n/a	n/a	n/a	n/a	n/a	n/a	daa	94.7436955	27	true	94.730977	95.1557739
94.7436955	0.0	cv_transition	/intervals/trials	27	cv_transition_time	n/a	n/a	n/a	n/a	n/a	n/a	n/a	n/a	n/a	daa	94.7436955	27	true	94.730977	95.1557739
95.7599012	0.5875932999999947	trials	/intervals/trials	28	start_time	n/a	n/a	n/a	n/a	n/a	n/a	n/a	n/a	n/a	faa	95.960853	28	true	95.7599012	96.3474945
95.960853	0.0	cv_transition	/intervals/trials	28	cv_transition_time	n/a	n/a	n/a	n/a	n/a	n/a	n/a	n/a	n/a	faa	95.960853	28	true	95.7599012	96.3474945
97.1334959	0.4553212000000002	trials	/intervals/trials	29	start_time	n/a	n/a	n/a	n/a	n/a	n/a	n/a	n/a	n/a	goo	97.1767387	29	true	97.1334959	97.5888171
97.1767387	0.0	cv_transition	/intervals/trials	29	cv_transition_time	n/a	n/a	n/a	n/a	n/a	n/a	n/a	n/a	n/a	goo	97.1767387	29	true	97.1334959	97.5888171
98.2781582	0.4972921000000099	trials	/intervals/trials	30	start_time	n/a	n/a	n/a	n/a	n/a	n/a	n/a	n/a	n/a	mee	98.3849933	30	true	98.2781582	98.7754503
98.3849933	0.0	cv_transition	/intervals/trials	30	cv_transition_time	n/a	n/a	n/a	n/a	n/a	n/a	n/a	n/a	n/a	mee	98.3849933	30	true	98.2781582	98.7754503
99.2994513	0.5532534000000027	trials	/intervals/trials	31	start_time	n/a	n/a	n/a	n/a	n/a	n/a	n/a	n/a	n/a	zaa	99.4635195	31	true	99.2994513	99.8527047
99.4635195	0.0	cv_transition	/intervals/trials	31	cv_transition_time	n/a	n/a	n/a	n/a	n/a	n/a	n/a	n/a	n/a	zaa	99.4635195	31	true	99.2994513	99.8527047
100.3665309	0.6282923999999923	trials	/intervals/trials	32	start_time	n/a	n/a	n/a	n/a	n/a	n/a	n/a	n/a	n/a	see	100.6056381	32	true	100.3665309	100.9948233
100.6056381	0.0	cv_transition	/intervals/trials	32	cv_transition_time	n/a	n/a	n/a	n/a	n/a	n/a	n/a	n/a	n/a	see	100.6056381	32	true	100.3665309	100.9948233
101.5582515	0.6537293000000091	trials	/intervals/trials	33	start_time	n/a	n/a	n/a	n/a	n/a	n/a	n/a	n/a	n/a	zoo	101.7324945	33	true	101.5582515	102.2119808
101.7324945	0.0	cv_transition	/intervals/trials	33	cv_transition_time	n/a	n/a	n/a	n/a	n/a	n/a	n/a	n/a	n/a	zoo	101.7324945	33	true	101.5582515	102.2119808
102.8059333	0.5036513999999954	trials	/intervals/trials	34	start_time	n/a	n/a	n/a	n/a	n/a	n/a	n/a	n/a	n/a	too	102.916584	34	true	102.8059333	103.3095847
102.916584	0.0	cv_transition	/intervals/trials	34	cv_transition_time	n/a	n/a	n/a	n/a	n/a	n/a	n/a	n/a	n/a	too	102.916584	34	true	102.8059333	103.3095847
103.9607704	0.46295229999999776	trials	/intervals/trials	35	start_time	n/a	n/a	n/a	n/a	n/a	n/a	n/a	n/a	n/a	vee	104.0370812	35	true	103.9607704	104.4237227
104.0370812	0.0	cv_transition	/intervals/trials	35	cv_transition_time	n/a	n/a	n/a	n/a	n/a	n/a	n/a	n/a	n/a	vee	104.0370812	35	true	103.9607704	104.4237227
106.2729881	0.5405349999999913	trials	/intervals/trials	36	start_time	n/a	n/a	n/a	n/a	n/a	n/a	n/a	n/a	n/a	moo	106.3760077	36	true	106.2729881	106.8135231
106.3760077	0.0	cv_transition	/intervals/trials	36	cv_transition_time	n/a	n/a	n/a	n/a	n/a	n/a	n/a	n/a	n/a	moo	106.3760077	36	true	106.2729881	106.8135231
108.625905	0.5214572999999945	trials	/intervals/trials	37	start_time	n/a	n/a	n/a	n/a	n/a	n/a	n/a	n/a	n/a	nee	108.7619926	37	true	108.625905	109.1473623
108.7619926	0.0	cv_transition	/intervals/trials	37	cv_transition_time	n/a	n/a	n/a	n/a	n/a	n/a	n/a	n/a	n/a	nee	108.7619926	37	true	108.625905	109.1473623
109.897752	0.4120783999999986	trials	/intervals/trials	38	start_time	n/a	n/a	n/a	n/a	n/a	n/a	n/a	n/a	n/a	boo	109.9155578	38	true	109.897752	110.3098304
109.9155578	0.0	cv_transition	/intervals/trials	38	cv_transition_time	n/a	n/a	n/a	n/a	n/a	n/a	n/a	n/a	n/a	boo	109.9155578	38	true	109.897752	110.3098304
111.0080744	0.512554300000005	trials	/intervals/trials	39	start_time	n/a	n/a	n/a	n/a	n/a	n/a	n/a	n/a	n/a	laa	111.1632397	39	true	111.0080744	111.5206287
111.1632397	0.0	cv_transition	/intervals/trials	39	cv_transition_time	n/a	n/a	n/a	n/a	n/a	n/a	n/a	n/a	n/a	laa	111.1632397	39	true	111.0080744	111.5206287
112.3218923	0.4667677999999995	trials	/intervals/trials	40	start_time	n/a	n/a	n/a	n/a	n/a	n/a	n/a	n/a	n/a	maa	112.4185526	40	true	112.3218923	112.7886601
112.4185526	0.0	cv_transition	/intervals/trials	40	cv_transition_time	n/a	n/a	n/a	n/a	n/a	n/a	n/a	n/a	n/a	maa	112.4185526	40	true	112.3218923	112.7886601
113.3622631	0.6677195999999981	trials	/intervals/trials	41	start_time	n/a	n/a	n/a	n/a	n/a	n/a	n/a	n/a	n/a	soo	113.645885	41	true	113.3622631	114.0299827
113.645885	0.0	cv_transition	/intervals/trials	41	cv_transition_time	n/a	n/a	n/a	n/a	n/a	n/a	n/a	n/a	n/a	soo	113.645885	41	true	113.3622631	114.0299827
114.7205956	0.48457369999999855	trials	/intervals/trials	42	start_time	n/a	n/a	n/a	n/a	n/a	n/a	n/a	n/a	n/a	roo	114.8134405	42	true	114.7205956	115.2051693
114.8134405	0.0	cv_transition	/intervals/trials	42	cv_transition_time	n/a	n/a	n/a	n/a	n/a	n/a	n/a	n/a	n/a	roo	114.8134405	42	true	114.7205956	115.2051693
115.8779764	0.5049232000000075	trials	/intervals/trials	43	start_time	n/a	n/a	n/a	n/a	n/a	n/a	n/a	n/a	n/a	tee	115.9949863	43	true	115.8779764	116.3828996
115.9949863	0.0	cv_transition	/intervals/trials	43	cv_transition_time	n/a	n/a	n/a	n/a	n/a	n/a	n/a	n/a	n/a	tee	115.9949863	43	true	115.8779764	116.3828996
116.9247064	0.5252727999999962	trials	/intervals/trials	44	start_time	n/a	n/a	n/a	n/a	n/a	n/a	n/a	n/a	n/a	haa	117.16127	44	true	116.9247064	117.4499792
117.16127	0.0	cv_transition	/intervals/trials	44	cv_transition_time	n/a	n/a	n/a	n/a	n/a	n/a	n/a	n/a	n/a	haa	117.16127	44	true	116.9247064	117.4499792
118.3021167	0.3955444000000057	trials	/intervals/trials	45	start_time	n/a	n/a	n/a	n/a	n/a	n/a	n/a	n/a	n/a	waa	118.4191266	45	true	118.3021167	118.6976611
118.4191266	0.0	cv_transition	/intervals/trials	45	cv_transition_time	n/a	n/a	n/a	n/a	n/a	n/a	n/a	n/a	n/a	waa	118.4191266	45	true	118.3021167	118.6976611
119.4823907	0.39045699999999783	trials	/intervals/trials	46	start_time	n/a	n/a	n/a	n/a	n/a	n/a	n/a	n/a	n/a	pee	119.5408956	46	true	119.4823907	119.8728477
119.5408956	0.0	cv_transition	/intervals/trials	46	cv_transition_time	n/a	n/a	n/a	n/a	n/a	n/a	n/a	n/a	n/a	pee	119.5408956	46	true	119.4823907	119.8728477
120.7618687	0.512554300000005	trials	/intervals/trials	47	start_time	n/a	n/a	n/a	n/a	n/a	n/a	n/a	n/a	n/a	lee	120.8903252	47	true	120.7618687	121.274423
120.8903252	0.0	cv_transition	/intervals/trials	47	cv_transition_time	n/a	n/a	n/a	n/a	n/a	n/a	n/a	n/a	n/a	lee	120.8903252	47	true	120.7618687	121.274423
121.9128902	0.48202999999999463	trials	/intervals/trials	48	start_time	n/a	n/a	n/a	n/a	n/a	n/a	n/a	n/a	n/a	wee	122.0108224	48	true	121.9128902	122.3949202
122.0108224	0.0	cv_transition	/intervals/trials	48	cv_transition_time	n/a	n/a	n/a	n/a	n/a	n/a	n/a	n/a	n/a	wee	122.0108224	48	true	121.9128902	122.3949202
123.1796498	0.4362434999999891	trials	/intervals/trials	49	start_time	n/a	n/a	n/a	n/a	n/a	n/a	n/a	n/a	n/a	yaa	123.2432421	49	true	123.1796498	123.6158933
123.2432421	0.0	cv_transition	/intervals/trials	49	cv_transition_time	n/a	n/a	n/a	n/a	n/a	n/a	n/a	n/a	n/a	yaa	123.2432421	49	true	123.1796498	123.6158933
124.5049143	0.34721420000001046	trials	/intervals/trials	50	start_time	n/a	n/a	n/a	n/a	n/a	n/a	n/a	n/a	n/a	gaa	124.5341668	50	true	124.5049143	124.8521285
124.5341668	0.0	cv_transition	/intervals/trials	50	cv_transition_time	n/a	n/a	n/a	n/a	n/a	n/a	n/a	n/a	n/a	gaa	124.5341668	50	true	124.5049143	124.8521285
125.5223919	0.5812339999999949	trials	/intervals/trials	51	start_time	n/a	n/a	n/a	n/a	n/a	n/a	n/a	n/a	n/a	shaa	125.7614991	51	true	125.5223919	126.1036259
125.7614991	0.0	cv_transition	/intervals/trials	51	cv_transition_time	n/a	n/a	n/a	n/a	n/a	n/a	n/a	n/a	n/a	shaa	125.7614991	51	true	125.5223919	126.1036259
126.9061614	0.4400590000000051	trials	/intervals/trials	52	start_time	n/a	n/a	n/a	n/a	n/a	n/a	n/a	n/a	n/a	doo	126.9532197	52	true	126.9061614	127.3462204
126.9532197	0.0	cv_transition	/intervals/trials	52	cv_transition_time	n/a	n/a	n/a	n/a	n/a	n/a	n/a	n/a	n/a	doo	126.9532197	52	true	126.9061614	127.3462204
128.1004256	0.45023390000000063	trials	/intervals/trials	53	start_time	n/a	n/a	n/a	n/a	n/a	n/a	n/a	n/a	n/a	woo	128.1907268	53	true	128.1004256	128.5506595
128.1907268	0.0	cv_transition	/intervals/trials	53	cv_transition_time	n/a	n/a	n/a	n/a	n/a	n/a	n/a	n/a	n/a	woo	128.1907268	53	true	128.1004256	128.5506595
129.5198068	0.532903900000008	trials	/intervals/trials	54	start_time	n/a	n/a	n/a	n/a	n/a	n/a	n/a	n/a	n/a	raa	129.6393605	54	true	129.5198068	130.0527107
129.6393605	0.0	cv_transition	/intervals/trials	54	cv_transition_time	n/a	n/a	n/a	n/a	n/a	n/a	n/a	n/a	n/a	raa	129.6393605	54	true	129.5198068	130.0527107
130.5347407	0.7325839000000087	trials	/intervals/trials	55	start_time	n/a	n/a	n/a	n/a	n/a	n/a	n/a	n/a	n/a	shee	130.8361685	55	true	130.5347407	131.2673246
130.8361685	0.0	cv_transition	/intervals/trials	55	cv_transition_time	n/a	n/a	n/a	n/a	n/a	n/a	n/a	n/a	n/a	shee	130.8361685	55	true	130.5347407	131.2673246
131.9045199	0.5290883000000122	trials	/intervals/trials	56	start_time	n/a	n/a	n/a	n/a	n/a	n/a	n/a	n/a	n/a	yoo	131.9999084	56	true	131.9045199	132.4336082
131.9999084	0.0	cv_transition	/intervals/trials	56	cv_transition_time	n/a	n/a	n/a	n/a	n/a	n/a	n/a	n/a	n/a	yoo	131.9999084	56	true	131.9045199	132.4336082
133.0644443	0.42734060000000795	trials	/intervals/trials	57	start_time	n/a	n/a	n/a	n/a	n/a	n/a	n/a	n/a	n/a	baa	133.0695317	57	true	133.0644443	133.4917849
133.0695317	0.0	cv_transition	/intervals/trials	57	cv_transition_time	n/a	n/a	n/a	n/a	n/a	n/a	n/a	n/a	n/a	baa	133.0695317	57	true	133.0644443	133.4917849
134.0679316	0.5939525000000003	trials	/intervals/trials	58	start_time	n/a	n/a	n/a	n/a	n/a	n/a	n/a	n/a	n/a	zee	134.2459901	58	true	134.0679316	134.6618841
134.2459901	0.0	cv_transition	/intervals/trials	58	cv_transition_time	n/a	n/a	n/a	n/a	n/a	n/a	n/a	n/a	n/a	zee	134.2459901	58	true	134.0679316	134.6618841
135.3588562	0.4896611000000064	trials	/intervals/trials	59	start_time	n/a	n/a	n/a	n/a	n/a	n/a	n/a	n/a	n/a	gee	135.3906524	59	true	135.3588562	135.8485173
135.3906524	0.0	cv_transition	/intervals/trials	59	cv_transition_time	n/a	n/a	n/a	n/a	n/a	n/a	n/a	n/a	n/a	gee	135.3906524	59	true	135.3588562	135.8485173
136.4462854	0.48075810000000274	trials	/intervals/trials	60	start_time	n/a	n/a	n/a	n/a	n/a	n/a	n/a	n/a	n/a	kee	136.5416739	60	true	136.4462854	136.9270435
136.5416739	0.0	cv_transition	/intervals/trials	60	cv_transition_time	n/a	n/a	n/a	n/a	n/a	n/a	n/a	n/a	n/a	kee	136.5416739	60	true	136.4462854	136.9270435
137.5616952	0.5316320000000019	trials	/intervals/trials	61	start_time	n/a	n/a	n/a	n/a	n/a	n/a	n/a	n/a	n/a	ree	137.6430934	61	true	137.5616952	138.0933272
137.6430934	0.0	cv_transition	/intervals/trials	61	cv_transition_time	n/a	n/a	n/a	n/a	n/a	n/a	n/a	n/a	n/a	ree	137.6430934	61	true	137.5616952	138.0933272
140.031622	0.5227290999999923	trials	/intervals/trials	62	start_time	n/a	n/a	n/a	n/a	n/a	n/a	n/a	n/a	n/a	voo	140.1079328	62	true	140.031622	140.5543511
140.1079328	0.0	cv_transition	/intervals/trials	62	cv_transition_time	n/a	n/a	n/a	n/a	n/a	n/a	n/a	n/a	n/a	voo	140.1079328	62	true	140.031622	140.5543511
141.1266822	0.5672437000000059	trials	/intervals/trials	63	start_time	n/a	n/a	n/a	n/a	n/a	n/a	n/a	n/a	n/a	noo	141.2513232	63	true	141.1266822	141.6939259
141.2513232	0.0	cv_transition	/intervals/trials	63	cv_transition_time	n/a	n/a	n/a	n/a	n/a	n/a	n/a	n/a	n/a	noo	141.2513232	63	true	141.1266822	141.6939259
142.3540145	0.4642240999999956	trials	/intervals/trials	64	start_time	n/a	n/a	n/a	n/a	n/a	n/a	n/a	n/a	n/a	dee	142.3730922	64	true	142.3540145	142.8182386
142.3730922	0.0	cv_transition	/intervals/trials	64	cv_transition_time	n/a	n/a	n/a	n/a	n/a	n/a	n/a	n/a	n/a	dee	142.3730922	64	true	142.3540145	142.8182386
143.3842105	0.5087388000000033	trials	/intervals/trials	65	start_time	n/a	n/a	n/a	n/a	n/a	n/a	n/a	n/a	n/a	yee	143.4236378	65	true	143.3842105	143.8929493
143.4236378	0.0	cv_transition	/intervals/trials	65	cv_transition_time	n/a	n/a	n/a	n/a	n/a	n/a	n/a	n/a	n/a	yee	143.4236378	65	true	143.3842105	143.8929493
144.5263291	0.4654960000000017	trials	/intervals/trials	66	start_time	n/a	n/a	n/a	n/a	n/a	n/a	n/a	n/a	n/a	koo	144.6128147	66	true	144.5263291	144.9918251
144.6128147	0.0	cv_transition	/intervals/trials	66	cv_transition_time	n/a	n/a	n/a	n/a	n/a	n/a	n/a	n/a	n/a	koo	144.6128147	66	true	144.5263291	144.9918251
145.5527096	0.5672437000000059	trials	/intervals/trials	67	start_time	n/a	n/a	n/a	n/a	n/a	n/a	n/a	n/a	n/a	fee	145.7116905	67	true	145.5527096	146.1199533
145.7116905	0.0	cv_transition	/intervals/trials	67	cv_transition_time	n/a	n/a	n/a	n/a	n/a	n/a	n/a	n/a	n/a	fee	145.7116905	67	true	145.5527096	146.1199533
146.6961	0.5557971000000066	trials	/intervals/trials	68	start_time	n/a	n/a	n/a	n/a	n/a	n/a	n/a	n/a	n/a	hee	146.8716149	68	true	146.6961	147.2518971
146.8716149	0.0	cv_transition	/intervals/trials	68	cv_transition_time	n/a	n/a	n/a	n/a	n/a	n/a	n/a	n/a	n/a	hee	146.8716149	68	true	146.6961	147.2518971
147.8407623	0.49093290000001844	trials	/intervals/trials	69	start_time	n/a	n/a	n/a	n/a	n/a	n/a	n/a	n/a	n/a	vaa	147.9539567	69	true	147.8407623	148.3316952
147.9539567	0.0	cv_transition	/intervals/trials	69	cv_transition_time	n/a	n/a	n/a	n/a	n/a	n/a	n/a	n/a	n/a	vaa	147.9539567	69	true	147.8407623	148.3316952
148.9612595	0.5316320000000019	trials	/intervals/trials	70	start_time	n/a	n/a	n/a	n/a	n/a	n/a	n/a	n/a	n/a	loo	149.0884442	70	true	148.9612595	149.4928915
149.0884442	0.0	cv_transition	/intervals/trials	70	cv_transition_time	n/a	n/a	n/a	n/a	n/a	n/a	n/a	n/a	n/a	loo	149.0884442	70	true	148.9612595	149.4928915
150.0486886	0.5405350000000055	trials	/intervals/trials	71	start_time	n/a	n/a	n/a	n/a	n/a	n/a	n/a	n/a	n/a	hoo	150.1987665	71	true	150.0486886	150.5892236
150.1987665	0.0	cv_transition	/intervals/trials	71	cv_transition_time	n/a	n/a	n/a	n/a	n/a	n/a	n/a	n/a	n/a	hoo	150.1987665	71	true	150.0486886	150.5892236
151.2480403	0.47694259999997257	trials	/intervals/trials	72	start_time	n/a	n/a	n/a	n/a	n/a	n/a	n/a	n/a	n/a	kaa	151.3294385	72	true	151.2480403	151.7249829
151.3294385	0.0	cv_transition	/intervals/trials	72	cv_transition_time	n/a	n/a	n/a	n/a	n/a	n/a	n/a	n/a	n/a	kaa	151.3294385	72	true	151.2480403	151.7249829
152.3074888	0.42479690000001824	trials	/intervals/trials	73	start_time	n/a	n/a	n/a	n/a	n/a	n/a	n/a	n/a	n/a	poo	152.3748967	73	true	152.3074888	152.7322857
152.3748967	0.0	cv_transition	/intervals/trials	73	cv_transition_time	n/a	n/a	n/a	n/a	n/a	n/a	n/a	n/a	n/a	poo	152.3748967	73	true	152.3074888	152.7322857
153.6124038	0.41589389999998616	trials	/intervals/trials	74	start_time	n/a	n/a	n/a	n/a	n/a	n/a	n/a	n/a	n/a	bee	153.6314815	74	true	153.6124038	154.0282977
153.6314815	0.0	cv_transition	/intervals/trials	74	cv_transition_time	n/a	n/a	n/a	n/a	n/a	n/a	n/a	n/a	n/a	bee	153.6314815	74	true	153.6124038	154.0282977
154.7201825	0.45150570000001267	trials	/intervals/trials	75	start_time	n/a	n/a	n/a	n/a	n/a	n/a	n/a	n/a	n/a	paa	154.7901341	75	true	154.7201825	155.1716882
154.7901341	0.0	cv_transition	/intervals/trials	75	cv_transition_time	n/a	n/a	n/a	n/a	n/a	n/a	n/a	n/a	n/a	paa	154.7901341	75	true	154.7201825	155.1716882
155.8330486	0.5443504999999789	trials	/intervals/trials	76	start_time	n/a	n/a	n/a	n/a	n/a	n/a	n/a	n/a	n/a	taa	155.9653207	76	true	155.8330486	156.3773991
155.9653207	0.0	cv_transition	/intervals/trials	76	cv_transition_time	n/a	n/a	n/a	n/a	n/a	n/a	n/a	n/a	n/a	taa	155.9653207	76	true	155.8330486	156.3773991
157.1087111	0.5189134999999965	trials	/intervals/trials	77	start_time	n/a	n/a	n/a	n/a	n/a	n/a	n/a	n/a	n/a	naa	157.2295365	77	true	157.1087111	157.6276246
157.2295365	0.0	cv_transition	/intervals/trials	77	cv_transition_time	n/a	n/a	n/a	n/a	n/a	n/a	n/a	n/a	n/a	naa	157.2295365	77	true	157.1087111	157.6276246
158.2482859	0.6130302999999913	trials	/intervals/trials	78	start_time	n/a	n/a	n/a	n/a	n/a	n/a	n/a	n/a	n/a	saa	158.4657718	78	true	158.2482859	158.8613162
158.4657718	0.0	cv_transition	/intervals/trials	78	cv_transition_time	n/a	n/a	n/a	n/a	n/a	n/a	n/a	n/a	n/a	saa	158.4657718	78	true	158.2482859	158.8613162
159.3382588	0.6715351999999939	trials	/intervals/trials	79	start_time	n/a	n/a	n/a	n/a	n/a	n/a	n/a	n/a	n/a	shoo	159.6422302	79	true	159.3382588	160.009794
159.6422302	0.0	cv_transition	/intervals/trials	79	cv_transition_time	n/a	n/a	n/a	n/a	n/a	n/a	n/a	n/a	n/a	shoo	159.6422302	79	true	159.3382588	160.009794
160.5783096	0.59649619999999	trials	/intervals/trials	80	start_time	n/a	n/a	n/a	n/a	n/a	n/a	n/a	n/a	n/a	foo	160.8008828	80	true	160.5783096	161.1748058
160.8008828	0.0	cv_transition	/intervals/trials	80	cv_transition_time	n/a	n/a	n/a	n/a	n/a	n/a	n/a	n/a	n/a	foo	160.8008828	80	true	160.5783096	161.1748058
161.9010304	0.42861239999999157	trials	/intervals/trials	81	start_time	n/a	n/a	n/a	n/a	n/a	n/a	n/a	n/a	n/a	daa	161.9150207	81	true	161.9010304	162.3296428
161.9150207	0.0	cv_transition	/intervals/trials	81	cv_transition_time	n/a	n/a	n/a	n/a	n/a	n/a	n/a	n/a	n/a	daa	161.9150207	81	true	161.9010304	162.3296428
162.8116728	0.6003118000000143	trials	/intervals/trials	82	start_time	n/a	n/a	n/a	n/a	n/a	n/a	n/a	n/a	n/a	faa	163.0151683	82	true	162.8116728	163.4119846
163.0151683	0.0	cv_transition	/intervals/trials	82	cv_transition_time	n/a	n/a	n/a	n/a	n/a	n/a	n/a	n/a	n/a	faa	163.0151683	82	true	162.8116728	163.4119846
164.0390051	0.4451464999999928	trials	/intervals/trials	83	start_time	n/a	n/a	n/a	n/a	n/a	n/a	n/a	n/a	n/a	goo	164.1102286	83	true	164.0390051	164.4841516
164.1102286	0.0	cv_transition	/intervals/trials	83	cv_transition_time	n/a	n/a	n/a	n/a	n/a	n/a	n/a	n/a	n/a	goo	164.1102286	83	true	164.0390051	164.4841516
165.1009974	0.5977680000000021	trials	/intervals/trials	84	start_time	n/a	n/a	n/a	n/a	n/a	n/a	n/a	n/a	n/a	mee	165.2765122	84	true	165.1009974	165.6987654
165.2765122	0.0	cv_transition	/intervals/trials	84	cv_transition_time	n/a	n/a	n/a	n/a	n/a	n/a	n/a	n/a	n/a	mee	165.2765122	84	true	165.1009974	165.6987654
166.250747	0.6257487000000026	trials	/intervals/trials	85	start_time	n/a	n/a	n/a	n/a	n/a	n/a	n/a	n/a	n/a	zaa	166.450427	85	true	166.250747	166.8764957
166.450427	0.0	cv_transition	/intervals/trials	85	cv_transition_time	n/a	n/a	n/a	n/a	n/a	n/a	n/a	n/a	n/a	zaa	166.450427	85	true	166.250747	166.8764957
167.555662	0.6422826999999813	trials	/intervals/trials	86	start_time	n/a	n/a	n/a	n/a	n/a	n/a	n/a	n/a	n/a	see	167.8138469	86	true	167.555662	168.1979447
167.8138469	0.0	cv_transition	/intervals/trials	86	cv_transition_time	n/a	n/a	n/a	n/a	n/a	n/a	n/a	n/a	n/a	see	167.8138469	86	true	167.555662	168.1979447
168.7461107	0.6575449000000049	trials	/intervals/trials	87	start_time	n/a	n/a	n/a	n/a	n/a	n/a	n/a	n/a	n/a	zoo	168.9864898	87	true	168.7461107	169.4036556
168.9864898	0.0	cv_transition	/intervals/trials	87	cv_transition_time	n/a	n/a	n/a	n/a	n/a	n/a	n/a	n/a	n/a	zoo	168.9864898	87	true	168.7461107	169.4036556
170.0701034	0.49093290000001844	trials	/intervals/trials	88	start_time	n/a	n/a	n/a	n/a	n/a	n/a	n/a	n/a	n/a	too	170.1413269	88	true	170.0701034	170.5610363
170.1413269	0.0	cv_transition	/intervals/trials	88	cv_transition_time	n/a	n/a	n/a	n/a	n/a	n/a	n/a	n/a	n/a	too	170.1413269	88	true	170.0701034	170.5610363
171.1409986	0.5812340000000233	trials	/intervals/trials	89	start_time	n/a	n/a	n/a	n/a	n/a	n/a	n/a	n/a	n/a	vee	171.3279601	89	true	171.1409986	171.7222326
171.3279601	0.0	cv_transition	/intervals/trials	89	cv_transition_time	n/a	n/a	n/a	n/a	n/a	n/a	n/a	n/a	n/a	vee	171.3279601	89	true	171.1409986	171.7222326
174.5330144	0.5570689999999843	trials	/intervals/trials	90	start_time	n/a	n/a	n/a	n/a	n/a	n/a	n/a	n/a	n/a	moo	174.6881797	90	true	174.5330144	175.0900834
174.6881797	0.0	cv_transition	/intervals/trials	90	cv_transition_time	n/a	n/a	n/a	n/a	n/a	n/a	n/a	n/a	n/a	moo	174.6881797	90	true	174.5330144	175.0900834
176.7841835	0.5557970999999782	trials	/intervals/trials	91	start_time	n/a	n/a	n/a	n/a	n/a	n/a	n/a	n/a	n/a	nee	176.9037371	91	true	176.7841835	177.3399806
176.9037371	0.0	cv_transition	/intervals/trials	91	cv_transition_time	n/a	n/a	n/a	n/a	n/a	n/a	n/a	n/a	n/a	nee	176.9037371	91	true	176.7841835	177.3399806
178.2442638	0.4133502999999905	trials	/intervals/trials	92	start_time	n/a	n/a	n/a	n/a	n/a	n/a	n/a	n/a	n/a	boo	178.2518949	92	true	178.2442638	178.6576141
178.2518949	0.0	cv_transition	/intervals/trials	92	cv_transition_time	n/a	n/a	n/a	n/a	n/a	n/a	n/a	n/a	n/a	boo	178.2518949	92	true	178.2442638	178.6576141
179.2146831	0.6003116999999918	trials	/intervals/trials	93	start_time	n/a	n/a	n/a	n/a	n/a	n/a	n/a	n/a	n/a	laa	179.4041882	93	true	179.2146831	179.8149948
179.4041882	0.0	cv_transition	/intervals/trials	93	cv_transition_time	n/a	n/a	n/a	n/a	n/a	n/a	n/a	n/a	n/a	laa	179.4041882	93	true	179.2146831	179.8149948
180.4292969	0.49602029999999786	trials	/intervals/trials	94	start_time	n/a	n/a	n/a	n/a	n/a	n/a	n/a	n/a	n/a	maa	180.5386757	94	true	180.4292969	180.9253172
180.5386757	0.0	cv_transition	/intervals/trials	94	cv_transition_time	n/a	n/a	n/a	n/a	n/a	n/a	n/a	n/a	n/a	maa	180.5386757	94	true	180.4292969	180.9253172
181.4226094	0.6499138000000073	trials	/intervals/trials	95	start_time	n/a	n/a	n/a	n/a	n/a	n/a	n/a	n/a	n/a	soo	181.6871535	95	true	181.4226094	182.0725232
181.6871535	0.0	cv_transition	/intervals/trials	95	cv_transition_time	n/a	n/a	n/a	n/a	n/a	n/a	n/a	n/a	n/a	soo	181.6871535	95	true	181.4226094	182.0725232
182.7516894	0.4896611000000064	trials	/intervals/trials	96	start_time	n/a	n/a	n/a	n/a	n/a	n/a	n/a	n/a	n/a	roo	182.8419906	96	true	182.7516894	183.2413505
182.8419906	0.0	cv_transition	/intervals/trials	96	cv_transition_time	n/a	n/a	n/a	n/a	n/a	n/a	n/a	n/a	n/a	roo	182.8419906	96	true	182.7516894	183.2413505
183.9879247	0.4998357999999996	trials	/intervals/trials	97	start_time	n/a	n/a	n/a	n/a	n/a	n/a	n/a	n/a	n/a	tee	184.0642355	97	true	183.9879247	184.4877605
184.0642355	0.0	cv_transition	/intervals/trials	97	cv_transition_time	n/a	n/a	n/a	n/a	n/a	n/a	n/a	n/a	n/a	tee	184.0642355	97	true	183.9879247	184.4877605
184.999043	0.6295642999999984	trials	/intervals/trials	98	start_time	n/a	n/a	n/a	n/a	n/a	n/a	n/a	n/a	n/a	haa	185.2356066	98	true	184.999043	185.6286073
185.2356066	0.0	cv_transition	/intervals/trials	98	cv_transition_time	n/a	n/a	n/a	n/a	n/a	n/a	n/a	n/a	n/a	haa	185.2356066	98	true	184.999043	185.6286073
186.2975988	0.512554300000005	trials	/intervals/trials	99	start_time	n/a	n/a	n/a	n/a	n/a	n/a	n/a	n/a	n/a	waa	186.4235116	99	true	186.2975988	186.8101531
186.4235116	0.0	cv_transition	/intervals/trials	99	cv_transition_time	n/a	n/a	n/a	n/a	n/a	n/a	n/a	n/a	n/a	waa	186.4235116	99	true	186.2975988	186.8101531
187.4409892	0.4922047999999961	trials	/intervals/trials	100	start_time	n/a	n/a	n/a	n/a	n/a	n/a	n/a	n/a	n/a	pee	187.533834	100	true	187.4409892	187.933194
187.533834	0.0	cv_transition	/intervals/trials	100	cv_transition_time	n/a	n/a	n/a	n/a	n/a	n/a	n/a	n/a	n/a	pee	187.533834	100	true	187.4409892	187.933194
188.56403	0.5570689999999843	trials	/intervals/trials	101	start_time	n/a	n/a	n/a	n/a	n/a	n/a	n/a	n/a	n/a	lee	188.6734089	101	true	188.56403	189.121099
188.6734089	0.0	cv_transition	/intervals/trials	101	cv_transition_time	n/a	n/a	n/a	n/a	n/a	n/a	n/a	n/a	n/a	lee	188.6734089	101	true	188.56403	189.121099
189.7659254	0.5634282000000042	trials	/intervals/trials	102	start_time	n/a	n/a	n/a	n/a	n/a	n/a	n/a	n/a	n/a	wee	189.9223626	102	true	189.7659254	190.3293536
189.9223626	0.0	cv_transition	/intervals/trials	102	cv_transition_time	n/a	n/a	n/a	n/a	n/a	n/a	n/a	n/a	n/a	wee	189.9223626	102	true	189.7659254	190.3293536
190.9322091	0.5049232000000075	trials	/intervals/trials	103	start_time	n/a	n/a	n/a	n/a	n/a	n/a	n/a	n/a	n/a	yaa	191.0479472	103	true	190.9322091	191.4371323
191.0479472	0.0	cv_transition	/intervals/trials	103	cv_transition_time	n/a	n/a	n/a	n/a	n/a	n/a	n/a	n/a	n/a	yaa	191.0479472	103	true	190.9322091	191.4371323
192.1468229	0.44260280000000307	trials	/intervals/trials	104	start_time	n/a	n/a	n/a	n/a	n/a	n/a	n/a	n/a	n/a	gaa	192.1811628	104	true	192.1468229	192.5894257
192.1811628	0.0	cv_transition	/intervals/trials	104	cv_transition_time	n/a	n/a	n/a	n/a	n/a	n/a	n/a	n/a	n/a	gaa	192.1811628	104	true	192.1468229	192.5894257
193.1172422	0.6448263999999995	trials	/intervals/trials	105	start_time	n/a	n/a	n/a	n/a	n/a	n/a	n/a	n/a	n/a	shaa	193.3359998	105	true	193.1172422	193.7620686
193.3359998	0.0	cv_transition	/intervals/trials	105	cv_transition_time	n/a	n/a	n/a	n/a	n/a	n/a	n/a	n/a	n/a	shaa	193.3359998	105	true	193.1172422	193.7620686
194.4437785	0.4654960000000017	trials	/intervals/trials	106	start_time	n/a	n/a	n/a	n/a	n/a	n/a	n/a	n/a	n/a	doo	194.4768466	106	true	194.4437785	194.9092745
194.4768466	0.0	cv_transition	/intervals/trials	106	cv_transition_time	n/a	n/a	n/a	n/a	n/a	n/a	n/a	n/a	n/a	doo	194.4768466	106	true	194.4437785	194.9092745
196.7966954	0.546894199999997	trials	/intervals/trials	107	start_time	n/a	n/a	n/a	n/a	n/a	n/a	n/a	n/a	n/a	raa	196.9073461	107	true	196.7966954	197.3435896
196.9073461	0.0	cv_transition	/intervals/trials	107	cv_transition_time	n/a	n/a	n/a	n/a	n/a	n/a	n/a	n/a	n/a	raa	196.9073461	107	true	196.7966954	197.3435896
197.8981149	0.6308361000000104	trials	/intervals/trials	108	start_time	n/a	n/a	n/a	n/a	n/a	n/a	n/a	n/a	n/a	shee	198.1537561	108	true	197.8981149	198.528951
198.1537561	0.0	cv_transition	/intervals/trials	108	cv_transition_time	n/a	n/a	n/a	n/a	n/a	n/a	n/a	n/a	n/a	shee	198.1537561	108	true	197.8981149	198.528951
199.4573992	0.4909330000000125	trials	/intervals/trials	109	start_time	n/a	n/a	n/a	n/a	n/a	n/a	n/a	n/a	n/a	yoo	199.5540596	109	true	199.4573992	199.9483322
199.5540596	0.0	cv_transition	/intervals/trials	109	cv_transition_time	n/a	n/a	n/a	n/a	n/a	n/a	n/a	n/a	n/a	yoo	199.5540596	109	true	199.4573992	199.9483322
200.6554791	0.3751948000000027	trials	/intervals/trials	110	start_time	n/a	n/a	n/a	n/a	n/a	n/a	n/a	n/a	n/a	baa	200.6656539	110	true	200.6554791	201.0306739
200.6656539	0.0	cv_transition	/intervals/trials	110	cv_transition_time	n/a	n/a	n/a	n/a	n/a	n/a	n/a	n/a	n/a	baa	200.6656539	110	true	200.6554791	201.0306739
201.8077724	0.5799621999999829	trials	/intervals/trials	111	start_time	n/a	n/a	n/a	n/a	n/a	n/a	n/a	n/a	n/a	zee	201.9985495	111	true	201.8077724	202.3877346
201.9985495	0.0	cv_transition	/intervals/trials	111	cv_transition_time	n/a	n/a	n/a	n/a	n/a	n/a	n/a	n/a	n/a	zee	201.9985495	111	true	201.8077724	202.3877346
203.0732601	0.4324279999999874	trials	/intervals/trials	112	start_time	n/a	n/a	n/a	n/a	n/a	n/a	n/a	n/a	n/a	gee	203.1254059	112	true	203.0732601	203.5056881
203.1254059	0.0	cv_transition	/intervals/trials	112	cv_transition_time	n/a	n/a	n/a	n/a	n/a	n/a	n/a	n/a	n/a	gee	203.1254059	112	true	203.0732601	203.5056881
204.1759515	0.5379911999999933	trials	/intervals/trials	113	start_time	n/a	n/a	n/a	n/a	n/a	n/a	n/a	n/a	n/a	kee	204.2764274	113	true	204.1759515	204.7139427
204.2764274	0.0	cv_transition	/intervals/trials	113	cv_transition_time	n/a	n/a	n/a	n/a	n/a	n/a	n/a	n/a	n/a	kee	204.2764274	113	true	204.1759515	204.7139427
205.2824583	0.5100105999999869	trials	/intervals/trials	114	start_time	n/a	n/a	n/a	n/a	n/a	n/a	n/a	n/a	n/a	ree	205.4045556	114	true	205.2824583	205.7924689
205.4045556	0.0	cv_transition	/intervals/trials	114	cv_transition_time	n/a	n/a	n/a	n/a	n/a	n/a	n/a	n/a	n/a	ree	205.4045556	114	true	205.2824583	205.7924689
207.6989675	0.4794862999999907	trials	/intervals/trials	115	start_time	n/a	n/a	n/a	n/a	n/a	n/a	n/a	n/a	n/a	voo	207.8147056	115	true	207.6989675	208.1784538
207.8147056	0.0	cv_transition	/intervals/trials	115	cv_transition_time	n/a	n/a	n/a	n/a	n/a	n/a	n/a	n/a	n/a	voo	207.8147056	115	true	207.6989675	208.1784538
208.8449016	0.5621564000000205	trials	/intervals/trials	116	start_time	n/a	n/a	n/a	n/a	n/a	n/a	n/a	n/a	n/a	noo	208.9962514	116	true	208.8449016	209.407058
208.9962514	0.0	cv_transition	/intervals/trials	116	cv_transition_time	n/a	n/a	n/a	n/a	n/a	n/a	n/a	n/a	n/a	noo	208.9962514	116	true	208.8449016	209.407058
210.2083216	0.4654960000000017	trials	/intervals/trials	117	start_time	n/a	n/a	n/a	n/a	n/a	n/a	n/a	n/a	n/a	dee	210.2312148	117	true	210.2083216	210.6738176
210.2312148	0.0	cv_transition	/intervals/trials	117	cv_transition_time	n/a	n/a	n/a	n/a	n/a	n/a	n/a	n/a	n/a	dee	210.2312148	117	true	210.2083216	210.6738176
211.2537798	0.5049232000000075	trials	/intervals/trials	118	start_time	n/a	n/a	n/a	n/a	n/a	n/a	n/a	n/a	n/a	yee	211.3567994	118	true	211.2537798	211.758703
211.3567994	0.0	cv_transition	/intervals/trials	118	cv_transition_time	n/a	n/a	n/a	n/a	n/a	n/a	n/a	n/a	n/a	yee	211.3567994	118	true	211.2537798	211.758703
212.4035294	0.4667679000000078	trials	/intervals/trials	119	start_time	n/a	n/a	n/a	n/a	n/a	n/a	n/a	n/a	n/a	koo	212.473481	119	true	212.4035294	212.8702973
212.473481	0.0	cv_transition	/intervals/trials	119	cv_transition_time	n/a	n/a	n/a	n/a	n/a	n/a	n/a	n/a	n/a	koo	212.473481	119	true	212.4035294	212.8702973
213.479512	0.6486419000000012	trials	/intervals/trials	120	start_time	n/a	n/a	n/a	n/a	n/a	n/a	n/a	n/a	n/a	fee	213.719891	120	true	213.479512	214.1281539
213.719891	0.0	cv_transition	/intervals/trials	120	cv_transition_time	n/a	n/a	n/a	n/a	n/a	n/a	n/a	n/a	n/a	fee	213.719891	120	true	213.479512	214.1281539
214.6953976	0.5926806999999883	trials	/intervals/trials	121	start_time	n/a	n/a	n/a	n/a	n/a	n/a	n/a	n/a	n/a	hee	214.8759999	121	true	214.6953976	215.2880783
214.8759999	0.0	cv_transition	/intervals/trials	121	cv_transition_time	n/a	n/a	n/a	n/a	n/a	n/a	n/a	n/a	n/a	hee	214.8759999	121	true	214.6953976	215.2880783
215.9087396	0.5011077000000057	trials	/intervals/trials	122	start_time	n/a	n/a	n/a	n/a	n/a	n/a	n/a	n/a	n/a	vaa	216.0346525	122	true	215.9087396	216.4098473
216.0346525	0.0	cv_transition	/intervals/trials	122	cv_transition_time	n/a	n/a	n/a	n/a	n/a	n/a	n/a	n/a	n/a	vaa	216.0346525	122	true	215.9087396	216.4098473
217.1080913	0.5201853999999742	trials	/intervals/trials	123	start_time	n/a	n/a	n/a	n/a	n/a	n/a	n/a	n/a	n/a	loo	217.268344	123	true	217.1080913	217.6282767
217.268344	0.0	cv_transition	/intervals/trials	123	cv_transition_time	n/a	n/a	n/a	n/a	n/a	n/a	n/a	n/a	n/a	loo	217.268344	123	true	217.1080913	217.6282767
218.3010838	0.4871174000000167	trials	/intervals/trials	124	start_time	n/a	n/a	n/a	n/a	n/a	n/a	n/a	n/a	n/a	hoo	218.4231811	124	true	218.3010838	218.7882012
218.4231811	0.0	cv_transition	/intervals/trials	124	cv_transition_time	n/a	n/a	n/a	n/a	n/a	n/a	n/a	n/a	n/a	hoo	218.4231811	124	true	218.3010838	218.7882012
220.6870687	0.4311561000000097	trials	/intervals/trials	125	start_time	n/a	n/a	n/a	n/a	n/a	n/a	n/a	n/a	n/a	poo	220.7303115	125	true	220.6870687	221.1182248
220.7303115	0.0	cv_transition	/intervals/trials	125	cv_transition_time	n/a	n/a	n/a	n/a	n/a	n/a	n/a	n/a	n/a	poo	220.7303115	125	true	220.6870687	221.1182248
221.8864204	0.41462210000000255	trials	/intervals/trials	126	start_time	n/a	n/a	n/a	n/a	n/a	n/a	n/a	n/a	n/a	bee	221.8940514	126	true	221.8864204	222.3010425
221.8940514	0.0	cv_transition	/intervals/trials	126	cv_transition_time	n/a	n/a	n/a	n/a	n/a	n/a	n/a	n/a	n/a	bee	221.8940514	126	true	221.8864204	222.3010425
222.9585873	0.4247968999999898	trials	/intervals/trials	127	start_time	n/a	n/a	n/a	n/a	n/a	n/a	n/a	n/a	n/a	paa	223.0476166	127	true	222.9585873	223.3833842
223.0476166	0.0	cv_transition	/intervals/trials	127	cv_transition_time	n/a	n/a	n/a	n/a	n/a	n/a	n/a	n/a	n/a	paa	223.0476166	127	true	222.9585873	223.3833842
224.1019778	0.44769010000001686	trials	/intervals/trials	128	start_time	n/a	n/a	n/a	n/a	n/a	n/a	n/a	n/a	n/a	taa	224.2037255	128	true	224.1019778	224.5496679
224.2037255	0.0	cv_transition	/intervals/trials	128	cv_transition_time	n/a	n/a	n/a	n/a	n/a	n/a	n/a	n/a	n/a	taa	224.2037255	128	true	224.1019778	224.5496679
225.263174	0.47948630000001913	trials	/intervals/trials	129	start_time	n/a	n/a	n/a	n/a	n/a	n/a	n/a	n/a	n/a	naa	225.3725529	129	true	225.263174	225.7426603
225.3725529	0.0	cv_transition	/intervals/trials	129	cv_transition_time	n/a	n/a	n/a	n/a	n/a	n/a	n/a	n/a	n/a	naa	225.3725529	129	true	225.263174	225.7426603
226.302273	0.6232049999999845	trials	/intervals/trials	130	start_time	n/a	n/a	n/a	n/a	n/a	n/a	n/a	n/a	n/a	saa	226.5223025	130	true	226.302273	226.925478
226.5223025	0.0	cv_transition	/intervals/trials	130	cv_transition_time	n/a	n/a	n/a	n/a	n/a	n/a	n/a	n/a	n/a	saa	226.5223025	130	true	226.302273	226.925478
227.4316731	0.6448263999999995	trials	/intervals/trials	131	start_time	n/a	n/a	n/a	n/a	n/a	n/a	n/a	n/a	n/a	shoo	227.6771396	131	true	227.4316731	228.0764995
227.6771396	0.0	cv_transition	/intervals/trials	131	cv_transition_time	n/a	n/a	n/a	n/a	n/a	n/a	n/a	n/a	n/a	shoo	227.6771396	131	true	227.4316731	228.0764995
228.5534421	0.6181175999999766	trials	/intervals/trials	132	start_time	n/a	n/a	n/a	n/a	n/a	n/a	n/a	n/a	n/a	foo	228.7760153	132	true	228.5534421	229.1715597
228.7760153	0.0	cv_transition	/intervals/trials	132	cv_transition_time	n/a	n/a	n/a	n/a	n/a	n/a	n/a	n/a	n/a	foo	228.7760153	132	true	228.5534421	229.1715597
229.8291046	0.3853696000000184	trials	/intervals/trials	133	start_time	n/a	n/a	n/a	n/a	n/a	n/a	n/a	n/a	n/a	daa	229.8443668	133	true	229.8291046	230.2144742
229.8443668	0.0	cv_transition	/intervals/trials	133	cv_transition_time	n/a	n/a	n/a	n/a	n/a	n/a	n/a	n/a	n/a	daa	229.8443668	133	true	229.8291046	230.2144742
230.864388	0.5481661000000031	trials	/intervals/trials	134	start_time	n/a	n/a	n/a	n/a	n/a	n/a	n/a	n/a	n/a	faa	231.0348155	134	true	230.864388	231.4125541
231.0348155	0.0	cv_transition	/intervals/trials	134	cv_transition_time	n/a	n/a	n/a	n/a	n/a	n/a	n/a	n/a	n/a	faa	231.0348155	134	true	230.864388	231.4125541
233.2312952	0.4794862999999907	trials	/intervals/trials	135	start_time	n/a	n/a	n/a	n/a	n/a	n/a	n/a	n/a	n/a	mee	233.3292274	135	true	233.2312952	233.7107815
233.3292274	0.0	cv_transition	/intervals/trials	135	cv_transition_time	n/a	n/a	n/a	n/a	n/a	n/a	n/a	n/a	n/a	mee	233.3292274	135	true	233.2312952	233.7107815
234.2691223	0.588865200000015	trials	/intervals/trials	136	start_time	n/a	n/a	n/a	n/a	n/a	n/a	n/a	n/a	n/a	zaa	234.4433654	136	true	234.2691223	234.8579875
234.4433654	0.0	cv_transition	/intervals/trials	136	cv_transition_time	n/a	n/a	n/a	n/a	n/a	n/a	n/a	n/a	n/a	zaa	234.4433654	136	true	234.2691223	234.8579875
235.3489204	0.6626323000000127	trials	/intervals/trials	137	start_time	n/a	n/a	n/a	n/a	n/a	n/a	n/a	n/a	n/a	see	235.6198238	137	true	235.3489204	236.0115527
235.6198238	0.0	cv_transition	/intervals/trials	137	cv_transition_time	n/a	n/a	n/a	n/a	n/a	n/a	n/a	n/a	n/a	see	235.6198238	137	true	235.3489204	236.0115527
236.7174277	0.5303601999999898	trials	/intervals/trials	138	start_time	n/a	n/a	n/a	n/a	n/a	n/a	n/a	n/a	n/a	zoo	236.8764086	138	true	236.7174277	237.2477879
236.8764086	0.0	cv_transition	/intervals/trials	138	cv_transition_time	n/a	n/a	n/a	n/a	n/a	n/a	n/a	n/a	n/a	zoo	236.8764086	138	true	236.7174277	237.2477879
237.9473037	0.5023796000000118	trials	/intervals/trials	139	start_time	n/a	n/a	n/a	n/a	n/a	n/a	n/a	n/a	n/a	too	238.0325175	139	true	237.9473037	238.4496833
238.0325175	0.0	cv_transition	/intervals/trials	139	cv_transition_time	n/a	n/a	n/a	n/a	n/a	n/a	n/a	n/a	n/a	too	238.0325175	139	true	237.9473037	238.4496833
239.1784516	0.476942600000001	trials	/intervals/trials	140	start_time	n/a	n/a	n/a	n/a	n/a	n/a	n/a	n/a	n/a	vee	239.2395003	140	true	239.1784516	239.6553942
239.2395003	0.0	cv_transition	/intervals/trials	140	cv_transition_time	n/a	n/a	n/a	n/a	n/a	n/a	n/a	n/a	n/a	vee	239.2395003	140	true	239.1784516	239.6553942
241.5084752	0.441330899999997	trials	/intervals/trials	141	start_time	n/a	n/a	n/a	n/a	n/a	n/a	n/a	n/a	n/a	moo	241.6191259	141	true	241.5084752	241.9498061
241.6191259	0.0	cv_transition	/intervals/trials	141	cv_transition_time	n/a	n/a	n/a	n/a	n/a	n/a	n/a	n/a	n/a	moo	241.6191259	141	true	241.5084752	241.9498061
245.1332391	0.6003116999999918	trials	/intervals/trials	142	start_time	n/a	n/a	n/a	n/a	n/a	n/a	n/a	n/a	n/a	nee	245.2884044	142	true	245.1332391	245.7335508
245.2884044	0.0	cv_transition	/intervals/trials	142	cv_transition_time	n/a	n/a	n/a	n/a	n/a	n/a	n/a	n/a	n/a	nee	245.2884044	142	true	245.1332391	245.7335508
247.3437091	0.4578648999999757	trials	/intervals/trials	143	start_time	n/a	n/a	n/a	n/a	n/a	n/a	n/a	n/a	n/a	laa	247.4810685	143	true	247.3437091	247.801574
247.4810685	0.0	cv_transition	/intervals/trials	143	cv_transition_time	n/a	n/a	n/a	n/a	n/a	n/a	n/a	n/a	n/a	laa	247.4810685	143	true	247.3437091	247.801574
248.4514878	0.3942724999999996	trials	/intervals/trials	144	start_time	n/a	n/a	n/a	n/a	n/a	n/a	n/a	n/a	n/a	maa	248.5481481	144	true	248.4514878	248.8457603
248.5481481	0.0	cv_transition	/intervals/trials	144	cv_transition_time	n/a	n/a	n/a	n/a	n/a	n/a	n/a	n/a	n/a	maa	248.5481481	144	true	248.4514878	248.8457603
249.4371692	0.6143020000000092	trials	/intervals/trials	145	start_time	n/a	n/a	n/a	n/a	n/a	n/a	n/a	n/a	n/a	soo	249.6597424	145	true	249.4371692	250.0514712
249.6597424	0.0	cv_transition	/intervals/trials	145	cv_transition_time	n/a	n/a	n/a	n/a	n/a	n/a	n/a	n/a	n/a	soo	249.6597424	145	true	249.4371692	250.0514712
250.867997	0.39935990000000743	trials	/intervals/trials	146	start_time	n/a	n/a	n/a	n/a	n/a	n/a	n/a	n/a	n/a	roo	250.9468515	146	true	250.867997	251.2673569
250.9468515	0.0	cv_transition	/intervals/trials	146	cv_transition_time	n/a	n/a	n/a	n/a	n/a	n/a	n/a	n/a	n/a	roo	250.9468515	146	true	250.867997	251.2673569
253.2285449	0.4654960000000017	trials	/intervals/trials	147	start_time	n/a	n/a	n/a	n/a	n/a	n/a	n/a	n/a	n/a	haa	253.4040598	147	true	253.2285449	253.6940409
253.4040598	0.0	cv_transition	/intervals/trials	147	cv_transition_time	n/a	n/a	n/a	n/a	n/a	n/a	n/a	n/a	n/a	haa	253.4040598	147	true	253.2285449	253.6940409
254.4622365	0.43624350000001755	trials	/intervals/trials	148	start_time	n/a	n/a	n/a	n/a	n/a	n/a	n/a	n/a	n/a	waa	254.5754309	148	true	254.4622365	254.89848
254.5754309	0.0	cv_transition	/intervals/trials	148	cv_transition_time	n/a	n/a	n/a	n/a	n/a	n/a	n/a	n/a	n/a	waa	254.5754309	148	true	254.4622365	254.89848
255.6094425	0.47058329999998705	trials	/intervals/trials	149	start_time	n/a	n/a	n/a	n/a	n/a	n/a	n/a	n/a	n/a	pee	255.7162776	149	true	255.6094425	256.0800258
255.7162776	0.0	cv_transition	/intervals/trials	149	cv_transition_time	n/a	n/a	n/a	n/a	n/a	n/a	n/a	n/a	n/a	pee	255.7162776	149	true	255.6094425	256.0800258
256.6549007	0.5201854000000026	trials	/intervals/trials	150	start_time	n/a	n/a	n/a	n/a	n/a	n/a	n/a	n/a	n/a	lee	256.8367748	150	true	256.6549007	257.1750861
256.8367748	0.0	cv_transition	/intervals/trials	150	cv_transition_time	n/a	n/a	n/a	n/a	n/a	n/a	n/a	n/a	n/a	lee	256.8367748	150	true	256.6549007	257.1750861
257.8389902	0.5176417000000129	trials	/intervals/trials	151	start_time	n/a	n/a	n/a	n/a	n/a	n/a	n/a	n/a	n/a	wee	257.9598156	151	true	257.8389902	258.3566319
257.9598156	0.0	cv_transition	/intervals/trials	151	cv_transition_time	n/a	n/a	n/a	n/a	n/a	n/a	n/a	n/a	n/a	wee	257.9598156	151	true	257.8389902	258.3566319
259.0090894	0.5329037999999855	trials	/intervals/trials	152	start_time	n/a	n/a	n/a	n/a	n/a	n/a	n/a	n/a	n/a	yaa	259.1057497	152	true	259.0090894	259.5419932
259.1057497	0.0	cv_transition	/intervals/trials	152	cv_transition_time	n/a	n/a	n/a	n/a	n/a	n/a	n/a	n/a	n/a	yaa	259.1057497	152	true	259.0090894	259.5419932
260.2071692	0.41716579999996384	trials	/intervals/trials	153	start_time	n/a	n/a	n/a	n/a	n/a	n/a	n/a	n/a	n/a	gaa	260.2351498	153	true	260.2071692	260.624335
260.2351498	0.0	cv_transition	/intervals/trials	153	cv_transition_time	n/a	n/a	n/a	n/a	n/a	n/a	n/a	n/a	n/a	gaa	260.2351498	153	true	260.2071692	260.624335
261.181404	0.6333798000000002	trials	/intervals/trials	154	start_time	n/a	n/a	n/a	n/a	n/a	n/a	n/a	n/a	n/a	shaa	261.4281423	154	true	261.181404	261.8147838
261.4281423	0.0	cv_transition	/intervals/trials	154	cv_transition_time	n/a	n/a	n/a	n/a	n/a	n/a	n/a	n/a	n/a	shaa	261.4281423	154	true	261.181404	261.8147838
262.5511832	0.4362434999999891	trials	/intervals/trials	155	start_time	n/a	n/a	n/a	n/a	n/a	n/a	n/a	n/a	n/a	doo	262.5829793	155	true	262.5511832	262.9874267
262.5829793	0.0	cv_transition	/intervals/trials	155	cv_transition_time	n/a	n/a	n/a	n/a	n/a	n/a	n/a	n/a	n/a	doo	262.5829793	155	true	262.5511832	262.9874267
263.624622	0.4553212000000144	trials	/intervals/trials	156	start_time	n/a	n/a	n/a	n/a	n/a	n/a	n/a	n/a	n/a	woo	263.732729	156	true	263.624622	264.0799432
263.732729	0.0	cv_transition	/intervals/trials	156	cv_transition_time	n/a	n/a	n/a	n/a	n/a	n/a	n/a	n/a	n/a	woo	263.732729	156	true	263.624622	264.0799432
265.4827904	0.48330179999999245	trials	/intervals/trials	157	start_time	n/a	n/a	n/a	n/a	n/a	n/a	n/a	n/a	n/a	raa	265.5972566	157	true	265.4827904	265.9660922
265.5972566	0.0	cv_transition	/intervals/trials	157	cv_transition_time	n/a	n/a	n/a	n/a	n/a	n/a	n/a	n/a	n/a	raa	265.5972566	157	true	265.4827904	265.9660922
266.4722873	0.6079429000000118	trials	/intervals/trials	158	start_time	n/a	n/a	n/a	n/a	n/a	n/a	n/a	n/a	n/a	shee	266.724113	158	true	266.4722873	267.0802302
266.724113	0.0	cv_transition	/intervals/trials	158	cv_transition_time	n/a	n/a	n/a	n/a	n/a	n/a	n/a	n/a	n/a	shee	266.724113	158	true	266.4722873	267.0802302
267.8725908	0.4807581999999684	trials	/intervals/trials	159	start_time	n/a	n/a	n/a	n/a	n/a	n/a	n/a	n/a	n/a	yoo	267.9730667	159	true	267.8725908	268.353349
267.9730667	0.0	cv_transition	/intervals/trials	159	cv_transition_time	n/a	n/a	n/a	n/a	n/a	n/a	n/a	n/a	n/a	yoo	267.9730667	159	true	267.8725908	268.353349
269.0325153	0.3751947999999743	trials	/intervals/trials	160	start_time	n/a	n/a	n/a	n/a	n/a	n/a	n/a	n/a	n/a	baa	269.0401463	160	true	269.0325153	269.4077101
269.0401463	0.0	cv_transition	/intervals/trials	160	cv_transition_time	n/a	n/a	n/a	n/a	n/a	n/a	n/a	n/a	n/a	baa	269.0401463	160	true	269.0325153	269.4077101
270.0258277	0.5812341000000174	trials	/intervals/trials	161	start_time	n/a	n/a	n/a	n/a	n/a	n/a	n/a	n/a	n/a	zee	270.2013426	161	true	270.0258277	270.6070618
270.2013426	0.0	cv_transition	/intervals/trials	161	cv_transition_time	n/a	n/a	n/a	n/a	n/a	n/a	n/a	n/a	n/a	zee	270.2013426	161	true	270.0258277	270.6070618
271.3561796	0.4693115999999691	trials	/intervals/trials	162	start_time	n/a	n/a	n/a	n/a	n/a	n/a	n/a	n/a	n/a	gee	271.4185001	162	true	271.3561796	271.8254912
271.4185001	0.0	cv_transition	/intervals/trials	162	cv_transition_time	n/a	n/a	n/a	n/a	n/a	n/a	n/a	n/a	n/a	gee	271.4185001	162	true	271.3561796	271.8254912
272.5504439	0.4438746000000151	trials	/intervals/trials	163	start_time	n/a	n/a	n/a	n/a	n/a	n/a	n/a	n/a	n/a	kee	272.6471043	163	true	272.5504439	272.9943185
272.6471043	0.0	cv_transition	/intervals/trials	163	cv_transition_time	n/a	n/a	n/a	n/a	n/a	n/a	n/a	n/a	n/a	kee	272.6471043	163	true	272.5504439	272.9943185
273.6849314	0.46168049999999994	trials	/intervals/trials	164	start_time	n/a	n/a	n/a	n/a	n/a	n/a	n/a	n/a	n/a	ree	273.7752326	164	true	273.6849314	274.1466119
273.7752326	0.0	cv_transition	/intervals/trials	164	cv_transition_time	n/a	n/a	n/a	n/a	n/a	n/a	n/a	n/a	n/a	ree	273.7752326	164	true	273.6849314	274.1466119
275.9882463	0.46803959999999734	trials	/intervals/trials	165	start_time	n/a	n/a	n/a	n/a	n/a	n/a	n/a	n/a	n/a	voo	276.098897	165	true	275.9882463	276.4562859
276.098897	0.0	cv_transition	/intervals/trials	165	cv_transition_time	n/a	n/a	n/a	n/a	n/a	n/a	n/a	n/a	n/a	voo	276.098897	165	true	275.9882463	276.4562859
277.0820347	0.4883891999999719	trials	/intervals/trials	166	start_time	n/a	n/a	n/a	n/a	n/a	n/a	n/a	n/a	n/a	noo	277.2193941	166	true	277.0820347	277.5704239
277.2193941	0.0	cv_transition	/intervals/trials	166	cv_transition_time	n/a	n/a	n/a	n/a	n/a	n/a	n/a	n/a	n/a	noo	277.2193941	166	true	277.0820347	277.5704239
278.3284447	0.406991000000005	trials	/intervals/trials	167	start_time	n/a	n/a	n/a	n/a	n/a	n/a	n/a	n/a	n/a	dee	278.3500661	167	true	278.3284447	278.7354357
278.3500661	0.0	cv_transition	/intervals/trials	167	cv_transition_time	n/a	n/a	n/a	n/a	n/a	n/a	n/a	n/a	n/a	dee	278.3500661	167	true	278.3284447	278.7354357
279.3446504	0.5074668999999972	trials	/intervals/trials	168	start_time	n/a	n/a	n/a	n/a	n/a	n/a	n/a	n/a	n/a	yee	279.4222331	168	true	279.3446504	279.8521173
279.4222331	0.0	cv_transition	/intervals/trials	168	cv_transition_time	n/a	n/a	n/a	n/a	n/a	n/a	n/a	n/a	n/a	yee	279.4222331	168	true	279.3446504	279.8521173
281.6721303	0.5723312000000078	trials	/intervals/trials	169	start_time	n/a	n/a	n/a	n/a	n/a	n/a	n/a	n/a	n/a	fee	281.8781695	169	true	281.6721303	282.2444615
281.8781695	0.0	cv_transition	/intervals/trials	169	cv_transition_time	n/a	n/a	n/a	n/a	n/a	n/a	n/a	n/a	n/a	fee	281.8781695	169	true	281.6721303	282.2444615
282.9172685	0.5303602000000183	trials	/intervals/trials	170	start_time	n/a	n/a	n/a	n/a	n/a	n/a	n/a	n/a	n/a	hee	283.0253755	170	true	282.9172685	283.4476287
283.0253755	0.0	cv_transition	/intervals/trials	170	cv_transition_time	n/a	n/a	n/a	n/a	n/a	n/a	n/a	n/a	n/a	hee	283.0253755	170	true	282.9172685	283.4476287
284.1153483	0.42861249999998563	trials	/intervals/trials	171	start_time	n/a	n/a	n/a	n/a	n/a	n/a	n/a	n/a	n/a	vaa	284.1967465	171	true	284.1153483	284.5439608
284.1967465	0.0	cv_transition	/intervals/trials	171	cv_transition_time	n/a	n/a	n/a	n/a	n/a	n/a	n/a	n/a	n/a	vaa	284.1967465	171	true	284.1153483	284.5439608
285.2091367	0.49729220000000396	trials	/intervals/trials	172	start_time	n/a	n/a	n/a	n/a	n/a	n/a	n/a	n/a	n/a	loo	285.3528554	172	true	285.2091367	285.7064289
285.3528554	0.0	cv_transition	/intervals/trials	172	cv_transition_time	n/a	n/a	n/a	n/a	n/a	n/a	n/a	n/a	n/a	loo	285.3528554	172	true	285.2091367	285.7064289
286.4415564	0.45150569999998424	trials	/intervals/trials	173	start_time	n/a	n/a	n/a	n/a	n/a	n/a	n/a	n/a	n/a	hoo	286.511508	173	true	286.4415564	286.8930621
286.511508	0.0	cv_transition	/intervals/trials	173	cv_transition_time	n/a	n/a	n/a	n/a	n/a	n/a	n/a	n/a	n/a	hoo	286.511508	173	true	286.4415564	286.8930621
287.6116556	0.44896199999999453	trials	/intervals/trials	174	start_time	n/a	n/a	n/a	n/a	n/a	n/a	n/a	n/a	n/a	kaa	287.6676169	174	true	287.6116556	288.0606176
287.6676169	0.0	cv_transition	/intervals/trials	174	cv_transition_time	n/a	n/a	n/a	n/a	n/a	n/a	n/a	n/a	n/a	kaa	287.6676169	174	true	287.6116556	288.0606176
288.755046	0.41462210000003097	trials	/intervals/trials	175	start_time	n/a	n/a	n/a	n/a	n/a	n/a	n/a	n/a	n/a	poo	288.7995607	175	true	288.755046	289.1696681
288.7995607	0.0	cv_transition	/intervals/trials	175	cv_transition_time	n/a	n/a	n/a	n/a	n/a	n/a	n/a	n/a	n/a	poo	288.7995607	175	true	288.755046	289.1696681
289.960757	0.40190360000002556	trials	/intervals/trials	176	start_time	n/a	n/a	n/a	n/a	n/a	n/a	n/a	n/a	n/a	bee	289.968388	176	true	289.960757	290.3626606
289.968388	0.0	cv_transition	/intervals/trials	176	cv_transition_time	n/a	n/a	n/a	n/a	n/a	n/a	n/a	n/a	n/a	bee	289.968388	176	true	289.960757	290.3626606
291.0761667	0.42861249999998563	trials	/intervals/trials	177	start_time	n/a	n/a	n/a	n/a	n/a	n/a	n/a	n/a	n/a	paa	291.1219532	177	true	291.0761667	291.5047792
291.1219532	0.0	cv_transition	/intervals/trials	177	cv_transition_time	n/a	n/a	n/a	n/a	n/a	n/a	n/a	n/a	n/a	paa	291.1219532	177	true	291.0761667	291.5047792
292.2348193	0.41970949999995355	trials	/intervals/trials	178	start_time	n/a	n/a	n/a	n/a	n/a	n/a	n/a	n/a	n/a	taa	292.2818776	178	true	292.2348193	292.6545288
292.2818776	0.0	cv_transition	/intervals/trials	178	cv_transition_time	n/a	n/a	n/a	n/a	n/a	n/a	n/a	n/a	n/a	taa	292.2818776	178	true	292.2348193	292.6545288
293.3693068	0.4324280000000158	trials	/intervals/trials	179	start_time	n/a	n/a	n/a	n/a	n/a	n/a	n/a	n/a	n/a	naa	293.4723264	179	true	293.3693068	293.8017348
293.4723264	0.0	cv_transition	/intervals/trials	179	cv_transition_time	n/a	n/a	n/a	n/a	n/a	n/a	n/a	n/a	n/a	naa	293.4723264	179	true	293.3693068	293.8017348
294.4185805	0.5596127000000024	trials	/intervals/trials	180	start_time	n/a	n/a	n/a	n/a	n/a	n/a	n/a	n/a	n/a	saa	294.6373382	180	true	294.4185805	294.9781932
294.6373382	0.0	cv_transition	/intervals/trials	180	cv_transition_time	n/a	n/a	n/a	n/a	n/a	n/a	n/a	n/a	n/a	saa	294.6373382	180	true	294.4185805	294.9781932
295.5924953	0.5634281999999757	trials	/intervals/trials	181	start_time	n/a	n/a	n/a	n/a	n/a	n/a	n/a	n/a	n/a	shoo	295.8150685	181	true	295.5924953	296.1559235
295.8150685	0.0	cv_transition	/intervals/trials	181	cv_transition_time	n/a	n/a	n/a	n/a	n/a	n/a	n/a	n/a	n/a	shoo	295.8150685	181	true	295.5924953	296.1559235
296.7969344	0.5125542999999766	trials	/intervals/trials	182	start_time	n/a	n/a	n/a	n/a	n/a	n/a	n/a	n/a	n/a	foo	296.9520997	182	true	296.7969344	297.3094887
296.9520997	0.0	cv_transition	/intervals/trials	182	cv_transition_time	n/a	n/a	n/a	n/a	n/a	n/a	n/a	n/a	n/a	foo	296.9520997	182	true	296.7969344	297.3094887
298.0090045	0.3968163000000118	trials	/intervals/trials	183	start_time	n/a	n/a	n/a	n/a	n/a	n/a	n/a	n/a	n/a	daa	298.0268104	183	true	298.0090045	298.4058208
298.0268104	0.0	cv_transition	/intervals/trials	183	cv_transition_time	n/a	n/a	n/a	n/a	n/a	n/a	n/a	n/a	n/a	daa	298.0268104	183	true	298.0090045	298.4058208
299.0875307	0.5023795999999834	trials	/intervals/trials	184	start_time	n/a	n/a	n/a	n/a	n/a	n/a	n/a	n/a	n/a	faa	299.2236183	184	true	299.0875307	299.5899103
299.2236183	0.0	cv_transition	/intervals/trials	184	cv_transition_time	n/a	n/a	n/a	n/a	n/a	n/a	n/a	n/a	n/a	faa	299.2236183	184	true	299.0875307	299.5899103
300.4089797	0.4057192000000214	trials	/intervals/trials	185	start_time	n/a	n/a	n/a	n/a	n/a	n/a	n/a	n/a	n/a	goo	300.4522225	185	true	300.4089797	300.8146989
300.4522225	0.0	cv_transition	/intervals/trials	185	cv_transition_time	n/a	n/a	n/a	n/a	n/a	n/a	n/a	n/a	n/a	goo	300.4522225	185	true	300.4089797	300.8146989
301.5739915	0.4489620000000514	trials	/intervals/trials	186	start_time	n/a	n/a	n/a	n/a	n/a	n/a	n/a	n/a	n/a	mee	301.6604771	186	true	301.5739915	302.0229535
301.6604771	0.0	cv_transition	/intervals/trials	186	cv_transition_time	n/a	n/a	n/a	n/a	n/a	n/a	n/a	n/a	n/a	mee	301.6604771	186	true	301.5739915	302.0229535
302.675411	0.5621563000000265	trials	/intervals/trials	187	start_time	n/a	n/a	n/a	n/a	n/a	n/a	n/a	n/a	n/a	zaa	302.8458385	187	true	302.675411	303.2375673
302.8458385	0.0	cv_transition	/intervals/trials	187	cv_transition_time	n/a	n/a	n/a	n/a	n/a	n/a	n/a	n/a	n/a	zaa	302.8458385	187	true	302.675411	303.2375673
303.9078307	0.5456223000000477	trials	/intervals/trials	188	start_time	n/a	n/a	n/a	n/a	n/a	n/a	n/a	n/a	n/a	see	304.0833456	188	true	303.9078307	304.453453
304.0833456	0.0	cv_transition	/intervals/trials	188	cv_transition_time	n/a	n/a	n/a	n/a	n/a	n/a	n/a	n/a	n/a	see	304.0833456	188	true	303.9078307	304.453453
305.0664833	0.5736029999999914	trials	/intervals/trials	189	start_time	n/a	n/a	n/a	n/a	n/a	n/a	n/a	n/a	n/a	zoo	305.2280078	189	true	305.0664833	305.6400863
305.2280078	0.0	cv_transition	/intervals/trials	189	cv_transition_time	n/a	n/a	n/a	n/a	n/a	n/a	n/a	n/a	n/a	zoo	305.2280078	189	true	305.0664833	305.6400863
306.3739419	0.49347670000003063	trials	/intervals/trials	190	start_time	n/a	n/a	n/a	n/a	n/a	n/a	n/a	n/a	n/a	too	306.4667868	190	true	306.3739419	306.8674186
306.4667868	0.0	cv_transition	/intervals/trials	190	cv_transition_time	n/a	n/a	n/a	n/a	n/a	n/a	n/a	n/a	n/a	too	306.4667868	190	true	306.3739419	306.8674186
307.5084294	0.49729220000000396	trials	/intervals/trials	191	start_time	n/a	n/a	n/a	n/a	n/a	n/a	n/a	n/a	n/a	vee	307.6025461	191	true	307.5084294	308.0057216
307.6025461	0.0	cv_transition	/intervals/trials	191	cv_transition_time	n/a	n/a	n/a	n/a	n/a	n/a	n/a	n/a	n/a	vee	307.6025461	191	true	307.5084294	308.0057216
309.8384531	0.420981299999994	trials	/intervals/trials	192	start_time	n/a	n/a	n/a	n/a	n/a	n/a	n/a	n/a	n/a	moo	309.9351134	192	true	309.8384531	310.2594344
309.9351134	0.0	cv_transition	/intervals/trials	192	cv_transition_time	n/a	n/a	n/a	n/a	n/a	n/a	n/a	n/a	n/a	moo	309.9351134	192	true	309.8384531	310.2594344
312.057826	0.4756708000000458	trials	/intervals/trials	193	start_time	n/a	n/a	n/a	n/a	n/a	n/a	n/a	n/a	n/a	nee	312.1557582	193	true	312.057826	312.5334968
312.1557582	0.0	cv_transition	/intervals/trials	193	cv_transition_time	n/a	n/a	n/a	n/a	n/a	n/a	n/a	n/a	n/a	nee	312.1557582	193	true	312.057826	312.5334968
313.1846824	0.3603176000000303	trials	/intervals/trials	194	start_time	n/a	n/a	n/a	n/a	n/a	n/a	n/a	n/a	n/a	boo	313.2012164	194	true	313.1846824	313.545
313.2012164	0.0	cv_transition	/intervals/trials	194	cv_transition_time	n/a	n/a	n/a	n/a	n/a	n/a	n/a	n/a	n/a	boo	313.2012164	194	true	313.1846824	313.545
314.2822863	0.5061951000000136	trials	/intervals/trials	195	start_time	n/a	n/a	n/a	n/a	n/a	n/a	n/a	n/a	n/a	laa	314.4132866	195	true	314.2822863	314.7884814
314.4132866	0.0	cv_transition	/intervals/trials	195	cv_transition_time	n/a	n/a	n/a	n/a	n/a	n/a	n/a	n/a	n/a	laa	314.4132866	195	true	314.2822863	314.7884814
315.4956283	0.511282499999993	trials	/intervals/trials	196	start_time	n/a	n/a	n/a	n/a	n/a	n/a	n/a	n/a	n/a	maa	315.6126383	196	true	315.4956283	316.0069108
315.6126383	0.0	cv_transition	/intervals/trials	196	cv_transition_time	n/a	n/a	n/a	n/a	n/a	n/a	n/a	n/a	n/a	maa	315.6126383	196	true	315.4956283	316.0069108
316.5817856	0.5647001000000387	trials	/intervals/trials	197	start_time	n/a	n/a	n/a	n/a	n/a	n/a	n/a	n/a	n/a	soo	316.7916404	197	true	316.5817856	317.1464857
316.7916404	0.0	cv_transition	/intervals/trials	197	cv_transition_time	n/a	n/a	n/a	n/a	n/a	n/a	n/a	n/a	n/a	soo	316.7916404	197	true	316.5817856	317.1464857
317.8014869	0.5100105999999869	trials	/intervals/trials	198	start_time	n/a	n/a	n/a	n/a	n/a	n/a	n/a	n/a	n/a	roo	317.9490211	198	true	317.8014869	318.3114975
317.9490211	0.0	cv_transition	/intervals/trials	198	cv_transition_time	n/a	n/a	n/a	n/a	n/a	n/a	n/a	n/a	n/a	roo	317.9490211	198	true	317.8014869	318.3114975
319.0733338	0.5138261999999827	trials	/intervals/trials	199	start_time	n/a	n/a	n/a	n/a	n/a	n/a	n/a	n/a	n/a	tee	319.2195962	199	true	319.0733338	319.58716
319.2195962	0.0	cv_transition	/intervals/trials	199	cv_transition_time	n/a	n/a	n/a	n/a	n/a	n/a	n/a	n/a	n/a	tee	319.2195962	199	true	319.0733338	319.58716
320.252336	0.5430786000000012	trials	/intervals/trials	200	start_time	n/a	n/a	n/a	n/a	n/a	n/a	n/a	n/a	n/a	haa	320.4787247	200	true	320.252336	320.7954146
320.4787247	0.0	cv_transition	/intervals/trials	200	cv_transition_time	n/a	n/a	n/a	n/a	n/a	n/a	n/a	n/a	n/a	haa	320.4787247	200	true	320.252336	320.7954146
321.5000178	0.46168049999999994	trials	/intervals/trials	201	start_time	n/a	n/a	n/a	n/a	n/a	n/a	n/a	n/a	n/a	waa	321.5636102	201	true	321.5000178	321.9616983
321.5636102	0.0	cv_transition	/intervals/trials	201	cv_transition_time	n/a	n/a	n/a	n/a	n/a	n/a	n/a	n/a	n/a	waa	321.5636102	201	true	321.5000178	321.9616983
323.7333811	0.5049232000000075	trials	/intervals/trials	202	start_time	n/a	n/a	n/a	n/a	n/a	n/a	n/a	n/a	n/a	lee	323.8262259	202	true	323.7333811	324.2383043
323.8262259	0.0	cv_transition	/intervals/trials	202	cv_transition_time	n/a	n/a	n/a	n/a	n/a	n/a	n/a	n/a	n/a	lee	323.8262259	202	true	323.7333811	324.2383043
324.8424316	0.5074670000000197	trials	/intervals/trials	203	start_time	n/a	n/a	n/a	n/a	n/a	n/a	n/a	n/a	n/a	wee	324.9340046	203	true	324.8424316	325.3498986
324.9340046	0.0	cv_transition	/intervals/trials	203	cv_transition_time	n/a	n/a	n/a	n/a	n/a	n/a	n/a	n/a	n/a	wee	324.9340046	203	true	324.8424316	325.3498986
325.9705599	0.546894199999997	trials	/intervals/trials	204	start_time	n/a	n/a	n/a	n/a	n/a	n/a	n/a	n/a	n/a	yaa	326.0634047	204	true	325.9705599	326.5174541
326.0634047	0.0	cv_transition	/intervals/trials	204	cv_transition_time	n/a	n/a	n/a	n/a	n/a	n/a	n/a	n/a	n/a	yaa	326.0634047	204	true	325.9705599	326.5174541
327.174999	0.45150559999996176	trials	/intervals/trials	205	start_time	n/a	n/a	n/a	n/a	n/a	n/a	n/a	n/a	n/a	gaa	327.2090951	205	true	327.174999	327.6265046
327.2090951	0.0	cv_transition	/intervals/trials	205	cv_transition_time	n/a	n/a	n/a	n/a	n/a	n/a	n/a	n/a	n/a	gaa	327.2090951	205	true	327.174999	327.6265046
328.1530493	0.6015835999999695	trials	/intervals/trials	206	start_time	n/a	n/a	n/a	n/a	n/a	n/a	n/a	n/a	n/a	shaa	328.3718069	206	true	328.1530493	328.7546329
328.3718069	0.0	cv_transition	/intervals/trials	206	cv_transition_time	n/a	n/a	n/a	n/a	n/a	n/a	n/a	n/a	n/a	shaa	328.3718069	206	true	328.1530493	328.7546329
329.4427021	0.4108064999999783	trials	/intervals/trials	207	start_time	n/a	n/a	n/a	n/a	n/a	n/a	n/a	n/a	n/a	doo	329.4668672	207	true	329.4427021	329.8535086
329.4668672	0.0	cv_transition	/intervals/trials	207	cv_transition_time	n/a	n/a	n/a	n/a	n/a	n/a	n/a	n/a	n/a	doo	329.4668672	207	true	329.4427021	329.8535086
330.4093058	0.5189134999999965	trials	/intervals/trials	208	start_time	n/a	n/a	n/a	n/a	n/a	n/a	n/a	n/a	n/a	woo	330.5453934	208	true	330.4093058	330.9282193
330.5453934	0.0	cv_transition	/intervals/trials	208	cv_transition_time	n/a	n/a	n/a	n/a	n/a	n/a	n/a	n/a	n/a	woo	330.5453934	208	true	330.4093058	330.9282193
331.5685077	0.530456700000002	trials	/intervals/trials	209	start_time	n/a	n/a	n/a	n/a	n/a	n/a	n/a	n/a	n/a	raa	331.7008039	209	true	331.5685077	332.0989644
331.7008039	0.0	cv_transition	/intervals/trials	209	cv_transition_time	n/a	n/a	n/a	n/a	n/a	n/a	n/a	n/a	n/a	raa	331.7008039	209	true	331.5685077	332.0989644
332.6256049	0.5940606000000344	trials	/intervals/trials	210	start_time	n/a	n/a	n/a	n/a	n/a	n/a	n/a	n/a	n/a	shee	332.8583952	210	true	332.6256049	333.2196655
332.8583952	0.0	cv_transition	/intervals/trials	210	cv_transition_time	n/a	n/a	n/a	n/a	n/a	n/a	n/a	n/a	n/a	shee	332.8583952	210	true	332.6256049	333.2196655
334.2067984	0.4706689999999867	trials	/intervals/trials	211	start_time	n/a	n/a	n/a	n/a	n/a	n/a	n/a	n/a	n/a	yoo	334.2436886	211	true	334.2067984	334.6774674
334.2436886	0.0	cv_transition	/intervals/trials	211	cv_transition_time	n/a	n/a	n/a	n/a	n/a	n/a	n/a	n/a	n/a	yoo	334.2436886	211	true	334.2067984	334.6774674
335.8019847	0.38289559999998346	trials	/intervals/trials	212	start_time	n/a	n/a	n/a	n/a	n/a	n/a	n/a	n/a	n/a	baa	335.8147055	212	true	335.8019847	336.1848803
335.8147055	0.0	cv_transition	/intervals/trials	212	cv_transition_time	n/a	n/a	n/a	n/a	n/a	n/a	n/a	n/a	n/a	baa	335.8147055	212	true	335.8019847	336.1848803
336.8896117	0.5698911000000066	trials	/intervals/trials	213	start_time	n/a	n/a	n/a	n/a	n/a	n/a	n/a	n/a	n/a	zee	337.0587981	213	true	336.8896117	337.4595028
337.0587981	0.0	cv_transition	/intervals/trials	213	cv_transition_time	n/a	n/a	n/a	n/a	n/a	n/a	n/a	n/a	n/a	zee	337.0587981	213	true	336.8896117	337.4595028
338.1082628	0.43505079999999907	trials	/intervals/trials	214	start_time	n/a	n/a	n/a	n/a	n/a	n/a	n/a	n/a	n/a	gee	338.1642343	214	true	338.1082628	338.5433136
338.1642343	0.0	cv_transition	/intervals/trials	214	cv_transition_time	n/a	n/a	n/a	n/a	n/a	n/a	n/a	n/a	n/a	gee	338.1642343	214	true	338.1082628	338.5433136
339.2836633	0.4490435999999818	trials	/intervals/trials	215	start_time	n/a	n/a	n/a	n/a	n/a	n/a	n/a	n/a	n/a	kee	339.359988	215	true	339.2836633	339.7327069
339.359988	0.0	cv_transition	/intervals/trials	215	cv_transition_time	n/a	n/a	n/a	n/a	n/a	n/a	n/a	n/a	n/a	kee	339.359988	215	true	339.2836633	339.7327069
340.4730566	0.48593390000002046	trials	/intervals/trials	216	start_time	n/a	n/a	n/a	n/a	n/a	n/a	n/a	n/a	n/a	ree	340.5913599	216	true	340.4730566	340.9589905
340.5913599	0.0	cv_transition	/intervals/trials	216	cv_transition_time	n/a	n/a	n/a	n/a	n/a	n/a	n/a	n/a	n/a	ree	340.5913599	216	true	340.4730566	340.9589905
342.8136808	0.42741840000002185	trials	/intervals/trials	217	start_time	n/a	n/a	n/a	n/a	n/a	n/a	n/a	n/a	n/a	voo	342.8734685	217	true	342.8136808	343.2410992
342.8734685	0.0	cv_transition	/intervals/trials	217	cv_transition_time	n/a	n/a	n/a	n/a	n/a	n/a	n/a	n/a	n/a	voo	342.8734685	217	true	342.8136808	343.2410992
344.3160054	0.5126475999999798	trials	/intervals/trials	218	start_time	n/a	n/a	n/a	n/a	n/a	n/a	n/a	n/a	n/a	noo	344.4495737	218	true	344.3160054	344.828653
344.4495737	0.0	cv_transition	/intervals/trials	218	cv_transition_time	n/a	n/a	n/a	n/a	n/a	n/a	n/a	n/a	n/a	noo	344.4495737	218	true	344.3160054	344.828653
345.4583318	0.40324889999999414	trials	/intervals/trials	219	start_time	n/a	n/a	n/a	n/a	n/a	n/a	n/a	n/a	n/a	dee	345.4837734	219	true	345.4583318	345.8615807
345.4837734	0.0	cv_transition	/intervals/trials	219	cv_transition_time	n/a	n/a	n/a	n/a	n/a	n/a	n/a	n/a	n/a	dee	345.4837734	219	true	345.4583318	345.8615807
346.5828491	0.4464996000000383	trials	/intervals/trials	220	start_time	n/a	n/a	n/a	n/a	n/a	n/a	n/a	n/a	n/a	yee	346.6337323	220	true	346.5828491	347.0293487
346.6337323	0.0	cv_transition	/intervals/trials	220	cv_transition_time	n/a	n/a	n/a	n/a	n/a	n/a	n/a	n/a	n/a	yee	346.6337323	220	true	346.5828491	347.0293487
347.7836911	0.4185138000000279	trials	/intervals/trials	221	start_time	n/a	n/a	n/a	n/a	n/a	n/a	n/a	n/a	n/a	koo	347.8409347	221	true	347.7836911	348.2022049
347.8409347	0.0	cv_transition	/intervals/trials	221	cv_transition_time	n/a	n/a	n/a	n/a	n/a	n/a	n/a	n/a	n/a	koo	347.8409347	221	true	347.7836911	348.2022049
348.8153467	0.5940605999999775	trials	/intervals/trials	222	start_time	n/a	n/a	n/a	n/a	n/a	n/a	n/a	n/a	n/a	fee	349.015063	222	true	348.8153467	349.4094073
349.015063	0.0	cv_transition	/intervals/trials	222	cv_transition_time	n/a	n/a	n/a	n/a	n/a	n/a	n/a	n/a	n/a	fee	349.015063	222	true	348.8153467	349.4094073
349.9971076	0.5126475999999798	trials	/intervals/trials	223	start_time	n/a	n/a	n/a	n/a	n/a	n/a	n/a	n/a	n/a	hee	350.1128667	223	true	349.9971076	350.5097552
350.1128667	0.0	cv_transition	/intervals/trials	223	cv_transition_time	n/a	n/a	n/a	n/a	n/a	n/a	n/a	n/a	n/a	hee	350.1128667	223	true	349.9971076	350.5097552
351.1152645	0.4846618999999919	trials	/intervals/trials	224	start_time	n/a	n/a	n/a	n/a	n/a	n/a	n/a	n/a	n/a	vaa	351.2119424	224	true	351.1152645	351.5999264
351.2119424	0.0	cv_transition	/intervals/trials	224	cv_transition_time	n/a	n/a	n/a	n/a	n/a	n/a	n/a	n/a	n/a	vaa	351.2119424	224	true	351.1152645	351.5999264
352.243598	0.49738270000000284	trials	/intervals/trials	225	start_time	n/a	n/a	n/a	n/a	n/a	n/a	n/a	n/a	n/a	loo	352.3619013	225	true	352.243598	352.7409807
352.3619013	0.0	cv_transition	/intervals/trials	225	cv_transition_time	n/a	n/a	n/a	n/a	n/a	n/a	n/a	n/a	n/a	loo	352.3619013	225	true	352.243598	352.7409807
353.3732037	0.477029400000049	trials	/intervals/trials	226	start_time	n/a	n/a	n/a	n/a	n/a	n/a	n/a	n/a	n/a	hoo	353.4864186	226	true	353.3732037	353.8502331
353.4864186	0.0	cv_transition	/intervals/trials	226	cv_transition_time	n/a	n/a	n/a	n/a	n/a	n/a	n/a	n/a	n/a	hoo	353.4864186	226	true	353.3732037	353.8502331
354.5282508	0.43886709999998175	trials	/intervals/trials	227	start_time	n/a	n/a	n/a	n/a	n/a	n/a	n/a	n/a	n/a	kaa	354.612208	227	true	354.5282508	354.9671179
354.612208	0.0	cv_transition	/intervals/trials	227	cv_transition_time	n/a	n/a	n/a	n/a	n/a	n/a	n/a	n/a	n/a	kaa	354.612208	227	true	354.5282508	354.9671179
355.6425915	0.4261463000000276	trials	/intervals/trials	228	start_time	n/a	n/a	n/a	n/a	n/a	n/a	n/a	n/a	n/a	poo	355.7214604	228	true	355.6425915	356.0687378
355.7214604	0.0	cv_transition	/intervals/trials	228	cv_transition_time	n/a	n/a	n/a	n/a	n/a	n/a	n/a	n/a	n/a	poo	355.7214604	228	true	355.6425915	356.0687378
356.8243524	0.38416760000001204	trials	/intervals/trials	229	start_time	n/a	n/a	n/a	n/a	n/a	n/a	n/a	n/a	n/a	bee	356.8370731	229	true	356.8243524	357.20852
356.8370731	0.0	cv_transition	/intervals/trials	229	cv_transition_time	n/a	n/a	n/a	n/a	n/a	n/a	n/a	n/a	n/a	bee	356.8370731	229	true	356.8243524	357.20852
357.8649125	0.43123459999998204	trials	/intervals/trials	230	start_time	n/a	n/a	n/a	n/a	n/a	n/a	n/a	n/a	n/a	paa	357.9463255	230	true	357.8649125	358.2961471
357.9463255	0.0	cv_transition	/intervals/trials	230	cv_transition_time	n/a	n/a	n/a	n/a	n/a	n/a	n/a	n/a	n/a	paa	357.9463255	230	true	357.8649125	358.2961471
359.0237759	0.4464995000000158	trials	/intervals/trials	231	start_time	n/a	n/a	n/a	n/a	n/a	n/a	n/a	n/a	n/a	taa	359.1268143	231	true	359.0237759	359.4702754
359.1268143	0.0	cv_transition	/intervals/trials	231	cv_transition_time	n/a	n/a	n/a	n/a	n/a	n/a	n/a	n/a	n/a	taa	359.1268143	231	true	359.0237759	359.4702754
360.1762789	0.4846618999999919	trials	/intervals/trials	232	start_time	n/a	n/a	n/a	n/a	n/a	n/a	n/a	n/a	n/a	naa	360.2869498	232	true	360.1762789	360.6609408
360.2869498	0.0	cv_transition	/intervals/trials	232	cv_transition_time	n/a	n/a	n/a	n/a	n/a	n/a	n/a	n/a	n/a	naa	360.2869498	232	true	360.1762789	360.6609408
361.2740826	0.5737073999999893	trials	/intervals/trials	233	start_time	n/a	n/a	n/a	n/a	n/a	n/a	n/a	n/a	n/a	saa	361.4699827	233	true	361.2740826	361.84779
361.4699827	0.0	cv_transition	/intervals/trials	233	cv_transition_time	n/a	n/a	n/a	n/a	n/a	n/a	n/a	n/a	n/a	saa	361.4699827	233	true	361.2740826	361.84779
362.5194474	0.5838840000000118	trials	/intervals/trials	234	start_time	n/a	n/a	n/a	n/a	n/a	n/a	n/a	n/a	n/a	shoo	362.7446052	234	true	362.5194474	363.1033314
362.7446052	0.0	cv_transition	/intervals/trials	234	cv_transition_time	n/a	n/a	n/a	n/a	n/a	n/a	n/a	n/a	n/a	shoo	362.7446052	234	true	362.5194474	363.1033314
363.7241056	0.5215522000000306	trials	/intervals/trials	235	start_time	n/a	n/a	n/a	n/a	n/a	n/a	n/a	n/a	n/a	foo	363.9200057	235	true	363.7241056	364.2456578
363.9200057	0.0	cv_transition	/intervals/trials	235	cv_transition_time	n/a	n/a	n/a	n/a	n/a	n/a	n/a	n/a	n/a	foo	363.9200057	235	true	363.7241056	364.2456578
365.2620484	0.4286903999999936	trials	/intervals/trials	236	start_time	n/a	n/a	n/a	n/a	n/a	n/a	n/a	n/a	n/a	daa	365.2824017	236	true	365.2620484	365.6907388
365.2824017	0.0	cv_transition	/intervals/trials	236	cv_transition_time	n/a	n/a	n/a	n/a	n/a	n/a	n/a	n/a	n/a	daa	365.2824017	236	true	365.2620484	365.6907388
366.2758949	0.5775235999999495	trials	/intervals/trials	237	start_time	n/a	n/a	n/a	n/a	n/a	n/a	n/a	n/a	n/a	faa	366.4501696	237	true	366.2758949	366.8534185
366.4501696	0.0	cv_transition	/intervals/trials	237	cv_transition_time	n/a	n/a	n/a	n/a	n/a	n/a	n/a	n/a	n/a	faa	366.4501696	237	true	366.2758949	366.8534185
367.591224	0.4363227999999708	trials	/intervals/trials	238	start_time	n/a	n/a	n/a	n/a	n/a	n/a	n/a	n/a	n/a	goo	367.6230259	238	true	367.591224	368.0275468
367.6230259	0.0	cv_transition	/intervals/trials	238	cv_transition_time	n/a	n/a	n/a	n/a	n/a	n/a	n/a	n/a	n/a	goo	367.6230259	238	true	367.591224	368.0275468
368.6877555	0.41342550000001665	trials	/intervals/trials	239	start_time	n/a	n/a	n/a	n/a	n/a	n/a	n/a	n/a	n/a	mee	368.7742569	239	true	368.6877555	369.101181
368.7742569	0.0	cv_transition	/intervals/trials	239	cv_transition_time	n/a	n/a	n/a	n/a	n/a	n/a	n/a	n/a	n/a	mee	368.7742569	239	true	368.6877555	369.101181
369.7652059	0.5406333999999902	trials	/intervals/trials	240	start_time	n/a	n/a	n/a	n/a	n/a	n/a	n/a	n/a	n/a	zaa	369.9229437	240	true	369.7652059	370.3058393
369.9229437	0.0	cv_transition	/intervals/trials	240	cv_transition_time	n/a	n/a	n/a	n/a	n/a	n/a	n/a	n/a	n/a	zaa	369.9229437	240	true	369.7652059	370.3058393
370.8973557	0.5724352999999951	trials	/intervals/trials	241	start_time	n/a	n/a	n/a	n/a	n/a	n/a	n/a	n/a	n/a	see	371.1136091	241	true	370.8973557	371.469791
371.1136091	0.0	cv_transition	/intervals/trials	241	cv_transition_time	n/a	n/a	n/a	n/a	n/a	n/a	n/a	n/a	n/a	see	371.1136091	241	true	370.8973557	371.469791
372.1312718	0.5724352999999951	trials	/intervals/trials	242	start_time	n/a	n/a	n/a	n/a	n/a	n/a	n/a	n/a	n/a	zoo	372.3030024	242	true	372.1312718	372.7037071
372.3030024	0.0	cv_transition	/intervals/trials	242	cv_transition_time	n/a	n/a	n/a	n/a	n/a	n/a	n/a	n/a	n/a	zoo	372.3030024	242	true	372.1312718	372.7037071
373.4427846	0.443955399999993	trials	/intervals/trials	243	start_time	n/a	n/a	n/a	n/a	n/a	n/a	n/a	n/a	n/a	too	373.530558	243	true	373.4427846	373.88674
373.530558	0.0	cv_transition	/intervals/trials	243	cv_transition_time	n/a	n/a	n/a	n/a	n/a	n/a	n/a	n/a	n/a	too	373.530558	243	true	373.4427846	373.88674
374.6843331	0.4007047000000057	trials	/intervals/trials	244	start_time	n/a	n/a	n/a	n/a	n/a	n/a	n/a	n/a	n/a	vee	374.7224955	244	true	374.6843331	375.0850378
374.7224955	0.0	cv_transition	/intervals/trials	244	cv_transition_time	n/a	n/a	n/a	n/a	n/a	n/a	n/a	n/a	n/a	vee	374.7224955	244	true	374.6843331	375.0850378
376.8926612	0.43123459999998204	trials	/intervals/trials	245	start_time	n/a	n/a	n/a	n/a	n/a	n/a	n/a	n/a	n/a	moo	376.9677139	245	true	376.8926612	377.3238958
376.9677139	0.0	cv_transition	/intervals/trials	245	cv_transition_time	n/a	n/a	n/a	n/a	n/a	n/a	n/a	n/a	n/a	moo	376.9677139	245	true	376.8926612	377.3238958
379.2307413	0.44777160000001004	trials	/intervals/trials	246	start_time	n/a	n/a	n/a	n/a	n/a	n/a	n/a	n/a	n/a	nee	379.3439563	246	true	379.2307413	379.6785129
379.3439563	0.0	cv_transition	/intervals/trials	246	cv_transition_time	n/a	n/a	n/a	n/a	n/a	n/a	n/a	n/a	n/a	nee	379.3439563	246	true	379.2307413	379.6785129
380.44176	0.4107400000000325	trials	/intervals/trials	247	start_time	n/a	n/a	n/a	n/a	n/a	n/a	n/a	n/a	n/a	boo	380.458297	247	true	380.44176	380.8525
380.458297	0.0	cv_transition	/intervals/trials	247	cv_transition_time	n/a	n/a	n/a	n/a	n/a	n/a	n/a	n/a	n/a	boo	380.458297	247	true	380.44176	380.8525
381.4975851	0.47194100000001526	trials	/intervals/trials	248	start_time	n/a	n/a	n/a	n/a	n/a	n/a	n/a	n/a	n/a	laa	381.6400578	248	true	381.4975851	381.9695261
381.6400578	0.0	cv_transition	/intervals/trials	248	cv_transition_time	n/a	n/a	n/a	n/a	n/a	n/a	n/a	n/a	n/a	laa	381.6400578	248	true	381.4975851	381.9695261
382.6666251	0.477029400000049	trials	/intervals/trials	249	start_time	n/a	n/a	n/a	n/a	n/a	n/a	n/a	n/a	n/a	maa	382.7531264	249	true	382.6666251	383.1436545
382.7531264	0.0	cv_transition	/intervals/trials	249	cv_transition_time	n/a	n/a	n/a	n/a	n/a	n/a	n/a	n/a	n/a	maa	382.7531264	249	true	382.6666251	383.1436545
383.7529801	0.5940605999999775	trials	/intervals/trials	250	start_time	n/a	n/a	n/a	n/a	n/a	n/a	n/a	n/a	n/a	soo	383.9552405	250	true	383.7529801	384.3470407
383.9552405	0.0	cv_transition	/intervals/trials	250	cv_transition_time	n/a	n/a	n/a	n/a	n/a	n/a	n/a	n/a	n/a	soo	383.9552405	250	true	383.7529801	384.3470407
385.0937507	0.47194110000003775	trials	/intervals/trials	251	start_time	n/a	n/a	n/a	n/a	n/a	n/a	n/a	n/a	n/a	roo	385.2056936	251	true	385.0937507	385.5656918
385.2056936	0.0	cv_transition	/intervals/trials	251	cv_transition_time	n/a	n/a	n/a	n/a	n/a	n/a	n/a	n/a	n/a	roo	385.2056936	251	true	385.0937507	385.5656918
386.2907765	0.49992680000002565	trials	/intervals/trials	252	start_time	n/a	n/a	n/a	n/a	n/a	n/a	n/a	n/a	n/a	tee	386.3874544	252	true	386.2907765	386.7907033
386.3874544	0.0	cv_transition	/intervals/trials	252	cv_transition_time	n/a	n/a	n/a	n/a	n/a	n/a	n/a	n/a	n/a	tee	386.3874544	252	true	386.2907765	386.7907033
387.369499	0.4490435999999818	trials	/intervals/trials	253	start_time	n/a	n/a	n/a	n/a	n/a	n/a	n/a	n/a	n/a	haa	387.4763535	253	true	387.369499	387.8185426
387.4763535	0.0	cv_transition	/intervals/trials	253	cv_transition_time	n/a	n/a	n/a	n/a	n/a	n/a	n/a	n/a	n/a	haa	387.4763535	253	true	387.369499	387.8185426
388.4940163	0.47702939999999217	trials	/intervals/trials	254	start_time	n/a	n/a	n/a	n/a	n/a	n/a	n/a	n/a	n/a	waa	388.5792455	254	true	388.4940163	388.9710457
388.5792455	0.0	cv_transition	/intervals/trials	254	cv_transition_time	n/a	n/a	n/a	n/a	n/a	n/a	n/a	n/a	n/a	waa	388.5792455	254	true	388.4940163	388.9710457
389.6312544	0.45794820000003256	trials	/intervals/trials	255	start_time	n/a	n/a	n/a	n/a	n/a	n/a	n/a	n/a	n/a	pee	389.6694167	255	true	389.6312544	390.0892026
389.6694167	0.0	cv_transition	/intervals/trials	255	cv_transition_time	n/a	n/a	n/a	n/a	n/a	n/a	n/a	n/a	n/a	pee	389.6694167	255	true	389.6312544	390.0892026
390.7036165	0.5037429999999858	trials	/intervals/trials	256	start_time	n/a	n/a	n/a	n/a	n/a	n/a	n/a	n/a	n/a	lee	390.7952061	256	true	390.7036165	391.2073595
390.7952061	0.0	cv_transition	/intervals/trials	256	cv_transition_time	n/a	n/a	n/a	n/a	n/a	n/a	n/a	n/a	n/a	lee	390.7952061	256	true	390.7036165	391.2073595
391.8510312	0.4643085999999812	trials	/intervals/trials	257	start_time	n/a	n/a	n/a	n/a	n/a	n/a	n/a	n/a	n/a	wee	391.9299	257	true	391.8510312	392.3153398
391.9299	0.0	cv_transition	/intervals/trials	257	cv_transition_time	n/a	n/a	n/a	n/a	n/a	n/a	n/a	n/a	n/a	wee	391.9299	257	true	391.8510312	392.3153398
392.8941355	0.49611049999998613	trials	/intervals/trials	258	start_time	n/a	n/a	n/a	n/a	n/a	n/a	n/a	n/a	n/a	yaa	392.9882693	258	true	392.8941355	393.390246
392.9882693	0.0	cv_transition	/intervals/trials	258	cv_transition_time	n/a	n/a	n/a	n/a	n/a	n/a	n/a	n/a	n/a	yaa	392.9882693	258	true	392.8941355	393.390246
393.9830346	0.44904370000000426	trials	/intervals/trials	259	start_time	n/a	n/a	n/a	n/a	n/a	n/a	n/a	n/a	n/a	gaa	394.005932	259	true	393.9830346	394.4320783
394.005932	0.0	cv_transition	/intervals/trials	259	cv_transition_time	n/a	n/a	n/a	n/a	n/a	n/a	n/a	n/a	n/a	gaa	394.005932	259	true	393.9830346	394.4320783
394.9269168	0.5686190000000124	trials	/intervals/trials	260	start_time	n/a	n/a	n/a	n/a	n/a	n/a	n/a	n/a	n/a	shaa	395.1139123	260	true	394.9269168	395.4955358
395.1139123	0.0	cv_transition	/intervals/trials	260	cv_transition_time	n/a	n/a	n/a	n/a	n/a	n/a	n/a	n/a	n/a	shaa	395.1139123	260	true	394.9269168	395.4955358
396.1417516	0.4121533999999656	trials	/intervals/trials	261	start_time	n/a	n/a	n/a	n/a	n/a	n/a	n/a	n/a	n/a	doo	396.1621049	261	true	396.1417516	396.553905
396.1621049	0.0	cv_transition	/intervals/trials	261	cv_transition_time	n/a	n/a	n/a	n/a	n/a	n/a	n/a	n/a	n/a	doo	396.1621049	261	true	396.1417516	396.553905
397.1479656	0.5317287999999962	trials	/intervals/trials	262	start_time	n/a	n/a	n/a	n/a	n/a	n/a	n/a	n/a	n/a	woo	397.3171521	262	true	397.1479656	397.6796944
397.3171521	0.0	cv_transition	/intervals/trials	262	cv_transition_time	n/a	n/a	n/a	n/a	n/a	n/a	n/a	n/a	n/a	woo	397.3171521	262	true	397.1479656	397.6796944
398.322094	0.5317287999999962	trials	/intervals/trials	263	start_time	n/a	n/a	n/a	n/a	n/a	n/a	n/a	n/a	n/a	raa	398.4505739	263	true	398.322094	398.8538228
398.4505739	0.0	cv_transition	/intervals/trials	263	cv_transition_time	n/a	n/a	n/a	n/a	n/a	n/a	n/a	n/a	n/a	raa	398.4505739	263	true	398.322094	398.8538228
399.3206756	0.6296787999999651	trials	/intervals/trials	264	start_time	n/a	n/a	n/a	n/a	n/a	n/a	n/a	n/a	n/a	shee	399.5369289	264	true	399.3206756	399.9503544
399.5369289	0.0	cv_transition	/intervals/trials	264	cv_transition_time	n/a	n/a	n/a	n/a	n/a	n/a	n/a	n/a	n/a	shee	399.5369289	264	true	399.3206756	399.9503544
400.5863936	0.5279125000000136	trials	/intervals/trials	265	start_time	n/a	n/a	n/a	n/a	n/a	n/a	n/a	n/a	n/a	yoo	400.690704	265	true	400.5863936	401.1143061
400.690704	0.0	cv_transition	/intervals/trials	265	cv_transition_time	n/a	n/a	n/a	n/a	n/a	n/a	n/a	n/a	n/a	yoo	400.690704	265	true	400.5863936	401.1143061
401.8724648	0.3981605999999829	trials	/intervals/trials	266	start_time	n/a	n/a	n/a	n/a	n/a	n/a	n/a	n/a	n/a	baa	401.8826415	266	true	401.8724648	402.2706254
401.8826415	0.0	cv_transition	/intervals/trials	266	cv_transition_time	n/a	n/a	n/a	n/a	n/a	n/a	n/a	n/a	n/a	baa	401.8826415	266	true	401.8724648	402.2706254
402.8761347	0.6322229999999536	trials	/intervals/trials	267	start_time	n/a	n/a	n/a	n/a	n/a	n/a	n/a	n/a	n/a	zee	403.0885718	267	true	402.8761347	403.5083577
403.0885718	0.0	cv_transition	/intervals/trials	267	cv_transition_time	n/a	n/a	n/a	n/a	n/a	n/a	n/a	n/a	n/a	zee	403.0885718	267	true	402.8761347	403.5083577
404.1583897	0.473213200000032	trials	/intervals/trials	268	start_time	n/a	n/a	n/a	n/a	n/a	n/a	n/a	n/a	n/a	gee	404.2105449	268	true	404.1583897	404.6316029
404.2105449	0.0	cv_transition	/intervals/trials	268	cv_transition_time	n/a	n/a	n/a	n/a	n/a	n/a	n/a	n/a	n/a	gee	404.2105449	268	true	404.1583897	404.6316029
405.3070765	0.43377880000002733	trials	/intervals/trials	269	start_time	n/a	n/a	n/a	n/a	n/a	n/a	n/a	n/a	n/a	kee	405.3935779	269	true	405.3070765	405.7408553
405.3935779	0.0	cv_transition	/intervals/trials	269	cv_transition_time	n/a	n/a	n/a	n/a	n/a	n/a	n/a	n/a	n/a	kee	405.3935779	269	true	405.3070765	405.7408553
406.4977419	0.4744852000000037	trials	/intervals/trials	270	start_time	n/a	n/a	n/a	n/a	n/a	n/a	n/a	n/a	n/a	ree	406.5918757	270	true	406.4977419	406.9722271
406.5918757	0.0	cv_transition	/intervals/trials	270	cv_transition_time	n/a	n/a	n/a	n/a	n/a	n/a	n/a	n/a	n/a	ree	406.5918757	270	true	406.4977419	406.9722271
409.7860646	0.40579300000001695	trials	/intervals/trials	271	start_time	n/a	n/a	n/a	n/a	n/a	n/a	n/a	n/a	n/a	voo	409.8242269	271	true	409.7860646	410.1918576
409.8242269	0.0	cv_transition	/intervals/trials	271	cv_transition_time	n/a	n/a	n/a	n/a	n/a	n/a	n/a	n/a	n/a	voo	409.8242269	271	true	409.7860646	410.1918576
410.8049994	0.5164637999999968	trials	/intervals/trials	272	start_time	n/a	n/a	n/a	n/a	n/a	n/a	n/a	n/a	n/a	noo	410.9309351	272	true	410.8049994	411.3214632
410.9309351	0.0	cv_transition	/intervals/trials	272	cv_transition_time	n/a	n/a	n/a	n/a	n/a	n/a	n/a	n/a	n/a	noo	410.9309351	272	true	410.8049994	411.3214632
412.112696	0.42487419999997655	trials	/intervals/trials	273	start_time	n/a	n/a	n/a	n/a	n/a	n/a	n/a	n/a	n/a	dee	412.1419538	273	true	412.112696	412.5375702
412.1419538	0.0	cv_transition	/intervals/trials	273	cv_transition_time	n/a	n/a	n/a	n/a	n/a	n/a	n/a	n/a	n/a	dee	412.1419538	273	true	412.112696	412.5375702
413.2690152	0.5050152000000026	trials	/intervals/trials	274	start_time	n/a	n/a	n/a	n/a	n/a	n/a	n/a	n/a	n/a	yee	413.3656932	274	true	413.2690152	413.7740304
413.3656932	0.0	cv_transition	/intervals/trials	274	cv_transition_time	n/a	n/a	n/a	n/a	n/a	n/a	n/a	n/a	n/a	yee	413.3656932	274	true	413.2690152	413.7740304
414.5818002	0.5062872000000311	trials	/intervals/trials	275	start_time	n/a	n/a	n/a	n/a	n/a	n/a	n/a	n/a	n/a	koo	414.6937431	275	true	414.5818002	415.0880874
414.6937431	0.0	cv_transition	/intervals/trials	275	cv_transition_time	n/a	n/a	n/a	n/a	n/a	n/a	n/a	n/a	n/a	koo	414.6937431	275	true	414.5818002	415.0880874
415.7432077	0.6080534999999827	trials	/intervals/trials	276	start_time	n/a	n/a	n/a	n/a	n/a	n/a	n/a	n/a	n/a	fee	415.9480124	276	true	415.7432077	416.3512612
415.9480124	0.0	cv_transition	/intervals/trials	276	cv_transition_time	n/a	n/a	n/a	n/a	n/a	n/a	n/a	n/a	n/a	fee	415.9480124	276	true	415.7432077	416.3512612
417.0419998	0.5571702999999957	trials	/intervals/trials	277	start_time	n/a	n/a	n/a	n/a	n/a	n/a	n/a	n/a	n/a	hee	417.1895609	277	true	417.0419998	417.5991701
417.1895609	0.0	cv_transition	/intervals/trials	277	cv_transition_time	n/a	n/a	n/a	n/a	n/a	n/a	n/a	n/a	n/a	hee	417.1895609	277	true	417.0419998	417.5991701
418.2708275	0.4846618999999919	trials	/intervals/trials	278	start_time	n/a	n/a	n/a	n/a	n/a	n/a	n/a	n/a	n/a	vaa	418.375138	278	true	418.2708275	418.7554894
418.375138	0.0	cv_transition	/intervals/trials	278	cv_transition_time	n/a	n/a	n/a	n/a	n/a	n/a	n/a	n/a	n/a	vaa	418.375138	278	true	418.2708275	418.7554894
419.4475	0.4261463000000276	trials	/intervals/trials	279	start_time	n/a	n/a	n/a	n/a	n/a	n/a	n/a	n/a	n/a	loo	419.5492663	279	true	419.4475	419.8736463
419.5492663	0.0	cv_transition	/intervals/trials	279	cv_transition_time	n/a	n/a	n/a	n/a	n/a	n/a	n/a	n/a	n/a	loo	419.5492663	279	true	419.4475	419.8736463
420.7666453	0.39180020000003424	trials	/intervals/trials	280	start_time	n/a	n/a	n/a	n/a	n/a	n/a	n/a	n/a	n/a	hoo	420.7857265	280	true	420.7666453	421.1584455
420.7857265	0.0	cv_transition	/intervals/trials	280	cv_transition_time	n/a	n/a	n/a	n/a	n/a	n/a	n/a	n/a	n/a	hoo	420.7857265	280	true	420.7666453	421.1584455
421.8886185	0.4706689999999867	trials	/intervals/trials	281	start_time	n/a	n/a	n/a	n/a	n/a	n/a	n/a	n/a	n/a	kaa	421.9738478	281	true	421.8886185	422.3592875
421.9738478	0.0	cv_transition	/intervals/trials	281	cv_transition_time	n/a	n/a	n/a	n/a	n/a	n/a	n/a	n/a	n/a	kaa	421.9738478	281	true	421.8886185	422.3592875
423.080556	0.4490435999999818	trials	/intervals/trials	282	start_time	n/a	n/a	n/a	n/a	n/a	n/a	n/a	n/a	n/a	poo	423.1721456	282	true	423.080556	423.5295996
423.1721456	0.0	cv_transition	/intervals/trials	282	cv_transition_time	n/a	n/a	n/a	n/a	n/a	n/a	n/a	n/a	n/a	poo	423.1721456	282	true	423.080556	423.5295996
424.3615389	0.38289559999998346	trials	/intervals/trials	283	start_time	n/a	n/a	n/a	n/a	n/a	n/a	n/a	n/a	n/a	bee	424.379348	283	true	424.3615389	424.7444345
424.379348	0.0	cv_transition	/intervals/trials	283	cv_transition_time	n/a	n/a	n/a	n/a	n/a	n/a	n/a	n/a	n/a	bee	424.379348	283	true	424.3615389	424.7444345
425.4644309	0.48975020000000313	trials	/intervals/trials	284	start_time	n/a	n/a	n/a	n/a	n/a	n/a	n/a	n/a	n/a	paa	425.5611088	284	true	425.4644309	425.9541811
425.5611088	0.0	cv_transition	/intervals/trials	284	cv_transition_time	n/a	n/a	n/a	n/a	n/a	n/a	n/a	n/a	n/a	paa	425.5611088	284	true	425.4644309	425.9541811
426.6754495	0.4643085999999812	trials	/intervals/trials	285	start_time	n/a	n/a	n/a	n/a	n/a	n/a	n/a	n/a	n/a	taa	426.7695833	285	true	426.6754495	427.1397581
426.7695833	0.0	cv_transition	/intervals/trials	285	cv_transition_time	n/a	n/a	n/a	n/a	n/a	n/a	n/a	n/a	n/a	taa	426.7695833	285	true	426.6754495	427.1397581
427.9564325	0.4961106000000086	trials	/intervals/trials	286	start_time	n/a	n/a	n/a	n/a	n/a	n/a	n/a	n/a	n/a	naa	428.0492942	286	true	427.9564325	428.4525431
428.0492942	0.0	cv_transition	/intervals/trials	286	cv_transition_time	n/a	n/a	n/a	n/a	n/a	n/a	n/a	n/a	n/a	naa	428.0492942	286	true	427.9564325	428.4525431
429.1585466	0.5902443999999605	trials	/intervals/trials	287	start_time	n/a	n/a	n/a	n/a	n/a	n/a	n/a	n/a	n/a	saa	429.3366375	287	true	429.1585466	429.748791
429.3366375	0.0	cv_transition	/intervals/trials	287	cv_transition_time	n/a	n/a	n/a	n/a	n/a	n/a	n/a	n/a	n/a	saa	429.3366375	287	true	429.1585466	429.748791
430.3593886	0.6347671000000332	trials	/intervals/trials	288	start_time	n/a	n/a	n/a	n/a	n/a	n/a	n/a	n/a	n/a	shoo	430.5998114	288	true	430.3593886	430.9941557
430.5998114	0.0	cv_transition	/intervals/trials	288	cv_transition_time	n/a	n/a	n/a	n/a	n/a	n/a	n/a	n/a	n/a	shoo	430.5998114	288	true	430.3593886	430.9941557
431.5920326	0.5457216000000358	trials	/intervals/trials	289	start_time	n/a	n/a	n/a	n/a	n/a	n/a	n/a	n/a	n/a	foo	431.7548586	289	true	431.5920326	432.1377542
431.7548586	0.0	cv_transition	/intervals/trials	289	cv_transition_time	n/a	n/a	n/a	n/a	n/a	n/a	n/a	n/a	n/a	foo	431.7548586	289	true	431.5920326	432.1377542
432.9086337	0.39943260000001146	trials	/intervals/trials	290	start_time	n/a	n/a	n/a	n/a	n/a	n/a	n/a	n/a	n/a	daa	432.9264428	290	true	432.9086337	433.3080663
432.9264428	0.0	cv_transition	/intervals/trials	290	cv_transition_time	n/a	n/a	n/a	n/a	n/a	n/a	n/a	n/a	n/a	daa	432.9264428	290	true	432.9086337	433.3080663
434.0306069	0.5075592000000029	trials	/intervals/trials	291	start_time	n/a	n/a	n/a	n/a	n/a	n/a	n/a	n/a	n/a	faa	434.1603589	291	true	434.0306069	434.5381661
434.1603589	0.0	cv_transition	/intervals/trials	291	cv_transition_time	n/a	n/a	n/a	n/a	n/a	n/a	n/a	n/a	n/a	faa	434.1603589	291	true	434.0306069	434.5381661
435.2645229	0.47830150000004323	trials	/intervals/trials	292	start_time	n/a	n/a	n/a	n/a	n/a	n/a	n/a	n/a	n/a	goo	435.3217664	292	true	435.2645229	435.7428244
435.3217664	0.0	cv_transition	/intervals/trials	292	cv_transition_time	n/a	n/a	n/a	n/a	n/a	n/a	n/a	n/a	n/a	goo	435.3217664	292	true	435.2645229	435.7428244
436.3979448	0.47575729999999794	trials	/intervals/trials	293	start_time	n/a	n/a	n/a	n/a	n/a	n/a	n/a	n/a	n/a	mee	436.4819019	293	true	436.3979448	436.8737021
436.4819019	0.0	cv_transition	/intervals/trials	293	cv_transition_time	n/a	n/a	n/a	n/a	n/a	n/a	n/a	n/a	n/a	mee	436.4819019	293	true	436.3979448	436.8737021
437.4550419	0.530456700000002	trials	/intervals/trials	294	start_time	n/a	n/a	n/a	n/a	n/a	n/a	n/a	n/a	n/a	zaa	437.5962426	294	true	437.4550419	437.9854986
437.5962426	0.0	cv_transition	/intervals/trials	294	cv_transition_time	n/a	n/a	n/a	n/a	n/a	n/a	n/a	n/a	n/a	zaa	437.5962426	294	true	437.4550419	437.9854986
438.5960962	0.5253684000000476	trials	/intervals/trials	295	start_time	n/a	n/a	n/a	n/a	n/a	n/a	n/a	n/a	n/a	see	438.755106	295	true	438.5960962	439.1214646
438.755106	0.0	cv_transition	/intervals/trials	295	cv_transition_time	n/a	n/a	n/a	n/a	n/a	n/a	n/a	n/a	n/a	see	438.755106	295	true	438.5960962	439.1214646
439.8770792	0.6118696999999997	trials	/intervals/trials	296	start_time	n/a	n/a	n/a	n/a	n/a	n/a	n/a	n/a	n/a	zoo	440.084428	296	true	439.8770792	440.4889489
440.084428	0.0	cv_transition	/intervals/trials	296	cv_transition_time	n/a	n/a	n/a	n/a	n/a	n/a	n/a	n/a	n/a	zoo	440.084428	296	true	439.8770792	440.4889489
441.2394752	0.45540399999998726	trials	/intervals/trials	297	start_time	n/a	n/a	n/a	n/a	n/a	n/a	n/a	n/a	n/a	too	441.3247044	297	true	441.2394752	441.6948792
441.3247044	0.0	cv_transition	/intervals/trials	297	cv_transition_time	n/a	n/a	n/a	n/a	n/a	n/a	n/a	n/a	n/a	too	441.3247044	297	true	441.2394752	441.6948792
442.3741691	0.47702939999999217	trials	/intervals/trials	298	start_time	n/a	n/a	n/a	n/a	n/a	n/a	n/a	n/a	n/a	wee	442.4733912	298	true	442.3741691	442.8511985
442.4733912	0.0	cv_transition	/intervals/trials	298	cv_transition_time	n/a	n/a	n/a	n/a	n/a	n/a	n/a	n/a	n/a	wee	442.4733912	298	true	442.3741691	442.8511985
447.174993	0.4452274000000216	trials	/intervals/trials	299	start_time	n/a	n/a	n/a	n/a	n/a	n/a	n/a	n/a	n/a	moo	447.288208	299	true	447.174993	447.6202204
447.288208	0.0	cv_transition	/intervals/trials	299	cv_transition_time	n/a	n/a	n/a	n/a	n/a	n/a	n/a	n/a	n/a	moo	447.288208	299	true	447.174993	447.6202204
449.5868536	0.47194110000003775	trials	/intervals/trials	300	start_time	n/a	n/a	n/a	n/a	n/a	n/a	n/a	n/a	n/a	nee	449.7115173	300	true	449.5868536	450.0587947
449.7115173	0.0	cv_transition	/intervals/trials	300	cv_transition_time	n/a	n/a	n/a	n/a	n/a	n/a	n/a	n/a	n/a	nee	449.7115173	300	true	449.5868536	450.0587947
450.7838794	0.3676307000000065	trials	/intervals/trials	301	start_time	n/a	n/a	n/a	n/a	n/a	n/a	n/a	n/a	n/a	boo	450.792784	301	true	450.7838794	451.1515101
450.792784	0.0	cv_transition	/intervals/trials	301	cv_transition_time	n/a	n/a	n/a	n/a	n/a	n/a	n/a	n/a	n/a	boo	450.792784	301	true	450.7838794	451.1515101
451.8295279	0.530456700000002	trials	/intervals/trials	302	start_time	n/a	n/a	n/a	n/a	n/a	n/a	n/a	n/a	n/a	laa	451.9834494	302	true	451.8295279	452.3599846
451.9834494	0.0	cv_transition	/intervals/trials	302	cv_transition_time	n/a	n/a	n/a	n/a	n/a	n/a	n/a	n/a	n/a	laa	451.9834494	302	true	451.8295279	452.3599846
453.0290978	0.45667610000003833	trials	/intervals/trials	303	start_time	n/a	n/a	n/a	n/a	n/a	n/a	n/a	n/a	n/a	maa	453.1283199	303	true	453.0290978	453.4857739
453.1283199	0.0	cv_transition	/intervals/trials	303	cv_transition_time	n/a	n/a	n/a	n/a	n/a	n/a	n/a	n/a	n/a	maa	453.1283199	303	true	453.0290978	453.4857739
454.0505768	0.6055092999999943	trials	/intervals/trials	304	start_time	n/a	n/a	n/a	n/a	n/a	n/a	n/a	n/a	n/a	soo	454.2922717	304	true	454.0505768	454.6560861
454.2922717	0.0	cv_transition	/intervals/trials	304	cv_transition_time	n/a	n/a	n/a	n/a	n/a	n/a	n/a	n/a	n/a	soo	454.2922717	304	true	454.0505768	454.6560861
455.3086623	0.48593390000002046	trials	/intervals/trials	305	start_time	n/a	n/a	n/a	n/a	n/a	n/a	n/a	n/a	n/a	roo	455.401524	305	true	455.3086623	455.7945962
455.401524	0.0	cv_transition	/intervals/trials	305	cv_transition_time	n/a	n/a	n/a	n/a	n/a	n/a	n/a	n/a	n/a	roo	455.401524	305	true	455.3086623	455.7945962
456.4369958	0.4286905000000161	trials	/intervals/trials	306	start_time	n/a	n/a	n/a	n/a	n/a	n/a	n/a	n/a	n/a	tee	456.5222251	306	true	456.4369958	456.8656863
456.5222251	0.0	cv_transition	/intervals/trials	306	cv_transition_time	n/a	n/a	n/a	n/a	n/a	n/a	n/a	n/a	n/a	tee	456.5222251	306	true	456.4369958	456.8656863
457.4584748	0.5482658000000242	trials	/intervals/trials	307	start_time	n/a	n/a	n/a	n/a	n/a	n/a	n/a	n/a	n/a	haa	457.6289333	307	true	457.4584748	458.0067406
457.6289333	0.0	cv_transition	/intervals/trials	307	cv_transition_time	n/a	n/a	n/a	n/a	n/a	n/a	n/a	n/a	n/a	haa	457.6289333	307	true	457.4584748	458.0067406
458.6084337	0.5406333000000245	trials	/intervals/trials	308	start_time	n/a	n/a	n/a	n/a	n/a	n/a	n/a	n/a	n/a	waa	458.743274	308	true	458.6084337	459.149067
458.743274	0.0	cv_transition	/intervals/trials	308	cv_transition_time	n/a	n/a	n/a	n/a	n/a	n/a	n/a	n/a	n/a	waa	458.743274	308	true	458.6084337	459.149067
459.8207244	0.4325066000000106	trials	/intervals/trials	309	start_time	n/a	n/a	n/a	n/a	n/a	n/a	n/a	n/a	n/a	pee	459.8779679	309	true	459.8207244	460.253231
459.8779679	0.0	cv_transition	/intervals/trials	309	cv_transition_time	n/a	n/a	n/a	n/a	n/a	n/a	n/a	n/a	n/a	pee	459.8779679	309	true	459.8207244	460.253231
460.9223443	0.4541319999999587	trials	/intervals/trials	310	start_time	n/a	n/a	n/a	n/a	n/a	n/a	n/a	n/a	n/a	lee	460.9910365	310	true	460.9223443	461.3764763
460.9910365	0.0	cv_transition	/intervals/trials	310	cv_transition_time	n/a	n/a	n/a	n/a	n/a	n/a	n/a	n/a	n/a	lee	460.9910365	310	true	460.9223443	461.3764763
462.0494058	0.49356640000002017	trials	/intervals/trials	311	start_time	n/a	n/a	n/a	n/a	n/a	n/a	n/a	n/a	n/a	wee	462.1435396	311	true	462.0494058	462.5429722
462.1435396	0.0	cv_transition	/intervals/trials	311	cv_transition_time	n/a	n/a	n/a	n/a	n/a	n/a	n/a	n/a	n/a	wee	462.1435396	311	true	462.0494058	462.5429722
463.3710952	0.5101035000000138	trials	/intervals/trials	312	start_time	n/a	n/a	n/a	n/a	n/a	n/a	n/a	n/a	n/a	yaa	463.4741336	312	true	463.3710952	463.8811987
463.4741336	0.0	cv_transition	/intervals/trials	312	cv_transition_time	n/a	n/a	n/a	n/a	n/a	n/a	n/a	n/a	n/a	yaa	463.4741336	312	true	463.3710952	463.8811987
464.4981567	0.4210578999999939	trials	/intervals/trials	313	start_time	n/a	n/a	n/a	n/a	n/a	n/a	n/a	n/a	n/a	gaa	464.5235982	313	true	464.4981567	464.9192146
464.5235982	0.0	cv_transition	/intervals/trials	313	cv_transition_time	n/a	n/a	n/a	n/a	n/a	n/a	n/a	n/a	n/a	gaa	464.5235982	313	true	464.4981567	464.9192146
465.3898836	0.6169580999999766	trials	/intervals/trials	314	start_time	n/a	n/a	n/a	n/a	n/a	n/a	n/a	n/a	n/a	shaa	465.6277623	314	true	465.3898836	466.0068417
465.6277623	0.0	cv_transition	/intervals/trials	314	cv_transition_time	n/a	n/a	n/a	n/a	n/a	n/a	n/a	n/a	n/a	shaa	465.6277623	314	true	465.3898836	466.0068417
466.7497355	0.4375949000000219	trials	/intervals/trials	315	start_time	n/a	n/a	n/a	n/a	n/a	n/a	n/a	n/a	n/a	doo	466.7764491	315	true	466.7497355	467.1873304
466.7764491	0.0	cv_transition	/intervals/trials	315	cv_transition_time	n/a	n/a	n/a	n/a	n/a	n/a	n/a	n/a	n/a	doo	466.7764491	315	true	466.7497355	467.1873304
467.7902956	0.5075593000000254	trials	/intervals/trials	316	start_time	n/a	n/a	n/a	n/a	n/a	n/a	n/a	n/a	n/a	woo	467.8933339	316	true	467.7902956	468.2978549
467.8933339	0.0	cv_transition	/intervals/trials	316	cv_transition_time	n/a	n/a	n/a	n/a	n/a	n/a	n/a	n/a	n/a	woo	467.8933339	316	true	467.7902956	468.2978549
468.8753785	0.4884781000000089	trials	/intervals/trials	317	start_time	n/a	n/a	n/a	n/a	n/a	n/a	n/a	n/a	n/a	raa	469.0038584	317	true	468.8753785	469.3638566
469.0038584	0.0	cv_transition	/intervals/trials	317	cv_transition_time	n/a	n/a	n/a	n/a	n/a	n/a	n/a	n/a	n/a	raa	469.0038584	317	true	468.8753785	469.3638566
469.9184828	0.5877002000000289	trials	/intervals/trials	318	start_time	n/a	n/a	n/a	n/a	n/a	n/a	n/a	n/a	n/a	shee	470.1372802	318	true	469.9184828	470.506183
470.1372802	0.0	cv_transition	/intervals/trials	318	cv_transition_time	n/a	n/a	n/a	n/a	n/a	n/a	n/a	n/a	n/a	shee	470.1372802	318	true	469.9184828	470.506183
471.1460384	0.4579481999999757	trials	/intervals/trials	319	start_time	n/a	n/a	n/a	n/a	n/a	n/a	n/a	n/a	n/a	yoo	471.2770625	319	true	471.1460384	471.6039866
471.2770625	0.0	cv_transition	/intervals/trials	319	cv_transition_time	n/a	n/a	n/a	n/a	n/a	n/a	n/a	n/a	n/a	yoo	471.2770625	319	true	471.1460384	471.6039866
472.3494246	0.3879838999999947	trials	/intervals/trials	320	start_time	n/a	n/a	n/a	n/a	n/a	n/a	n/a	n/a	n/a	baa	472.3634174	320	true	472.3494246	472.7374085
472.3634174	0.0	cv_transition	/intervals/trials	320	cv_transition_time	n/a	n/a	n/a	n/a	n/a	n/a	n/a	n/a	n/a	baa	472.3634174	320	true	472.3494246	472.7374085
473.3594548	0.5546262000000297	trials	/intervals/trials	321	start_time	n/a	n/a	n/a	n/a	n/a	n/a	n/a	n/a	n/a	zee	473.5553549	321	true	473.3594548	473.914081
473.5553549	0.0	cv_transition	/intervals/trials	321	cv_transition_time	n/a	n/a	n/a	n/a	n/a	n/a	n/a	n/a	n/a	zee	473.5553549	321	true	473.3594548	473.914081
474.6798722	0.4541320000000155	trials	/intervals/trials	322	start_time	n/a	n/a	n/a	n/a	n/a	n/a	n/a	n/a	n/a	gee	474.7383878	322	true	474.6798722	475.1340042
474.7383878	0.0	cv_transition	/intervals/trials	322	cv_transition_time	n/a	n/a	n/a	n/a	n/a	n/a	n/a	n/a	n/a	gee	474.7383878	322	true	474.6798722	475.1340042
475.7980291	0.4197858999999653	trials	/intervals/trials	323	start_time	n/a	n/a	n/a	n/a	n/a	n/a	n/a	n/a	n/a	kee	475.8896188	323	true	475.7980291	476.217815
475.8896188	0.0	cv_transition	/intervals/trials	323	cv_transition_time	n/a	n/a	n/a	n/a	n/a	n/a	n/a	n/a	n/a	kee	475.8896188	323	true	475.7980291	476.217815
476.9123698	0.4643085999999812	trials	/intervals/trials	324	start_time	n/a	n/a	n/a	n/a	n/a	n/a	n/a	n/a	n/a	ree	477.0319452	324	true	476.9123698	477.3766784
477.0319452	0.0	cv_transition	/intervals/trials	324	cv_transition_time	n/a	n/a	n/a	n/a	n/a	n/a	n/a	n/a	n/a	ree	477.0319452	324	true	476.9123698	477.3766784
479.2491778	0.4681249000000207	trials	/intervals/trials	325	start_time	n/a	n/a	n/a	n/a	n/a	n/a	n/a	n/a	n/a	voo	479.3038772	325	true	479.2491778	479.7173027
479.3038772	0.0	cv_transition	/intervals/trials	325	cv_transition_time	n/a	n/a	n/a	n/a	n/a	n/a	n/a	n/a	n/a	voo	479.3038772	325	true	479.2491778	479.7173027
480.3507977	0.5737073999999893	trials	/intervals/trials	326	start_time	n/a	n/a	n/a	n/a	n/a	n/a	n/a	n/a	n/a	noo	480.5123517	326	true	480.3507977	480.9245051
480.5123517	0.0	cv_transition	/intervals/trials	326	cv_transition_time	n/a	n/a	n/a	n/a	n/a	n/a	n/a	n/a	n/a	noo	480.5123517	326	true	480.3507977	480.9245051
481.7653489	0.41215340000002243	trials	/intervals/trials	327	start_time	n/a	n/a	n/a	n/a	n/a	n/a	n/a	n/a	n/a	dee	481.7895184	327	true	481.7653489	482.1775023
481.7895184	0.0	cv_transition	/intervals/trials	327	cv_transition_time	n/a	n/a	n/a	n/a	n/a	n/a	n/a	n/a	n/a	dee	481.7895184	327	true	481.7653489	482.1775023
482.8974987	0.4897501999999463	trials	/intervals/trials	328	start_time	n/a	n/a	n/a	n/a	n/a	n/a	n/a	n/a	n/a	yee	482.9458377	328	true	482.8974987	483.3872489
482.9458377	0.0	cv_transition	/intervals/trials	328	cv_transition_time	n/a	n/a	n/a	n/a	n/a	n/a	n/a	n/a	n/a	yee	482.9458377	328	true	482.8974987	483.3872489
484.0067511	0.46430860000003804	trials	/intervals/trials	329	start_time	n/a	n/a	n/a	n/a	n/a	n/a	n/a	n/a	n/a	koo	484.0728991	329	true	484.0067511	484.4710597
484.0728991	0.0	cv_transition	/intervals/trials	329	cv_transition_time	n/a	n/a	n/a	n/a	n/a	n/a	n/a	n/a	n/a	koo	484.0728991	329	true	484.0067511	484.4710597
485.1261801	0.5520819999999844	trials	/intervals/trials	330	start_time	n/a	n/a	n/a	n/a	n/a	n/a	n/a	n/a	n/a	fee	485.3068152	330	true	485.1261801	485.6782621
485.3068152	0.0	cv_transition	/intervals/trials	330	cv_transition_time	n/a	n/a	n/a	n/a	n/a	n/a	n/a	n/a	n/a	fee	485.3068152	330	true	485.1261801	485.6782621
486.3244779	0.5648027999999954	trials	/intervals/trials	331	start_time	n/a	n/a	n/a	n/a	n/a	n/a	n/a	n/a	n/a	hee	486.4847598	331	true	486.3244779	486.8892807
486.4847598	0.0	cv_transition	/intervals/trials	331	cv_transition_time	n/a	n/a	n/a	n/a	n/a	n/a	n/a	n/a	n/a	hee	486.4847598	331	true	486.3244779	486.8892807
487.4897017	0.4299624999999878	trials	/intervals/trials	332	start_time	n/a	n/a	n/a	n/a	n/a	n/a	n/a	n/a	n/a	vaa	487.5354966	332	true	487.4897017	487.9196642
487.5354966	0.0	cv_transition	/intervals/trials	332	cv_transition_time	n/a	n/a	n/a	n/a	n/a	n/a	n/a	n/a	n/a	vaa	487.5354966	332	true	487.4897017	487.9196642
488.6612859	0.5050152000000026	trials	/intervals/trials	333	start_time	n/a	n/a	n/a	n/a	n/a	n/a	n/a	n/a	n/a	loo	488.7859496	333	true	488.6612859	489.1663011
488.7859496	0.0	cv_transition	/intervals/trials	333	cv_transition_time	n/a	n/a	n/a	n/a	n/a	n/a	n/a	n/a	n/a	loo	488.7859496	333	true	488.6612859	489.1663011
489.8506792	0.46303660000000946	trials	/intervals/trials	334	start_time	n/a	n/a	n/a	n/a	n/a	n/a	n/a	n/a	n/a	hoo	489.9384527	334	true	489.8506792	490.3137158
489.9384527	0.0	cv_transition	/intervals/trials	334	cv_transition_time	n/a	n/a	n/a	n/a	n/a	n/a	n/a	n/a	n/a	hoo	489.9384527	334	true	489.8506792	490.3137158
491.0349842	0.530456700000002	trials	/intervals/trials	335	start_time	n/a	n/a	n/a	n/a	n/a	n/a	n/a	n/a	n/a	kaa	491.1596479	335	true	491.0349842	491.5654409
491.1596479	0.0	cv_transition	/intervals/trials	335	cv_transition_time	n/a	n/a	n/a	n/a	n/a	n/a	n/a	n/a	n/a	kaa	491.1596479	335	true	491.0349842	491.5654409
492.2650841	0.49483849999995755	trials	/intervals/trials	336	start_time	n/a	n/a	n/a	n/a	n/a	n/a	n/a	n/a	n/a	poo	492.3401367	336	true	492.2650841	492.7599226
492.3401367	0.0	cv_transition	/intervals/trials	336	cv_transition_time	n/a	n/a	n/a	n/a	n/a	n/a	n/a	n/a	n/a	poo	492.3401367	336	true	492.2650841	492.7599226
493.5091767	0.43123459999998204	trials	/intervals/trials	337	start_time	n/a	n/a	n/a	n/a	n/a	n/a	n/a	n/a	n/a	bee	493.5206254	337	true	493.5091767	493.9404113
493.5206254	0.0	cv_transition	/intervals/trials	337	cv_transition_time	n/a	n/a	n/a	n/a	n/a	n/a	n/a	n/a	n/a	bee	493.5206254	337	true	493.5091767	493.9404113
494.6209733	0.463036499999987	trials	/intervals/trials	338	start_time	n/a	n/a	n/a	n/a	n/a	n/a	n/a	n/a	n/a	paa	494.6998421	338	true	494.6209733	495.0840098
494.6998421	0.0	cv_transition	/intervals/trials	338	cv_transition_time	n/a	n/a	n/a	n/a	n/a	n/a	n/a	n/a	n/a	paa	494.6998421	338	true	494.6209733	495.0840098
495.9248536	0.5037431000000083	trials	/intervals/trials	339	start_time	n/a	n/a	n/a	n/a	n/a	n/a	n/a	n/a	n/a	taa	496.0049946	339	true	495.9248536	496.4285967
496.0049946	0.0	cv_transition	/intervals/trials	339	cv_transition_time	n/a	n/a	n/a	n/a	n/a	n/a	n/a	n/a	n/a	taa	496.0049946	339	true	495.9248536	496.4285967
497.2401827	0.46558070000003227	trials	/intervals/trials	340	start_time	n/a	n/a	n/a	n/a	n/a	n/a	n/a	n/a	n/a	naa	497.3012424	340	true	497.2401827	497.7057634
497.3012424	0.0	cv_transition	/intervals/trials	340	cv_transition_time	n/a	n/a	n/a	n/a	n/a	n/a	n/a	n/a	n/a	naa	497.3012424	340	true	497.2401827	497.7057634
498.170072	0.6602086999999983	trials	/intervals/trials	341	start_time	n/a	n/a	n/a	n/a	n/a	n/a	n/a	n/a	n/a	saa	498.4155831	341	true	498.170072	498.8302807
498.4155831	0.0	cv_transition	/intervals/trials	341	cv_transition_time	n/a	n/a	n/a	n/a	n/a	n/a	n/a	n/a	n/a	saa	498.4155831	341	true	498.170072	498.8302807
499.5617258	0.7149080000000367	trials	/intervals/trials	342	start_time	n/a	n/a	n/a	n/a	n/a	n/a	n/a	n/a	n/a	shoo	499.8352226	342	true	499.5617258	500.2766338
499.8352226	0.0	cv_transition	/intervals/trials	342	cv_transition_time	n/a	n/a	n/a	n/a	n/a	n/a	n/a	n/a	n/a	shoo	499.8352226	342	true	499.5617258	500.2766338
500.8159951	0.6691131999999698	trials	/intervals/trials	343	start_time	n/a	n/a	n/a	n/a	n/a	n/a	n/a	n/a	n/a	foo	501.0665945	343	true	500.8159951	501.4851083
501.0665945	0.0	cv_transition	/intervals/trials	343	cv_transition_time	n/a	n/a	n/a	n/a	n/a	n/a	n/a	n/a	n/a	foo	501.0665945	343	true	500.8159951	501.4851083
502.1376845	0.477029400000049	trials	/intervals/trials	344	start_time	n/a	n/a	n/a	n/a	n/a	n/a	n/a	n/a	n/a	daa	502.1504053	344	true	502.1376845	502.6147139
502.1504053	0.0	cv_transition	/intervals/trials	344	cv_transition_time	n/a	n/a	n/a	n/a	n/a	n/a	n/a	n/a	n/a	daa	502.1504053	344	true	502.1376845	502.6147139
503.2049583	0.6284067000000277	trials	/intervals/trials	345	start_time	n/a	n/a	n/a	n/a	n/a	n/a	n/a	n/a	n/a	faa	503.4161233	345	true	503.2049583	503.833365
503.4161233	0.0	cv_transition	/intervals/trials	345	cv_transition_time	n/a	n/a	n/a	n/a	n/a	n/a	n/a	n/a	n/a	faa	503.4161233	345	true	503.2049583	503.833365
504.5609939	0.43505079999999907	trials	/intervals/trials	346	start_time	n/a	n/a	n/a	n/a	n/a	n/a	n/a	n/a	n/a	goo	504.6004283	346	true	504.5609939	504.9960447
504.6004283	0.0	cv_transition	/intervals/trials	346	cv_transition_time	n/a	n/a	n/a	n/a	n/a	n/a	n/a	n/a	n/a	goo	504.6004283	346	true	504.5609939	504.9960447
505.6193631	0.5533541000000355	trials	/intervals/trials	347	start_time	n/a	n/a	n/a	n/a	n/a	n/a	n/a	n/a	n/a	mee	505.7491151	347	true	505.6193631	506.1727172
505.7491151	0.0	cv_transition	/intervals/trials	347	cv_transition_time	n/a	n/a	n/a	n/a	n/a	n/a	n/a	n/a	n/a	mee	505.7491151	347	true	505.6193631	506.1727172
506.8596396	0.5609865000000127	trials	/intervals/trials	348	start_time	n/a	n/a	n/a	n/a	n/a	n/a	n/a	n/a	n/a	zaa	507.0224656	348	true	506.8596396	507.4206261
507.0224656	0.0	cv_transition	/intervals/trials	348	cv_transition_time	n/a	n/a	n/a	n/a	n/a	n/a	n/a	n/a	n/a	zaa	507.0224656	348	true	506.8596396	507.4206261
508.0490329	0.6551203999999871	trials	/intervals/trials	349	start_time	n/a	n/a	n/a	n/a	n/a	n/a	n/a	n/a	n/a	see	508.3034486	349	true	508.0490329	508.7041533
508.3034486	0.0	cv_transition	/intervals/trials	349	cv_transition_time	n/a	n/a	n/a	n/a	n/a	n/a	n/a	n/a	n/a	see	508.3034486	349	true	508.0490329	508.7041533
509.2956697	0.5889722999999663	trials	/intervals/trials	350	start_time	n/a	n/a	n/a	n/a	n/a	n/a	n/a	n/a	n/a	zoo	509.4877535	350	true	509.2956697	509.884642
509.4877535	0.0	cv_transition	/intervals/trials	350	cv_transition_time	n/a	n/a	n/a	n/a	n/a	n/a	n/a	n/a	n/a	zoo	509.4877535	350	true	509.2956697	509.884642
510.5779247	0.46558070000003227	trials	/intervals/trials	351	start_time	n/a	n/a	n/a	n/a	n/a	n/a	n/a	n/a	n/a	too	510.6771469	351	true	510.5779247	511.0435054
510.6771469	0.0	cv_transition	/intervals/trials	351	cv_transition_time	n/a	n/a	n/a	n/a	n/a	n/a	n/a	n/a	n/a	too	510.6771469	351	true	510.5779247	511.0435054
514.1740904	0.5215521000000081	trials	/intervals/trials	352	start_time	n/a	n/a	n/a	n/a	n/a	n/a	n/a	n/a	n/a	moo	514.2745846	352	true	514.1740904	514.6956425
514.2745846	0.0	cv_transition	/intervals/trials	352	cv_transition_time	n/a	n/a	n/a	n/a	n/a	n/a	n/a	n/a	n/a	moo	514.2745846	352	true	514.1740904	514.6956425
516.6202972	0.5266404000000193	trials	/intervals/trials	353	start_time	n/a	n/a	n/a	n/a	n/a	n/a	n/a	n/a	n/a	nee	516.7487771	353	true	516.6202972	517.1469376
516.7487771	0.0	cv_transition	/intervals/trials	353	cv_transition_time	n/a	n/a	n/a	n/a	n/a	n/a	n/a	n/a	n/a	nee	516.7487771	353	true	516.6202972	517.1469376
517.9305379	0.41342550000001665	trials	/intervals/trials	354	start_time	n/a	n/a	n/a	n/a	n/a	n/a	n/a	n/a	n/a	boo	517.9559795	354	true	517.9305379	518.3439634
517.9559795	0.0	cv_transition	/intervals/trials	354	cv_transition_time	n/a	n/a	n/a	n/a	n/a	n/a	n/a	n/a	n/a	boo	517.9559795	354	true	517.9305379	518.3439634
519.0537831	0.5037430999999515	trials	/intervals/trials	355	start_time	n/a	n/a	n/a	n/a	n/a	n/a	n/a	n/a	n/a	laa	519.1924397	355	true	519.0537831	519.5575262
519.1924397	0.0	cv_transition	/intervals/trials	355	cv_transition_time	n/a	n/a	n/a	n/a	n/a	n/a	n/a	n/a	n/a	laa	519.1924397	355	true	519.0537831	519.5575262
520.4136349	0.44013919999997597	trials	/intervals/trials	356	start_time	n/a	n/a	n/a	n/a	n/a	n/a	n/a	n/a	n/a	maa	520.5179454	356	true	520.4136349	520.8537741
520.5179454	0.0	cv_transition	/intervals/trials	356	cv_transition_time	n/a	n/a	n/a	n/a	n/a	n/a	n/a	n/a	n/a	maa	520.5179454	356	true	520.4136349	520.8537741
521.4325697	0.6627528999999868	trials	/intervals/trials	357	start_time	n/a	n/a	n/a	n/a	n/a	n/a	n/a	n/a	n/a	soo	521.7264199	357	true	521.4325697	522.0953226
521.7264199	0.0	cv_transition	/intervals/trials	357	cv_transition_time	n/a	n/a	n/a	n/a	n/a	n/a	n/a	n/a	n/a	soo	521.7264199	357	true	521.4325697	522.0953226
522.9717846	0.5126476000000366	trials	/intervals/trials	358	start_time	n/a	n/a	n/a	n/a	n/a	n/a	n/a	n/a	n/a	roo	523.09136	358	true	522.9717846	523.4844322
523.09136	0.0	cv_transition	/intervals/trials	358	cv_transition_time	n/a	n/a	n/a	n/a	n/a	n/a	n/a	n/a	n/a	roo	523.09136	358	true	522.9717846	523.4844322
524.0886695	0.46939689999999246	trials	/intervals/trials	359	start_time	n/a	n/a	n/a	n/a	n/a	n/a	n/a	n/a	n/a	tee	524.1738987	359	true	524.0886695	524.5580664
524.1738987	0.0	cv_transition	/intervals/trials	359	cv_transition_time	n/a	n/a	n/a	n/a	n/a	n/a	n/a	n/a	n/a	tee	524.1738987	359	true	524.0886695	524.5580664
525.1165088	0.5240962999999965	trials	/intervals/trials	360	start_time	n/a	n/a	n/a	n/a	n/a	n/a	n/a	n/a	n/a	haa	525.2704303	360	true	525.1165088	525.6406051
525.2704303	0.0	cv_transition	/intervals/trials	360	cv_transition_time	n/a	n/a	n/a	n/a	n/a	n/a	n/a	n/a	n/a	haa	525.2704303	360	true	525.1165088	525.6406051
526.4585515	0.5215521999999737	trials	/intervals/trials	361	start_time	n/a	n/a	n/a	n/a	n/a	n/a	n/a	n/a	n/a	waa	526.5488691	361	true	526.4585515	526.9801037
526.5488691	0.0	cv_transition	/intervals/trials	361	cv_transition_time	n/a	n/a	n/a	n/a	n/a	n/a	n/a	n/a	n/a	waa	526.5488691	361	true	526.4585515	526.9801037
527.5728922	0.4452274000000216	trials	/intervals/trials	362	start_time	n/a	n/a	n/a	n/a	n/a	n/a	n/a	n/a	n/a	pee	527.6377682	362	true	527.5728922	528.0181196
527.6377682	0.0	cv_transition	/intervals/trials	362	cv_transition_time	n/a	n/a	n/a	n/a	n/a	n/a	n/a	n/a	n/a	pee	527.6377682	362	true	527.5728922	528.0181196
528.6783283	0.49356650000004265	trials	/intervals/trials	363	start_time	n/a	n/a	n/a	n/a	n/a	n/a	n/a	n/a	n/a	lee	528.8004479	363	true	528.6783283	529.1718948
528.8004479	0.0	cv_transition	/intervals/trials	363	cv_transition_time	n/a	n/a	n/a	n/a	n/a	n/a	n/a	n/a	n/a	lee	528.8004479	363	true	528.6783283	529.1718948
529.7634112	0.5711632000000009	trials	/intervals/trials	364	start_time	n/a	n/a	n/a	n/a	n/a	n/a	n/a	n/a	n/a	wee	529.8651775	364	true	529.7634112	530.3345744
529.8651775	0.0	cv_transition	/intervals/trials	364	cv_transition_time	n/a	n/a	n/a	n/a	n/a	n/a	n/a	n/a	n/a	wee	529.8651775	364	true	529.7634112	530.3345744
530.8701194	0.580067799999938	trials	/intervals/trials	365	start_time	n/a	n/a	n/a	n/a	n/a	n/a	n/a	n/a	n/a	yaa	530.9947831	365	true	530.8701194	531.4501872
530.9947831	0.0	cv_transition	/intervals/trials	365	cv_transition_time	n/a	n/a	n/a	n/a	n/a	n/a	n/a	n/a	n/a	yaa	530.9947831	365	true	530.8701194	531.4501872
532.1193004	0.4604923999999073	trials	/intervals/trials	366	start_time	n/a	n/a	n/a	n/a	n/a	n/a	n/a	n/a	n/a	gaa	532.1472861	366	true	532.1193004	532.5797928
532.1472861	0.0	cv_transition	/intervals/trials	366	cv_transition_time	n/a	n/a	n/a	n/a	n/a	n/a	n/a	n/a	n/a	gaa	532.1472861	366	true	532.1193004	532.5797928
533.1293307	0.6245905000000675	trials	/intervals/trials	367	start_time	n/a	n/a	n/a	n/a	n/a	n/a	n/a	n/a	n/a	shaa	533.3443119	367	true	533.1293307	533.7539212
533.3443119	0.0	cv_transition	/intervals/trials	367	cv_transition_time	n/a	n/a	n/a	n/a	n/a	n/a	n/a	n/a	n/a	shaa	533.3443119	367	true	533.1293307	533.7539212
534.4446597	0.473213200000032	trials	/intervals/trials	368	start_time	n/a	n/a	n/a	n/a	n/a	n/a	n/a	n/a	n/a	doo	534.4624688	368	true	534.4446597	534.9178729
534.4624688	0.0	cv_transition	/intervals/trials	368	cv_transition_time	n/a	n/a	n/a	n/a	n/a	n/a	n/a	n/a	n/a	doo	534.4624688	368	true	534.4446597	534.9178729
535.6353251	0.45158779999997023	trials	/intervals/trials	369	start_time	n/a	n/a	n/a	n/a	n/a	n/a	n/a	n/a	n/a	woo	535.7180102	369	true	535.6353251	536.0869129
535.7180102	0.0	cv_transition	/intervals/trials	369	cv_transition_time	n/a	n/a	n/a	n/a	n/a	n/a	n/a	n/a	n/a	woo	535.7180102	369	true	535.6353251	536.0869129
536.672069	0.5151918000000251	trials	/intervals/trials	370	start_time	n/a	n/a	n/a	n/a	n/a	n/a	n/a	n/a	n/a	raa	536.7992769	370	true	536.672069	537.1872608
536.7992769	0.0	cv_transition	/intervals/trials	370	cv_transition_time	n/a	n/a	n/a	n/a	n/a	n/a	n/a	n/a	n/a	raa	536.7992769	370	true	536.672069	537.1872608
537.7469753	0.5686190000000124	trials	/intervals/trials	371	start_time	n/a	n/a	n/a	n/a	n/a	n/a	n/a	n/a	n/a	shee	537.9797656	371	true	537.7469753	538.3155943
537.9797656	0.0	cv_transition	/intervals/trials	371	cv_transition_time	n/a	n/a	n/a	n/a	n/a	n/a	n/a	n/a	n/a	shee	537.9797656	371	true	537.7469753	538.3155943
538.9808913	0.5202800999999226	trials	/intervals/trials	372	start_time	n/a	n/a	n/a	n/a	n/a	n/a	n/a	n/a	n/a	yoo	539.1500777	372	true	538.9808913	539.5011714
539.1500777	0.0	cv_transition	/intervals/trials	372	cv_transition_time	n/a	n/a	n/a	n/a	n/a	n/a	n/a	n/a	n/a	yoo	539.1500777	372	true	538.9808913	539.5011714
540.2682347	0.3510936000000129	trials	/intervals/trials	373	start_time	n/a	n/a	n/a	n/a	n/a	n/a	n/a	n/a	n/a	baa	540.2771392	373	true	540.2682347	540.6193283
540.2771392	0.0	cv_transition	/intervals/trials	373	cv_transition_time	n/a	n/a	n/a	n/a	n/a	n/a	n/a	n/a	n/a	baa	540.2771392	373	true	540.2682347	540.6193283
541.3380526	0.5978767999999945	trials	/intervals/trials	374	start_time	n/a	n/a	n/a	n/a	n/a	n/a	n/a	n/a	n/a	zee	541.5123273	374	true	541.3380526	541.9359294
541.5123273	0.0	cv_transition	/intervals/trials	374	cv_transition_time	n/a	n/a	n/a	n/a	n/a	n/a	n/a	n/a	n/a	zee	541.5123273	374	true	541.3380526	541.9359294
542.6622862	0.43632289999993645	trials	/intervals/trials	375	start_time	n/a	n/a	n/a	n/a	n/a	n/a	n/a	n/a	n/a	gee	542.7106252	375	true	542.6622862	543.0986091
542.7106252	0.0	cv_transition	/intervals/trials	375	cv_transition_time	n/a	n/a	n/a	n/a	n/a	n/a	n/a	n/a	n/a	gee	542.7106252	375	true	542.6622862	543.0986091
543.7740827	0.44777160000001004	trials	/intervals/trials	376	start_time	n/a	n/a	n/a	n/a	n/a	n/a	n/a	n/a	n/a	kee	543.8262379	376	true	543.7740827	544.2218543
543.8262379	0.0	cv_transition	/intervals/trials	376	cv_transition_time	n/a	n/a	n/a	n/a	n/a	n/a	n/a	n/a	n/a	kee	543.8262379	376	true	543.7740827	544.2218543
544.8667981	0.48847810000006575	trials	/intervals/trials	377	start_time	n/a	n/a	n/a	n/a	n/a	n/a	n/a	n/a	n/a	ree	544.9660202	377	true	544.8667981	545.3552762
544.9660202	0.0	cv_transition	/intervals/trials	377	cv_transition_time	n/a	n/a	n/a	n/a	n/a	n/a	n/a	n/a	n/a	ree	544.9660202	377	true	544.8667981	545.3552762
547.2086944	0.44395539999993616	trials	/intervals/trials	378	start_time	n/a	n/a	n/a	n/a	n/a	n/a	n/a	n/a	n/a	voo	547.2812029	378	true	547.2086944	547.6526498
547.2812029	0.0	cv_transition	/intervals/trials	378	cv_transition_time	n/a	n/a	n/a	n/a	n/a	n/a	n/a	n/a	n/a	voo	547.2812029	378	true	547.2086944	547.6526498
548.2467104	0.5177359000000479	trials	/intervals/trials	379	start_time	n/a	n/a	n/a	n/a	n/a	n/a	n/a	n/a	n/a	noo	548.3942715	379	true	548.2467104	548.7644463
548.3942715	0.0	cv_transition	/intervals/trials	379	cv_transition_time	n/a	n/a	n/a	n/a	n/a	n/a	n/a	n/a	n/a	noo	548.3942715	379	true	548.2467104	548.7644463
549.4908031	0.41342550000001665	trials	/intervals/trials	380	start_time	n/a	n/a	n/a	n/a	n/a	n/a	n/a	n/a	n/a	dee	549.5111563	380	true	549.4908031	549.9042286
549.5111563	0.0	cv_transition	/intervals/trials	380	cv_transition_time	n/a	n/a	n/a	n/a	n/a	n/a	n/a	n/a	n/a	dee	549.5111563	380	true	549.4908031	549.9042286
550.60896	0.501198899999963	trials	/intervals/trials	381	start_time	n/a	n/a	n/a	n/a	n/a	n/a	n/a	n/a	n/a	yee	550.722175	381	true	550.60896	551.1101589
550.722175	0.0	cv_transition	/intervals/trials	381	cv_transition_time	n/a	n/a	n/a	n/a	n/a	n/a	n/a	n/a	n/a	yee	550.722175	381	true	550.60896	551.1101589
551.8505085	0.4643085999999812	trials	/intervals/trials	382	start_time	n/a	n/a	n/a	n/a	n/a	n/a	n/a	n/a	n/a	koo	551.9293774	382	true	551.8505085	552.3148171
551.9293774	0.0	cv_transition	/intervals/trials	382	cv_transition_time	n/a	n/a	n/a	n/a	n/a	n/a	n/a	n/a	n/a	koo	551.9293774	382	true	551.8505085	552.3148171
554.016858	0.6322230000000673	trials	/intervals/trials	383	start_time	n/a	n/a	n/a	n/a	n/a	n/a	n/a	n/a	n/a	fee	554.210214	383	true	554.016858	554.649081
554.210214	0.0	cv_transition	/intervals/trials	383	cv_transition_time	n/a	n/a	n/a	n/a	n/a	n/a	n/a	n/a	n/a	fee	554.210214	383	true	554.016858	554.649081
555.2838481	0.5762515000000121	trials	/intervals/trials	384	start_time	n/a	n/a	n/a	n/a	n/a	n/a	n/a	n/a	n/a	hee	555.4352255	384	true	555.2838481	555.8600996
555.4352255	0.0	cv_transition	/intervals/trials	384	cv_transition_time	n/a	n/a	n/a	n/a	n/a	n/a	n/a	n/a	n/a	hee	555.4352255	384	true	555.2838481	555.8600996
556.4745135	0.47830150000004323	trials	/intervals/trials	385	start_time	n/a	n/a	n/a	n/a	n/a	n/a	n/a	n/a	n/a	vaa	556.5495661	385	true	556.4745135	556.952815
556.5495661	0.0	cv_transition	/intervals/trials	385	cv_transition_time	n/a	n/a	n/a	n/a	n/a	n/a	n/a	n/a	n/a	vaa	556.5495661	385	true	556.4745135	556.952815
557.5506918	0.5508100000000695	trials	/intervals/trials	386	start_time	n/a	n/a	n/a	n/a	n/a	n/a	n/a	n/a	n/a	loo	557.7020692	386	true	557.5506918	558.1015018
557.7020692	0.0	cv_transition	/intervals/trials	386	cv_transition_time	n/a	n/a	n/a	n/a	n/a	n/a	n/a	n/a	n/a	loo	557.7020692	386	true	557.5506918	558.1015018
558.7299085	0.4986548000000539	trials	/intervals/trials	387	start_time	n/a	n/a	n/a	n/a	n/a	n/a	n/a	n/a	n/a	hoo	558.8418514	387	true	558.7299085	559.2285633
558.8418514	0.0	cv_transition	/intervals/trials	387	cv_transition_time	n/a	n/a	n/a	n/a	n/a	n/a	n/a	n/a	n/a	hoo	558.8418514	387	true	558.7299085	559.2285633
559.8964044	0.4961105999999518	trials	/intervals/trials	388	start_time	n/a	n/a	n/a	n/a	n/a	n/a	n/a	n/a	n/a	kaa	560.0147077	388	true	559.8964044	560.392515
560.0147077	0.0	cv_transition	/intervals/trials	388	cv_transition_time	n/a	n/a	n/a	n/a	n/a	n/a	n/a	n/a	n/a	kaa	560.0147077	388	true	559.8964044	560.392515
561.1163276	0.44395540000004985	trials	/intervals/trials	389	start_time	n/a	n/a	n/a	n/a	n/a	n/a	n/a	n/a	n/a	poo	561.1672107	389	true	561.1163276	561.560283
561.1672107	0.0	cv_transition	/intervals/trials	389	cv_transition_time	n/a	n/a	n/a	n/a	n/a	n/a	n/a	n/a	n/a	poo	561.1672107	389	true	561.1163276	561.560283
562.3286183	0.4375949999999875	trials	/intervals/trials	390	start_time	n/a	n/a	n/a	n/a	n/a	n/a	n/a	n/a	n/a	bee	562.3387949	390	true	562.3286183	562.7662133
562.3387949	0.0	cv_transition	/intervals/trials	390	cv_transition_time	n/a	n/a	n/a	n/a	n/a	n/a	n/a	n/a	n/a	bee	562.3387949	390	true	562.3286183	562.7662133
563.4327824	0.43123450000007324	trials	/intervals/trials	391	start_time	n/a	n/a	n/a	n/a	n/a	n/a	n/a	n/a	n/a	paa	563.4556798	391	true	563.4327824	563.8640169
563.4556798	0.0	cv_transition	/intervals/trials	391	cv_transition_time	n/a	n/a	n/a	n/a	n/a	n/a	n/a	n/a	n/a	paa	563.4556798	391	true	563.4327824	563.8640169
564.5827412	0.45922040000004927	trials	/intervals/trials	392	start_time	n/a	n/a	n/a	n/a	n/a	n/a	n/a	n/a	n/a	taa	564.6425289	392	true	564.5827412	565.0419616
564.6425289	0.0	cv_transition	/intervals/trials	392	cv_transition_time	n/a	n/a	n/a	n/a	n/a	n/a	n/a	n/a	n/a	taa	564.6425289	392	true	564.5827412	565.0419616
565.7810391	0.5215521000000081	trials	/intervals/trials	393	start_time	n/a	n/a	n/a	n/a	n/a	n/a	n/a	n/a	n/a	naa	565.9069749	393	true	565.7810391	566.3025912
565.9069749	0.0	cv_transition	/intervals/trials	393	cv_transition_time	n/a	n/a	n/a	n/a	n/a	n/a	n/a	n/a	n/a	naa	565.9069749	393	true	565.7810391	566.3025912
566.882659	0.6080534999999827	trials	/intervals/trials	394	start_time	n/a	n/a	n/a	n/a	n/a	n/a	n/a	n/a	n/a	saa	567.093824	394	true	566.882659	567.4907125
567.093824	0.0	cv_transition	/intervals/trials	394	cv_transition_time	n/a	n/a	n/a	n/a	n/a	n/a	n/a	n/a	n/a	saa	567.093824	394	true	566.882659	567.4907125
568.1521932	0.6373112999999648	trials	/intervals/trials	395	start_time	n/a	n/a	n/a	n/a	n/a	n/a	n/a	n/a	n/a	shoo	568.4066089	395	true	568.1521932	568.7895045
568.4066089	0.0	cv_transition	/intervals/trials	395	cv_transition_time	n/a	n/a	n/a	n/a	n/a	n/a	n/a	n/a	n/a	shoo	568.4066089	395	true	568.1521932	568.7895045
569.4064626	0.6309507999999369	trials	/intervals/trials	396	start_time	n/a	n/a	n/a	n/a	n/a	n/a	n/a	n/a	n/a	foo	569.6112672	396	true	569.4064626	570.0374134
569.6112672	0.0	cv_transition	/intervals/trials	396	cv_transition_time	n/a	n/a	n/a	n/a	n/a	n/a	n/a	n/a	n/a	foo	569.6112672	396	true	569.4064626	570.0374134
570.8032046	0.40324889999999414	trials	/intervals/trials	397	start_time	n/a	n/a	n/a	n/a	n/a	n/a	n/a	n/a	n/a	daa	570.826102	397	true	570.8032046	571.2064535
570.826102	0.0	cv_transition	/intervals/trials	397	cv_transition_time	n/a	n/a	n/a	n/a	n/a	n/a	n/a	n/a	n/a	daa	570.826102	397	true	570.8032046	571.2064535
571.8463089	0.5406332999999677	trials	/intervals/trials	398	start_time	n/a	n/a	n/a	n/a	n/a	n/a	n/a	n/a	n/a	faa	572.0193116	398	true	571.8463089	572.3869422
572.0193116	0.0	cv_transition	/intervals/trials	398	cv_transition_time	n/a	n/a	n/a	n/a	n/a	n/a	n/a	n/a	n/a	faa	572.0193116	398	true	571.8463089	572.3869422
573.1552776	0.4503157999999985	trials	/intervals/trials	399	start_time	n/a	n/a	n/a	n/a	n/a	n/a	n/a	n/a	n/a	goo	573.1998003	399	true	573.1552776	573.6055934
573.1998003	0.0	cv_transition	/intervals/trials	399	cv_transition_time	n/a	n/a	n/a	n/a	n/a	n/a	n/a	n/a	n/a	goo	573.1998003	399	true	573.1552776	573.6055934
574.3026923	0.5240962999999965	trials	/intervals/trials	400	start_time	n/a	n/a	n/a	n/a	n/a	n/a	n/a	n/a	n/a	mee	574.4477093	400	true	574.3026923	574.8267886
574.4477093	0.0	cv_transition	/intervals/trials	400	cv_transition_time	n/a	n/a	n/a	n/a	n/a	n/a	n/a	n/a	n/a	mee	574.4477093	400	true	574.3026923	574.8267886
575.3648778	0.6016930999999204	trials	/intervals/trials	401	start_time	n/a	n/a	n/a	n/a	n/a	n/a	n/a	n/a	n/a	zaa	575.563322	401	true	575.3648778	575.9665709
575.563322	0.0	cv_transition	/intervals/trials	401	cv_transition_time	n/a	n/a	n/a	n/a	n/a	n/a	n/a	n/a	n/a	zaa	575.563322	401	true	575.3648778	575.9665709
576.5440945	0.6932826999999406	trials	/intervals/trials	402	start_time	n/a	n/a	n/a	n/a	n/a	n/a	n/a	n/a	n/a	see	576.8303121	402	true	576.5440945	577.2373772
576.8303121	0.0	cv_transition	/intervals/trials	402	cv_transition_time	n/a	n/a	n/a	n/a	n/a	n/a	n/a	n/a	n/a	see	576.8303121	402	true	576.5440945	577.2373772
577.8467028	0.620774200000028	trials	/intervals/trials	403	start_time	n/a	n/a	n/a	n/a	n/a	n/a	n/a	n/a	n/a	zoo	578.02861	403	true	577.8467028	578.467477
578.02861	0.0	cv_transition	/intervals/trials	403	cv_transition_time	n/a	n/a	n/a	n/a	n/a	n/a	n/a	n/a	n/a	zoo	578.02861	403	true	577.8467028	578.467477
579.1187812	0.5317287000000306	trials	/intervals/trials	404	start_time	n/a	n/a	n/a	n/a	n/a	n/a	n/a	n/a	n/a	too	579.2269078	404	true	579.1187812	579.6505099
579.2269078	0.0	cv_transition	/intervals/trials	404	cv_transition_time	n/a	n/a	n/a	n/a	n/a	n/a	n/a	n/a	n/a	too	579.2269078	404	true	579.1187812	579.6505099
580.365418	0.5457215999999789	trials	/intervals/trials	405	start_time	n/a	n/a	n/a	n/a	n/a	n/a	n/a	n/a	n/a	vee	580.4926258	405	true	580.365418	580.9111396
580.4926258	0.0	cv_transition	/intervals/trials	405	cv_transition_time	n/a	n/a	n/a	n/a	n/a	n/a	n/a	n/a	n/a	vee	580.4926258	405	true	580.365418	580.9111396
583.9043401	0.4706690000000435	trials	/intervals/trials	406	start_time	n/a	n/a	n/a	n/a	n/a	n/a	n/a	n/a	n/a	moo	584.0137388	406	true	583.9043401	584.3750091
584.0137388	0.0	cv_transition	/intervals/trials	406	cv_transition_time	n/a	n/a	n/a	n/a	n/a	n/a	n/a	n/a	n/a	moo	584.0137388	406	true	583.9043401	584.3750091
586.1012195	0.5279125000000704	trials	/intervals/trials	407	start_time	n/a	n/a	n/a	n/a	n/a	n/a	n/a	n/a	n/a	nee	586.2424202	407	true	586.1012195	586.629132
586.2424202	0.0	cv_transition	/intervals/trials	407	cv_transition_time	n/a	n/a	n/a	n/a	n/a	n/a	n/a	n/a	n/a	nee	586.2424202	407	true	586.1012195	586.629132
587.3338635	0.4566760999999815	trials	/intervals/trials	408	start_time	n/a	n/a	n/a	n/a	n/a	n/a	n/a	n/a	n/a	boo	587.359305	408	true	587.3338635	587.7905396
587.359305	0.0	cv_transition	/intervals/trials	408	cv_transition_time	n/a	n/a	n/a	n/a	n/a	n/a	n/a	n/a	n/a	boo	587.359305	408	true	587.3338635	587.7905396
588.4227626	0.5393611999999166	trials	/intervals/trials	409	start_time	n/a	n/a	n/a	n/a	n/a	n/a	n/a	n/a	n/a	laa	588.5728678	409	true	588.4227626	588.9621238
588.5728678	0.0	cv_transition	/intervals/trials	409	cv_transition_time	n/a	n/a	n/a	n/a	n/a	n/a	n/a	n/a	n/a	laa	588.5728678	409	true	588.4227626	588.9621238
589.5854423	0.5037430000000995	trials	/intervals/trials	410	start_time	n/a	n/a	n/a	n/a	n/a	n/a	n/a	n/a	n/a	maa	589.7088339	410	true	589.5854423	590.0891853
589.7088339	0.0	cv_transition	/intervals/trials	410	cv_transition_time	n/a	n/a	n/a	n/a	n/a	n/a	n/a	n/a	n/a	maa	589.7088339	410	true	589.5854423	590.0891853
590.6463556	0.6016931000000341	trials	/intervals/trials	411	start_time	n/a	n/a	n/a	n/a	n/a	n/a	n/a	n/a	n/a	soo	590.8816901	411	true	590.6463556	591.2480487
590.8816901	0.0	cv_transition	/intervals/trials	411	cv_transition_time	n/a	n/a	n/a	n/a	n/a	n/a	n/a	n/a	n/a	soo	590.8816901	411	true	590.6463556	591.2480487
591.8662788	0.5368171000000075	trials	/intervals/trials	412	start_time	n/a	n/a	n/a	n/a	n/a	n/a	n/a	n/a	n/a	roo	591.9998471	412	true	591.8662788	592.4030959
591.9998471	0.0	cv_transition	/intervals/trials	412	cv_transition_time	n/a	n/a	n/a	n/a	n/a	n/a	n/a	n/a	n/a	roo	591.9998471	412	true	591.8662788	592.4030959
593.0505838	0.5075593000000254	trials	/intervals/trials	413	start_time	n/a	n/a	n/a	n/a	n/a	n/a	n/a	n/a	n/a	tee	593.151078	413	true	593.0505838	593.5581431
593.151078	0.0	cv_transition	/intervals/trials	413	cv_transition_time	n/a	n/a	n/a	n/a	n/a	n/a	n/a	n/a	n/a	tee	593.151078	413	true	593.0505838	593.5581431
594.0567978	0.5469937999999956	trials	/intervals/trials	414	start_time	n/a	n/a	n/a	n/a	n/a	n/a	n/a	n/a	n/a	haa	594.2437934	414	true	594.0567978	594.6037916
594.2437934	0.0	cv_transition	/intervals/trials	414	cv_transition_time	n/a	n/a	n/a	n/a	n/a	n/a	n/a	n/a	n/a	haa	594.2437934	414	true	594.0567978	594.6037916
595.2398308	0.5190078999999059	trials	/intervals/trials	415	start_time	n/a	n/a	n/a	n/a	n/a	n/a	n/a	n/a	n/a	waa	595.3301483	415	true	595.2398308	595.7588387
595.3301483	0.0	cv_transition	/intervals/trials	415	cv_transition_time	n/a	n/a	n/a	n/a	n/a	n/a	n/a	n/a	n/a	waa	595.3301483	415	true	595.2398308	595.7588387
596.4979163	0.4185137999999142	trials	/intervals/trials	416	start_time	n/a	n/a	n/a	n/a	n/a	n/a	n/a	n/a	n/a	pee	596.5233579	416	true	596.4979163	596.9164301
596.5233579	0.0	cv_transition	/intervals/trials	416	cv_transition_time	n/a	n/a	n/a	n/a	n/a	n/a	n/a	n/a	n/a	pee	596.5233579	416	true	596.4979163	596.9164301
597.5244836	0.5050150999999232	trials	/intervals/trials	417	start_time	n/a	n/a	n/a	n/a	n/a	n/a	n/a	n/a	n/a	lee	597.6389706	417	true	597.5244836	598.0294987
597.6389706	0.0	cv_transition	/intervals/trials	417	cv_transition_time	n/a	n/a	n/a	n/a	n/a	n/a	n/a	n/a	n/a	lee	597.6389706	417	true	597.5244836	598.0294987
598.6922515	0.44522749999998723	trials	/intervals/trials	418	start_time	n/a	n/a	n/a	n/a	n/a	n/a	n/a	n/a	n/a	wee	598.7494951	418	true	598.6922515	599.137479
598.7494951	0.0	cv_transition	/intervals/trials	418	cv_transition_time	n/a	n/a	n/a	n/a	n/a	n/a	n/a	n/a	n/a	wee	598.7494951	418	true	598.6922515	599.137479
599.7417162	0.5419053999999051	trials	/intervals/trials	419	start_time	n/a	n/a	n/a	n/a	n/a	n/a	n/a	n/a	n/a	yaa	599.8371221	419	true	599.7417162	600.2836216
599.8371221	0.0	cv_transition	/intervals/trials	419	cv_transition_time	n/a	n/a	n/a	n/a	n/a	n/a	n/a	n/a	n/a	yaa	599.8371221	419	true	599.7417162	600.2836216
600.90694	0.4286905000000161	trials	/intervals/trials	420	start_time	n/a	n/a	n/a	n/a	n/a	n/a	n/a	n/a	n/a	gaa	600.938742	420	true	600.90694	601.3356305
600.938742	0.0	cv_transition	/intervals/trials	420	cv_transition_time	n/a	n/a	n/a	n/a	n/a	n/a	n/a	n/a	n/a	gaa	600.938742	420	true	600.90694	601.3356305
601.9665813	0.5851560999999492	trials	/intervals/trials	421	start_time	n/a	n/a	n/a	n/a	n/a	n/a	n/a	n/a	n/a	shaa	602.1739301	421	true	601.9665813	602.5517374
602.1739301	0.0	cv_transition	/intervals/trials	421	cv_transition_time	n/a	n/a	n/a	n/a	n/a	n/a	n/a	n/a	n/a	shaa	602.1739301	421	true	601.9665813	602.5517374
603.3289773	0.42869039999993674	trials	/intervals/trials	422	start_time	n/a	n/a	n/a	n/a	n/a	n/a	n/a	n/a	n/a	doo	603.3467864	422	true	603.3289773	603.7576677
603.3467864	0.0	cv_transition	/intervals/trials	422	cv_transition_time	n/a	n/a	n/a	n/a	n/a	n/a	n/a	n/a	n/a	doo	603.3467864	422	true	603.3289773	603.7576677
604.47512	0.4185138000000279	trials	/intervals/trials	423	start_time	n/a	n/a	n/a	n/a	n/a	n/a	n/a	n/a	n/a	woo	604.5527167	423	true	604.47512	604.8936338
604.5527167	0.0	cv_transition	/intervals/trials	423	cv_transition_time	n/a	n/a	n/a	n/a	n/a	n/a	n/a	n/a	n/a	woo	604.5527167	423	true	604.47512	604.8936338
606.0	18.0	epochs	/intervals/epochs	0	start_time	0	rest_period	606.0	624.0	n/a	n/a	n/a	n/a	n/a	n/a	n/a	n/a	n/a	n/a	n/a
