onset	duration	trial_type	source_table	source_row	source_onset_column	nwb_epochs_id	nwb_epochs_label	nwb_epochs_start_time	nwb_epochs_stop_time	nwb_invalid_times_id	nwb_invalid_times_start_time	nwb_invalid_times_stop_time	nwb_invalid_times_tags	nwb_invalid_times_timeseries	nwb_trials_condition	nwb_trials_cv_transition_time	nwb_trials_id	nwb_trials_speak	nwb_trials_start_time	nwb_trials_stop_time
0.0	6.0	epochs	/intervals/epochs	0	start_time	0	rest_period	0.0	6.0	n/a	n/a	n/a	n/a	n/a	n/a	n/a	n/a	n/a	n/a	n/a
7.20204081633	0.3791383219899993	trials	/intervals/trials	0	start_time	n/a	n/a	n/a	n/a	n/a	n/a	n/a	n/a	n/a	shoo	7.34172335601	0	true	7.20204081633	7.58117913832
7.34172335601	0.0	cv_transition	/intervals/trials	0	cv_transition_time	n/a	n/a	n/a	n/a	n/a	n/a	n/a	n/a	n/a	shoo	7.34172335601	0	true	7.20204081633	7.58117913832
9.631380201763438	0.3383567156771683	trials	/intervals/trials	1	start_time	n/a	n/a	n/a	n/a	n/a	n/a	n/a	n/a	n/a	faa	9.6664399093	1	true	9.631380201763438	9.969736917440606
9.6664399093	0.0	cv_transition	/intervals/trials	1	cv_transition_time	n/a	n/a	n/a	n/a	n/a	n/a	n/a	n/a	n/a	faa	9.6664399093	1	true	9.631380201763438	9.969736917440606
12.417716228033399	0.3918956835959726	trials	/intervals/trials	2	start_time	n/a	n/a	n/a	n/a	n/a	n/a	n/a	n/a	n/a	lee	12.5099773243	2	true	12.417716228033399	12.809611911629371
12.5099773243	0.0	cv_transition	/intervals/trials	2	cv_transition_time	n/a	n/a	n/a	n/a	n/a	n/a	n/a	n/a	n/a	lee	12.5099773243	2	true	12.417716228033399	12.809611911629371
16.331292517	0.3538987253315291	trials	/intervals/trials	3	start_time	n/a	n/a	n/a	n/a	n/a	n/a	n/a	n/a	n/a	naa	16.3911564626	3	true	16.331292517	16.68519124233153
16.3911564626	0.0	cv_transition	/intervals/trials	3	cv_transition_time	n/a	n/a	n/a	n/a	n/a	n/a	n/a	n/a	n/a	naa	16.3911564626	3	true	16.331292517	16.68519124233153
19.199130589430727	0.4033752849645893	trials	/intervals/trials	4	start_time	n/a	n/a	n/a	n/a	n/a	n/a	n/a	n/a	n/a	maa	19.3145124717	4	true	19.199130589430727	19.602505874395316
19.3145124717	0.0	cv_transition	/intervals/trials	4	cv_transition_time	n/a	n/a	n/a	n/a	n/a	n/a	n/a	n/a	n/a	maa	19.3145124717	4	true	19.199130589430727	19.602505874395316
22.629740429580167	0.3430851267493509	trials	/intervals/trials	5	start_time	n/a	n/a	n/a	n/a	n/a	n/a	n/a	n/a	n/a	gaa	22.6768707483	5	true	22.629740429580167	22.972825556329518
22.6768707483	0.0	cv_transition	/intervals/trials	5	cv_transition_time	n/a	n/a	n/a	n/a	n/a	n/a	n/a	n/a	n/a	gaa	22.6768707483	5	true	22.629740429580167	22.972825556329518
25.271646024580456	0.3276144446412914	trials	/intervals/trials	6	start_time	n/a	n/a	n/a	n/a	n/a	n/a	n/a	n/a	n/a	gee	25.3507936508	6	true	25.271646024580456	25.599260469221747
25.3507936508	0.0	cv_transition	/intervals/trials	6	cv_transition_time	n/a	n/a	n/a	n/a	n/a	n/a	n/a	n/a	n/a	gee	25.3507936508	6	true	25.271646024580456	25.599260469221747
28.575774473307682	0.3519580179583883	trials	/intervals/trials	7	start_time	n/a	n/a	n/a	n/a	n/a	n/a	n/a	n/a	n/a	taa	28.6333333333	7	true	28.575774473307682	28.92773249126607
28.6333333333	0.0	cv_transition	/intervals/trials	7	cv_transition_time	n/a	n/a	n/a	n/a	n/a	n/a	n/a	n/a	n/a	taa	28.6333333333	7	true	28.575774473307682	28.92773249126607
31.48388309365284	0.37414024598097484	trials	/intervals/trials	8	start_time	n/a	n/a	n/a	n/a	n/a	n/a	n/a	n/a	n/a	waa	31.5866213152	8	true	31.48388309365284	31.858023339633814
31.5866213152	0.0	cv_transition	/intervals/trials	8	cv_transition_time	n/a	n/a	n/a	n/a	n/a	n/a	n/a	n/a	n/a	waa	31.5866213152	8	true	31.48388309365284	31.858023339633814
34.25396826077095	0.41850470202614076	trials	/intervals/trials	9	start_time	n/a	n/a	n/a	n/a	n/a	n/a	n/a	n/a	n/a	see	34.41663793293658	9	true	34.25396826077095	34.67247296279709
34.41663793293658	0.0	cv_transition	/intervals/trials	9	cv_transition_time	n/a	n/a	n/a	n/a	n/a	n/a	n/a	n/a	n/a	see	34.41663793293658	9	true	34.25396826077095	34.67247296279709
37.14443670917662	0.4149782965456339	trials	/intervals/trials	10	start_time	n/a	n/a	n/a	n/a	n/a	n/a	n/a	n/a	n/a	raa	37.259101764801066	10	true	37.14443670917662	37.55941500572225
37.259101764801066	0.0	cv_transition	/intervals/trials	10	cv_transition_time	n/a	n/a	n/a	n/a	n/a	n/a	n/a	n/a	n/a	raa	37.259101764801066	10	true	37.14443670917662	37.55941500572225
40.6759637188	0.37255353539011793	trials	/intervals/trials	11	start_time	n/a	n/a	n/a	n/a	n/a	n/a	n/a	n/a	n/a	woo	40.77277509661703	11	true	40.6759637188	41.048517254190116
40.77277509661703	0.0	cv_transition	/intervals/trials	11	cv_transition_time	n/a	n/a	n/a	n/a	n/a	n/a	n/a	n/a	n/a	woo	40.77277509661703	11	true	40.6759637188	41.048517254190116
43.76061281135164	0.3831400811928134	trials	/intervals/trials	12	start_time	n/a	n/a	n/a	n/a	n/a	n/a	n/a	n/a	n/a	tee	43.857551868038975	12	true	43.76061281135164	44.143752892544455
43.857551868038975	0.0	cv_transition	/intervals/trials	12	cv_transition_time	n/a	n/a	n/a	n/a	n/a	n/a	n/a	n/a	n/a	tee	43.857551868038975	12	true	43.76061281135164	44.143752892544455
46.941723356	0.3990929704999999	trials	/intervals/trials	13	start_time	n/a	n/a	n/a	n/a	n/a	n/a	n/a	n/a	n/a	baa	47.04570746046161	13	true	46.941723356	47.3408163265
47.04570746046161	0.0	cv_transition	/intervals/trials	13	cv_transition_time	n/a	n/a	n/a	n/a	n/a	n/a	n/a	n/a	n/a	baa	47.04570746046161	13	true	46.941723356	47.3408163265
50.054564977139485	0.38775622674935306	trials	/intervals/trials	14	start_time	n/a	n/a	n/a	n/a	n/a	n/a	n/a	n/a	n/a	fee	50.1444444444	14	true	50.054564977139485	50.44232120388884
50.1444444444	0.0	cv_transition	/intervals/trials	14	cv_transition_time	n/a	n/a	n/a	n/a	n/a	n/a	n/a	n/a	n/a	fee	50.1444444444	14	true	50.054564977139485	50.44232120388884
52.97530876184353	0.3548568494618607	trials	/intervals/trials	15	start_time	n/a	n/a	n/a	n/a	n/a	n/a	n/a	n/a	n/a	hoo	53.0079364082	15	true	52.97530876184353	53.33016561130539
53.0079364082	0.0	cv_transition	/intervals/trials	15	cv_transition_time	n/a	n/a	n/a	n/a	n/a	n/a	n/a	n/a	n/a	hoo	53.0079364082	15	true	52.97530876184353	53.33016561130539
56.075564882917426	0.3446165229825766	trials	/intervals/trials	16	start_time	n/a	n/a	n/a	n/a	n/a	n/a	n/a	n/a	n/a	pee	56.143537626237475	16	true	56.075564882917426	56.4201814059
56.143537626237475	0.0	cv_transition	/intervals/trials	16	cv_transition_time	n/a	n/a	n/a	n/a	n/a	n/a	n/a	n/a	n/a	pee	56.143537626237475	16	true	56.075564882917426	56.4201814059
59.491558175108445	0.42068672289155273	trials	/intervals/trials	17	start_time	n/a	n/a	n/a	n/a	n/a	n/a	n/a	n/a	n/a	she	59.64908414222537	17	true	59.491558175108445	59.912244898
59.64908414222537	0.0	cv_transition	/intervals/trials	17	cv_transition_time	n/a	n/a	n/a	n/a	n/a	n/a	n/a	n/a	n/a	she	59.64908414222537	17	true	59.491558175108445	59.912244898
62.798688790418765	0.4429191661500056	trials	/intervals/trials	18	start_time	n/a	n/a	n/a	n/a	n/a	n/a	n/a	n/a	n/a	haa	62.8854875283	18	true	62.798688790418765	63.24160795656877
62.8854875283	0.0	cv_transition	/intervals/trials	18	cv_transition_time	n/a	n/a	n/a	n/a	n/a	n/a	n/a	n/a	n/a	haa	62.8854875283	18	true	62.798688790418765	63.24160795656877
66.24232538541641	0.3727537536906027	trials	/intervals/trials	19	start_time	n/a	n/a	n/a	n/a	n/a	n/a	n/a	n/a	n/a	kee	66.3476190476	19	true	66.24232538541641	66.61507913910701
66.3476190476	0.0	cv_transition	/intervals/trials	19	cv_transition_time	n/a	n/a	n/a	n/a	n/a	n/a	n/a	n/a	n/a	kee	66.3476190476	19	true	66.24232538541641	66.61507913910701
69.96964065001077	0.42583942759080173	trials	/intervals/trials	20	start_time	n/a	n/a	n/a	n/a	n/a	n/a	n/a	n/a	n/a	zaa	70.07004181586552	20	true	69.96964065001077	70.39548007760158
70.07004181586552	0.0	cv_transition	/intervals/trials	20	cv_transition_time	n/a	n/a	n/a	n/a	n/a	n/a	n/a	n/a	n/a	zaa	70.07004181586552	20	true	69.96964065001077	70.39548007760158
73.43525137810248	0.37390779007972696	trials	/intervals/trials	21	start_time	n/a	n/a	n/a	n/a	n/a	n/a	n/a	n/a	n/a	vee	73.5213151927	21	true	73.43525137810248	73.8091591681822
73.5213151927	0.0	cv_transition	/intervals/trials	21	cv_transition_time	n/a	n/a	n/a	n/a	n/a	n/a	n/a	n/a	n/a	vee	73.5213151927	21	true	73.43525137810248	73.8091591681822
76.1295638830611	0.48472183123890034	trials	/intervals/trials	22	start_time	n/a	n/a	n/a	n/a	n/a	n/a	n/a	n/a	n/a	soo	76.30497741420962	22	true	76.1295638830611	76.6142857143
76.30497741420962	0.0	cv_transition	/intervals/trials	22	cv_transition_time	n/a	n/a	n/a	n/a	n/a	n/a	n/a	n/a	n/a	soo	76.30497741420962	22	true	76.1295638830611	76.6142857143
79.5376417234	0.4471808806837174	trials	/intervals/trials	23	start_time	n/a	n/a	n/a	n/a	n/a	n/a	n/a	n/a	n/a	faa	79.6174603175	23	true	79.5376417234	79.98482260408372
79.6174603175	0.0	cv_transition	/intervals/trials	23	cv_transition_time	n/a	n/a	n/a	n/a	n/a	n/a	n/a	n/a	n/a	faa	79.6174603175	23	true	79.5376417234	79.98482260408372
82.70756358334188	0.37736989924712816	trials	/intervals/trials	24	start_time	n/a	n/a	n/a	n/a	n/a	n/a	n/a	n/a	n/a	yoo	82.8700680272	24	true	82.70756358334188	83.08493348258901
82.8700680272	0.0	cv_transition	/intervals/trials	24	cv_transition_time	n/a	n/a	n/a	n/a	n/a	n/a	n/a	n/a	n/a	yoo	82.8700680272	24	true	82.70756358334188	83.08493348258901
86.25135614551063	0.509868344289373	trials	/intervals/trials	25	start_time	n/a	n/a	n/a	n/a	n/a	n/a	n/a	n/a	n/a	shaa	86.3920634921	25	true	86.25135614551063	86.7612244898
86.3920634921	0.0	cv_transition	/intervals/trials	25	cv_transition_time	n/a	n/a	n/a	n/a	n/a	n/a	n/a	n/a	n/a	shaa	86.3920634921	25	true	86.25135614551063	86.7612244898
89.17318279330037	0.3617378415996342	trials	/intervals/trials	26	start_time	n/a	n/a	n/a	n/a	n/a	n/a	n/a	n/a	n/a	loo	89.2455782313	26	true	89.17318279330037	89.5349206349
89.2455782313	0.0	cv_transition	/intervals/trials	26	cv_transition_time	n/a	n/a	n/a	n/a	n/a	n/a	n/a	n/a	n/a	loo	89.2455782313	26	true	89.17318279330037	89.5349206349
92.1988662132	0.3573126941357998	trials	/intervals/trials	27	start_time	n/a	n/a	n/a	n/a	n/a	n/a	n/a	n/a	n/a	nee	92.30275251628177	27	true	92.1988662132	92.5561789073358
92.30275251628177	0.0	cv_transition	/intervals/trials	27	cv_transition_time	n/a	n/a	n/a	n/a	n/a	n/a	n/a	n/a	n/a	nee	92.30275251628177	27	true	92.1988662132	92.5561789073358
94.9326530612	0.3972896251995337	trials	/intervals/trials	28	start_time	n/a	n/a	n/a	n/a	n/a	n/a	n/a	n/a	n/a	noo	95.0424036281	28	true	94.9326530612	95.32994268639953
95.0424036281	0.0	cv_transition	/intervals/trials	28	cv_transition_time	n/a	n/a	n/a	n/a	n/a	n/a	n/a	n/a	n/a	noo	95.0424036281	28	true	94.9326530612	95.32994268639953
98.01802339485684	0.35680653714315724	trials	/intervals/trials	29	start_time	n/a	n/a	n/a	n/a	n/a	n/a	n/a	n/a	n/a	doo	98.04087331536171	29	true	98.01802339485684	98.374829932
98.04087331536171	0.0	cv_transition	/intervals/trials	29	cv_transition_time	n/a	n/a	n/a	n/a	n/a	n/a	n/a	n/a	n/a	doo	98.04087331536171	29	true	98.01802339485684	98.374829932
100.71492835040416	0.37373378159583126	trials	/intervals/trials	30	start_time	n/a	n/a	n/a	n/a	n/a	n/a	n/a	n/a	n/a	hee	100.769387755	30	true	100.71492835040416	101.088662132
100.769387755	0.0	cv_transition	/intervals/trials	30	cv_transition_time	n/a	n/a	n/a	n/a	n/a	n/a	n/a	n/a	n/a	hee	100.769387755	30	true	100.71492835040416	101.088662132
104.18327784927665	0.5265868043622959	trials	/intervals/trials	31	start_time	n/a	n/a	n/a	n/a	n/a	n/a	n/a	n/a	n/a	shaa	104.34380431100533	31	true	104.18327784927665	104.70986465363895
104.34380431100533	0.0	cv_transition	/intervals/trials	31	cv_transition_time	n/a	n/a	n/a	n/a	n/a	n/a	n/a	n/a	n/a	shaa	104.34380431100533	31	true	104.18327784927665	104.70986465363895
107.41731051945423	0.3582128951874921	trials	/intervals/trials	32	start_time	n/a	n/a	n/a	n/a	n/a	n/a	n/a	n/a	n/a	poo	107.47414966	32	true	107.41731051945423	107.77552341464173
107.47414966	0.0	cv_transition	/intervals/trials	32	cv_transition_time	n/a	n/a	n/a	n/a	n/a	n/a	n/a	n/a	n/a	poo	107.47414966	32	true	107.41731051945423	107.77552341464173
111.17071526901674	0.40411466298326104	trials	/intervals/trials	33	start_time	n/a	n/a	n/a	n/a	n/a	n/a	n/a	n/a	n/a	boo	111.245578231	33	true	111.17071526901674	111.574829932
111.245578231	0.0	cv_transition	/intervals/trials	33	cv_transition_time	n/a	n/a	n/a	n/a	n/a	n/a	n/a	n/a	n/a	boo	111.245578231	33	true	111.17071526901674	111.574829932
113.67384925225463	0.4551756907453779	trials	/intervals/trials	34	start_time	n/a	n/a	n/a	n/a	n/a	n/a	n/a	n/a	n/a	wee	113.84695471062487	34	true	113.67384925225463	114.129024943
113.84695471062487	0.0	cv_transition	/intervals/trials	34	cv_transition_time	n/a	n/a	n/a	n/a	n/a	n/a	n/a	n/a	n/a	wee	113.84695471062487	34	true	113.67384925225463	114.129024943
116.68402977949316	0.40229708525245655	trials	/intervals/trials	35	start_time	n/a	n/a	n/a	n/a	n/a	n/a	n/a	n/a	n/a	daa	116.71865087116721	35	true	116.68402977949316	117.08632686474562
116.71865087116721	0.0	cv_transition	/intervals/trials	35	cv_transition_time	n/a	n/a	n/a	n/a	n/a	n/a	n/a	n/a	n/a	daa	116.71865087116721	35	true	116.68402977949316	117.08632686474562
120.0776739448618	0.4168838781381936	trials	/intervals/trials	36	start_time	n/a	n/a	n/a	n/a	n/a	n/a	n/a	n/a	n/a	ree	120.15384034654471	36	true	120.0776739448618	120.494557823
120.15384034654471	0.0	cv_transition	/intervals/trials	36	cv_transition_time	n/a	n/a	n/a	n/a	n/a	n/a	n/a	n/a	n/a	ree	120.15384034654471	36	true	120.0776739448618	120.494557823
123.2762241273603	0.41199099092118274	trials	/intervals/trials	37	start_time	n/a	n/a	n/a	n/a	n/a	n/a	n/a	n/a	n/a	paa	123.298185941	37	true	123.2762241273603	123.68821511828148
123.298185941	0.0	cv_transition	/intervals/trials	37	cv_transition_time	n/a	n/a	n/a	n/a	n/a	n/a	n/a	n/a	n/a	paa	123.298185941	37	true	123.2762241273603	123.68821511828148
126.47496518617997	0.4445748133992282	trials	/intervals/trials	38	start_time	n/a	n/a	n/a	n/a	n/a	n/a	n/a	n/a	n/a	roo	126.59060603359596	38	true	126.47496518617997	126.9195399995792
126.59060603359596	0.0	cv_transition	/intervals/trials	38	cv_transition_time	n/a	n/a	n/a	n/a	n/a	n/a	n/a	n/a	n/a	roo	126.59060603359596	38	true	126.47496518617997	126.9195399995792
129.5914864074485	0.4102302611160269	trials	/intervals/trials	39	start_time	n/a	n/a	n/a	n/a	n/a	n/a	n/a	n/a	n/a	kaa	129.663718821	39	true	129.5914864074485	130.00171666856454
129.663718821	0.0	cv_transition	/intervals/trials	39	cv_transition_time	n/a	n/a	n/a	n/a	n/a	n/a	n/a	n/a	n/a	kaa	129.663718821	39	true	129.5914864074485	130.00171666856454
133.06880048745276	0.38583722909655194	trials	/intervals/trials	40	start_time	n/a	n/a	n/a	n/a	n/a	n/a	n/a	n/a	n/a	koo	133.135827664	40	true	133.06880048745276	133.4546377165493
133.135827664	0.0	cv_transition	/intervals/trials	40	cv_transition_time	n/a	n/a	n/a	n/a	n/a	n/a	n/a	n/a	n/a	koo	133.135827664	40	true	133.06880048745276	133.4546377165493
135.96446857671498	0.40401214928502327	trials	/intervals/trials	41	start_time	n/a	n/a	n/a	n/a	n/a	n/a	n/a	n/a	n/a	mee	136.089115646	41	true	135.96446857671498	136.368480726
136.089115646	0.0	cv_transition	/intervals/trials	41	cv_transition_time	n/a	n/a	n/a	n/a	n/a	n/a	n/a	n/a	n/a	mee	136.089115646	41	true	135.96446857671498	136.368480726
138.88250000000002	0.0024999999999977263	invalid_times	/intervals/invalid_times	0	start_time	n/a	n/a	n/a	n/a	0	138.88250000000002	138.88500000000002	"[""ECoG artifact""]"	"[{""idx_start"":423835,""count"":8,""timeseries"":""/acquisition/ElectricalSeries""}]"	n/a	n/a	n/a	n/a	n/a	n/a
139.20845276456205	0.3727263734379562	trials	/intervals/trials	42	start_time	n/a	n/a	n/a	n/a	n/a	n/a	n/a	n/a	n/a	woo	139.28185941	42	true	139.20845276456205	139.581179138
139.28185941	0.0	cv_transition	/intervals/trials	42	cv_transition_time	n/a	n/a	n/a	n/a	n/a	n/a	n/a	n/a	n/a	woo	139.28185941	42	true	139.20845276456205	139.581179138
142.265079365	0.4357741426732673	trials	/intervals/trials	43	start_time	n/a	n/a	n/a	n/a	n/a	n/a	n/a	n/a	n/a	goo	142.364852608	43	true	142.265079365	142.70085350767326
142.364852608	0.0	cv_transition	/intervals/trials	43	cv_transition_time	n/a	n/a	n/a	n/a	n/a	n/a	n/a	n/a	n/a	goo	142.364852608	43	true	142.265079365	142.70085350767326
145.1553930563203	0.4421126126796935	trials	/intervals/trials	44	start_time	n/a	n/a	n/a	n/a	n/a	n/a	n/a	n/a	n/a	foo	145.268253968	44	true	145.1553930563203	145.597505669
145.268253968	0.0	cv_transition	/intervals/trials	44	cv_transition_time	n/a	n/a	n/a	n/a	n/a	n/a	n/a	n/a	n/a	foo	145.268253968	44	true	145.1553930563203	145.597505669
149.57026827704436	0.3682101475642412	trials	/intervals/trials	45	start_time	n/a	n/a	n/a	n/a	n/a	n/a	n/a	n/a	n/a	dee	149.60160531087962	45	true	149.57026827704436	149.9384784246086
149.60160531087962	0.0	cv_transition	/intervals/trials	45	cv_transition_time	n/a	n/a	n/a	n/a	n/a	n/a	n/a	n/a	n/a	dee	149.60160531087962	45	true	149.57026827704436	149.9384784246086
151.7221078190846	0.38061326891539693	trials	/intervals/trials	46	start_time	n/a	n/a	n/a	n/a	n/a	n/a	n/a	n/a	n/a	bee	151.773469388	46	true	151.7221078190846	152.102721088
151.773469388	0.0	cv_transition	/intervals/trials	46	cv_transition_time	n/a	n/a	n/a	n/a	n/a	n/a	n/a	n/a	n/a	bee	151.773469388	46	true	151.7221078190846	152.102721088
154.646938776	0.4772977625908936	trials	/intervals/trials	47	start_time	n/a	n/a	n/a	n/a	n/a	n/a	n/a	n/a	n/a	nee	154.786621315	47	true	154.646938776	155.1242365385909
154.786621315	0.0	cv_transition	/intervals/trials	47	cv_transition_time	n/a	n/a	n/a	n/a	n/a	n/a	n/a	n/a	n/a	nee	154.786621315	47	true	154.646938776	155.1242365385909
158.04903514203696	0.34506347484500566	trials	/intervals/trials	48	start_time	n/a	n/a	n/a	n/a	n/a	n/a	n/a	n/a	n/a	thoo	158.079138322	48	true	158.04903514203696	158.39409861688196
158.079138322	0.0	cv_transition	/intervals/trials	48	cv_transition_time	n/a	n/a	n/a	n/a	n/a	n/a	n/a	n/a	n/a	thoo	158.079138322	48	true	158.04903514203696	158.39409861688196
160.553514739	0.5188208619999841	trials	/intervals/trials	49	start_time	n/a	n/a	n/a	n/a	n/a	n/a	n/a	n/a	n/a	shoo	160.75149204381637	49	true	160.553514739	161.072335601
160.75149204381637	0.0	cv_transition	/intervals/trials	49	cv_transition_time	n/a	n/a	n/a	n/a	n/a	n/a	n/a	n/a	n/a	shoo	160.75149204381637	49	true	160.553514739	161.072335601
164.20089976505378	0.4166401089459839	trials	/intervals/trials	50	start_time	n/a	n/a	n/a	n/a	n/a	n/a	n/a	n/a	n/a	yee	164.334920635	50	true	164.20089976505378	164.61753987399976
164.334920635	0.0	cv_transition	/intervals/trials	50	cv_transition_time	n/a	n/a	n/a	n/a	n/a	n/a	n/a	n/a	n/a	yee	164.334920635	50	true	164.20089976505378	164.61753987399976
167.57282020649214	0.46293345438442657	trials	/intervals/trials	51	start_time	n/a	n/a	n/a	n/a	n/a	n/a	n/a	n/a	n/a	yaa	167.67965100365777	51	true	167.57282020649214	168.03575366087657
167.67965100365777	0.0	cv_transition	/intervals/trials	51	cv_transition_time	n/a	n/a	n/a	n/a	n/a	n/a	n/a	n/a	n/a	yaa	167.67965100365777	51	true	167.57282020649214	168.03575366087657
170.750340136	0.329251701000004	trials	/intervals/trials	52	start_time	n/a	n/a	n/a	n/a	n/a	n/a	n/a	n/a	n/a	woo	170.840136054	52	true	170.750340136	171.079591837
170.840136054	0.0	cv_transition	/intervals/trials	52	cv_transition_time	n/a	n/a	n/a	n/a	n/a	n/a	n/a	n/a	n/a	woo	170.840136054	52	true	170.750340136	171.079591837
173.78778819560318	0.3838786644818697	trials	/intervals/trials	53	start_time	n/a	n/a	n/a	n/a	n/a	n/a	n/a	n/a	n/a	too	173.8622136509619	53	true	173.78778819560318	174.17166686008505
173.8622136509619	0.0	cv_transition	/intervals/trials	53	cv_transition_time	n/a	n/a	n/a	n/a	n/a	n/a	n/a	n/a	n/a	too	173.8622136509619	53	true	173.78778819560318	174.17166686008505
176.76690191018753	0.41874177303526494	trials	/intervals/trials	54	start_time	n/a	n/a	n/a	n/a	n/a	n/a	n/a	n/a	n/a	zee	176.8446753889358	54	true	176.76690191018753	177.1856436832228
176.8446753889358	0.0	cv_transition	/intervals/trials	54	cv_transition_time	n/a	n/a	n/a	n/a	n/a	n/a	n/a	n/a	n/a	zee	176.8446753889358	54	true	176.76690191018753	177.1856436832228
181.066893424	0.44697493070978567	trials	/intervals/trials	55	start_time	n/a	n/a	n/a	n/a	n/a	n/a	n/a	n/a	n/a	daa	181.15509492756186	55	true	181.066893424	181.51386835470979
181.15509492756186	0.0	cv_transition	/intervals/trials	55	cv_transition_time	n/a	n/a	n/a	n/a	n/a	n/a	n/a	n/a	n/a	daa	181.15509492756186	55	true	181.066893424	181.51386835470979
184.2588573201436	0.4287475992914267	trials	/intervals/trials	56	start_time	n/a	n/a	n/a	n/a	n/a	n/a	n/a	n/a	n/a	laa	184.3122727187264	56	true	184.2588573201436	184.68760491943502
184.3122727187264	0.0	cv_transition	/intervals/trials	56	cv_transition_time	n/a	n/a	n/a	n/a	n/a	n/a	n/a	n/a	n/a	laa	184.3122727187264	56	true	184.2588573201436	184.68760491943502
186.783900227	0.5067263011714829	trials	/intervals/trials	57	start_time	n/a	n/a	n/a	n/a	n/a	n/a	n/a	n/a	n/a	shoo	186.95446561975695	57	true	186.783900227	187.2906265281715
186.95446561975695	0.0	cv_transition	/intervals/trials	57	cv_transition_time	n/a	n/a	n/a	n/a	n/a	n/a	n/a	n/a	n/a	shoo	186.95446561975695	57	true	186.783900227	187.2906265281715
189.99425988554304	0.35154510345694234	trials	/intervals/trials	58	start_time	n/a	n/a	n/a	n/a	n/a	n/a	n/a	n/a	n/a	ree	190.02417250874942	58	true	189.99425988554304	190.345804989
190.02417250874942	0.0	cv_transition	/intervals/trials	58	cv_transition_time	n/a	n/a	n/a	n/a	n/a	n/a	n/a	n/a	n/a	ree	190.02417250874942	58	true	189.99425988554304	190.345804989
192.570748299	0.42122529098168116	trials	/intervals/trials	59	start_time	n/a	n/a	n/a	n/a	n/a	n/a	n/a	n/a	n/a	koo	192.740362812	59	false	192.570748299	192.99197358998168
192.740362812	0.0	cv_transition	/intervals/trials	59	cv_transition_time	n/a	n/a	n/a	n/a	n/a	n/a	n/a	n/a	n/a	koo	192.740362812	59	false	192.570748299	192.99197358998168
195.5623896016994	0.4041765159433339	trials	/intervals/trials	60	start_time	n/a	n/a	n/a	n/a	n/a	n/a	n/a	n/a	n/a	foo	195.673696145	60	true	195.5623896016994	195.96656611764274
195.673696145	0.0	cv_transition	/intervals/trials	60	cv_transition_time	n/a	n/a	n/a	n/a	n/a	n/a	n/a	n/a	n/a	foo	195.673696145	60	true	195.5623896016994	195.96656611764274
198.636961451	0.320078714404076	trials	/intervals/trials	61	start_time	n/a	n/a	n/a	n/a	n/a	n/a	n/a	n/a	n/a	boo	198.676870748	61	true	198.636961451	198.95704016540407
198.676870748	0.0	cv_transition	/intervals/trials	61	cv_transition_time	n/a	n/a	n/a	n/a	n/a	n/a	n/a	n/a	n/a	boo	198.676870748	61	true	198.636961451	198.95704016540407
201.3339493347774	0.5021047466784978	trials	/intervals/trials	62	start_time	n/a	n/a	n/a	n/a	n/a	n/a	n/a	n/a	n/a	yoo	201.53158630953385	62	true	201.3339493347774	201.8360540814559
201.53158630953385	0.0	cv_transition	/intervals/trials	62	cv_transition_time	n/a	n/a	n/a	n/a	n/a	n/a	n/a	n/a	n/a	yoo	201.53158630953385	62	true	201.3339493347774	201.8360540814559
205.12346058960043	0.3931373335695696	trials	/intervals/trials	63	start_time	n/a	n/a	n/a	n/a	n/a	n/a	n/a	n/a	n/a	naa	205.21533507516287	63	true	205.12346058960043	205.51659792317
205.21533507516287	0.0	cv_transition	/intervals/trials	63	cv_transition_time	n/a	n/a	n/a	n/a	n/a	n/a	n/a	n/a	n/a	naa	205.21533507516287	63	true	205.12346058960043	205.51659792317
208.255102041	0.4589132736002739	trials	/intervals/trials	64	start_time	n/a	n/a	n/a	n/a	n/a	n/a	n/a	n/a	n/a	naa	208.344897959	64	true	208.255102041	208.71401531460026
208.344897959	0.0	cv_transition	/intervals/trials	64	cv_transition_time	n/a	n/a	n/a	n/a	n/a	n/a	n/a	n/a	n/a	naa	208.344897959	64	true	208.255102041	208.71401531460026
211.37821667667032	0.5336198318423442	trials	/intervals/trials	65	start_time	n/a	n/a	n/a	n/a	n/a	n/a	n/a	n/a	n/a	saa	211.50801609522657	65	true	211.37821667667032	211.91183650851266
211.50801609522657	0.0	cv_transition	/intervals/trials	65	cv_transition_time	n/a	n/a	n/a	n/a	n/a	n/a	n/a	n/a	n/a	saa	211.50801609522657	65	true	211.37821667667032	211.91183650851266
215.35107310013612	0.4219816488042625	trials	/intervals/trials	66	start_time	n/a	n/a	n/a	n/a	n/a	n/a	n/a	n/a	n/a	fee	215.418820862	66	true	215.35107310013612	215.77305474894038
215.418820862	0.0	cv_transition	/intervals/trials	66	cv_transition_time	n/a	n/a	n/a	n/a	n/a	n/a	n/a	n/a	n/a	fee	215.418820862	66	true	215.35107310013612	215.77305474894038
217.933106576	0.44999643517149934	trials	/intervals/trials	67	start_time	n/a	n/a	n/a	n/a	n/a	n/a	n/a	n/a	n/a	hee	218.01292517	67	true	217.933106576	218.3831030111715
218.01292517	0.0	cv_transition	/intervals/trials	67	cv_transition_time	n/a	n/a	n/a	n/a	n/a	n/a	n/a	n/a	n/a	hee	218.01292517	67	true	217.933106576	218.3831030111715
220.85277692275037	0.3521028763104539	trials	/intervals/trials	68	start_time	n/a	n/a	n/a	n/a	n/a	n/a	n/a	n/a	n/a	dee	220.876417234	68	true	220.85277692275037	221.20487979906082
220.876417234	0.0	cv_transition	/intervals/trials	68	cv_transition_time	n/a	n/a	n/a	n/a	n/a	n/a	n/a	n/a	n/a	dee	220.876417234	68	true	220.85277692275037	221.20487979906082
224.2950403869602	0.45830411984059083	trials	/intervals/trials	69	start_time	n/a	n/a	n/a	n/a	n/a	n/a	n/a	n/a	n/a	raa	224.398412698	69	true	224.2950403869602	224.7533445068008
224.398412698	0.0	cv_transition	/intervals/trials	69	cv_transition_time	n/a	n/a	n/a	n/a	n/a	n/a	n/a	n/a	n/a	raa	224.398412698	69	true	224.2950403869602	224.7533445068008
227.3256109355127	0.45866022249779803	trials	/intervals/trials	70	start_time	n/a	n/a	n/a	n/a	n/a	n/a	n/a	n/a	n/a	gaa	227.40110469884308	70	true	227.3256109355127	227.7842711580105
227.40110469884308	0.0	cv_transition	/intervals/trials	70	cv_transition_time	n/a	n/a	n/a	n/a	n/a	n/a	n/a	n/a	n/a	gaa	227.40110469884308	70	true	227.3256109355127	227.7842711580105
229.8331970321145	0.4315964205491696	trials	/intervals/trials	71	start_time	n/a	n/a	n/a	n/a	n/a	n/a	n/a	n/a	n/a	moo	229.91652505390368	71	true	229.8331970321145	230.26479345266367
229.91652505390368	0.0	cv_transition	/intervals/trials	71	cv_transition_time	n/a	n/a	n/a	n/a	n/a	n/a	n/a	n/a	n/a	moo	229.91652505390368	71	true	229.8331970321145	230.26479345266367
232.799319728	0.4222006716680937	trials	/intervals/trials	72	start_time	n/a	n/a	n/a	n/a	n/a	n/a	n/a	n/a	n/a	nee	232.88322287531025	72	true	232.799319728	233.2215203996681
232.88322287531025	0.0	cv_transition	/intervals/trials	72	cv_transition_time	n/a	n/a	n/a	n/a	n/a	n/a	n/a	n/a	n/a	nee	232.88322287531025	72	true	232.799319728	233.2215203996681
233.68750000000003	0.017500000000012506	invalid_times	/intervals/invalid_times	1	start_time	n/a	n/a	n/a	n/a	1	233.68750000000003	233.70500000000004	"[""ECoG artifact""]"	"[{""idx_start"":713157,""count"":54,""timeseries"":""/acquisition/ElectricalSeries""}]"	n/a	n/a	n/a	n/a	n/a	n/a
236.031972789	0.4560744135404775	trials	/intervals/trials	73	start_time	n/a	n/a	n/a	n/a	n/a	n/a	n/a	n/a	n/a	faa	236.111791383	73	true	236.031972789	236.48804720254049
236.111791383	0.0	cv_transition	/intervals/trials	73	cv_transition_time	n/a	n/a	n/a	n/a	n/a	n/a	n/a	n/a	n/a	faa	236.111791383	73	true	236.031972789	236.48804720254049
239.9591072821602	0.4113812207666001	trials	/intervals/trials	74	start_time	n/a	n/a	n/a	n/a	n/a	n/a	n/a	n/a	n/a	zoo	240.052834467	74	true	239.9591072821602	240.3704885029268
240.052834467	0.0	cv_transition	/intervals/trials	74	cv_transition_time	n/a	n/a	n/a	n/a	n/a	n/a	n/a	n/a	n/a	zoo	240.052834467	74	true	239.9591072821602	240.3704885029268
243.31935898758917	0.37568830336584824	trials	/intervals/trials	75	start_time	n/a	n/a	n/a	n/a	n/a	n/a	n/a	n/a	n/a	too	243.385260771	75	true	243.31935898758917	243.69504729095502
243.385260771	0.0	cv_transition	/intervals/trials	75	cv_transition_time	n/a	n/a	n/a	n/a	n/a	n/a	n/a	n/a	n/a	too	243.385260771	75	true	243.31935898758917	243.69504729095502
246.52519249128898	0.40453261860056955	trials	/intervals/trials	76	start_time	n/a	n/a	n/a	n/a	n/a	n/a	n/a	n/a	n/a	waa	246.59213979084612	76	true	246.52519249128898	246.92972510988955
246.59213979084612	0.0	cv_transition	/intervals/trials	76	cv_transition_time	n/a	n/a	n/a	n/a	n/a	n/a	n/a	n/a	n/a	waa	246.59213979084612	76	true	246.52519249128898	246.92972510988955
249.72113777226556	0.457591914526148	trials	/intervals/trials	77	start_time	n/a	n/a	n/a	n/a	n/a	n/a	n/a	n/a	n/a	laa	249.78701676385103	77	true	249.72113777226556	250.1787296867917
249.78701676385103	0.0	cv_transition	/intervals/trials	77	cv_transition_time	n/a	n/a	n/a	n/a	n/a	n/a	n/a	n/a	n/a	laa	249.78701676385103	77	true	249.72113777226556	250.1787296867917
252.81031270387217	0.37764686798050207	trials	/intervals/trials	78	start_time	n/a	n/a	n/a	n/a	n/a	n/a	n/a	n/a	n/a	tee	252.89755785489078	78	true	252.81031270387217	253.18795957185267
252.89755785489078	0.0	cv_transition	/intervals/trials	78	cv_transition_time	n/a	n/a	n/a	n/a	n/a	n/a	n/a	n/a	n/a	tee	252.89755785489078	78	true	252.81031270387217	253.18795957185267
255.9785296774105	0.3952739495128412	trials	/intervals/trials	79	start_time	n/a	n/a	n/a	n/a	n/a	n/a	n/a	n/a	n/a	lee	256.086394558	79	true	255.9785296774105	256.37380362692335
256.086394558	0.0	cv_transition	/intervals/trials	79	cv_transition_time	n/a	n/a	n/a	n/a	n/a	n/a	n/a	n/a	n/a	lee	256.086394558	79	true	255.9785296774105	256.37380362692335
259.2394764413003	0.3090496356996937	trials	/intervals/trials	80	start_time	n/a	n/a	n/a	n/a	n/a	n/a	n/a	n/a	n/a	roo	259.289115646	80	true	259.2394764413003	259.548526077
259.289115646	0.0	cv_transition	/intervals/trials	80	cv_transition_time	n/a	n/a	n/a	n/a	n/a	n/a	n/a	n/a	n/a	roo	259.289115646	80	true	259.2394764413003	259.548526077
263.06647387478097	0.3632313402190448	trials	/intervals/trials	81	start_time	n/a	n/a	n/a	n/a	n/a	n/a	n/a	n/a	n/a	yee	263.170294785	81	true	263.06647387478097	263.429705215
263.170294785	0.0	cv_transition	/intervals/trials	81	cv_transition_time	n/a	n/a	n/a	n/a	n/a	n/a	n/a	n/a	n/a	yee	263.170294785	81	true	263.06647387478097	263.429705215
265.20876854878446	0.4273231886625126	trials	/intervals/trials	82	start_time	n/a	n/a	n/a	n/a	n/a	n/a	n/a	n/a	n/a	faa	265.30705288217683	82	true	265.20876854878446	265.636091737447
265.30705288217683	0.0	cv_transition	/intervals/trials	82	cv_transition_time	n/a	n/a	n/a	n/a	n/a	n/a	n/a	n/a	n/a	faa	265.30705288217683	82	true	265.20876854878446	265.636091737447
267.6753074401564	0.4636948278435966	trials	/intervals/trials	83	start_time	n/a	n/a	n/a	n/a	n/a	n/a	n/a	n/a	n/a	shoo	267.869614512	83	true	267.6753074401564	268.139002268
267.869614512	0.0	cv_transition	/intervals/trials	83	cv_transition_time	n/a	n/a	n/a	n/a	n/a	n/a	n/a	n/a	n/a	shoo	267.869614512	83	true	267.6753074401564	268.139002268
271.07134746263586	0.43001308136416583	trials	/intervals/trials	84	start_time	n/a	n/a	n/a	n/a	n/a	n/a	n/a	n/a	n/a	ree	271.212018141	84	true	271.07134746263586	271.501360544
271.212018141	0.0	cv_transition	/intervals/trials	84	cv_transition_time	n/a	n/a	n/a	n/a	n/a	n/a	n/a	n/a	n/a	ree	271.212018141	84	true	271.07134746263586	271.501360544
274.34284695473855	0.5213342901682836	trials	/intervals/trials	85	start_time	n/a	n/a	n/a	n/a	n/a	n/a	n/a	n/a	n/a	maa	274.4767415538528	85	true	274.34284695473855	274.86418124490683
274.4767415538528	0.0	cv_transition	/intervals/trials	85	cv_transition_time	n/a	n/a	n/a	n/a	n/a	n/a	n/a	n/a	n/a	maa	274.4767415538528	85	true	274.34284695473855	274.86418124490683
277.5289644607875	0.38263230518157343	trials	/intervals/trials	86	start_time	n/a	n/a	n/a	n/a	n/a	n/a	n/a	n/a	n/a	daa	277.5613698025944	86	true	277.5289644607875	277.9115967659691
277.5613698025944	0.0	cv_transition	/intervals/trials	86	cv_transition_time	n/a	n/a	n/a	n/a	n/a	n/a	n/a	n/a	n/a	daa	277.5613698025944	86	true	277.5289644607875	277.9115967659691
282.02823601127244	0.38459086979634094	trials	/intervals/trials	87	start_time	n/a	n/a	n/a	n/a	n/a	n/a	n/a	n/a	n/a	kee	282.1201104968349	87	true	282.02823601127244	282.4128268810688
282.1201104968349	0.0	cv_transition	/intervals/trials	87	cv_transition_time	n/a	n/a	n/a	n/a	n/a	n/a	n/a	n/a	n/a	kee	282.1201104968349	87	true	282.02823601127244	282.4128268810688
284.541723356	0.41751755927822387	trials	/intervals/trials	88	start_time	n/a	n/a	n/a	n/a	n/a	n/a	n/a	n/a	n/a	bee	284.631519274	88	true	284.541723356	284.9592409152782
284.631519274	0.0	cv_transition	/intervals/trials	88	cv_transition_time	n/a	n/a	n/a	n/a	n/a	n/a	n/a	n/a	n/a	bee	284.631519274	88	true	284.541723356	284.9592409152782
286.9457057248944	0.39901302741361633	trials	/intervals/trials	89	start_time	n/a	n/a	n/a	n/a	n/a	n/a	n/a	n/a	n/a	koo	287.0290337466836	89	true	286.9457057248944	287.34471875230804
287.0290337466836	0.0	cv_transition	/intervals/trials	89	cv_transition_time	n/a	n/a	n/a	n/a	n/a	n/a	n/a	n/a	n/a	koo	287.0290337466836	89	true	286.9457057248944	287.34471875230804
289.89019483004967	0.3439951668732988	trials	/intervals/trials	90	start_time	n/a	n/a	n/a	n/a	n/a	n/a	n/a	n/a	n/a	kee	289.919501134	90	true	289.89019483004967	290.23418999692296
289.919501134	0.0	cv_transition	/intervals/trials	90	cv_transition_time	n/a	n/a	n/a	n/a	n/a	n/a	n/a	n/a	n/a	kee	289.919501134	90	true	289.89019483004967	290.23418999692296
292.95389567369426	0.3917129229406555	trials	/intervals/trials	91	start_time	n/a	n/a	n/a	n/a	n/a	n/a	n/a	n/a	n/a	noo	293.0439896459706	91	true	292.95389567369426	293.3456085966349
293.0439896459706	0.0	cv_transition	/intervals/trials	91	cv_transition_time	n/a	n/a	n/a	n/a	n/a	n/a	n/a	n/a	n/a	noo	293.0439896459706	91	true	292.95389567369426	293.3456085966349
295.656462585	0.4192613171445032	trials	/intervals/trials	92	start_time	n/a	n/a	n/a	n/a	n/a	n/a	n/a	n/a	n/a	baa	295.706349206	92	true	295.656462585	296.0757239021445
295.706349206	0.0	cv_transition	/intervals/trials	92	cv_transition_time	n/a	n/a	n/a	n/a	n/a	n/a	n/a	n/a	n/a	baa	295.706349206	92	true	295.656462585	296.0757239021445
298.889115646	0.5092084795580263	trials	/intervals/trials	93	start_time	n/a	n/a	n/a	n/a	n/a	n/a	n/a	n/a	n/a	shee	299.0879806597918	93	true	298.889115646	299.398324125558
299.0879806597918	0.0	cv_transition	/intervals/trials	93	cv_transition_time	n/a	n/a	n/a	n/a	n/a	n/a	n/a	n/a	n/a	shee	299.0879806597918	93	true	298.889115646	299.398324125558
302.1780807998955	0.4348013444641765	trials	/intervals/trials	94	start_time	n/a	n/a	n/a	n/a	n/a	n/a	n/a	n/a	n/a	yaa	302.271428571	94	true	302.1780807998955	302.6128821443597
302.271428571	0.0	cv_transition	/intervals/trials	94	cv_transition_time	n/a	n/a	n/a	n/a	n/a	n/a	n/a	n/a	n/a	yaa	302.271428571	94	true	302.1780807998955	302.6128821443597
305.0585837160387	0.3756566469613176	trials	/intervals/trials	95	start_time	n/a	n/a	n/a	n/a	n/a	n/a	n/a	n/a	n/a	boo	305.144897959	95	true	305.0585837160387	305.434240363
305.144897959	0.0	cv_transition	/intervals/trials	95	cv_transition_time	n/a	n/a	n/a	n/a	n/a	n/a	n/a	n/a	n/a	boo	305.144897959	95	true	305.0585837160387	305.434240363
307.88869538744535	0.3491730935546684	trials	/intervals/trials	96	start_time	n/a	n/a	n/a	n/a	n/a	n/a	n/a	n/a	n/a	dee	307.9274940908481	96	true	307.88869538744535	308.237868481
307.9274940908481	0.0	cv_transition	/intervals/trials	96	cv_transition_time	n/a	n/a	n/a	n/a	n/a	n/a	n/a	n/a	n/a	dee	307.9274940908481	96	true	307.88869538744535	308.237868481
311.4453163034654	0.35708193952615375	trials	/intervals/trials	97	start_time	n/a	n/a	n/a	n/a	n/a	n/a	n/a	n/a	n/a	taa	311.480498866	97	true	311.4453163034654	311.80239824299156
311.480498866	0.0	cv_transition	/intervals/trials	97	cv_transition_time	n/a	n/a	n/a	n/a	n/a	n/a	n/a	n/a	n/a	taa	311.480498866	97	true	311.4453163034654	311.80239824299156
314.80820089550696	0.4491278819235731	trials	/intervals/trials	98	start_time	n/a	n/a	n/a	n/a	n/a	n/a	n/a	n/a	n/a	boo	314.9574408813499	98	true	314.80820089550696	315.25732877743053
314.9574408813499	0.0	cv_transition	/intervals/trials	98	cv_transition_time	n/a	n/a	n/a	n/a	n/a	n/a	n/a	n/a	n/a	boo	314.9574408813499	98	true	314.80820089550696	315.25732877743053
332.471428571	0.5365272474181211	trials	/intervals/trials	99	start_time	n/a	n/a	n/a	n/a	n/a	n/a	n/a	n/a	n/a	faa	332.617825573954	99	true	332.471428571	333.0079558184181
332.617825573954	0.0	cv_transition	/intervals/trials	99	cv_transition_time	n/a	n/a	n/a	n/a	n/a	n/a	n/a	n/a	n/a	faa	332.617825573954	99	true	332.471428571	333.0079558184181
334.93257208292005	0.41714293908694344	trials	/intervals/trials	100	start_time	n/a	n/a	n/a	n/a	n/a	n/a	n/a	n/a	n/a	see	335.035600907	100	true	334.93257208292005	335.349715022007
335.035600907	0.0	cv_transition	/intervals/trials	100	cv_transition_time	n/a	n/a	n/a	n/a	n/a	n/a	n/a	n/a	n/a	see	335.035600907	100	true	334.93257208292005	335.349715022007
336.30000000000007	0.08999999999997499	invalid_times	/intervals/invalid_times	2	start_time	n/a	n/a	n/a	n/a	2	336.30000000000007	336.39000000000004	"[""ECoG artifact""]"	"[{""idx_start"":1026306,""count"":274,""timeseries"":""/acquisition/ElectricalSeries""}]"	n/a	n/a	n/a	n/a	n/a	n/a
337.82750000000004	0.0625	invalid_times	/intervals/invalid_times	3	start_time	n/a	n/a	n/a	n/a	3	337.82750000000004	337.89000000000004	"[""ECoG artifact""]"	"[{""idx_start"":1030967,""count"":191,""timeseries"":""/acquisition/ElectricalSeries""}]"	n/a	n/a	n/a	n/a	n/a	n/a
337.99086993981376	0.3853492365662987	trials	/intervals/trials	101	start_time	n/a	n/a	n/a	n/a	n/a	n/a	n/a	n/a	n/a	paa	338.01573118088254	101	true	337.99086993981376	338.37621917638006
338.01573118088254	0.0	cv_transition	/intervals/trials	101	cv_transition_time	n/a	n/a	n/a	n/a	n/a	n/a	n/a	n/a	n/a	paa	338.01573118088254	101	true	337.99086993981376	338.37621917638006
340.1700000000001	0.07749999999998636	invalid_times	/intervals/invalid_times	4	start_time	n/a	n/a	n/a	n/a	4	340.1700000000001	340.24750000000006	"[""ECoG artifact""]"	"[{""idx_start"":1038116,""count"":236,""timeseries"":""/acquisition/ElectricalSeries""}]"	n/a	n/a	n/a	n/a	n/a	n/a
344.9990234266297	0.39395505078243787	trials	/intervals/trials	102	start_time	n/a	n/a	n/a	n/a	n/a	n/a	n/a	n/a	n/a	kaa	345.0563955214039	102	true	344.9990234266297	345.39297847741216
345.0563955214039	0.0	cv_transition	/intervals/trials	102	cv_transition_time	n/a	n/a	n/a	n/a	n/a	n/a	n/a	n/a	n/a	kaa	345.0563955214039	102	true	344.9990234266297	345.39297847741216
346.21250000000003	0.05500000000000682	invalid_times	/intervals/invalid_times	5	start_time	n/a	n/a	n/a	n/a	5	346.21250000000003	346.26750000000004	"[""ECoG artifact""]"	"[{""idx_start"":1056556,""count"":168,""timeseries"":""/acquisition/ElectricalSeries""}]"	n/a	n/a	n/a	n/a	n/a	n/a
348.0063949917459	0.49602956940140075	trials	/intervals/trials	103	start_time	n/a	n/a	n/a	n/a	n/a	n/a	n/a	n/a	n/a	mee	348.13787270893664	103	true	348.0063949917459	348.5024245611473
348.13787270893664	0.0	cv_transition	/intervals/trials	103	cv_transition_time	n/a	n/a	n/a	n/a	n/a	n/a	n/a	n/a	n/a	mee	348.13787270893664	103	true	348.0063949917459	348.5024245611473
351.28668537095945	0.4568253046390396	trials	/intervals/trials	104	start_time	n/a	n/a	n/a	n/a	n/a	n/a	n/a	n/a	n/a	haa	351.3854131840499	104	true	351.28668537095945	351.7435106755985
351.3854131840499	0.0	cv_transition	/intervals/trials	104	cv_transition_time	n/a	n/a	n/a	n/a	n/a	n/a	n/a	n/a	n/a	haa	351.3854131840499	104	true	351.28668537095945	351.7435106755985
353.66654964948344	0.5593779240478511	trials	/intervals/trials	105	start_time	n/a	n/a	n/a	n/a	n/a	n/a	n/a	n/a	n/a	voo	353.8654395780338	105	true	353.66654964948344	354.2259275735313
353.8654395780338	0.0	cv_transition	/intervals/trials	105	cv_transition_time	n/a	n/a	n/a	n/a	n/a	n/a	n/a	n/a	n/a	voo	353.8654395780338	105	true	353.66654964948344	354.2259275735313
357.21142823746146	0.32031779453853915	trials	/intervals/trials	106	start_time	n/a	n/a	n/a	n/a	n/a	n/a	n/a	n/a	n/a	doo	357.232426304	106	true	357.21142823746146	357.531746032
357.232426304	0.0	cv_transition	/intervals/trials	106	cv_transition_time	n/a	n/a	n/a	n/a	n/a	n/a	n/a	n/a	n/a	doo	357.232426304	106	true	357.21142823746146	357.531746032
360.3107958361763	0.42383635014397214	trials	/intervals/trials	107	start_time	n/a	n/a	n/a	n/a	n/a	n/a	n/a	n/a	n/a	see	360.45996328258906	107	true	360.3107958361763	360.73463218632025
360.45996328258906	0.0	cv_transition	/intervals/trials	107	cv_transition_time	n/a	n/a	n/a	n/a	n/a	n/a	n/a	n/a	n/a	see	360.45996328258906	107	true	360.3107958361763	360.73463218632025
363.4217893997593	0.4027999153934161	trials	/intervals/trials	108	start_time	n/a	n/a	n/a	n/a	n/a	n/a	n/a	n/a	n/a	wee	363.53653358930757	108	true	363.4217893997593	363.8245893151527
363.53653358930757	0.0	cv_transition	/intervals/trials	108	cv_transition_time	n/a	n/a	n/a	n/a	n/a	n/a	n/a	n/a	n/a	wee	363.53653358930757	108	true	363.4217893997593	363.8245893151527
366.90361416725153	0.34710117338357804	trials	/intervals/trials	109	start_time	n/a	n/a	n/a	n/a	n/a	n/a	n/a	n/a	n/a	goo	366.940362812	109	true	366.90361416725153	367.2507153406351
366.940362812	0.0	cv_transition	/intervals/trials	109	cv_transition_time	n/a	n/a	n/a	n/a	n/a	n/a	n/a	n/a	n/a	goo	366.940362812	109	true	366.90361416725153	367.2507153406351
367.63000000000005	0.10500000000001819	invalid_times	/intervals/invalid_times	6	start_time	n/a	n/a	n/a	n/a	6	367.63000000000005	367.73500000000007	"[""ECoG artifact""]"	"[{""idx_start"":1121917,""count"":321,""timeseries"":""/acquisition/ElectricalSeries""}]"	n/a	n/a	n/a	n/a	n/a	n/a
370.392517007	0.41282250403770604	trials	/intervals/trials	110	start_time	n/a	n/a	n/a	n/a	n/a	n/a	n/a	n/a	n/a	loo	370.48381672990763	110	true	370.392517007	370.8053395110377
370.48381672990763	0.0	cv_transition	/intervals/trials	110	cv_transition_time	n/a	n/a	n/a	n/a	n/a	n/a	n/a	n/a	n/a	loo	370.48381672990763	110	true	370.392517007	370.8053395110377
373.18180160026725	0.3363439056133757	trials	/intervals/trials	111	start_time	n/a	n/a	n/a	n/a	n/a	n/a	n/a	n/a	n/a	pee	373.2236354193734	111	true	373.18180160026725	373.5181455058806
373.2236354193734	0.0	cv_transition	/intervals/trials	111	cv_transition_time	n/a	n/a	n/a	n/a	n/a	n/a	n/a	n/a	n/a	pee	373.2236354193734	111	true	373.18180160026725	373.5181455058806
376.1260254926972	0.4541957502952414	trials	/intervals/trials	112	start_time	n/a	n/a	n/a	n/a	n/a	n/a	n/a	n/a	n/a	gaa	376.259183673	112	true	376.1260254926972	376.5802212429924
376.259183673	0.0	cv_transition	/intervals/trials	112	cv_transition_time	n/a	n/a	n/a	n/a	n/a	n/a	n/a	n/a	n/a	gaa	376.259183673	112	true	376.1260254926972	376.5802212429924
379.0172975127117	0.40160466341899337	trials	/intervals/trials	113	start_time	n/a	n/a	n/a	n/a	n/a	n/a	n/a	n/a	n/a	ree	379.13204170226	113	true	379.0172975127117	379.4189021761307
379.13204170226	0.0	cv_transition	/intervals/trials	113	cv_transition_time	n/a	n/a	n/a	n/a	n/a	n/a	n/a	n/a	n/a	ree	379.13204170226	113	true	379.0172975127117	379.4189021761307
382.15331242094226	0.39048882005647556	trials	/intervals/trials	114	start_time	n/a	n/a	n/a	n/a	n/a	n/a	n/a	n/a	n/a	wee	382.2663832577263	114	true	382.15331242094226	382.54380124099873
382.2663832577263	0.0	cv_transition	/intervals/trials	114	cv_transition_time	n/a	n/a	n/a	n/a	n/a	n/a	n/a	n/a	n/a	wee	382.2663832577263	114	true	382.15331242094226	382.54380124099873
385.1439995944628	0.3625199238541086	trials	/intervals/trials	115	start_time	n/a	n/a	n/a	n/a	n/a	n/a	n/a	n/a	n/a	moo	385.22360337596194	115	true	385.1439995944628	385.5065195183169
385.22360337596194	0.0	cv_transition	/intervals/trials	115	cv_transition_time	n/a	n/a	n/a	n/a	n/a	n/a	n/a	n/a	n/a	moo	385.22360337596194	115	true	385.1439995944628	385.5065195183169
387.93883189546966	0.4227606233669121	trials	/intervals/trials	116	start_time	n/a	n/a	n/a	n/a	n/a	n/a	n/a	n/a	n/a	raa	388.0786763764816	116	true	387.93883189546966	388.3615925188366
388.0786763764816	0.0	cv_transition	/intervals/trials	116	cv_transition_time	n/a	n/a	n/a	n/a	n/a	n/a	n/a	n/a	n/a	raa	388.0786763764816	116	true	387.93883189546966	388.3615925188366
390.9488688233668	0.4197790879244394	trials	/intervals/trials	117	start_time	n/a	n/a	n/a	n/a	n/a	n/a	n/a	n/a	n/a	vaa	390.9835294820028	117	true	390.9488688233668	391.36864791129125
390.9835294820028	0.0	cv_transition	/intervals/trials	117	cv_transition_time	n/a	n/a	n/a	n/a	n/a	n/a	n/a	n/a	n/a	vaa	390.9835294820028	117	true	390.9488688233668	391.36864791129125
394.3849797556827	0.42838407782886634	trials	/intervals/trials	118	start_time	n/a	n/a	n/a	n/a	n/a	n/a	n/a	n/a	n/a	foo	394.517687075	118	true	394.3849797556827	394.8133638335116
394.517687075	0.0	cv_transition	/intervals/trials	118	cv_transition_time	n/a	n/a	n/a	n/a	n/a	n/a	n/a	n/a	n/a	foo	394.517687075	118	true	394.3849797556827	394.8133638335116
397.760675234404	0.3302390531148376	trials	/intervals/trials	119	start_time	n/a	n/a	n/a	n/a	n/a	n/a	n/a	n/a	n/a	loo	397.83015873	119	true	397.760675234404	398.09091428751884
397.83015873	0.0	cv_transition	/intervals/trials	119	cv_transition_time	n/a	n/a	n/a	n/a	n/a	n/a	n/a	n/a	n/a	loo	397.83015873	119	true	397.760675234404	398.09091428751884
400.76038161316444	0.3509993434436751	trials	/intervals/trials	120	start_time	n/a	n/a	n/a	n/a	n/a	n/a	n/a	n/a	n/a	nee	400.843310658	120	true	400.76038161316444	401.1113809566081
400.843310658	0.0	cv_transition	/intervals/trials	120	cv_transition_time	n/a	n/a	n/a	n/a	n/a	n/a	n/a	n/a	n/a	nee	400.843310658	120	true	400.76038161316444	401.1113809566081
404.135827664	0.40384581517110973	trials	/intervals/trials	121	start_time	n/a	n/a	n/a	n/a	n/a	n/a	n/a	n/a	n/a	noo	404.26553288	121	true	404.135827664	404.5396734791711
404.26553288	0.0	cv_transition	/intervals/trials	121	cv_transition_time	n/a	n/a	n/a	n/a	n/a	n/a	n/a	n/a	n/a	noo	404.26553288	121	true	404.135827664	404.5396734791711
406.02000000000004	0.04250000000001819	invalid_times	/intervals/invalid_times	7	start_time	n/a	n/a	n/a	n/a	7	406.02000000000004	406.06250000000006	"[""ECoG artifact""]"	"[{""idx_start"":1239074,""count"":130,""timeseries"":""/acquisition/ElectricalSeries""}]"	n/a	n/a	n/a	n/a	n/a	n/a
407.1985865979015	0.4025691081156424	trials	/intervals/trials	122	start_time	n/a	n/a	n/a	n/a	n/a	n/a	n/a	n/a	n/a	maa	407.28162775921686	122	true	407.1985865979015	407.60115570601715
407.28162775921686	0.0	cv_transition	/intervals/trials	122	cv_transition_time	n/a	n/a	n/a	n/a	n/a	n/a	n/a	n/a	n/a	maa	407.28162775921686	122	true	407.1985865979015	407.60115570601715
410.87746722763643	0.32229598551083427	trials	/intervals/trials	123	start_time	n/a	n/a	n/a	n/a	n/a	n/a	n/a	n/a	n/a	tee	410.9118871872541	123	true	410.87746722763643	411.19976321314726
410.9118871872541	0.0	cv_transition	/intervals/trials	123	cv_transition_time	n/a	n/a	n/a	n/a	n/a	n/a	n/a	n/a	n/a	tee	410.9118871872541	123	true	410.87746722763643	411.19976321314726
413.7041507578739	0.3927004483650762	trials	/intervals/trials	124	start_time	n/a	n/a	n/a	n/a	n/a	n/a	n/a	n/a	n/a	faa	413.783900227	124	true	413.7041507578739	414.09685120623897
413.783900227	0.0	cv_transition	/intervals/trials	124	cv_transition_time	n/a	n/a	n/a	n/a	n/a	n/a	n/a	n/a	n/a	faa	413.783900227	124	true	413.7041507578739	414.09685120623897
417.6485750754639	0.3740462744464139	trials	/intervals/trials	125	start_time	n/a	n/a	n/a	n/a	n/a	n/a	n/a	n/a	n/a	vaa	417.6856427242829	125	true	417.6485750754639	418.0226213499103
417.6856427242829	0.0	cv_transition	/intervals/trials	125	cv_transition_time	n/a	n/a	n/a	n/a	n/a	n/a	n/a	n/a	n/a	vaa	417.6856427242829	125	true	417.6485750754639	418.0226213499103
419.99640722530523	0.44866297012106315	trials	/intervals/trials	126	start_time	n/a	n/a	n/a	n/a	n/a	n/a	n/a	n/a	n/a	daa	420.104240385506	126	true	419.99640722530523	420.4450701954263
420.104240385506	0.0	cv_transition	/intervals/trials	126	cv_transition_time	n/a	n/a	n/a	n/a	n/a	n/a	n/a	n/a	n/a	daa	420.104240385506	126	true	419.99640722530523	420.4450701954263
422.8810433525416	0.45275485343228183	trials	/intervals/trials	127	start_time	n/a	n/a	n/a	n/a	n/a	n/a	n/a	n/a	n/a	voo	423.00885453126176	127	true	422.8810433525416	423.3337982059739
423.00885453126176	0.0	cv_transition	/intervals/trials	127	cv_transition_time	n/a	n/a	n/a	n/a	n/a	n/a	n/a	n/a	n/a	voo	423.00885453126176	127	true	422.8810433525416	423.3337982059739
425.646938776	0.32925169999998616	trials	/intervals/trials	128	start_time	n/a	n/a	n/a	n/a	n/a	n/a	n/a	n/a	n/a	vee	425.676870748	128	true	425.646938776	425.976190476
425.676870748	0.0	cv_transition	/intervals/trials	128	cv_transition_time	n/a	n/a	n/a	n/a	n/a	n/a	n/a	n/a	n/a	vee	425.676870748	128	true	425.646938776	425.976190476
429.1118807120729	0.39384376870202686	trials	/intervals/trials	129	start_time	n/a	n/a	n/a	n/a	n/a	n/a	n/a	n/a	n/a	goo	429.188888889	129	true	429.1118807120729	429.5057244807749
429.188888889	0.0	cv_transition	/intervals/trials	129	cv_transition_time	n/a	n/a	n/a	n/a	n/a	n/a	n/a	n/a	n/a	goo	429.188888889	129	true	429.1118807120729	429.5057244807749
431.39500000000004	0.13500000000004775	invalid_times	/intervals/invalid_times	8	start_time	n/a	n/a	n/a	n/a	8	431.39500000000004	431.5300000000001	"[""ECoG artifact""]"	"[{""idx_start"":1316513,""count"":412,""timeseries"":""/acquisition/ElectricalSeries""}]"	n/a	n/a	n/a	n/a	n/a	n/a
432.34554764921995	0.3600857313846859	trials	/intervals/trials	130	start_time	n/a	n/a	n/a	n/a	n/a	n/a	n/a	n/a	n/a	waa	432.416132636338	130	true	432.34554764921995	432.70563338060464
432.416132636338	0.0	cv_transition	/intervals/trials	130	cv_transition_time	n/a	n/a	n/a	n/a	n/a	n/a	n/a	n/a	n/a	waa	432.416132636338	130	true	432.34554764921995	432.70563338060464
435.295011338	0.3140649348170541	trials	/intervals/trials	131	start_time	n/a	n/a	n/a	n/a	n/a	n/a	n/a	n/a	n/a	lee	435.364225196446	131	true	435.295011338	435.60907627281705
435.364225196446	0.0	cv_transition	/intervals/trials	131	cv_transition_time	n/a	n/a	n/a	n/a	n/a	n/a	n/a	n/a	n/a	lee	435.364225196446	131	true	435.295011338	435.60907627281705
438.25024965137965	0.38566000207964635	trials	/intervals/trials	132	start_time	n/a	n/a	n/a	n/a	n/a	n/a	n/a	n/a	n/a	kee	438.3449045403282	132	true	438.25024965137965	438.6359096534593
438.3449045403282	0.0	cv_transition	/intervals/trials	132	cv_transition_time	n/a	n/a	n/a	n/a	n/a	n/a	n/a	n/a	n/a	kee	438.3449045403282	132	true	438.25024965137965	438.6359096534593
441.30524481716355	0.36140957598541945	trials	/intervals/trials	133	start_time	n/a	n/a	n/a	n/a	n/a	n/a	n/a	n/a	n/a	laa	441.36122449	133	true	441.30524481716355	441.666654393149
441.36122449	0.0	cv_transition	/intervals/trials	133	cv_transition_time	n/a	n/a	n/a	n/a	n/a	n/a	n/a	n/a	n/a	laa	441.36122449	133	true	441.30524481716355	441.666654393149
444.763492063	0.3591836740000076	trials	/intervals/trials	134	start_time	n/a	n/a	n/a	n/a	n/a	n/a	n/a	n/a	n/a	zee	444.82633862371546	134	true	444.763492063	445.122675737
444.82633862371546	0.0	cv_transition	/intervals/trials	134	cv_transition_time	n/a	n/a	n/a	n/a	n/a	n/a	n/a	n/a	n/a	zee	444.82633862371546	134	true	444.763492063	445.122675737
448.275510204	0.40907029499999226	trials	/intervals/trials	135	start_time	n/a	n/a	n/a	n/a	n/a	n/a	n/a	n/a	n/a	zaa	448.33191915601867	135	true	448.275510204	448.684580499
448.33191915601867	0.0	cv_transition	/intervals/trials	135	cv_transition_time	n/a	n/a	n/a	n/a	n/a	n/a	n/a	n/a	n/a	zaa	448.33191915601867	135	true	448.275510204	448.684580499
450.7812597253339	0.31153405452306515	trials	/intervals/trials	136	start_time	n/a	n/a	n/a	n/a	n/a	n/a	n/a	n/a	n/a	poo	450.819727891	136	true	450.7812597253339	451.09279377985695
450.819727891	0.0	cv_transition	/intervals/trials	136	cv_transition_time	n/a	n/a	n/a	n/a	n/a	n/a	n/a	n/a	n/a	poo	450.819727891	136	true	450.7812597253339	451.09279377985695
458.8730700727383	0.3140825436669843	trials	/intervals/trials	137	start_time	n/a	n/a	n/a	n/a	n/a	n/a	n/a	n/a	n/a	vee	458.911337868	137	true	458.8730700727383	459.1871526164053
458.911337868	0.0	cv_transition	/intervals/trials	137	cv_transition_time	n/a	n/a	n/a	n/a	n/a	n/a	n/a	n/a	n/a	vee	458.911337868	137	true	458.8730700727383	459.1871526164053
461.0390074346001	0.3952739495128412	trials	/intervals/trials	138	start_time	n/a	n/a	n/a	n/a	n/a	n/a	n/a	n/a	n/a	haa	461.106349206	138	true	461.0390074346001	461.4342813841129
461.106349206	0.0	cv_transition	/intervals/trials	138	cv_transition_time	n/a	n/a	n/a	n/a	n/a	n/a	n/a	n/a	n/a	haa	461.106349206	138	true	461.0390074346001	461.4342813841129
463.9122911202604	0.356869877739598	trials	/intervals/trials	139	start_time	n/a	n/a	n/a	n/a	n/a	n/a	n/a	n/a	n/a	koo	463.979818594	139	true	463.9122911202604	464.269160998
463.979818594	0.0	cv_transition	/intervals/trials	139	cv_transition_time	n/a	n/a	n/a	n/a	n/a	n/a	n/a	n/a	n/a	koo	463.979818594	139	true	463.9122911202604	464.269160998
466.26158639873586	0.4704561230182094	trials	/intervals/trials	140	start_time	n/a	n/a	n/a	n/a	n/a	n/a	n/a	n/a	n/a	see	466.4612264509392	140	true	466.26158639873586	466.73204252175407
466.4612264509392	0.0	cv_transition	/intervals/trials	140	cv_transition_time	n/a	n/a	n/a	n/a	n/a	n/a	n/a	n/a	n/a	see	466.4612264509392	140	true	466.26158639873586	466.73204252175407
469.65921377122385	0.3845908697962841	trials	/intervals/trials	141	start_time	n/a	n/a	n/a	n/a	n/a	n/a	n/a	n/a	n/a	fee	469.7713861082478	141	true	469.65921377122385	470.04380464102013
469.7713861082478	0.0	cv_transition	/intervals/trials	141	cv_transition_time	n/a	n/a	n/a	n/a	n/a	n/a	n/a	n/a	n/a	fee	469.7713861082478	141	true	469.65921377122385	470.04380464102013
473.2294277779593	0.469521353542973	trials	/intervals/trials	142	start_time	n/a	n/a	n/a	n/a	n/a	n/a	n/a	n/a	n/a	shoo	473.4089035171976	142	true	473.2294277779593	473.6989491315023
473.4089035171976	0.0	cv_transition	/intervals/trials	142	cv_transition_time	n/a	n/a	n/a	n/a	n/a	n/a	n/a	n/a	n/a	shoo	473.4089035171976	142	true	473.2294277779593	473.6989491315023
476.1573906974298	0.37457548256202244	trials	/intervals/trials	143	start_time	n/a	n/a	n/a	n/a	n/a	n/a	n/a	n/a	n/a	yee	476.22643010009807	143	true	476.1573906974298	476.5319661799918
476.22643010009807	0.0	cv_transition	/intervals/trials	143	cv_transition_time	n/a	n/a	n/a	n/a	n/a	n/a	n/a	n/a	n/a	yee	476.22643010009807	143	true	476.1573906974298	476.5319661799918
478.9567202699435	0.374976098051377	trials	/intervals/trials	144	start_time	n/a	n/a	n/a	n/a	n/a	n/a	n/a	n/a	n/a	kaa	479.005668934	144	true	478.9567202699435	479.3316963679949
479.005668934	0.0	cv_transition	/intervals/trials	144	cv_transition_time	n/a	n/a	n/a	n/a	n/a	n/a	n/a	n/a	n/a	kaa	479.005668934	144	true	478.9567202699435	479.3316963679949
482.17845805	0.36748155997878484	trials	/intervals/trials	145	start_time	n/a	n/a	n/a	n/a	n/a	n/a	n/a	n/a	n/a	vee	482.24829932	145	true	482.17845805	482.5459396099788
482.24829932	0.0	cv_transition	/intervals/trials	145	cv_transition_time	n/a	n/a	n/a	n/a	n/a	n/a	n/a	n/a	n/a	vee	482.24829932	145	true	482.17845805	482.5459396099788
485.33310052640246	0.2991262320637702	trials	/intervals/trials	146	start_time	n/a	n/a	n/a	n/a	n/a	n/a	n/a	n/a	n/a	lee	485.3907891568719	146	true	485.33310052640246	485.63222675846623
485.3907891568719	0.0	cv_transition	/intervals/trials	146	cv_transition_time	n/a	n/a	n/a	n/a	n/a	n/a	n/a	n/a	n/a	lee	485.3907891568719	146	true	485.33310052640246	485.63222675846623
488.23619907164147	0.43586965243582654	trials	/intervals/trials	147	start_time	n/a	n/a	n/a	n/a	n/a	n/a	n/a	n/a	n/a	yaa	488.333949251048	147	true	488.23619907164147	488.6720687240773
488.333949251048	0.0	cv_transition	/intervals/trials	147	cv_transition_time	n/a	n/a	n/a	n/a	n/a	n/a	n/a	n/a	n/a	yaa	488.333949251048	147	true	488.23619907164147	488.6720687240773
491.9340043312526	0.35120624568202174	trials	/intervals/trials	148	start_time	n/a	n/a	n/a	n/a	n/a	n/a	n/a	n/a	n/a	yoo	492.0929151420365	148	true	491.9340043312526	492.2852105769346
492.0929151420365	0.0	cv_transition	/intervals/trials	148	cv_transition_time	n/a	n/a	n/a	n/a	n/a	n/a	n/a	n/a	n/a	yoo	492.0929151420365	148	true	491.9340043312526	492.2852105769346
494.32345892229284	0.3565864287071463	trials	/intervals/trials	149	start_time	n/a	n/a	n/a	n/a	n/a	n/a	n/a	n/a	n/a	chee	494.3979734033159	149	true	494.32345892229284	494.680045351
494.3979734033159	0.0	cv_transition	/intervals/trials	149	cv_transition_time	n/a	n/a	n/a	n/a	n/a	n/a	n/a	n/a	n/a	chee	494.3979734033159	149	true	494.32345892229284	494.680045351
497.64837936394906	0.38459086979634094	trials	/intervals/trials	150	start_time	n/a	n/a	n/a	n/a	n/a	n/a	n/a	n/a	n/a	taa	497.703174603	150	true	497.64837936394906	498.0329702337454
497.703174603	0.0	cv_transition	/intervals/trials	150	cv_transition_time	n/a	n/a	n/a	n/a	n/a	n/a	n/a	n/a	n/a	taa	497.703174603	150	true	497.64837936394906	498.0329702337454
500.698272491663	0.3461317828166557	trials	/intervals/trials	151	start_time	n/a	n/a	n/a	n/a	n/a	n/a	n/a	n/a	n/a	gaa	500.74274081098315	151	true	500.698272491663	501.04440427447963
500.74274081098315	0.0	cv_transition	/intervals/trials	151	cv_transition_time	n/a	n/a	n/a	n/a	n/a	n/a	n/a	n/a	n/a	gaa	500.74274081098315	151	true	500.698272491663	501.04440427447963
503.78902839929276	0.4393162717072414	trials	/intervals/trials	152	start_time	n/a	n/a	n/a	n/a	n/a	n/a	n/a	n/a	n/a	foo	503.9324487444876	152	true	503.78902839929276	504.228344671
503.9324487444876	0.0	cv_transition	/intervals/trials	152	cv_transition_time	n/a	n/a	n/a	n/a	n/a	n/a	n/a	n/a	n/a	foo	503.9324487444876	152	true	503.78902839929276	504.228344671
506.77938957147734	0.34079024295840554	trials	/intervals/trials	153	start_time	n/a	n/a	n/a	n/a	n/a	n/a	n/a	n/a	n/a	too	506.85096620557835	153	true	506.77938957147734	507.12017981443574
506.85096620557835	0.0	cv_transition	/intervals/trials	153	cv_transition_time	n/a	n/a	n/a	n/a	n/a	n/a	n/a	n/a	n/a	too	506.85096620557835	153	true	506.77938957147734	507.12017981443574
510.207001116909	0.32156069946859134	trials	/intervals/trials	154	start_time	n/a	n/a	n/a	n/a	n/a	n/a	n/a	n/a	n/a	daa	510.2285008148386	154	true	510.207001116909	510.5285618163776
510.2285008148386	0.0	cv_transition	/intervals/trials	154	cv_transition_time	n/a	n/a	n/a	n/a	n/a	n/a	n/a	n/a	n/a	daa	510.2285008148386	154	true	510.207001116909	510.5285618163776
513.7459671154735	0.4218481103079057	trials	/intervals/trials	155	start_time	n/a	n/a	n/a	n/a	n/a	n/a	n/a	n/a	n/a	shee	513.8913905381153	155	true	513.7459671154735	514.1678152257814
513.8913905381153	0.0	cv_transition	/intervals/trials	155	cv_transition_time	n/a	n/a	n/a	n/a	n/a	n/a	n/a	n/a	n/a	shee	513.8913905381153	155	true	513.7459671154735	514.1678152257814
516.5714440194023	0.36856625022142	trials	/intervals/trials	156	start_time	n/a	n/a	n/a	n/a	n/a	n/a	n/a	n/a	n/a	yee	516.6435548074891	156	true	516.5714440194023	516.9400102696237
516.6435548074891	0.0	cv_transition	/intervals/trials	156	cv_transition_time	n/a	n/a	n/a	n/a	n/a	n/a	n/a	n/a	n/a	yee	516.6435548074891	156	true	516.5714440194023	516.9400102696237
519.6471005159543	0.3540105541076173	trials	/intervals/trials	157	start_time	n/a	n/a	n/a	n/a	n/a	n/a	n/a	n/a	n/a	pee	519.7058574543954	157	true	519.6471005159543	520.0011110700619
519.7058574543954	0.0	cv_transition	/intervals/trials	157	cv_transition_time	n/a	n/a	n/a	n/a	n/a	n/a	n/a	n/a	n/a	pee	519.7058574543954	157	true	519.6471005159543	520.0011110700619
522.687138008821	0.3261010083481324	trials	/intervals/trials	158	start_time	n/a	n/a	n/a	n/a	n/a	n/a	n/a	n/a	n/a	paa	522.736281179	158	true	522.687138008821	523.0132390171691
522.736281179	0.0	cv_transition	/intervals/trials	158	cv_transition_time	n/a	n/a	n/a	n/a	n/a	n/a	n/a	n/a	n/a	paa	522.736281179	158	true	522.687138008821	523.0132390171691
525.4289936000771	0.467117660606732	trials	/intervals/trials	159	start_time	n/a	n/a	n/a	n/a	n/a	n/a	n/a	n/a	n/a	saa	525.5802927165629	159	true	525.4289936000771	525.8961112606838
525.5802927165629	0.0	cv_transition	/intervals/trials	159	cv_transition_time	n/a	n/a	n/a	n/a	n/a	n/a	n/a	n/a	n/a	saa	525.5802927165629	159	true	525.4289936000771	525.8961112606838
528.952154195	0.3691609979999839	trials	/intervals/trials	160	start_time	n/a	n/a	n/a	n/a	n/a	n/a	n/a	n/a	n/a	hee	529.0137799558387	160	true	528.952154195	529.321315193
529.0137799558387	0.0	cv_transition	/intervals/trials	160	cv_transition_time	n/a	n/a	n/a	n/a	n/a	n/a	n/a	n/a	n/a	hee	529.0137799558387	160	true	528.952154195	529.321315193
531.9792409789231	0.3271693163197824	trials	/intervals/trials	161	start_time	n/a	n/a	n/a	n/a	n/a	n/a	n/a	n/a	n/a	doo	532.0128926800303	161	true	531.9792409789231	532.3064102952429
532.0128926800303	0.0	cv_transition	/intervals/trials	161	cv_transition_time	n/a	n/a	n/a	n/a	n/a	n/a	n/a	n/a	n/a	doo	532.0128926800303	161	true	531.9792409789231	532.3064102952429
536.1114303145965	0.4687201225642639	trials	/intervals/trials	162	start_time	n/a	n/a	n/a	n/a	n/a	n/a	n/a	n/a	n/a	chaa	536.2763503577211	162	true	536.1114303145965	536.5801504371608
536.2763503577211	0.0	cv_transition	/intervals/trials	162	cv_transition_time	n/a	n/a	n/a	n/a	n/a	n/a	n/a	n/a	n/a	chaa	536.2763503577211	162	true	536.1114303145965	536.5801504371608
538.3349489823217	0.3472000907883057	trials	/intervals/trials	163	start_time	n/a	n/a	n/a	n/a	n/a	n/a	n/a	n/a	n/a	voo	538.4097305403377	163	true	538.3349489823217	538.68214907311
538.4097305403377	0.0	cv_transition	/intervals/trials	163	cv_transition_time	n/a	n/a	n/a	n/a	n/a	n/a	n/a	n/a	n/a	voo	538.4097305403377	163	true	538.3349489823217	538.68214907311
541.4252780605717	0.3285047012842597	trials	/intervals/trials	164	start_time	n/a	n/a	n/a	n/a	n/a	n/a	n/a	n/a	n/a	yoo	541.493650794	164	true	541.4252780605717	541.753782761856
541.493650794	0.0	cv_transition	/intervals/trials	164	cv_transition_time	n/a	n/a	n/a	n/a	n/a	n/a	n/a	n/a	n/a	yoo	541.493650794	164	true	541.4252780605717	541.753782761856
545.195238095	0.40975944500564765	trials	/intervals/trials	165	start_time	n/a	n/a	n/a	n/a	n/a	n/a	n/a	n/a	n/a	naa	545.268213451941	165	true	545.195238095	545.6049975400057
545.268213451941	0.0	cv_transition	/intervals/trials	165	cv_transition_time	n/a	n/a	n/a	n/a	n/a	n/a	n/a	n/a	n/a	naa	545.268213451941	165	true	545.195238095	545.6049975400057
548.2774393269947	0.3087410038086773	trials	/intervals/trials	166	start_time	n/a	n/a	n/a	n/a	n/a	n/a	n/a	n/a	n/a	woo	548.368027211	166	true	548.2774393269947	548.5861803308034
548.368027211	0.0	cv_transition	/intervals/trials	166	cv_transition_time	n/a	n/a	n/a	n/a	n/a	n/a	n/a	n/a	n/a	woo	548.368027211	166	true	548.2774393269947	548.5861803308034
551.4611738030271	0.34399516687335563	trials	/intervals/trials	167	start_time	n/a	n/a	n/a	n/a	n/a	n/a	n/a	n/a	n/a	foo	551.510884354	167	true	551.4611738030271	551.8051689699005
551.510884354	0.0	cv_transition	/intervals/trials	167	cv_transition_time	n/a	n/a	n/a	n/a	n/a	n/a	n/a	n/a	n/a	foo	551.510884354	167	true	551.4611738030271	551.8051689699005
554.853287982	0.38704223887111766	trials	/intervals/trials	168	start_time	n/a	n/a	n/a	n/a	n/a	n/a	n/a	n/a	n/a	soo	554.953061224	168	true	554.853287982	555.2403302208711
554.953061224	0.0	cv_transition	/intervals/trials	168	cv_transition_time	n/a	n/a	n/a	n/a	n/a	n/a	n/a	n/a	n/a	soo	554.953061224	168	true	554.853287982	555.2403302208711
557.8282063647341	0.34973732222101717	trials	/intervals/trials	169	start_time	n/a	n/a	n/a	n/a	n/a	n/a	n/a	n/a	n/a	too	557.896371882	169	true	557.8282063647341	558.1779436869551
557.896371882	0.0	cv_transition	/intervals/trials	169	cv_transition_time	n/a	n/a	n/a	n/a	n/a	n/a	n/a	n/a	n/a	too	557.896371882	169	true	557.8282063647341	558.1779436869551
560.8342011019823	0.33491454911427354	trials	/intervals/trials	170	start_time	n/a	n/a	n/a	n/a	n/a	n/a	n/a	n/a	n/a	wee	560.9414325146373	170	true	560.8342011019823	561.1691156510966
560.9414325146373	0.0	cv_transition	/intervals/trials	170	cv_transition_time	n/a	n/a	n/a	n/a	n/a	n/a	n/a	n/a	n/a	wee	560.9414325146373	170	true	560.8342011019823	561.1691156510966
563.9211821568427	0.4795367407772346	trials	/intervals/trials	171	start_time	n/a	n/a	n/a	n/a	n/a	n/a	n/a	n/a	n/a	loo	564.0642018865482	171	true	563.9211821568427	564.40071889762
564.0642018865482	0.0	cv_transition	/intervals/trials	171	cv_transition_time	n/a	n/a	n/a	n/a	n/a	n/a	n/a	n/a	n/a	loo	564.0642018865482	171	true	563.9211821568427	564.40071889762
566.085	0.02500000000009095	invalid_times	/intervals/invalid_times	9	start_time	n/a	n/a	n/a	n/a	9	566.085	566.1100000000001	"[""ECoG artifact""]"	"[{""idx_start"":1727554,""count"":76,""timeseries"":""/acquisition/ElectricalSeries""}]"	n/a	n/a	n/a	n/a	n/a	n/a
568.252834467	0.445527963403606	trials	/intervals/trials	172	start_time	n/a	n/a	n/a	n/a	n/a	n/a	n/a	n/a	n/a	shee	568.4120558939996	172	true	568.252834467	568.6983624304036
568.4120558939996	0.0	cv_transition	/intervals/trials	172	cv_transition_time	n/a	n/a	n/a	n/a	n/a	n/a	n/a	n/a	n/a	shee	568.4120558939996	172	true	568.252834467	568.6983624304036
571.5745053213145	0.43266472852076276	trials	/intervals/trials	173	start_time	n/a	n/a	n/a	n/a	n/a	n/a	n/a	n/a	n/a	noo	571.704988662	173	true	571.5745053213145	572.0071700498353
571.704988662	0.0	cv_transition	/intervals/trials	173	cv_transition_time	n/a	n/a	n/a	n/a	n/a	n/a	n/a	n/a	n/a	noo	571.704988662	173	true	571.5745053213145	572.0071700498353
574.4201012023616	0.3878353056384185	trials	/intervals/trials	174	start_time	n/a	n/a	n/a	n/a	n/a	n/a	n/a	n/a	n/a	haa	574.518594104	174	true	574.4201012023616	574.807936508
574.518594104	0.0	cv_transition	/intervals/trials	174	cv_transition_time	n/a	n/a	n/a	n/a	n/a	n/a	n/a	n/a	n/a	haa	574.518594104	174	true	574.4201012023616	574.807936508
577.1533649939977	0.37257240511507916	trials	/intervals/trials	175	start_time	n/a	n/a	n/a	n/a	n/a	n/a	n/a	n/a	n/a	gaa	577.1978333133178	175	true	577.1533649939977	577.5259373991128
577.1978333133178	0.0	cv_transition	/intervals/trials	175	cv_transition_time	n/a	n/a	n/a	n/a	n/a	n/a	n/a	n/a	n/a	gaa	577.1978333133178	175	true	577.1533649939977	577.5259373991128
580.165759637	0.3318435447935144	trials	/intervals/trials	176	start_time	n/a	n/a	n/a	n/a	n/a	n/a	n/a	n/a	n/a	woo	580.2464172699578	176	true	580.165759637	580.4976031817935
580.2464172699578	0.0	cv_transition	/intervals/trials	176	cv_transition_time	n/a	n/a	n/a	n/a	n/a	n/a	n/a	n/a	n/a	woo	580.2464172699578	176	true	580.165759637	580.4976031817935
582.9892696194482	0.36282409487375844	trials	/intervals/trials	177	start_time	n/a	n/a	n/a	n/a	n/a	n/a	n/a	n/a	n/a	tee	583.0729982567268	177	true	582.9892696194482	583.352093714322
583.0729982567268	0.0	cv_transition	/intervals/trials	177	cv_transition_time	n/a	n/a	n/a	n/a	n/a	n/a	n/a	n/a	n/a	tee	583.0729982567268	177	true	582.9892696194482	583.352093714322
586.3730447631733	0.37617794451955433	trials	/intervals/trials	178	start_time	n/a	n/a	n/a	n/a	n/a	n/a	n/a	n/a	n/a	fee	586.46438509475	178	true	586.3730447631733	586.7492227076929
586.46438509475	0.0	cv_transition	/intervals/trials	178	cv_transition_time	n/a	n/a	n/a	n/a	n/a	n/a	n/a	n/a	n/a	fee	586.46438509475	178	true	586.3730447631733	586.7492227076929
589.7627051617208	0.3378523960363964	trials	/intervals/trials	179	start_time	n/a	n/a	n/a	n/a	n/a	n/a	n/a	n/a	n/a	lee	589.8523094928435	179	true	589.7627051617208	590.1005575577572
589.8523094928435	0.0	cv_transition	/intervals/trials	179	cv_transition_time	n/a	n/a	n/a	n/a	n/a	n/a	n/a	n/a	n/a	lee	589.8523094928435	179	true	589.7627051617208	590.1005575577572
592.9988844919923	0.3071385418511454	trials	/intervals/trials	180	start_time	n/a	n/a	n/a	n/a	n/a	n/a	n/a	n/a	n/a	yee	593.046485261	180	true	592.9988844919923	593.3060230338434
593.046485261	0.0	cv_transition	/intervals/trials	180	cv_transition_time	n/a	n/a	n/a	n/a	n/a	n/a	n/a	n/a	n/a	yee	593.046485261	180	true	592.9988844919923	593.3060230338434
596.4127964691137	0.4524284259964588	trials	/intervals/trials	181	start_time	n/a	n/a	n/a	n/a	n/a	n/a	n/a	n/a	n/a	shaa	596.554881429344	181	true	596.4127964691137	596.8652248951101
596.554881429344	0.0	cv_transition	/intervals/trials	181	cv_transition_time	n/a	n/a	n/a	n/a	n/a	n/a	n/a	n/a	n/a	shaa	596.554881429344	181	true	596.4127964691137	596.8652248951101
601.4639572622547	0.38874540079723374	trials	/intervals/trials	182	start_time	n/a	n/a	n/a	n/a	n/a	n/a	n/a	n/a	n/a	gaa	601.5601049797037	182	true	601.4639572622547	601.8527026630519
601.5601049797037	0.0	cv_transition	/intervals/trials	182	cv_transition_time	n/a	n/a	n/a	n/a	n/a	n/a	n/a	n/a	n/a	gaa	601.5601049797037	182	true	601.4639572622547	601.8527026630519
603.4138217176405	0.38894677670964484	trials	/intervals/trials	183	start_time	n/a	n/a	n/a	n/a	n/a	n/a	n/a	n/a	n/a	voo	603.4998798598017	183	true	603.4138217176405	603.8027684943502
603.4998798598017	0.0	cv_transition	/intervals/trials	183	cv_transition_time	n/a	n/a	n/a	n/a	n/a	n/a	n/a	n/a	n/a	voo	603.4998798598017	183	true	603.4138217176405	603.8027684943502
605.4183186214722	0.3712370201506019	trials	/intervals/trials	184	start_time	n/a	n/a	n/a	n/a	n/a	n/a	n/a	n/a	n/a	yaa	605.5198078787796	184	true	605.4183186214722	605.7895556416228
605.5198078787796	0.0	cv_transition	/intervals/trials	184	cv_transition_time	n/a	n/a	n/a	n/a	n/a	n/a	n/a	n/a	n/a	yaa	605.5198078787796	184	true	605.4183186214722	605.7895556416228
607.9581380167534	0.443842395261413	trials	/intervals/trials	185	start_time	n/a	n/a	n/a	n/a	n/a	n/a	n/a	n/a	n/a	see	608.1367828497915	185	true	607.9581380167534	608.4019804120148
608.1367828497915	0.0	cv_transition	/intervals/trials	185	cv_transition_time	n/a	n/a	n/a	n/a	n/a	n/a	n/a	n/a	n/a	see	608.1367828497915	185	true	607.9581380167534	608.4019804120148
611.0166644061231	0.32583393135519145	trials	/intervals/trials	186	start_time	n/a	n/a	n/a	n/a	n/a	n/a	n/a	n/a	n/a	dee	611.0540551851311	186	true	611.0166644061231	611.3424983374783
611.0540551851311	0.0	cv_transition	/intervals/trials	186	cv_transition_time	n/a	n/a	n/a	n/a	n/a	n/a	n/a	n/a	n/a	dee	611.0540551851311	186	true	611.0166644061231	611.3424983374783
614.3564801415082	0.2982359754207664	trials	/intervals/trials	187	start_time	n/a	n/a	n/a	n/a	n/a	n/a	n/a	n/a	n/a	doo	614.3851661888953	187	true	614.3564801415082	614.654716116929
614.3851661888953	0.0	cv_transition	/intervals/trials	187	cv_transition_time	n/a	n/a	n/a	n/a	n/a	n/a	n/a	n/a	n/a	doo	614.3851661888953	187	true	614.3564801415082	614.654716116929
617.8152705560476	0.42930153675820293	trials	/intervals/trials	188	start_time	n/a	n/a	n/a	n/a	n/a	n/a	n/a	n/a	n/a	saa	617.939909297	188	true	617.8152705560476	618.2445720928058
617.939909297	0.0	cv_transition	/intervals/trials	188	cv_transition_time	n/a	n/a	n/a	n/a	n/a	n/a	n/a	n/a	n/a	saa	617.939909297	188	true	617.8152705560476	618.2445720928058
621.7042439696004	0.3387921113817356	trials	/intervals/trials	189	start_time	n/a	n/a	n/a	n/a	n/a	n/a	n/a	n/a	n/a	kee	621.7977209171203	189	true	621.7042439696004	622.0430360809821
621.7977209171203	0.0	cv_transition	/intervals/trials	189	cv_transition_time	n/a	n/a	n/a	n/a	n/a	n/a	n/a	n/a	n/a	kee	621.7977209171203	189	true	621.7042439696004	622.0430360809821
623.9621116380384	0.3828103565102765	trials	/intervals/trials	190	start_time	n/a	n/a	n/a	n/a	n/a	n/a	n/a	n/a	n/a	taa	624.026077098	190	true	623.9621116380384	624.3449219945487
624.026077098	0.0	cv_transition	/intervals/trials	190	cv_transition_time	n/a	n/a	n/a	n/a	n/a	n/a	n/a	n/a	n/a	taa	624.026077098	190	true	623.9621116380384	624.3449219945487
627.0277044541048	0.33310436060673965	trials	/intervals/trials	191	start_time	n/a	n/a	n/a	n/a	n/a	n/a	n/a	n/a	n/a	vaa	627.0536702728602	191	true	627.0277044541048	627.3608088147115
627.0536702728602	0.0	cv_transition	/intervals/trials	191	cv_transition_time	n/a	n/a	n/a	n/a	n/a	n/a	n/a	n/a	n/a	vaa	627.0536702728602	191	true	627.0277044541048	627.3608088147115
634.093197279	0.37657812534848745	trials	/intervals/trials	192	start_time	n/a	n/a	n/a	n/a	n/a	n/a	n/a	n/a	n/a	haa	634.1483927562086	192	true	634.093197279	634.4697754043485
634.1483927562086	0.0	cv_transition	/intervals/trials	192	cv_transition_time	n/a	n/a	n/a	n/a	n/a	n/a	n/a	n/a	n/a	haa	634.1483927562086	192	true	634.093197279	634.4697754043485
637.7131210846283	0.3426498901683317	trials	/intervals/trials	193	start_time	n/a	n/a	n/a	n/a	n/a	n/a	n/a	n/a	n/a	baa	637.7321132263465	193	true	637.7131210846283	638.0557709747966
637.7321132263465	0.0	cv_transition	/intervals/trials	193	cv_transition_time	n/a	n/a	n/a	n/a	n/a	n/a	n/a	n/a	n/a	baa	637.7321132263465	193	true	637.7131210846283	638.0557709747966
640.2135642705998	0.4322690589017384	trials	/intervals/trials	194	start_time	n/a	n/a	n/a	n/a	n/a	n/a	n/a	n/a	n/a	waa	640.3471027670569	194	true	640.2135642705998	640.6458333295016
640.3471027670569	0.0	cv_transition	/intervals/trials	194	cv_transition_time	n/a	n/a	n/a	n/a	n/a	n/a	n/a	n/a	n/a	waa	640.3471027670569	194	true	640.2135642705998	640.6458333295016
643.282312925	0.33758195349548714	trials	/intervals/trials	195	start_time	n/a	n/a	n/a	n/a	n/a	n/a	n/a	n/a	n/a	nee	643.359841021321	195	true	643.282312925	643.6198948784955
643.359841021321	0.0	cv_transition	/intervals/trials	195	cv_transition_time	n/a	n/a	n/a	n/a	n/a	n/a	n/a	n/a	n/a	nee	643.359841021321	195	true	643.282312925	643.6198948784955
661.3718966585567	0.3869030641330937	trials	/intervals/trials	196	start_time	n/a	n/a	n/a	n/a	n/a	n/a	n/a	n/a	n/a	vee	661.441496599	196	true	661.3718966585567	661.7587997226898
661.441496599	0.0	cv_transition	/intervals/trials	196	cv_transition_time	n/a	n/a	n/a	n/a	n/a	n/a	n/a	n/a	n/a	vee	661.441496599	196	true	661.3718966585567	661.7587997226898
663.1940627135161	0.37602627116552867	trials	/intervals/trials	197	start_time	n/a	n/a	n/a	n/a	n/a	n/a	n/a	n/a	n/a	kaa	663.24739229	197	true	663.1940627135161	663.5700889846817
663.24739229	0.0	cv_transition	/intervals/trials	197	cv_transition_time	n/a	n/a	n/a	n/a	n/a	n/a	n/a	n/a	n/a	kaa	663.24739229	197	true	663.1940627135161	663.5700889846817
666.1464698031383	0.387261639725466	trials	/intervals/trials	198	start_time	n/a	n/a	n/a	n/a	n/a	n/a	n/a	n/a	n/a	foo	666.246870968993	198	true	666.1464698031383	666.5337314428638
666.246870968993	0.0	cv_transition	/intervals/trials	198	cv_transition_time	n/a	n/a	n/a	n/a	n/a	n/a	n/a	n/a	n/a	foo	666.246870968993	198	true	666.1464698031383	666.5337314428638
668.9543132353355	0.38439303498682875	trials	/intervals/trials	199	start_time	n/a	n/a	n/a	n/a	n/a	n/a	n/a	n/a	n/a	roo	669.07414966	199	true	668.9543132353355	669.3387062703223
669.07414966	0.0	cv_transition	/intervals/trials	199	cv_transition_time	n/a	n/a	n/a	n/a	n/a	n/a	n/a	n/a	n/a	roo	669.07414966	199	true	668.9543132353355	669.3387062703223
672.7709857745868	0.34542782061930666	trials	/intervals/trials	200	start_time	n/a	n/a	n/a	n/a	n/a	n/a	n/a	n/a	n/a	daa	672.805668934	200	true	672.7709857745868	673.1164135952062
672.805668934	0.0	cv_transition	/intervals/trials	200	cv_transition_time	n/a	n/a	n/a	n/a	n/a	n/a	n/a	n/a	n/a	daa	672.805668934	200	true	672.7709857745868	673.1164135952062
675.1344985641108	0.37758009873243736	trials	/intervals/trials	201	start_time	n/a	n/a	n/a	n/a	n/a	n/a	n/a	n/a	n/a	boo	675.2130266188329	201	true	675.1344985641108	675.5120786628432
675.2130266188329	0.0	cv_transition	/intervals/trials	201	cv_transition_time	n/a	n/a	n/a	n/a	n/a	n/a	n/a	n/a	n/a	boo	675.2130266188329	201	true	675.1344985641108	675.5120786628432
678.3243787580083	0.36682283096217816	trials	/intervals/trials	202	start_time	n/a	n/a	n/a	n/a	n/a	n/a	n/a	n/a	n/a	poo	678.4019506111508	202	true	678.3243787580083	678.6912015889704
678.4019506111508	0.0	cv_transition	/intervals/trials	202	cv_transition_time	n/a	n/a	n/a	n/a	n/a	n/a	n/a	n/a	n/a	poo	678.4019506111508	202	true	678.3243787580083	678.6912015889704
681.9445347573271	0.41977249343074163	trials	/intervals/trials	203	start_time	n/a	n/a	n/a	n/a	n/a	n/a	n/a	n/a	n/a	thaa	682.034693878	203	true	681.9445347573271	682.3643072507579
682.034693878	0.0	cv_transition	/intervals/trials	203	cv_transition_time	n/a	n/a	n/a	n/a	n/a	n/a	n/a	n/a	n/a	thaa	682.034693878	203	true	681.9445347573271	682.3643072507579
684.5810836761995	0.4384184242325091	trials	/intervals/trials	204	start_time	n/a	n/a	n/a	n/a	n/a	n/a	n/a	n/a	n/a	gaa	684.6555478742084	204	true	684.5810836761995	685.019502100432
684.6555478742084	0.0	cv_transition	/intervals/trials	204	cv_transition_time	n/a	n/a	n/a	n/a	n/a	n/a	n/a	n/a	n/a	gaa	684.6555478742084	204	true	684.5810836761995	685.019502100432
687.5306925502334	0.4482194904229573	trials	/intervals/trials	205	start_time	n/a	n/a	n/a	n/a	n/a	n/a	n/a	n/a	n/a	faa	687.641950113	205	true	687.5306925502334	687.9789120406564
687.641950113	0.0	cv_transition	/intervals/trials	205	cv_transition_time	n/a	n/a	n/a	n/a	n/a	n/a	n/a	n/a	n/a	faa	687.641950113	205	true	687.5306925502334	687.9789120406564
690.4154014520005	0.34542782061930666	trials	/intervals/trials	206	start_time	n/a	n/a	n/a	n/a	n/a	n/a	n/a	n/a	n/a	goo	690.4524542632089	206	true	690.4154014520005	690.7608292726198
690.4524542632089	0.0	cv_transition	/intervals/trials	206	cv_transition_time	n/a	n/a	n/a	n/a	n/a	n/a	n/a	n/a	n/a	goo	690.4524542632089	206	true	690.4154014520005	690.7608292726198
693.4482724625542	0.31554652125771554	trials	/intervals/trials	207	start_time	n/a	n/a	n/a	n/a	n/a	n/a	n/a	n/a	n/a	pee	693.4922577352144	207	true	693.4482724625542	693.7638189838119
693.4922577352144	0.0	cv_transition	/intervals/trials	207	cv_transition_time	n/a	n/a	n/a	n/a	n/a	n/a	n/a	n/a	n/a	pee	693.4922577352144	207	true	693.4482724625542	693.7638189838119
697.5351274317998	0.3485354757528967	trials	/intervals/trials	208	start_time	n/a	n/a	n/a	n/a	n/a	n/a	n/a	n/a	n/a	yee	697.669160998	208	true	697.5351274317998	697.8836629075527
697.669160998	0.0	cv_transition	/intervals/trials	208	cv_transition_time	n/a	n/a	n/a	n/a	n/a	n/a	n/a	n/a	n/a	yee	697.669160998	208	true	697.5351274317998	697.8836629075527
700.1872466470558	0.41152525480708846	trials	/intervals/trials	209	start_time	n/a	n/a	n/a	n/a	n/a	n/a	n/a	n/a	n/a	vee	700.2490411741354	209	true	700.1872466470558	700.5987719018628
700.2490411741354	0.0	cv_transition	/intervals/trials	209	cv_transition_time	n/a	n/a	n/a	n/a	n/a	n/a	n/a	n/a	n/a	vee	700.2490411741354	209	true	700.1872466470558	700.5987719018628
703.186621315	0.35918367399995077	trials	/intervals/trials	210	start_time	n/a	n/a	n/a	n/a	n/a	n/a	n/a	n/a	n/a	ree	703.256462585	210	true	703.186621315	703.545804989
703.256462585	0.0	cv_transition	/intervals/trials	210	cv_transition_time	n/a	n/a	n/a	n/a	n/a	n/a	n/a	n/a	n/a	ree	703.256462585	210	true	703.186621315	703.545804989
706.4184692351407	0.31363411809866193	trials	/intervals/trials	211	start_time	n/a	n/a	n/a	n/a	n/a	n/a	n/a	n/a	n/a	moo	706.509070295	211	true	706.4184692351407	706.7321033532394
706.509070295	0.0	cv_transition	/intervals/trials	211	cv_transition_time	n/a	n/a	n/a	n/a	n/a	n/a	n/a	n/a	n/a	moo	706.509070295	211	true	706.4184692351407	706.7321033532394
709.6441109261248	0.36024894510251215	trials	/intervals/trials	212	start_time	n/a	n/a	n/a	n/a	n/a	n/a	n/a	n/a	n/a	gaa	709.741723356	212	true	709.6441109261248	710.0043598712273
709.741723356	0.0	cv_transition	/intervals/trials	212	cv_transition_time	n/a	n/a	n/a	n/a	n/a	n/a	n/a	n/a	n/a	gaa	709.741723356	212	true	709.6441109261248	710.0043598712273
714.071882086	0.3560203302940863	trials	/intervals/trials	213	start_time	n/a	n/a	n/a	n/a	n/a	n/a	n/a	n/a	n/a	fee	714.135065682551	213	true	714.071882086	714.427902416294
714.135065682551	0.0	cv_transition	/intervals/trials	213	cv_transition_time	n/a	n/a	n/a	n/a	n/a	n/a	n/a	n/a	n/a	fee	714.135065682551	213	true	714.071882086	714.427902416294
716.1353328393708	0.45766198102126054	trials	/intervals/trials	214	start_time	n/a	n/a	n/a	n/a	n/a	n/a	n/a	n/a	n/a	foo	716.2834245590066	214	true	716.1353328393708	716.592994820392
716.2834245590066	0.0	cv_transition	/intervals/trials	214	cv_transition_time	n/a	n/a	n/a	n/a	n/a	n/a	n/a	n/a	n/a	foo	716.2834245590066	214	true	716.1353328393708	716.592994820392
718.83106576	0.42306814922244484	trials	/intervals/trials	215	start_time	n/a	n/a	n/a	n/a	n/a	n/a	n/a	n/a	n/a	shoo	718.9705006156828	215	true	718.83106576	719.2541339092224
718.9705006156828	0.0	cv_transition	/intervals/trials	215	cv_transition_time	n/a	n/a	n/a	n/a	n/a	n/a	n/a	n/a	n/a	shoo	718.9705006156828	215	true	718.83106576	719.2541339092224
722.0124961196236	0.3318019481104102	trials	/intervals/trials	216	start_time	n/a	n/a	n/a	n/a	n/a	n/a	n/a	n/a	n/a	goo	722.033786848	216	true	722.0124961196236	722.344298067734
722.033786848	0.0	cv_transition	/intervals/trials	216	cv_transition_time	n/a	n/a	n/a	n/a	n/a	n/a	n/a	n/a	n/a	goo	722.033786848	216	true	722.0124961196236	722.344298067734
724.704950810185	0.3126779165190783	trials	/intervals/trials	217	start_time	n/a	n/a	n/a	n/a	n/a	n/a	n/a	n/a	n/a	yee	724.7508484860043	217	true	724.704950810185	725.0176287267041
724.7508484860043	0.0	cv_transition	/intervals/trials	217	cv_transition_time	n/a	n/a	n/a	n/a	n/a	n/a	n/a	n/a	n/a	yee	724.7508484860043	217	true	724.704950810185	725.0176287267041
728.5728911014752	0.44128702897103267	trials	/intervals/trials	218	start_time	n/a	n/a	n/a	n/a	n/a	n/a	n/a	n/a	n/a	shoo	728.7438121338231	218	true	728.5728911014752	729.0141781304462
728.7438121338231	0.0	cv_transition	/intervals/trials	218	cv_transition_time	n/a	n/a	n/a	n/a	n/a	n/a	n/a	n/a	n/a	shoo	728.7438121338231	218	true	728.5728911014752	729.0141781304462
731.9391670237528	0.36718140655443676	trials	/intervals/trials	219	start_time	n/a	n/a	n/a	n/a	n/a	n/a	n/a	n/a	n/a	raa	732.051998810142	219	true	731.9391670237528	732.3063484303073
732.051998810142	0.0	cv_transition	/intervals/trials	219	cv_transition_time	n/a	n/a	n/a	n/a	n/a	n/a	n/a	n/a	n/a	raa	732.051998810142	219	true	731.9391670237528	732.3063484303073
734.8018021324274	0.3521661215726226	trials	/intervals/trials	220	start_time	n/a	n/a	n/a	n/a	n/a	n/a	n/a	n/a	n/a	foo	734.884580499	220	true	734.8018021324274	735.153968254
734.884580499	0.0	cv_transition	/intervals/trials	220	cv_transition_time	n/a	n/a	n/a	n/a	n/a	n/a	n/a	n/a	n/a	foo	734.884580499	220	true	734.8018021324274	735.153968254
738.0271492892505	0.36718140655443676	trials	/intervals/trials	221	start_time	n/a	n/a	n/a	n/a	n/a	n/a	n/a	n/a	n/a	maa	738.0952786517947	221	true	738.0271492892505	738.3943306958049
738.0952786517947	0.0	cv_transition	/intervals/trials	221	cv_transition_time	n/a	n/a	n/a	n/a	n/a	n/a	n/a	n/a	n/a	maa	738.0952786517947	221	true	738.0271492892505	738.3943306958049
741.2922428530571	0.3334753008747384	trials	/intervals/trials	222	start_time	n/a	n/a	n/a	n/a	n/a	n/a	n/a	n/a	n/a	gee	741.3227217784059	222	true	741.2922428530571	741.6257181539319
741.3227217784059	0.0	cv_transition	/intervals/trials	222	cv_transition_time	n/a	n/a	n/a	n/a	n/a	n/a	n/a	n/a	n/a	gee	741.3227217784059	222	true	741.2922428530571	741.6257181539319
744.6212909551632	0.4159476871125207	trials	/intervals/trials	223	start_time	n/a	n/a	n/a	n/a	n/a	n/a	n/a	n/a	n/a	naa	744.7188235162793	223	true	744.6212909551632	745.0372386422757
744.7188235162793	0.0	cv_transition	/intervals/trials	223	cv_transition_time	n/a	n/a	n/a	n/a	n/a	n/a	n/a	n/a	n/a	naa	744.7188235162793	223	true	744.6212909551632	745.0372386422757
747.3294034465899	0.332280048900202	trials	/intervals/trials	224	start_time	n/a	n/a	n/a	n/a	n/a	n/a	n/a	n/a	n/a	mee	747.426077098	224	true	747.3294034465899	747.6616834954901
747.426077098	0.0	cv_transition	/intervals/trials	224	cv_transition_time	n/a	n/a	n/a	n/a	n/a	n/a	n/a	n/a	n/a	mee	747.426077098	224	true	747.3294034465899	747.6616834954901
749.9934111401592	0.329172393766612	trials	/intervals/trials	225	start_time	n/a	n/a	n/a	n/a	n/a	n/a	n/a	n/a	n/a	paa	750.040136054	225	true	749.9934111401592	750.3225835339258
750.040136054	0.0	cv_transition	/intervals/trials	225	cv_transition_time	n/a	n/a	n/a	n/a	n/a	n/a	n/a	n/a	n/a	paa	750.040136054	225	true	749.9934111401592	750.3225835339258
753.0067440597629	0.42909545883162536	trials	/intervals/trials	226	start_time	n/a	n/a	n/a	n/a	n/a	n/a	n/a	n/a	n/a	foo	753.133106576	226	true	753.0067440597629	753.4358395185945
753.133106576	0.0	cv_transition	/intervals/trials	226	cv_transition_time	n/a	n/a	n/a	n/a	n/a	n/a	n/a	n/a	n/a	foo	753.133106576	226	true	753.0067440597629	753.4358395185945
755.8729969450767	0.32314817992335065	trials	/intervals/trials	227	start_time	n/a	n/a	n/a	n/a	n/a	n/a	n/a	n/a	n/a	doo	755.906802721	227	true	755.8729969450767	756.196145125
755.906802721	0.0	cv_transition	/intervals/trials	227	cv_transition_time	n/a	n/a	n/a	n/a	n/a	n/a	n/a	n/a	n/a	doo	755.906802721	227	true	755.8729969450767	756.196145125
758.69047619	0.3526066922983091	trials	/intervals/trials	228	start_time	n/a	n/a	n/a	n/a	n/a	n/a	n/a	n/a	n/a	vee	758.7425965359188	228	true	758.69047619	759.0430828822983
758.7425965359188	0.0	cv_transition	/intervals/trials	228	cv_transition_time	n/a	n/a	n/a	n/a	n/a	n/a	n/a	n/a	n/a	vee	758.7425965359188	228	true	758.69047619	759.0430828822983
761.774998003348	0.3227180331044792	trials	/intervals/trials	229	start_time	n/a	n/a	n/a	n/a	n/a	n/a	n/a	n/a	n/a	gee	761.8000982948116	229	true	761.774998003348	762.0977160364524
761.8000982948116	0.0	cv_transition	/intervals/trials	229	cv_transition_time	n/a	n/a	n/a	n/a	n/a	n/a	n/a	n/a	n/a	gee	761.8000982948116	229	true	761.774998003348	762.0977160364524
765.295464853	0.3974819002711456	trials	/intervals/trials	230	start_time	n/a	n/a	n/a	n/a	n/a	n/a	n/a	n/a	n/a	gaa	765.400110019528	230	false	765.295464853	765.6929467532711
765.400110019528	0.0	cv_transition	/intervals/trials	230	cv_transition_time	n/a	n/a	n/a	n/a	n/a	n/a	n/a	n/a	n/a	gaa	765.400110019528	230	false	765.295464853	765.6929467532711
768.079138322	0.38637702483720204	trials	/intervals/trials	231	start_time	n/a	n/a	n/a	n/a	n/a	n/a	n/a	n/a	n/a	zoo	768.139002268	231	true	768.079138322	768.4655153468372
768.139002268	0.0	cv_transition	/intervals/trials	231	cv_transition_time	n/a	n/a	n/a	n/a	n/a	n/a	n/a	n/a	n/a	zoo	768.139002268	231	true	768.079138322	768.4655153468372
770.8420180144481	0.356663189179244	trials	/intervals/trials	232	start_time	n/a	n/a	n/a	n/a	n/a	n/a	n/a	n/a	n/a	lee	770.9185141408136	232	true	770.8420180144481	771.1986812036273
770.9185141408136	0.0	cv_transition	/intervals/trials	232	cv_transition_time	n/a	n/a	n/a	n/a	n/a	n/a	n/a	n/a	n/a	lee	770.9185141408136	232	true	770.8420180144481	771.1986812036273
774.271251695064	0.360727045892304	trials	/intervals/trials	233	start_time	n/a	n/a	n/a	n/a	n/a	n/a	n/a	n/a	n/a	baa	774.2977862888971	233	true	774.271251695064	774.6319787409564
774.2977862888971	0.0	cv_transition	/intervals/trials	233	cv_transition_time	n/a	n/a	n/a	n/a	n/a	n/a	n/a	n/a	n/a	baa	774.2977862888971	233	true	774.271251695064	774.6319787409564
777.338095238	0.35568816895738564	trials	/intervals/trials	234	start_time	n/a	n/a	n/a	n/a	n/a	n/a	n/a	n/a	n/a	vaa	777.368027211	234	true	777.338095238	777.6937834069574
777.368027211	0.0	cv_transition	/intervals/trials	234	cv_transition_time	n/a	n/a	n/a	n/a	n/a	n/a	n/a	n/a	n/a	vaa	777.368027211	234	true	777.338095238	777.6937834069574
783.3940137770755	0.4437731530780411	trials	/intervals/trials	235	start_time	n/a	n/a	n/a	n/a	n/a	n/a	n/a	n/a	n/a	faa	783.4756272305152	235	true	783.3940137770755	783.8377869301536
783.4756272305152	0.0	cv_transition	/intervals/trials	235	cv_transition_time	n/a	n/a	n/a	n/a	n/a	n/a	n/a	n/a	n/a	faa	783.4756272305152	235	true	783.3940137770755	783.8377869301536
786.557142857	0.391235867469959	trials	/intervals/trials	236	start_time	n/a	n/a	n/a	n/a	n/a	n/a	n/a	n/a	n/a	haa	786.6252372976987	236	true	786.557142857	786.94837872447
786.6252372976987	0.0	cv_transition	/intervals/trials	236	cv_transition_time	n/a	n/a	n/a	n/a	n/a	n/a	n/a	n/a	n/a	haa	786.6252372976987	236	true	786.557142857	786.94837872447
789.5627759249055	0.3577256582223072	trials	/intervals/trials	237	start_time	n/a	n/a	n/a	n/a	n/a	n/a	n/a	n/a	n/a	gaa	789.609069270344	237	true	789.5627759249055	789.9205015831278
789.609069270344	0.0	cv_transition	/intervals/trials	237	cv_transition_time	n/a	n/a	n/a	n/a	n/a	n/a	n/a	n/a	n/a	gaa	789.609069270344	237	true	789.5627759249055	789.9205015831278
792.4607993901803	0.3766781227246838	trials	/intervals/trials	238	start_time	n/a	n/a	n/a	n/a	n/a	n/a	n/a	n/a	n/a	maa	792.5365707675551	238	true	792.4607993901803	792.837477512905
792.5365707675551	0.0	cv_transition	/intervals/trials	238	cv_transition_time	n/a	n/a	n/a	n/a	n/a	n/a	n/a	n/a	n/a	maa	792.5365707675551	238	true	792.4607993901803	792.837477512905
795.4657187259012	0.36658542919064985	trials	/intervals/trials	239	start_time	n/a	n/a	n/a	n/a	n/a	n/a	n/a	n/a	n/a	kaa	795.5224280740633	239	true	795.4657187259012	795.8323041550918
795.5224280740633	0.0	cv_transition	/intervals/trials	239	cv_transition_time	n/a	n/a	n/a	n/a	n/a	n/a	n/a	n/a	n/a	kaa	795.5224280740633	239	true	795.4657187259012	795.8323041550918
798.5614004459509	0.38365610032110453	trials	/intervals/trials	240	start_time	n/a	n/a	n/a	n/a	n/a	n/a	n/a	n/a	n/a	laa	798.6308404641086	240	true	798.5614004459509	798.945056546272
798.6308404641086	0.0	cv_transition	/intervals/trials	240	cv_transition_time	n/a	n/a	n/a	n/a	n/a	n/a	n/a	n/a	n/a	laa	798.6308404641086	240	true	798.5614004459509	798.945056546272
801.2789681701098	0.4435481159821393	trials	/intervals/trials	241	start_time	n/a	n/a	n/a	n/a	n/a	n/a	n/a	n/a	n/a	saa	801.413378685	241	true	801.2789681701098	801.722516286092
801.413378685	0.0	cv_transition	/intervals/trials	241	cv_transition_time	n/a	n/a	n/a	n/a	n/a	n/a	n/a	n/a	n/a	saa	801.413378685	241	true	801.2789681701098	801.722516286092
804.157142857	0.3791383219999034	trials	/intervals/trials	242	start_time	n/a	n/a	n/a	n/a	n/a	n/a	n/a	n/a	n/a	woo	804.238752727253	242	true	804.157142857	804.536281179
804.238752727253	0.0	cv_transition	/intervals/trials	242	cv_transition_time	n/a	n/a	n/a	n/a	n/a	n/a	n/a	n/a	n/a	woo	804.238752727253	242	true	804.157142857	804.536281179
807.71542975018	0.36687476259965024	trials	/intervals/trials	243	start_time	n/a	n/a	n/a	n/a	n/a	n/a	n/a	n/a	n/a	daa	807.739002268	243	true	807.71542975018	808.0823045127796
807.739002268	0.0	cv_transition	/intervals/trials	243	cv_transition_time	n/a	n/a	n/a	n/a	n/a	n/a	n/a	n/a	n/a	daa	807.739002268	243	true	807.71542975018	808.0823045127796
810.9053893919012	0.32405341806918386	trials	/intervals/trials	244	start_time	n/a	n/a	n/a	n/a	n/a	n/a	n/a	n/a	n/a	pee	810.971655329	244	true	810.9053893919012	811.2294428099704
810.971655329	0.0	cv_transition	/intervals/trials	244	cv_transition_time	n/a	n/a	n/a	n/a	n/a	n/a	n/a	n/a	n/a	pee	810.971655329	244	true	810.9053893919012	811.2294428099704
813.7123611394381	0.3422873865619067	trials	/intervals/trials	245	start_time	n/a	n/a	n/a	n/a	n/a	n/a	n/a	n/a	n/a	vee	813.7679131539643	245	true	813.7123611394381	814.054648526
813.7679131539643	0.0	cv_transition	/intervals/trials	245	cv_transition_time	n/a	n/a	n/a	n/a	n/a	n/a	n/a	n/a	n/a	vee	813.7679131539643	245	true	813.7123611394381	814.054648526
816.3755462098102	0.3011960787589487	trials	/intervals/trials	246	start_time	n/a	n/a	n/a	n/a	n/a	n/a	n/a	n/a	n/a	yoo	816.4510622295567	246	true	816.3755462098102	816.6767422885691
816.4510622295567	0.0	cv_transition	/intervals/trials	246	cv_transition_time	n/a	n/a	n/a	n/a	n/a	n/a	n/a	n/a	n/a	yoo	816.4510622295567	246	true	816.3755462098102	816.6767422885691
819.5204473519443	0.41201077440211975	trials	/intervals/trials	247	start_time	n/a	n/a	n/a	n/a	n/a	n/a	n/a	n/a	n/a	fee	819.6307798252393	247	true	819.5204473519443	819.9324581263464
819.6307798252393	0.0	cv_transition	/intervals/trials	247	cv_transition_time	n/a	n/a	n/a	n/a	n/a	n/a	n/a	n/a	n/a	fee	819.6307798252393	247	true	819.5204473519443	819.9324581263464
823.1304881441617	0.29286786483828564	trials	/intervals/trials	248	start_time	n/a	n/a	n/a	n/a	n/a	n/a	n/a	n/a	n/a	too	823.183900227	248	true	823.1304881441617	823.423356009
823.183900227	0.0	cv_transition	/intervals/trials	248	cv_transition_time	n/a	n/a	n/a	n/a	n/a	n/a	n/a	n/a	n/a	too	823.183900227	248	true	823.1304881441617	823.423356009
826.4663941058888	0.34112408919952486	trials	/intervals/trials	249	start_time	n/a	n/a	n/a	n/a	n/a	n/a	n/a	n/a	n/a	daa	826.496371882	249	true	826.4663941058888	826.8075181950883
826.496371882	0.0	cv_transition	/intervals/trials	249	cv_transition_time	n/a	n/a	n/a	n/a	n/a	n/a	n/a	n/a	n/a	daa	826.496371882	249	true	826.4663941058888	826.8075181950883
829.7765821367717	0.29704896656323854	trials	/intervals/trials	250	start_time	n/a	n/a	n/a	n/a	n/a	n/a	n/a	n/a	n/a	roo	829.8317483734191	250	true	829.7765821367717	830.073631103335
829.8317483734191	0.0	cv_transition	/intervals/trials	250	cv_transition_time	n/a	n/a	n/a	n/a	n/a	n/a	n/a	n/a	n/a	roo	829.8317483734191	250	true	829.7765821367717	830.073631103335
833.690022676	0.3425216088809293	trials	/intervals/trials	251	start_time	n/a	n/a	n/a	n/a	n/a	n/a	n/a	n/a	n/a	noo	833.76984127	251	true	833.690022676	834.0325442848809
833.76984127	0.0	cv_transition	/intervals/trials	251	cv_transition_time	n/a	n/a	n/a	n/a	n/a	n/a	n/a	n/a	n/a	noo	833.76984127	251	true	833.690022676	834.0325442848809
837.2158699736481	0.4343858913640588	trials	/intervals/trials	252	start_time	n/a	n/a	n/a	n/a	n/a	n/a	n/a	n/a	n/a	shee	837.3609224560219	252	true	837.2158699736481	837.6502558650121
837.3609224560219	0.0	cv_transition	/intervals/trials	252	cv_transition_time	n/a	n/a	n/a	n/a	n/a	n/a	n/a	n/a	n/a	shee	837.3609224560219	252	true	837.2158699736481	837.6502558650121
839.9417060847927	0.41664010894601233	trials	/intervals/trials	253	start_time	n/a	n/a	n/a	n/a	n/a	n/a	n/a	n/a	n/a	thee	840.0319781083978	253	true	839.9417060847927	840.3583461937387
840.0319781083978	0.0	cv_transition	/intervals/trials	253	cv_transition_time	n/a	n/a	n/a	n/a	n/a	n/a	n/a	n/a	n/a	thee	840.0319781083978	253	true	839.9417060847927	840.3583461937387
842.9142729867417	0.3938902782582545	trials	/intervals/trials	254	start_time	n/a	n/a	n/a	n/a	n/a	n/a	n/a	n/a	n/a	vee	842.988888889	254	true	842.9142729867417	843.308163265
842.988888889	0.0	cv_transition	/intervals/trials	254	cv_transition_time	n/a	n/a	n/a	n/a	n/a	n/a	n/a	n/a	n/a	vee	842.988888889	254	true	842.9142729867417	843.308163265
846.2331857895538	0.36749448244620453	trials	/intervals/trials	255	start_time	n/a	n/a	n/a	n/a	n/a	n/a	n/a	n/a	n/a	kee	846.313041810435	255	true	846.2331857895538	846.600680272
846.313041810435	0.0	cv_transition	/intervals/trials	255	cv_transition_time	n/a	n/a	n/a	n/a	n/a	n/a	n/a	n/a	n/a	kee	846.313041810435	255	true	846.2331857895538	846.600680272
849.0494351384325	0.4021734384965612	trials	/intervals/trials	256	start_time	n/a	n/a	n/a	n/a	n/a	n/a	n/a	n/a	n/a	kaa	849.134920635	256	true	849.0494351384325	849.4516085769291
849.134920635	0.0	cv_transition	/intervals/trials	256	cv_transition_time	n/a	n/a	n/a	n/a	n/a	n/a	n/a	n/a	n/a	kaa	849.134920635	256	true	849.0494351384325	849.4516085769291
852.2851611335844	0.3796054325953264	trials	/intervals/trials	257	start_time	n/a	n/a	n/a	n/a	n/a	n/a	n/a	n/a	n/a	yaa	852.347619048	257	true	852.2851611335844	852.6647665661798
852.347619048	0.0	cv_transition	/intervals/trials	257	cv_transition_time	n/a	n/a	n/a	n/a	n/a	n/a	n/a	n/a	n/a	yaa	852.347619048	257	true	852.2851611335844	852.6647665661798
855.690022676	0.40907029499999226	trials	/intervals/trials	258	start_time	n/a	n/a	n/a	n/a	n/a	n/a	n/a	n/a	n/a	roo	855.7564114288052	258	true	855.690022676	856.099092971
855.7564114288052	0.0	cv_transition	/intervals/trials	258	cv_transition_time	n/a	n/a	n/a	n/a	n/a	n/a	n/a	n/a	n/a	roo	855.7564114288052	258	true	855.690022676	856.099092971
859.132199546	0.3667415389348889	trials	/intervals/trials	259	start_time	n/a	n/a	n/a	n/a	n/a	n/a	n/a	n/a	n/a	loo	859.251927438	259	true	859.132199546	859.4989410849349
859.251927438	0.0	cv_transition	/intervals/trials	259	cv_transition_time	n/a	n/a	n/a	n/a	n/a	n/a	n/a	n/a	n/a	loo	859.251927438	259	true	859.132199546	859.4989410849349
863.1512314600159	0.4463450056023248	trials	/intervals/trials	260	start_time	n/a	n/a	n/a	n/a	n/a	n/a	n/a	n/a	n/a	waa	863.28276644	260	true	863.1512314600159	863.5975764656182
863.28276644	0.0	cv_transition	/intervals/trials	260	cv_transition_time	n/a	n/a	n/a	n/a	n/a	n/a	n/a	n/a	n/a	waa	863.28276644	260	true	863.1512314600159	863.5975764656182
865.4483064183947	0.3487457356052346	trials	/intervals/trials	261	start_time	n/a	n/a	n/a	n/a	n/a	n/a	n/a	n/a	n/a	dee	865.4762753145972	261	true	865.4483064183947	865.797052154
865.4762753145972	0.0	cv_transition	/intervals/trials	261	cv_transition_time	n/a	n/a	n/a	n/a	n/a	n/a	n/a	n/a	n/a	dee	865.4762753145972	261	true	865.4483064183947	865.797052154
868.281405896	0.40907029400000283	trials	/intervals/trials	262	start_time	n/a	n/a	n/a	n/a	n/a	n/a	n/a	n/a	n/a	nee	868.391156463	262	true	868.281405896	868.69047619
868.391156463	0.0	cv_transition	/intervals/trials	262	cv_transition_time	n/a	n/a	n/a	n/a	n/a	n/a	n/a	n/a	n/a	nee	868.391156463	262	true	868.281405896	868.69047619
871.840589569	0.36261913603948415	trials	/intervals/trials	263	start_time	n/a	n/a	n/a	n/a	n/a	n/a	n/a	n/a	n/a	hoo	871.9053881827189	263	true	871.840589569	872.2032087050395
871.9053881827189	0.0	cv_transition	/intervals/trials	263	cv_transition_time	n/a	n/a	n/a	n/a	n/a	n/a	n/a	n/a	n/a	hoo	871.9053881827189	263	true	871.840589569	872.2032087050395
874.833786848	0.44111474154806274	trials	/intervals/trials	264	start_time	n/a	n/a	n/a	n/a	n/a	n/a	n/a	n/a	n/a	foo	874.9566348396587	264	true	874.833786848	875.2749015895481
874.9566348396587	0.0	cv_transition	/intervals/trials	264	cv_transition_time	n/a	n/a	n/a	n/a	n/a	n/a	n/a	n/a	n/a	foo	874.9566348396587	264	true	874.833786848	875.2749015895481
877.362557739779	0.474506790744158	trials	/intervals/trials	265	start_time	n/a	n/a	n/a	n/a	n/a	n/a	n/a	n/a	n/a	bee	877.537641723	265	true	877.362557739779	877.8370645305232
877.537641723	0.0	cv_transition	/intervals/trials	265	cv_transition_time	n/a	n/a	n/a	n/a	n/a	n/a	n/a	n/a	n/a	bee	877.537641723	265	true	877.362557739779	877.8370645305232
880.5986436754044	0.42753833401798147	trials	/intervals/trials	266	start_time	n/a	n/a	n/a	n/a	n/a	n/a	n/a	n/a	n/a	daa	880.6866974762072	266	true	880.5986436754044	881.0261820094224
880.6866974762072	0.0	cv_transition	/intervals/trials	266	cv_transition_time	n/a	n/a	n/a	n/a	n/a	n/a	n/a	n/a	n/a	daa	880.6866974762072	266	true	880.5986436754044	881.0261820094224
887.5121676450077	0.4398609697188931	trials	/intervals/trials	267	start_time	n/a	n/a	n/a	n/a	n/a	n/a	n/a	n/a	n/a	noo	887.6484510994476	267	true	887.5121676450077	887.9520286147266
887.6484510994476	0.0	cv_transition	/intervals/trials	267	cv_transition_time	n/a	n/a	n/a	n/a	n/a	n/a	n/a	n/a	n/a	noo	887.6484510994476	267	true	887.5121676450077	887.9520286147266
891.236177724479	0.3913419826727704	trials	/intervals/trials	268	start_time	n/a	n/a	n/a	n/a	n/a	n/a	n/a	n/a	n/a	yee	891.3449868697403	268	true	891.236177724479	891.6275197071518
891.3449868697403	0.0	cv_transition	/intervals/trials	268	cv_transition_time	n/a	n/a	n/a	n/a	n/a	n/a	n/a	n/a	n/a	yee	891.3449868697403	268	true	891.236177724479	891.6275197071518
895.726303855	0.5088435370000752	trials	/intervals/trials	269	start_time	n/a	n/a	n/a	n/a	n/a	n/a	n/a	n/a	n/a	see	895.875963719	269	true	895.726303855	896.235147392
895.875963719	0.0	cv_transition	/intervals/trials	269	cv_transition_time	n/a	n/a	n/a	n/a	n/a	n/a	n/a	n/a	n/a	see	895.875963719	269	true	895.726303855	896.235147392
897.7248758412954	0.3782745012485975	trials	/intervals/trials	270	start_time	n/a	n/a	n/a	n/a	n/a	n/a	n/a	n/a	n/a	tee	897.7981778379489	270	true	897.7248758412954	898.103150342544
897.7981778379489	0.0	cv_transition	/intervals/trials	270	cv_transition_time	n/a	n/a	n/a	n/a	n/a	n/a	n/a	n/a	n/a	tee	897.7981778379489	270	true	897.7248758412954	898.103150342544
900.1888653029587	0.3710347978754953	trials	/intervals/trials	271	start_time	n/a	n/a	n/a	n/a	n/a	n/a	n/a	n/a	n/a	see	900.2629077238207	271	true	900.1888653029587	900.5599001008342
900.2629077238207	0.0	cv_transition	/intervals/trials	271	cv_transition_time	n/a	n/a	n/a	n/a	n/a	n/a	n/a	n/a	n/a	see	900.2629077238207	271	true	900.1888653029587	900.5599001008342
903.5006278183699	0.3161611370810533	trials	/intervals/trials	272	start_time	n/a	n/a	n/a	n/a	n/a	n/a	n/a	n/a	n/a	doo	903.5271185511672	272	true	903.5006278183699	903.816788955451
903.5271185511672	0.0	cv_transition	/intervals/trials	272	cv_transition_time	n/a	n/a	n/a	n/a	n/a	n/a	n/a	n/a	n/a	doo	903.5271185511672	272	true	903.5006278183699	903.816788955451
906.0738166462818	0.38252508466860036	trials	/intervals/trials	273	start_time	n/a	n/a	n/a	n/a	n/a	n/a	n/a	n/a	n/a	wee	906.1935459831277	273	true	906.0738166462818	906.4563417309504
906.1935459831277	0.0	cv_transition	/intervals/trials	273	cv_transition_time	n/a	n/a	n/a	n/a	n/a	n/a	n/a	n/a	n/a	wee	906.1935459831277	273	true	906.0738166462818	906.4563417309504
910.2526727843715	0.4869797443217294	trials	/intervals/trials	274	start_time	n/a	n/a	n/a	n/a	n/a	n/a	n/a	n/a	n/a	shoo	910.41292517	274	true	910.2526727843715	910.7396525286932
910.41292517	0.0	cv_transition	/intervals/trials	274	cv_transition_time	n/a	n/a	n/a	n/a	n/a	n/a	n/a	n/a	n/a	shoo	910.41292517	274	true	910.2526727843715	910.7396525286932
912.8909714430383	0.3854457909616258	trials	/intervals/trials	275	start_time	n/a	n/a	n/a	n/a	n/a	n/a	n/a	n/a	n/a	nee	912.9728842990069	275	true	912.8909714430383	913.276417234
912.9728842990069	0.0	cv_transition	/intervals/trials	275	cv_transition_time	n/a	n/a	n/a	n/a	n/a	n/a	n/a	n/a	n/a	nee	912.9728842990069	275	true	912.8909714430383	913.276417234
915.916675552182	0.42862334743483643	trials	/intervals/trials	276	start_time	n/a	n/a	n/a	n/a	n/a	n/a	n/a	n/a	n/a	moo	916.0409022805172	276	true	915.916675552182	916.3452988996169
916.0409022805172	0.0	cv_transition	/intervals/trials	276	cv_transition_time	n/a	n/a	n/a	n/a	n/a	n/a	n/a	n/a	n/a	moo	916.0409022805172	276	true	915.916675552182	916.3452988996169
918.7850106051297	0.3428986779479146	trials	/intervals/trials	277	start_time	n/a	n/a	n/a	n/a	n/a	n/a	n/a	n/a	n/a	goo	918.8264743608125	277	true	918.7850106051297	919.1279092830777
918.8264743608125	0.0	cv_transition	/intervals/trials	277	cv_transition_time	n/a	n/a	n/a	n/a	n/a	n/a	n/a	n/a	n/a	goo	918.8264743608125	277	true	918.7850106051297	919.1279092830777
922.991747252062	0.4738440703985134	trials	/intervals/trials	278	start_time	n/a	n/a	n/a	n/a	n/a	n/a	n/a	n/a	n/a	yee	923.1723559127279	278	true	922.991747252062	923.4655913224606
923.1723559127279	0.0	cv_transition	/intervals/trials	278	cv_transition_time	n/a	n/a	n/a	n/a	n/a	n/a	n/a	n/a	n/a	yee	923.1723559127279	278	true	922.991747252062	923.4655913224606
925.4047625190224	0.38600782076093765	trials	/intervals/trials	279	start_time	n/a	n/a	n/a	n/a	n/a	n/a	n/a	n/a	n/a	raa	925.4754044731485	279	true	925.4047625190224	925.7907703397833
925.4754044731485	0.0	cv_transition	/intervals/trials	279	cv_transition_time	n/a	n/a	n/a	n/a	n/a	n/a	n/a	n/a	n/a	raa	925.4754044731485	279	true	925.4047625190224	925.7907703397833
931.4975000000002	0.08249999999998181	invalid_times	/intervals/invalid_times	10	start_time	n/a	n/a	n/a	n/a	10	931.4975000000002	931.5800000000002	"[""ECoG artifact""]"	"[{""idx_start"":2842704,""count"":252,""timeseries"":""/acquisition/ElectricalSeries""}]"	n/a	n/a	n/a	n/a	n/a	n/a
932.5100000000001	0.01999999999998181	invalid_times	/intervals/invalid_times	11	start_time	n/a	n/a	n/a	n/a	11	932.5100000000001	932.5300000000001	"[""ECoG artifact""]"	"[{""idx_start"":2845794,""count"":61,""timeseries"":""/acquisition/ElectricalSeries""}]"	n/a	n/a	n/a	n/a	n/a	n/a
