onset	duration	trial_type	source_table	source_row	source_onset_column	nwb_epochs_id	nwb_epochs_label	nwb_epochs_start_time	nwb_epochs_stop_time	nwb_invalid_times_id	nwb_invalid_times_start_time	nwb_invalid_times_stop_time	nwb_invalid_times_tags	nwb_invalid_times_timeseries	nwb_trials_condition	nwb_trials_cv_transition_time	nwb_trials_id	nwb_trials_speak	nwb_trials_start_time	nwb_trials_stop_time
3.3658152	0.38068719999999967	trials	/intervals/trials	0	start_time	n/a	n/a	n/a	n/a	n/a	n/a	n/a	n/a	n/a	raa	3.4216664	0	true	3.3658152	3.7465024
3.4216664	0.0	cv_transition	/intervals/trials	0	cv_transition_time	n/a	n/a	n/a	n/a	n/a	n/a	n/a	n/a	n/a	raa	3.4216664	0	true	3.3658152	3.7465024
3.9860463	0.5235485000000004	trials	/intervals/trials	1	start_time	n/a	n/a	n/a	n/a	n/a	n/a	n/a	n/a	n/a	shee	4.1929251	1	true	3.9860463	4.5095948
4.1929251	0.0	cv_transition	/intervals/trials	1	cv_transition_time	n/a	n/a	n/a	n/a	n/a	n/a	n/a	n/a	n/a	shee	4.1929251	1	true	3.9860463	4.5095948
5.0594569	0.4273680000000004	trials	/intervals/trials	2	start_time	n/a	n/a	n/a	n/a	n/a	n/a	n/a	n/a	n/a	yoo	5.0930293	2	true	5.0594569	5.4868249
5.0930293	0.0	cv_transition	/intervals/trials	2	cv_transition_time	n/a	n/a	n/a	n/a	n/a	n/a	n/a	n/a	n/a	yoo	5.0930293	2	true	5.0594569	5.4868249
6.2009197	0.3856294	trials	/intervals/trials	3	start_time	n/a	n/a	n/a	n/a	n/a	n/a	n/a	n/a	n/a	baa	6.2199744	3	true	6.2009197	6.5865491
6.2199744	0.0	cv_transition	/intervals/trials	3	cv_transition_time	n/a	n/a	n/a	n/a	n/a	n/a	n/a	n/a	n/a	baa	6.2199744	3	true	6.2009197	6.5865491
7.0883209	0.4908833999999995	trials	/intervals/trials	4	start_time	n/a	n/a	n/a	n/a	n/a	n/a	n/a	n/a	n/a	zee	7.263442	4	true	7.0883209	7.5792043
7.263442	0.0	cv_transition	/intervals/trials	4	cv_transition_time	n/a	n/a	n/a	n/a	n/a	n/a	n/a	n/a	n/a	zee	7.263442	4	true	7.0883209	7.5792043
8.1281591	0.4282754000000004	trials	/intervals/trials	5	start_time	n/a	n/a	n/a	n/a	n/a	n/a	n/a	n/a	n/a	gee	8.1653609	5	true	8.1281591	8.5564345
8.1653609	0.0	cv_transition	/intervals/trials	5	cv_transition_time	n/a	n/a	n/a	n/a	n/a	n/a	n/a	n/a	n/a	gee	8.1653609	5	true	8.1281591	8.5564345
9.0890566	0.3629453000000016	trials	/intervals/trials	6	start_time	n/a	n/a	n/a	n/a	n/a	n/a	n/a	n/a	n/a	kee	9.1861445	6	true	9.0890566	9.4520019
9.1861445	0.0	cv_transition	/intervals/trials	6	cv_transition_time	n/a	n/a	n/a	n/a	n/a	n/a	n/a	n/a	n/a	kee	9.1861445	6	true	9.0890566	9.4520019
10.0127523	0.3638525999999995	trials	/intervals/trials	7	start_time	n/a	n/a	n/a	n/a	n/a	n/a	n/a	n/a	n/a	ree	10.0526763	7	true	10.0127523	10.3766049
10.0526763	0.0	cv_transition	/intervals/trials	7	cv_transition_time	n/a	n/a	n/a	n/a	n/a	n/a	n/a	n/a	n/a	ree	10.0526763	7	true	10.0127523	10.3766049
11.8946235	0.3947029000000004	trials	/intervals/trials	8	start_time	n/a	n/a	n/a	n/a	n/a	n/a	n/a	n/a	n/a	voo	11.9227517	8	true	11.8946235	12.2893264
11.9227517	0.0	cv_transition	/intervals/trials	8	cv_transition_time	n/a	n/a	n/a	n/a	n/a	n/a	n/a	n/a	n/a	voo	11.9227517	8	true	11.8946235	12.2893264
13.0424378	0.46366259999999926	trials	/intervals/trials	9	start_time	n/a	n/a	n/a	n/a	n/a	n/a	n/a	n/a	n/a	noo	13.1068606	9	true	13.0424378	13.5061004
13.1068606	0.0	cv_transition	/intervals/trials	9	cv_transition_time	n/a	n/a	n/a	n/a	n/a	n/a	n/a	n/a	n/a	noo	13.1068606	9	true	13.0424378	13.5061004
14.6348602	0.3810924999999994	trials	/intervals/trials	10	start_time	n/a	n/a	n/a	n/a	n/a	n/a	n/a	n/a	n/a	noo	14.682043	10	true	14.6348602	15.0159527
14.682043	0.0	cv_transition	/intervals/trials	10	cv_transition_time	n/a	n/a	n/a	n/a	n/a	n/a	n/a	n/a	n/a	noo	14.682043	10	true	14.6348602	15.0159527
15.7100855	0.42827539999999864	trials	/intervals/trials	11	start_time	n/a	n/a	n/a	n/a	n/a	n/a	n/a	n/a	n/a	dee	15.736399	11	true	15.7100855	16.1383609
15.736399	0.0	cv_transition	/intervals/trials	11	cv_transition_time	n/a	n/a	n/a	n/a	n/a	n/a	n/a	n/a	n/a	dee	15.736399	11	true	15.7100855	16.1383609
16.4287171	0.4718288000000008	trials	/intervals/trials	12	start_time	n/a	n/a	n/a	n/a	n/a	n/a	n/a	n/a	n/a	yee	16.495862	12	true	16.4287171	16.9005459
16.495862	0.0	cv_transition	/intervals/trials	12	cv_transition_time	n/a	n/a	n/a	n/a	n/a	n/a	n/a	n/a	n/a	yee	16.495862	12	true	16.4287171	16.9005459
17.2834532	0.40740599999999816	trials	/intervals/trials	13	start_time	n/a	n/a	n/a	n/a	n/a	n/a	n/a	n/a	n/a	koo	17.3560422	13	true	17.2834532	17.6908592
17.3560422	0.0	cv_transition	/intervals/trials	13	cv_transition_time	n/a	n/a	n/a	n/a	n/a	n/a	n/a	n/a	n/a	koo	17.3560422	13	true	17.2834532	17.6908592
18.3151251	0.42101650000000035	trials	/intervals/trials	14	start_time	n/a	n/a	n/a	n/a	n/a	n/a	n/a	n/a	n/a	fee	18.3641227	14	true	18.3151251	18.7361416
18.3641227	0.0	cv_transition	/intervals/trials	14	cv_transition_time	n/a	n/a	n/a	n/a	n/a	n/a	n/a	n/a	n/a	fee	18.3641227	14	true	18.3151251	18.7361416
18.9811296	0.47545829999999967	trials	/intervals/trials	15	start_time	n/a	n/a	n/a	n/a	n/a	n/a	n/a	n/a	n/a	hee	19.104531	15	true	18.9811296	19.4565879
19.104531	0.0	cv_transition	/intervals/trials	15	cv_transition_time	n/a	n/a	n/a	n/a	n/a	n/a	n/a	n/a	n/a	hee	19.104531	15	true	18.9811296	19.4565879
19.9728775	0.36838949999999926	trials	/intervals/trials	16	start_time	n/a	n/a	n/a	n/a	n/a	n/a	n/a	n/a	n/a	vaa	19.9828585	16	true	19.9728775	20.341267
19.9828585	0.0	cv_transition	/intervals/trials	16	cv_transition_time	n/a	n/a	n/a	n/a	n/a	n/a	n/a	n/a	n/a	vaa	19.9828585	16	true	19.9728775	20.341267
20.8194474	0.359045499999997	trials	/intervals/trials	17	start_time	n/a	n/a	n/a	n/a	n/a	n/a	n/a	n/a	n/a	loo	20.8302859	17	true	20.8194474	21.1784929
20.8302859	0.0	cv_transition	/intervals/trials	17	cv_transition_time	n/a	n/a	n/a	n/a	n/a	n/a	n/a	n/a	n/a	loo	20.8302859	17	true	20.8194474	21.1784929
21.5435277	0.31519850000000105	trials	/intervals/trials	18	start_time	n/a	n/a	n/a	n/a	n/a	n/a	n/a	n/a	n/a	hoo	21.575889	18	true	21.5435277	21.8587262
21.575889	0.0	cv_transition	/intervals/trials	18	cv_transition_time	n/a	n/a	n/a	n/a	n/a	n/a	n/a	n/a	n/a	hoo	21.575889	18	true	21.5435277	21.8587262
22.5279568	0.395454400000002	trials	/intervals/trials	19	start_time	n/a	n/a	n/a	n/a	n/a	n/a	n/a	n/a	n/a	kaa	22.5907376	19	true	22.5279568	22.9234112
22.5907376	0.0	cv_transition	/intervals/trials	19	cv_transition_time	n/a	n/a	n/a	n/a	n/a	n/a	n/a	n/a	n/a	kaa	22.5907376	19	true	22.5279568	22.9234112
23.2573792	0.40451559999999986	trials	/intervals/trials	20	start_time	n/a	n/a	n/a	n/a	n/a	n/a	n/a	n/a	n/a	poo	23.3305156	20	true	23.2573792	23.6618948
23.3305156	0.0	cv_transition	/intervals/trials	20	cv_transition_time	n/a	n/a	n/a	n/a	n/a	n/a	n/a	n/a	n/a	poo	23.3305156	20	true	23.2573792	23.6618948
24.1672876	0.3673491999999996	trials	/intervals/trials	21	start_time	n/a	n/a	n/a	n/a	n/a	n/a	n/a	n/a	n/a	bee	24.1854351	21	true	24.1672876	24.5346368
24.1854351	0.0	cv_transition	/intervals/trials	21	cv_transition_time	n/a	n/a	n/a	n/a	n/a	n/a	n/a	n/a	n/a	bee	24.1854351	21	true	24.1672876	24.5346368
25.1091957	0.3544778999999991	trials	/intervals/trials	22	start_time	n/a	n/a	n/a	n/a	n/a	n/a	n/a	n/a	n/a	paa	25.1941704	22	true	25.1091957	25.4636736
25.1941704	0.0	cv_transition	/intervals/trials	22	cv_transition_time	n/a	n/a	n/a	n/a	n/a	n/a	n/a	n/a	n/a	paa	25.1941704	22	true	25.1091957	25.4636736
25.8664704	0.3773876999999999	trials	/intervals/trials	23	start_time	n/a	n/a	n/a	n/a	n/a	n/a	n/a	n/a	n/a	taa	25.9476962	23	true	25.8664704	26.2438581
25.9476962	0.0	cv_transition	/intervals/trials	23	cv_transition_time	n/a	n/a	n/a	n/a	n/a	n/a	n/a	n/a	n/a	taa	25.9476962	23	true	25.8664704	26.2438581
26.6524865	0.35864330000000066	trials	/intervals/trials	24	start_time	n/a	n/a	n/a	n/a	n/a	n/a	n/a	n/a	n/a	naa	26.6924746	24	true	26.6524865	27.0111298
26.6924746	0.0	cv_transition	/intervals/trials	24	cv_transition_time	n/a	n/a	n/a	n/a	n/a	n/a	n/a	n/a	n/a	naa	26.6924746	24	true	26.6524865	27.0111298
27.3776874	0.5477537000000012	trials	/intervals/trials	25	start_time	n/a	n/a	n/a	n/a	n/a	n/a	n/a	n/a	n/a	saa	27.5692971	25	true	27.3776874	27.9254411
27.5692971	0.0	cv_transition	/intervals/trials	25	cv_transition_time	n/a	n/a	n/a	n/a	n/a	n/a	n/a	n/a	n/a	saa	27.5692971	25	true	27.3776874	27.9254411
28.4769437	0.4407022000000005	trials	/intervals/trials	26	start_time	n/a	n/a	n/a	n/a	n/a	n/a	n/a	n/a	n/a	shoo	28.6343968	26	true	28.4769437	28.9176459
28.6343968	0.0	cv_transition	/intervals/trials	26	cv_transition_time	n/a	n/a	n/a	n/a	n/a	n/a	n/a	n/a	n/a	shoo	28.6343968	26	true	28.4769437	28.9176459
29.2592109	0.42154130000000123	trials	/intervals/trials	27	start_time	n/a	n/a	n/a	n/a	n/a	n/a	n/a	n/a	n/a	foo	29.372094	27	true	29.2592109	29.6807522
29.372094	0.0	cv_transition	/intervals/trials	27	cv_transition_time	n/a	n/a	n/a	n/a	n/a	n/a	n/a	n/a	n/a	foo	29.372094	27	true	29.2592109	29.6807522
30.2035133	0.3519785999999989	trials	/intervals/trials	28	start_time	n/a	n/a	n/a	n/a	n/a	n/a	n/a	n/a	n/a	daa	30.2189254	28	true	30.2035133	30.5554919
30.2189254	0.0	cv_transition	/intervals/trials	28	cv_transition_time	n/a	n/a	n/a	n/a	n/a	n/a	n/a	n/a	n/a	daa	30.2189254	28	true	30.2035133	30.5554919
31.1544803	0.4036299000000021	trials	/intervals/trials	29	start_time	n/a	n/a	n/a	n/a	n/a	n/a	n/a	n/a	n/a	faa	31.2052986	29	true	31.1544803	31.5581102
31.2052986	0.0	cv_transition	/intervals/trials	29	cv_transition_time	n/a	n/a	n/a	n/a	n/a	n/a	n/a	n/a	n/a	faa	31.2052986	29	true	31.1544803	31.5581102
32.1079467	0.3653078999999977	trials	/intervals/trials	30	start_time	n/a	n/a	n/a	n/a	n/a	n/a	n/a	n/a	n/a	goo	32.1321061	30	true	32.1079467	32.4732546
32.1321061	0.0	cv_transition	/intervals/trials	30	cv_transition_time	n/a	n/a	n/a	n/a	n/a	n/a	n/a	n/a	n/a	goo	32.1321061	30	true	32.1079467	32.4732546
33.1747126	0.4207080999999988	trials	/intervals/trials	31	start_time	n/a	n/a	n/a	n/a	n/a	n/a	n/a	n/a	n/a	mee	33.2280301	31	true	33.1747126	33.5954207
33.2280301	0.0	cv_transition	/intervals/trials	31	cv_transition_time	n/a	n/a	n/a	n/a	n/a	n/a	n/a	n/a	n/a	mee	33.2280301	31	true	33.1747126	33.5954207
34.1860783	0.440285700000004	trials	/intervals/trials	32	start_time	n/a	n/a	n/a	n/a	n/a	n/a	n/a	n/a	n/a	zaa	34.2481432	32	true	34.1860783	34.626364
34.2481432	0.0	cv_transition	/intervals/trials	32	cv_transition_time	n/a	n/a	n/a	n/a	n/a	n/a	n/a	n/a	n/a	zaa	34.2481432	32	true	34.1860783	34.626364
35.0562361	0.5152633000000009	trials	/intervals/trials	33	start_time	n/a	n/a	n/a	n/a	n/a	n/a	n/a	n/a	n/a	see	35.2236863	33	true	35.0562361	35.5714994
35.2236863	0.0	cv_transition	/intervals/trials	33	cv_transition_time	n/a	n/a	n/a	n/a	n/a	n/a	n/a	n/a	n/a	see	35.2236863	33	true	35.0562361	35.5714994
36.1609074	0.5148468000000008	trials	/intervals/trials	34	start_time	n/a	n/a	n/a	n/a	n/a	n/a	n/a	n/a	n/a	zoo	36.3745938	34	true	36.1609074	36.6757542
36.3745938	0.0	cv_transition	/intervals/trials	34	cv_transition_time	n/a	n/a	n/a	n/a	n/a	n/a	n/a	n/a	n/a	zoo	36.3745938	34	true	36.1609074	36.6757542
37.1701904	0.4869384999999937	trials	/intervals/trials	35	start_time	n/a	n/a	n/a	n/a	n/a	n/a	n/a	n/a	n/a	too	37.2751592	35	true	37.1701904	37.6571289
37.2751592	0.0	cv_transition	/intervals/trials	35	cv_transition_time	n/a	n/a	n/a	n/a	n/a	n/a	n/a	n/a	n/a	too	37.2751592	35	true	37.1701904	37.6571289
38.2698632	0.38321939999999444	trials	/intervals/trials	36	start_time	n/a	n/a	n/a	n/a	n/a	n/a	n/a	n/a	n/a	vee	38.3006874	36	true	38.2698632	38.6530826
38.3006874	0.0	cv_transition	/intervals/trials	36	cv_transition_time	n/a	n/a	n/a	n/a	n/a	n/a	n/a	n/a	n/a	vee	38.3006874	36	true	38.2698632	38.6530826
39.1854242	0.33531690000000225	trials	/intervals/trials	37	start_time	n/a	n/a	n/a	n/a	n/a	n/a	n/a	n/a	n/a	thaa	39.2112498	37	true	39.1854242	39.5207411
39.2112498	0.0	cv_transition	/intervals/trials	37	cv_transition_time	n/a	n/a	n/a	n/a	n/a	n/a	n/a	n/a	n/a	thaa	39.2112498	37	true	39.1854242	39.5207411
40.592089	0.413626899999997	trials	/intervals/trials	38	start_time	n/a	n/a	n/a	n/a	n/a	n/a	n/a	n/a	n/a	moo	40.6295778	38	true	40.592089	41.0057159
40.6295778	0.0	cv_transition	/intervals/trials	38	cv_transition_time	n/a	n/a	n/a	n/a	n/a	n/a	n/a	n/a	n/a	moo	40.6295778	38	true	40.592089	41.0057159
41.4322556	0.4473669000000058	trials	/intervals/trials	39	start_time	n/a	n/a	n/a	n/a	n/a	n/a	n/a	n/a	n/a	thoo	41.4659956	39	true	41.4322556	41.8796225
41.4659956	0.0	cv_transition	/intervals/trials	39	cv_transition_time	n/a	n/a	n/a	n/a	n/a	n/a	n/a	n/a	n/a	thoo	41.4659956	39	true	41.4322556	41.8796225
42.3386526	0.4806902999999991	trials	/intervals/trials	40	start_time	n/a	n/a	n/a	n/a	n/a	n/a	n/a	n/a	n/a	nee	42.4631989	40	true	42.3386526	42.8193429
42.4631989	0.0	cv_transition	/intervals/trials	40	cv_transition_time	n/a	n/a	n/a	n/a	n/a	n/a	n/a	n/a	n/a	nee	42.4631989	40	true	42.3386526	42.8193429
44.0073228	0.42612320000000636	trials	/intervals/trials	41	start_time	n/a	n/a	n/a	n/a	n/a	n/a	n/a	n/a	n/a	boo	44.0373139	41	true	44.0073228	44.433446
44.0373139	0.0	cv_transition	/intervals/trials	41	cv_transition_time	n/a	n/a	n/a	n/a	n/a	n/a	n/a	n/a	n/a	boo	44.0373139	41	true	44.0073228	44.433446
44.6854544	0.5148468000000008	trials	/intervals/trials	42	start_time	n/a	n/a	n/a	n/a	n/a	n/a	n/a	n/a	n/a	laa	44.7608486	42	true	44.6854544	45.2003012
44.7608486	0.0	cv_transition	/intervals/trials	42	cv_transition_time	n/a	n/a	n/a	n/a	n/a	n/a	n/a	n/a	n/a	laa	44.7608486	42	true	44.6854544	45.2003012
45.6514169	0.42195780000000127	trials	/intervals/trials	43	start_time	n/a	n/a	n/a	n/a	n/a	n/a	n/a	n/a	n/a	maa	45.6922381	43	true	45.6514169	46.0733747
45.6922381	0.0	cv_transition	/intervals/trials	43	cv_transition_time	n/a	n/a	n/a	n/a	n/a	n/a	n/a	n/a	n/a	maa	45.6922381	43	true	45.6514169	46.0733747
46.4524286	0.5202619000000013	trials	/intervals/trials	44	start_time	n/a	n/a	n/a	n/a	n/a	n/a	n/a	n/a	n/a	soo	46.6098818	44	true	46.4524286	46.9726905
46.6098818	0.0	cv_transition	/intervals/trials	44	cv_transition_time	n/a	n/a	n/a	n/a	n/a	n/a	n/a	n/a	n/a	soo	46.6098818	44	true	46.4524286	46.9726905
47.3738211	0.46361209999999886	trials	/intervals/trials	45	start_time	n/a	n/a	n/a	n/a	n/a	n/a	n/a	n/a	n/a	roo	47.4192243	45	true	47.3738211	47.8374332
47.4192243	0.0	cv_transition	/intervals/trials	45	cv_transition_time	n/a	n/a	n/a	n/a	n/a	n/a	n/a	n/a	n/a	roo	47.4192243	45	true	47.3738211	47.8374332
48.221069	0.4644452000000001	trials	/intervals/trials	46	start_time	n/a	n/a	n/a	n/a	n/a	n/a	n/a	n/a	n/a	tee	48.3214558	46	true	48.221069	48.6855142
48.3214558	0.0	cv_transition	/intervals/trials	46	cv_transition_time	n/a	n/a	n/a	n/a	n/a	n/a	n/a	n/a	n/a	tee	48.3214558	46	true	48.221069	48.6855142
49.0999742	0.44236839999999944	trials	/intervals/trials	47	start_time	n/a	n/a	n/a	n/a	n/a	n/a	n/a	n/a	n/a	haa	49.1828662	47	true	49.0999742	49.5423426
49.1828662	0.0	cv_transition	/intervals/trials	47	cv_transition_time	n/a	n/a	n/a	n/a	n/a	n/a	n/a	n/a	n/a	haa	49.1828662	47	true	49.0999742	49.5423426
50.014702	0.4273729000000017	trials	/intervals/trials	48	start_time	n/a	n/a	n/a	n/a	n/a	n/a	n/a	n/a	n/a	waa	50.0576059	48	true	50.014702	50.4420749
50.0576059	0.0	cv_transition	/intervals/trials	48	cv_transition_time	n/a	n/a	n/a	n/a	n/a	n/a	n/a	n/a	n/a	waa	50.0576059	48	true	50.014702	50.4420749
50.8656988	0.43986920000000396	trials	/intervals/trials	49	start_time	n/a	n/a	n/a	n/a	n/a	n/a	n/a	n/a	n/a	pee	50.9215156	49	true	50.8656988	51.305568
50.9215156	0.0	cv_transition	/intervals/trials	49	cv_transition_time	n/a	n/a	n/a	n/a	n/a	n/a	n/a	n/a	n/a	pee	50.9215156	49	true	50.8656988	51.305568
51.7396055	0.3982147999999981	trials	/intervals/trials	50	start_time	n/a	n/a	n/a	n/a	n/a	n/a	n/a	n/a	n/a	lee	51.7525183	50	true	51.7396055	52.1378203
51.7525183	0.0	cv_transition	/intervals/trials	50	cv_transition_time	n/a	n/a	n/a	n/a	n/a	n/a	n/a	n/a	n/a	lee	51.7525183	50	true	51.7396055	52.1378203
52.5310367	0.48735500000000087	trials	/intervals/trials	51	start_time	n/a	n/a	n/a	n/a	n/a	n/a	n/a	n/a	n/a	wee	52.5631105	51	true	52.5310367	53.0183917
52.5631105	0.0	cv_transition	/intervals/trials	51	cv_transition_time	n/a	n/a	n/a	n/a	n/a	n/a	n/a	n/a	n/a	wee	52.5631105	51	true	52.5310367	53.0183917
53.4274366	0.4540316000000004	trials	/intervals/trials	52	start_time	n/a	n/a	n/a	n/a	n/a	n/a	n/a	n/a	n/a	yaa	53.465342	52	true	53.4274366	53.8814682
53.465342	0.0	cv_transition	/intervals/trials	52	cv_transition_time	n/a	n/a	n/a	n/a	n/a	n/a	n/a	n/a	n/a	yaa	53.465342	52	true	53.4274366	53.8814682
54.2709356	0.43653679999999895	trials	/intervals/trials	53	start_time	n/a	n/a	n/a	n/a	n/a	n/a	n/a	n/a	n/a	gaa	54.3117568	53	true	54.2709356	54.7074724
54.3117568	0.0	cv_transition	/intervals/trials	53	cv_transition_time	n/a	n/a	n/a	n/a	n/a	n/a	n/a	n/a	n/a	gaa	54.3117568	53	true	54.2709356	54.7074724
55.4435034	0.48527230000000543	trials	/intervals/trials	54	start_time	n/a	n/a	n/a	n/a	n/a	n/a	n/a	n/a	n/a	shaa	55.5584692	54	true	55.4435034	55.9287757
55.5584692	0.0	cv_transition	/intervals/trials	54	cv_transition_time	n/a	n/a	n/a	n/a	n/a	n/a	n/a	n/a	n/a	shaa	55.5584692	54	true	55.4435034	55.9287757
56.3982194	0.3790538000000012	trials	/intervals/trials	55	start_time	n/a	n/a	n/a	n/a	n/a	n/a	n/a	n/a	n/a	doo	56.4344586	55	true	56.3982194	56.7772732
56.4344586	0.0	cv_transition	/intervals/trials	55	cv_transition_time	n/a	n/a	n/a	n/a	n/a	n/a	n/a	n/a	n/a	doo	56.4344586	55	true	56.3982194	56.7772732
57.2758749	0.2957453000000001	trials	/intervals/trials	56	start_time	n/a	n/a	n/a	n/a	n/a	n/a	n/a	n/a	n/a	woo	57.3054494	56	true	57.2758749	57.5716202
57.3054494	0.0	cv_transition	/intervals/trials	56	cv_transition_time	n/a	n/a	n/a	n/a	n/a	n/a	n/a	n/a	n/a	woo	57.3054494	56	true	57.2758749	57.5716202
57.50008217059987	1.3183665866842418	invalid_times	/intervals/invalid_times	0	start_time	n/a	n/a	n/a	n/a	0	57.50008217059987	58.81844875728411	"[""ECoG artifact""]"	"[{""idx_start"":175476,""count"":4023,""timeseries"":""/acquisition/ElectricalSeries""}]"	n/a	n/a	n/a	n/a	n/a	n/a
61.2117871	0.4290390999999971	trials	/intervals/trials	57	start_time	n/a	n/a	n/a	n/a	n/a	n/a	n/a	n/a	n/a	kee	61.2975949	57	true	61.2117871	61.6408262
61.2975949	0.0	cv_transition	/intervals/trials	57	cv_transition_time	n/a	n/a	n/a	n/a	n/a	n/a	n/a	n/a	n/a	kee	61.2975949	57	true	61.2117871	61.6408262
61.9211594	0.4536149999999992	trials	/intervals/trials	58	start_time	n/a	n/a	n/a	n/a	n/a	n/a	n/a	n/a	n/a	fee	62.0202966	58	true	61.9211594	62.3747744
62.0202966	0.0	cv_transition	/intervals/trials	58	cv_transition_time	n/a	n/a	n/a	n/a	n/a	n/a	n/a	n/a	n/a	fee	62.0202966	58	true	61.9211594	62.3747744
62.7784043	0.432787900000001	trials	/intervals/trials	59	start_time	n/a	n/a	n/a	n/a	n/a	n/a	n/a	n/a	n/a	vaa	62.867961	59	true	62.7784043	63.2111922
62.867961	0.0	cv_transition	/intervals/trials	59	cv_transition_time	n/a	n/a	n/a	n/a	n/a	n/a	n/a	n/a	n/a	vaa	62.867961	59	true	62.7784043	63.2111922
63.9084848	0.33823270000000605	trials	/intervals/trials	60	start_time	n/a	n/a	n/a	n/a	n/a	n/a	n/a	n/a	n/a	bee	63.9230638	60	true	63.9084848	64.2467175
63.9230638	0.0	cv_transition	/intervals/trials	60	cv_transition_time	n/a	n/a	n/a	n/a	n/a	n/a	n/a	n/a	n/a	bee	63.9230638	60	true	63.9084848	64.2467175
64.4953935	0.6098184999999887	trials	/intervals/trials	61	start_time	n/a	n/a	n/a	n/a	n/a	n/a	n/a	n/a	n/a	zoo	64.7269912	61	true	64.4953935	65.105212
64.7269912	0.0	cv_transition	/intervals/trials	61	cv_transition_time	n/a	n/a	n/a	n/a	n/a	n/a	n/a	n/a	n/a	zoo	64.7269912	61	true	64.4953935	65.105212
65.1872709	0.5664981999999981	trials	/intervals/trials	62	start_time	n/a	n/a	n/a	n/a	n/a	n/a	n/a	n/a	n/a	shaa	65.39221	62	true	65.1872709	65.7537691
65.39221	0.0	cv_transition	/intervals/trials	62	cv_transition_time	n/a	n/a	n/a	n/a	n/a	n/a	n/a	n/a	n/a	shaa	65.39221	62	true	65.1872709	65.7537691
66.4539774	0.3703064999999981	trials	/intervals/trials	63	start_time	n/a	n/a	n/a	n/a	n/a	n/a	n/a	n/a	n/a	baa	66.4673068	63	true	66.4539774	66.8242839
66.4673068	0.0	cv_transition	/intervals/trials	63	cv_transition_time	n/a	n/a	n/a	n/a	n/a	n/a	n/a	n/a	n/a	baa	66.4673068	63	true	66.4539774	66.8242839
67.2620703	0.4477833999999916	trials	/intervals/trials	64	start_time	n/a	n/a	n/a	n/a	n/a	n/a	n/a	n/a	n/a	noo	67.3307998	64	true	67.2620703	67.7098537
67.3307998	0.0	cv_transition	/intervals/trials	64	cv_transition_time	n/a	n/a	n/a	n/a	n/a	n/a	n/a	n/a	n/a	noo	67.3307998	64	true	67.2620703	67.7098537
68.7270511	0.39321630000000596	trials	/intervals/trials	65	start_time	n/a	n/a	n/a	n/a	n/a	n/a	n/a	n/a	n/a	waa	68.7541263	65	true	68.7270511	69.1202674
68.7541263	0.0	cv_transition	/intervals/trials	65	cv_transition_time	n/a	n/a	n/a	n/a	n/a	n/a	n/a	n/a	n/a	waa	68.7541263	65	true	68.7270511	69.1202674
69.6684376	0.42029159999999877	trials	/intervals/trials	66	start_time	n/a	n/a	n/a	n/a	n/a	n/a	n/a	n/a	n/a	woo	69.696346	66	true	69.6684376	70.0887292
69.696346	0.0	cv_transition	/intervals/trials	66	cv_transition_time	n/a	n/a	n/a	n/a	n/a	n/a	n/a	n/a	n/a	woo	69.696346	66	true	69.6684376	70.0887292
70.8697469	0.4294555000000031	trials	/intervals/trials	67	start_time	n/a	n/a	n/a	n/a	n/a	n/a	n/a	n/a	n/a	laa	70.9089019	67	true	70.8697469	71.2992024
70.9089019	0.0	cv_transition	/intervals/trials	67	cv_transition_time	n/a	n/a	n/a	n/a	n/a	n/a	n/a	n/a	n/a	laa	70.9089019	67	true	70.8697469	71.2992024
72.0477297	0.4727759999999961	trials	/intervals/trials	68	start_time	n/a	n/a	n/a	n/a	n/a	n/a	n/a	n/a	n/a	roo	72.1397856	68	true	72.0477297	72.5205057
72.1397856	0.0	cv_transition	/intervals/trials	68	cv_transition_time	n/a	n/a	n/a	n/a	n/a	n/a	n/a	n/a	n/a	roo	72.1397856	68	true	72.0477297	72.5205057
73.034936	0.46277890000000355	trials	/intervals/trials	69	start_time	n/a	n/a	n/a	n/a	n/a	n/a	n/a	n/a	n/a	yee	73.0895031	69	true	73.034936	73.4977149
73.0895031	0.0	cv_transition	/intervals/trials	69	cv_transition_time	n/a	n/a	n/a	n/a	n/a	n/a	n/a	n/a	n/a	yee	73.0895031	69	true	73.034936	73.4977149
73.8130378	0.413626899999997	trials	/intervals/trials	70	start_time	n/a	n/a	n/a	n/a	n/a	n/a	n/a	n/a	n/a	maa	73.8817673	70	true	73.8130378	74.2266647
73.8817673	0.0	cv_transition	/intervals/trials	70	cv_transition_time	n/a	n/a	n/a	n/a	n/a	n/a	n/a	n/a	n/a	maa	73.8817673	70	true	73.8130378	74.2266647
74.8302351	0.4173758000000021	trials	/intervals/trials	71	start_time	n/a	n/a	n/a	n/a	n/a	n/a	n/a	n/a	n/a	moo	74.8798037	71	true	74.8302351	75.2476109
74.8798037	0.0	cv_transition	/intervals/trials	71	cv_transition_time	n/a	n/a	n/a	n/a	n/a	n/a	n/a	n/a	n/a	moo	74.8798037	71	true	74.8302351	75.2476109
75.6787327	0.4440345000000008	trials	/intervals/trials	72	start_time	n/a	n/a	n/a	n/a	n/a	n/a	n/a	n/a	n/a	nee	75.7237193	72	true	75.6787327	76.1227672
75.7237193	0.0	cv_transition	/intervals/trials	72	cv_transition_time	n/a	n/a	n/a	n/a	n/a	n/a	n/a	n/a	n/a	nee	75.7237193	72	true	75.6787327	76.1227672
76.4330915	0.48860469999999623	trials	/intervals/trials	73	start_time	n/a	n/a	n/a	n/a	n/a	n/a	n/a	n/a	n/a	hoo	76.5709672	73	true	76.4330915	76.9216962
76.5709672	0.0	cv_transition	/intervals/trials	73	cv_transition_time	n/a	n/a	n/a	n/a	n/a	n/a	n/a	n/a	n/a	hoo	76.5709672	73	true	76.4330915	76.9216962
77.3119967	0.41362690000001123	trials	/intervals/trials	74	start_time	n/a	n/a	n/a	n/a	n/a	n/a	n/a	n/a	n/a	goo	77.3378224	74	true	77.3119967	77.7256236
77.3378224	0.0	cv_transition	/intervals/trials	74	cv_transition_time	n/a	n/a	n/a	n/a	n/a	n/a	n/a	n/a	n/a	goo	77.3378224	74	true	77.3119967	77.7256236
78.2221426	0.33531689999999514	trials	/intervals/trials	75	start_time	n/a	n/a	n/a	n/a	n/a	n/a	n/a	n/a	n/a	loo	78.2500509	75	true	78.2221426	78.5574595
78.2500509	0.0	cv_transition	/intervals/trials	75	cv_transition_time	n/a	n/a	n/a	n/a	n/a	n/a	n/a	n/a	n/a	loo	78.2500509	75	true	78.2221426	78.5574595
79.7224993	0.447757700000011	trials	/intervals/trials	76	start_time	n/a	n/a	n/a	n/a	n/a	n/a	n/a	n/a	n/a	hee	79.8128141	76	true	79.7224993	80.170257
79.8128141	0.0	cv_transition	/intervals/trials	76	cv_transition_time	n/a	n/a	n/a	n/a	n/a	n/a	n/a	n/a	n/a	hee	79.8128141	76	true	79.7224993	80.170257
80.6638081	0.4108686000000006	trials	/intervals/trials	77	start_time	n/a	n/a	n/a	n/a	n/a	n/a	n/a	n/a	n/a	tee	80.7401305	77	true	80.6638081	81.0746767
80.7401305	0.0	cv_transition	/intervals/trials	77	cv_transition_time	n/a	n/a	n/a	n/a	n/a	n/a	n/a	n/a	n/a	tee	80.7401305	77	true	80.6638081	81.0746767
81.442296	0.38161170000000766	trials	/intervals/trials	78	start_time	n/a	n/a	n/a	n/a	n/a	n/a	n/a	n/a	n/a	vee	81.4626486	78	true	81.442296	81.8239077
81.4626486	0.0	cv_transition	/intervals/trials	78	cv_transition_time	n/a	n/a	n/a	n/a	n/a	n/a	n/a	n/a	n/a	vee	81.4626486	78	true	81.442296	81.8239077
82.289474	0.507543499999997	trials	/intervals/trials	79	start_time	n/a	n/a	n/a	n/a	n/a	n/a	n/a	n/a	n/a	zee	82.4357585	79	true	82.289474	82.7970175
82.4357585	0.0	cv_transition	/intervals/trials	79	cv_transition_time	n/a	n/a	n/a	n/a	n/a	n/a	n/a	n/a	n/a	zee	82.4357585	79	true	82.289474	82.7970175
83.1150273	0.36761920000000714	trials	/intervals/trials	80	start_time	n/a	n/a	n/a	n/a	n/a	n/a	n/a	n/a	n/a	haa	83.1760851	80	true	83.1150273	83.4826465
83.1760851	0.0	cv_transition	/intervals/trials	80	cv_transition_time	n/a	n/a	n/a	n/a	n/a	n/a	n/a	n/a	n/a	haa	83.1760851	80	true	83.1150273	83.4826465
83.8858829	0.3828837000000078	trials	/intervals/trials	81	start_time	n/a	n/a	n/a	n/a	n/a	n/a	n/a	n/a	n/a	gaa	83.9087796	81	true	83.8858829	84.2687666
83.9087796	0.0	cv_transition	/intervals/trials	81	cv_transition_time	n/a	n/a	n/a	n/a	n/a	n/a	n/a	n/a	n/a	gaa	83.9087796	81	true	83.8858829	84.2687666
84.7775822	0.5164479000000028	trials	/intervals/trials	82	start_time	n/a	n/a	n/a	n/a	n/a	n/a	n/a	n/a	n/a	shee	84.9365871	82	true	84.7775822	85.2940301
84.9365871	0.0	cv_transition	/intervals/trials	82	cv_transition_time	n/a	n/a	n/a	n/a	n/a	n/a	n/a	n/a	n/a	shee	84.9365871	82	true	84.7775822	85.2940301
85.5319013	0.5202639999999974	trials	/intervals/trials	83	start_time	n/a	n/a	n/a	n/a	n/a	n/a	n/a	n/a	n/a	shoo	85.6921783	83	true	85.5319013	86.0521653
85.6921783	0.0	cv_transition	/intervals/trials	83	cv_transition_time	n/a	n/a	n/a	n/a	n/a	n/a	n/a	n/a	n/a	shoo	85.6921783	83	true	85.5319013	86.0521653
86.3332859	0.47447049999999535	trials	/intervals/trials	84	start_time	n/a	n/a	n/a	n/a	n/a	n/a	n/a	n/a	n/a	pee	86.4108803	84	true	86.3332859	86.8077564
86.4108803	0.0	cv_transition	/intervals/trials	84	cv_transition_time	n/a	n/a	n/a	n/a	n/a	n/a	n/a	n/a	n/a	pee	86.4108803	84	true	86.3332859	86.8077564
87.151207	0.4477576999999968	trials	/intervals/trials	85	start_time	n/a	n/a	n/a	n/a	n/a	n/a	n/a	n/a	n/a	kaa	87.2326175	85	true	87.151207	87.5989647
87.2326175	0.0	cv_transition	/intervals/trials	85	cv_transition_time	n/a	n/a	n/a	n/a	n/a	n/a	n/a	n/a	n/a	kaa	87.2326175	85	true	87.151207	87.5989647
87.9322389	0.42613310000000126	trials	/intervals/trials	86	start_time	n/a	n/a	n/a	n/a	n/a	n/a	n/a	n/a	n/a	wee	87.9475034	86	true	87.9322389	88.358372
87.9475034	0.0	cv_transition	/intervals/trials	86	cv_transition_time	n/a	n/a	n/a	n/a	n/a	n/a	n/a	n/a	n/a	wee	87.9475034	86	true	87.9322389	88.358372
88.5758906	0.47447060000000363	trials	/intervals/trials	87	start_time	n/a	n/a	n/a	n/a	n/a	n/a	n/a	n/a	n/a	foo	88.7094547	87	true	88.5758906	89.0503612
88.7094547	0.0	cv_transition	/intervals/trials	87	cv_transition_time	n/a	n/a	n/a	n/a	n/a	n/a	n/a	n/a	n/a	foo	88.7094547	87	true	88.5758906	89.0503612
89.8123125	0.4642942999999917	trials	/intervals/trials	88	start_time	n/a	n/a	n/a	n/a	n/a	n/a	n/a	n/a	n/a	gee	89.8377533	88	true	89.8123125	90.2766068
89.8377533	0.0	cv_transition	/intervals/trials	88	cv_transition_time	n/a	n/a	n/a	n/a	n/a	n/a	n/a	n/a	n/a	gee	89.8377533	88	true	89.8123125	90.2766068
90.6086089	0.5164479000000028	trials	/intervals/trials	89	start_time	n/a	n/a	n/a	n/a	n/a	n/a	n/a	n/a	n/a	raa	90.7141882	89	true	90.6086089	91.1250568
90.7141882	0.0	cv_transition	/intervals/trials	89	cv_transition_time	n/a	n/a	n/a	n/a	n/a	n/a	n/a	n/a	n/a	raa	90.7141882	89	true	90.6086089	91.1250568
91.8399427	0.5838659000000064	trials	/intervals/trials	90	start_time	n/a	n/a	n/a	n/a	n/a	n/a	n/a	n/a	n/a	ree	91.9429778	90	true	91.8399427	92.4238086
91.9429778	0.0	cv_transition	/intervals/trials	90	cv_transition_time	n/a	n/a	n/a	n/a	n/a	n/a	n/a	n/a	n/a	ree	91.9429778	90	true	91.8399427	92.4238086
92.8830146	0.39687620000000834	trials	/intervals/trials	91	start_time	n/a	n/a	n/a	n/a	n/a	n/a	n/a	n/a	n/a	poo	92.9618811	91	true	92.8830146	93.2798908
92.9618811	0.0	cv_transition	/intervals/trials	91	cv_transition_time	n/a	n/a	n/a	n/a	n/a	n/a	n/a	n/a	n/a	poo	92.9618811	91	true	92.8830146	93.2798908
94.2937059	0.47701459999998974	trials	/intervals/trials	92	start_time	n/a	n/a	n/a	n/a	n/a	n/a	n/a	n/a	n/a	faa	94.3369552	92	true	94.2937059	94.7707205
94.3369552	0.0	cv_transition	/intervals/trials	92	cv_transition_time	n/a	n/a	n/a	n/a	n/a	n/a	n/a	n/a	n/a	faa	94.3369552	92	true	94.2937059	94.7707205
95.7578227	0.454117999999994	trials	/intervals/trials	93	start_time	n/a	n/a	n/a	n/a	n/a	n/a	n/a	n/a	n/a	zaa	95.8468655	93	true	95.7578227	96.2119407
95.8468655	0.0	cv_transition	/intervals/trials	93	cv_transition_time	n/a	n/a	n/a	n/a	n/a	n/a	n/a	n/a	n/a	zaa	95.8468655	93	true	95.7578227	96.2119407
96.8365118	0.4655663000000061	trials	/intervals/trials	94	start_time	n/a	n/a	n/a	n/a	n/a	n/a	n/a	n/a	n/a	naa	96.8695848	94	true	96.8365118	97.3020781
96.8695848	0.0	cv_transition	/intervals/trials	94	cv_transition_time	n/a	n/a	n/a	n/a	n/a	n/a	n/a	n/a	n/a	naa	96.8695848	94	true	96.8365118	97.3020781
97.787997	0.3981481999999943	trials	/intervals/trials	95	start_time	n/a	n/a	n/a	n/a	n/a	n/a	n/a	n/a	n/a	thoo	97.8287022	95	true	97.787997	98.1861452
97.8287022	0.0	cv_transition	/intervals/trials	95	cv_transition_time	n/a	n/a	n/a	n/a	n/a	n/a	n/a	n/a	n/a	thoo	97.8287022	95	true	97.787997	98.1861452
98.5690289	0.4324932999999902	trials	/intervals/trials	96	start_time	n/a	n/a	n/a	n/a	n/a	n/a	n/a	n/a	n/a	paa	98.6542555	96	true	98.5690289	99.0015222
98.6542555	0.0	cv_transition	/intervals/trials	96	cv_transition_time	n/a	n/a	n/a	n/a	n/a	n/a	n/a	n/a	n/a	paa	98.6542555	96	true	98.5690289	99.0015222
99.2966352	0.3409064000000086	trials	/intervals/trials	97	start_time	n/a	n/a	n/a	n/a	n/a	n/a	n/a	n/a	n/a	mee	99.3398845	97	true	99.2966352	99.6375416
99.3398845	0.0	cv_transition	/intervals/trials	97	cv_transition_time	n/a	n/a	n/a	n/a	n/a	n/a	n/a	n/a	n/a	mee	99.3398845	97	true	99.2966352	99.6375416
101.5595926	0.3828836999999936	trials	/intervals/trials	98	start_time	n/a	n/a	n/a	n/a	n/a	n/a	n/a	n/a	n/a	taa	101.606658	98	true	101.5595926	101.9424763
101.606658	0.0	cv_transition	/intervals/trials	98	cv_transition_time	n/a	n/a	n/a	n/a	n/a	n/a	n/a	n/a	n/a	taa	101.606658	98	true	101.5595926	101.9424763
104.2881162	0.45411789999999996	trials	/intervals/trials	99	start_time	n/a	n/a	n/a	n/a	n/a	n/a	n/a	n/a	n/a	yoo	104.3326375	99	true	104.2881162	104.7422341
104.3326375	0.0	cv_transition	/intervals/trials	99	cv_transition_time	n/a	n/a	n/a	n/a	n/a	n/a	n/a	n/a	n/a	yoo	104.3326375	99	true	104.2881162	104.7422341
105.2306971	0.47192640000000097	trials	/intervals/trials	100	start_time	n/a	n/a	n/a	n/a	n/a	n/a	n/a	n/a	n/a	voo	105.3057474	100	true	105.2306971	105.7026235
105.3057474	0.0	cv_transition	/intervals/trials	100	cv_transition_time	n/a	n/a	n/a	n/a	n/a	n/a	n/a	n/a	n/a	voo	105.3057474	100	true	105.2306971	105.7026235
106.4200535	0.5571531000000078	trials	/intervals/trials	101	start_time	n/a	n/a	n/a	n/a	n/a	n/a	n/a	n/a	n/a	thaa	106.4912877	101	true	106.4200535	106.9772066
106.4912877	0.0	cv_transition	/intervals/trials	101	cv_transition_time	n/a	n/a	n/a	n/a	n/a	n/a	n/a	n/a	n/a	thaa	106.4912877	101	true	106.4200535	106.9772066
107.218894	0.6372914999999892	trials	/intervals/trials	102	start_time	n/a	n/a	n/a	n/a	n/a	n/a	n/a	n/a	n/a	soo	107.4593094	102	true	107.218894	107.8561855
107.4593094	0.0	cv_transition	/intervals/trials	102	cv_transition_time	n/a	n/a	n/a	n/a	n/a	n/a	n/a	n/a	n/a	soo	107.4593094	102	true	107.218894	107.8561855
108.6601142	0.7008933999999982	trials	/intervals/trials	103	start_time	n/a	n/a	n/a	n/a	n/a	n/a	n/a	n/a	n/a	yaa	108.7364365	103	true	108.6601142	109.3610076
108.7364365	0.0	cv_transition	/intervals/trials	103	cv_transition_time	n/a	n/a	n/a	n/a	n/a	n/a	n/a	n/a	n/a	yaa	108.7364365	103	true	108.6601142	109.3610076
109.7273549	0.44266950000000804	trials	/intervals/trials	104	start_time	n/a	n/a	n/a	n/a	n/a	n/a	n/a	n/a	n/a	dee	109.764244	104	true	109.7273549	110.1700244
109.764244	0.0	cv_transition	/intervals/trials	104	cv_transition_time	n/a	n/a	n/a	n/a	n/a	n/a	n/a	n/a	n/a	dee	109.764244	104	true	109.7273549	110.1700244
111.0795323	0.4528458999999998	trials	/intervals/trials	105	start_time	n/a	n/a	n/a	n/a	n/a	n/a	n/a	n/a	n/a	boo	111.0973409	105	true	111.0795323	111.5323782
111.0973409	0.0	cv_transition	/intervals/trials	105	cv_transition_time	n/a	n/a	n/a	n/a	n/a	n/a	n/a	n/a	n/a	boo	111.0973409	105	true	111.0795323	111.5323782
112.4418861	0.5940421999999899	trials	/intervals/trials	106	start_time	n/a	n/a	n/a	n/a	n/a	n/a	n/a	n/a	n/a	lee	112.5296568	106	true	112.4418861	113.0359283
112.5296568	0.0	cv_transition	/intervals/trials	106	cv_transition_time	n/a	n/a	n/a	n/a	n/a	n/a	n/a	n/a	n/a	lee	112.5296568	106	true	112.4418861	113.0359283
113.5294794	0.4757426000000038	trials	/intervals/trials	107	start_time	n/a	n/a	n/a	n/a	n/a	n/a	n/a	n/a	n/a	koo	113.6197942	107	true	113.5294794	114.005222
113.6197942	0.0	cv_transition	/intervals/trials	107	cv_transition_time	n/a	n/a	n/a	n/a	n/a	n/a	n/a	n/a	n/a	koo	113.6197942	107	true	113.5294794	114.005222
114.6972112	0.5736896000000087	trials	/intervals/trials	108	start_time	n/a	n/a	n/a	n/a	n/a	n/a	n/a	n/a	n/a	see	114.8384075	108	true	114.6972112	115.2709008
114.8384075	0.0	cv_transition	/intervals/trials	108	cv_transition_time	n/a	n/a	n/a	n/a	n/a	n/a	n/a	n/a	n/a	see	114.8384075	108	true	114.6972112	115.2709008
115.5303967	0.4846469000000013	trials	/intervals/trials	109	start_time	n/a	n/a	n/a	n/a	n/a	n/a	n/a	n/a	n/a	too	115.6474243	109	true	115.5303967	116.0150436
115.6474243	0.0	cv_transition	/intervals/trials	109	cv_transition_time	n/a	n/a	n/a	n/a	n/a	n/a	n/a	n/a	n/a	too	115.6474243	109	true	115.5303967	116.0150436
116.4729776	0.47955870000001255	trials	/intervals/trials	110	start_time	n/a	n/a	n/a	n/a	n/a	n/a	n/a	n/a	n/a	daa	116.48697	110	true	116.4729776	116.9525363
116.48697	0.0	cv_transition	/intervals/trials	110	cv_transition_time	n/a	n/a	n/a	n/a	n/a	n/a	n/a	n/a	n/a	daa	116.48697	110	true	116.4729776	116.9525363
118.3568673	0.5609692000000024	trials	/intervals/trials	111	start_time	n/a	n/a	n/a	n/a	n/a	n/a	n/a	n/a	n/a	saa	118.6100031	111	true	118.3568673	118.9178365
118.6100031	0.0	cv_transition	/intervals/trials	111	cv_transition_time	n/a	n/a	n/a	n/a	n/a	n/a	n/a	n/a	n/a	saa	118.6100031	111	true	118.3568673	118.9178365
122.3968632	0.47701460000000395	trials	/intervals/trials	112	start_time	n/a	n/a	n/a	n/a	n/a	n/a	n/a	n/a	n/a	wee	122.4299362	112	true	122.3968632	122.8738778
122.4299362	0.0	cv_transition	/intervals/trials	112	cv_transition_time	n/a	n/a	n/a	n/a	n/a	n/a	n/a	n/a	n/a	wee	122.4299362	112	true	122.3968632	122.8738778
123.2580336	0.6016743999999932	trials	/intervals/trials	113	start_time	n/a	n/a	n/a	n/a	n/a	n/a	n/a	n/a	n/a	shee	123.4768243	113	true	123.2580336	123.859708
123.4768243	0.0	cv_transition	/intervals/trials	113	cv_transition_time	n/a	n/a	n/a	n/a	n/a	n/a	n/a	n/a	n/a	shee	123.4768243	113	true	123.2580336	123.859708
124.3265463	0.5011834000000022	trials	/intervals/trials	114	start_time	n/a	n/a	n/a	n/a	n/a	n/a	n/a	n/a	n/a	poo	124.4270374	114	true	124.3265463	124.8277297
124.4270374	0.0	cv_transition	/intervals/trials	114	cv_transition_time	n/a	n/a	n/a	n/a	n/a	n/a	n/a	n/a	n/a	poo	124.4270374	114	true	124.3265463	124.8277297
125.2564068	0.563513300000011	trials	/intervals/trials	115	start_time	n/a	n/a	n/a	n/a	n/a	n/a	n/a	n/a	n/a	shaa	125.3899709	115	true	125.2564068	125.8199201
125.3899709	0.0	cv_transition	/intervals/trials	115	cv_transition_time	n/a	n/a	n/a	n/a	n/a	n/a	n/a	n/a	n/a	shaa	125.3899709	115	true	125.2564068	125.8199201
126.5755112	0.5062715000000111	trials	/intervals/trials	116	start_time	n/a	n/a	n/a	n/a	n/a	n/a	n/a	n/a	n/a	ree	126.6060402	116	true	126.5755112	127.0817827
126.6060402	0.0	cv_transition	/intervals/trials	116	cv_transition_time	n/a	n/a	n/a	n/a	n/a	n/a	n/a	n/a	n/a	ree	126.6060402	116	true	126.5755112	127.0817827
127.4570342	0.5329844000000037	trials	/intervals/trials	117	start_time	n/a	n/a	n/a	n/a	n/a	n/a	n/a	n/a	n/a	vaa	127.5257243	117	true	127.4570342	127.9900186
127.5257243	0.0	cv_transition	/intervals/trials	117	cv_transition_time	n/a	n/a	n/a	n/a	n/a	n/a	n/a	n/a	n/a	vaa	127.5257243	117	true	127.4570342	127.9900186
128.4568569	0.44521360000001664	trials	/intervals/trials	118	start_time	n/a	n/a	n/a	n/a	n/a	n/a	n/a	n/a	n/a	loo	128.5077384	118	true	128.4568569	128.9020705
128.5077384	0.0	cv_transition	/intervals/trials	118	cv_transition_time	n/a	n/a	n/a	n/a	n/a	n/a	n/a	n/a	n/a	loo	128.5077384	118	true	128.4568569	128.9020705
129.3371079	0.4757424999999955	trials	/intervals/trials	119	start_time	n/a	n/a	n/a	n/a	n/a	n/a	n/a	n/a	n/a	laa	129.3714529	119	true	129.3371079	129.8128504
129.3714529	0.0	cv_transition	/intervals/trials	119	cv_transition_time	n/a	n/a	n/a	n/a	n/a	n/a	n/a	n/a	n/a	laa	129.3714529	119	true	129.3371079	129.8128504
130.2746006	0.48973499999999603	trials	/intervals/trials	120	start_time	n/a	n/a	n/a	n/a	n/a	n/a	n/a	n/a	n/a	taa	130.3432907	120	true	130.2746006	130.7643356
130.3432907	0.0	cv_transition	/intervals/trials	120	cv_transition_time	n/a	n/a	n/a	n/a	n/a	n/a	n/a	n/a	n/a	taa	130.3432907	120	true	130.2746006	130.7643356
131.2311739	0.563513300000011	trials	/intervals/trials	121	start_time	n/a	n/a	n/a	n/a	n/a	n/a	n/a	n/a	n/a	zoo	131.3914508	121	true	131.2311739	131.7946872
131.3914508	0.0	cv_transition	/intervals/trials	121	cv_transition_time	n/a	n/a	n/a	n/a	n/a	n/a	n/a	n/a	n/a	zoo	131.3914508	121	true	131.2311739	131.7946872
132.2869663	0.45411789999999996	trials	/intervals/trials	122	start_time	n/a	n/a	n/a	n/a	n/a	n/a	n/a	n/a	n/a	hee	132.3403919	122	true	132.2869663	132.7410842
132.3403919	0.0	cv_transition	/intervals/trials	122	cv_transition_time	n/a	n/a	n/a	n/a	n/a	n/a	n/a	n/a	n/a	hee	132.3403919	122	true	132.2869663	132.7410842
134.2216592	0.43384369999998285	trials	/intervals/trials	123	start_time	n/a	n/a	n/a	n/a	n/a	n/a	n/a	n/a	n/a	gee	134.2388988	123	true	134.2216592	134.6555029
134.2388988	0.0	cv_transition	/intervals/trials	123	cv_transition_time	n/a	n/a	n/a	n/a	n/a	n/a	n/a	n/a	n/a	gee	134.2388988	123	true	134.2216592	134.6555029
135.475968	0.48210280000000694	trials	/intervals/trials	124	start_time	n/a	n/a	n/a	n/a	n/a	n/a	n/a	n/a	n/a	tee	135.5472022	124	true	135.475968	135.9580708
135.5472022	0.0	cv_transition	/intervals/trials	124	cv_transition_time	n/a	n/a	n/a	n/a	n/a	n/a	n/a	n/a	n/a	tee	135.5472022	124	true	135.475968	135.9580708
136.1642838	0.4348946000000069	trials	/intervals/trials	125	start_time	n/a	n/a	n/a	n/a	n/a	n/a	n/a	n/a	n/a	moo	136.2232612	125	true	136.1642838	136.5991784
136.2232612	0.0	cv_transition	/intervals/trials	125	cv_transition_time	n/a	n/a	n/a	n/a	n/a	n/a	n/a	n/a	n/a	moo	136.2232612	125	true	136.1642838	136.5991784
136.9833342	0.4185008000000039	trials	/intervals/trials	126	start_time	n/a	n/a	n/a	n/a	n/a	n/a	n/a	n/a	n/a	koo	137.04312	126	true	136.9833342	137.401835
137.04312	0.0	cv_transition	/intervals/trials	126	cv_transition_time	n/a	n/a	n/a	n/a	n/a	n/a	n/a	n/a	n/a	koo	137.04312	126	true	136.9833342	137.401835
137.8801217	0.44521360000001664	trials	/intervals/trials	127	start_time	n/a	n/a	n/a	n/a	n/a	n/a	n/a	n/a	n/a	fee	137.9424516	127	true	137.8801217	138.3253353
137.9424516	0.0	cv_transition	/intervals/trials	127	cv_transition_time	n/a	n/a	n/a	n/a	n/a	n/a	n/a	n/a	n/a	fee	137.9424516	127	true	137.8801217	138.3253353
138.7158513	0.5151758000000086	trials	/intervals/trials	128	start_time	n/a	n/a	n/a	n/a	n/a	n/a	n/a	n/a	n/a	shoo	138.8875766	128	true	138.7158513	139.2310271
138.8875766	0.0	cv_transition	/intervals/trials	128	cv_transition_time	n/a	n/a	n/a	n/a	n/a	n/a	n/a	n/a	n/a	shoo	138.8875766	128	true	138.7158513	139.2310271
139.5719335	0.42358899999999267	trials	/intervals/trials	129	start_time	n/a	n/a	n/a	n/a	n/a	n/a	n/a	n/a	n/a	maa	139.6380796	129	true	139.5719335	139.9955225
139.6380796	0.0	cv_transition	/intervals/trials	129	cv_transition_time	n/a	n/a	n/a	n/a	n/a	n/a	n/a	n/a	n/a	maa	139.6380796	129	true	139.5719335	139.9955225
141.6886064	0.41214060000001496	trials	/intervals/trials	130	start_time	n/a	n/a	n/a	n/a	n/a	n/a	n/a	n/a	n/a	roo	141.7471202	130	true	141.6886064	142.100747
141.7471202	0.0	cv_transition	/intervals/trials	130	cv_transition_time	n/a	n/a	n/a	n/a	n/a	n/a	n/a	n/a	n/a	roo	141.7471202	130	true	141.6886064	142.100747
142.7431267	0.5622412999999824	trials	/intervals/trials	131	start_time	n/a	n/a	n/a	n/a	n/a	n/a	n/a	n/a	n/a	lee	142.7940083	131	true	142.7431267	143.305368
142.7940083	0.0	cv_transition	/intervals/trials	131	cv_transition_time	n/a	n/a	n/a	n/a	n/a	n/a	n/a	n/a	n/a	lee	142.7940083	131	true	142.7431267	143.305368
143.57457909874753	0.2471937350032931	invalid_times	/intervals/invalid_times	1	start_time	n/a	n/a	n/a	n/a	1	143.57457909874753	143.82177283375083	"[""ECoG artifact""]"	"[{""idx_start"":438154,""count"":755,""timeseries"":""/acquisition/ElectricalSeries""}]"	n/a	n/a	n/a	n/a	n/a	n/a
143.8154556	0.577505699999989	trials	/intervals/trials	132	start_time	n/a	n/a	n/a	n/a	n/a	n/a	n/a	n/a	n/a	yee	143.9731884	132	true	143.8154556	144.3929613
143.9731884	0.0	cv_transition	/intervals/trials	132	cv_transition_time	n/a	n/a	n/a	n/a	n/a	n/a	n/a	n/a	n/a	yee	143.9731884	132	true	143.8154556	144.3929613
144.8597996	0.4681103000000064	trials	/intervals/trials	133	start_time	n/a	n/a	n/a	n/a	n/a	n/a	n/a	n/a	n/a	raa	144.8916006	133	true	144.8597996	145.3279099
144.8916006	0.0	cv_transition	/intervals/trials	133	cv_transition_time	n/a	n/a	n/a	n/a	n/a	n/a	n/a	n/a	n/a	raa	144.8916006	133	true	144.8597996	145.3279099
145.5492447	0.5507929000000047	trials	/intervals/trials	134	start_time	n/a	n/a	n/a	n/a	n/a	n/a	n/a	n/a	n/a	soo	145.7375065	134	true	145.5492447	146.1000376
145.7375065	0.0	cv_transition	/intervals/trials	134	cv_transition_time	n/a	n/a	n/a	n/a	n/a	n/a	n/a	n/a	n/a	soo	145.7375065	134	true	145.5492447	146.1000376
146.471473	0.4375813999999991	trials	/intervals/trials	135	start_time	n/a	n/a	n/a	n/a	n/a	n/a	n/a	n/a	n/a	doo	146.5007299	135	true	146.471473	146.9090544
146.5007299	0.0	cv_transition	/intervals/trials	135	cv_transition_time	n/a	n/a	n/a	n/a	n/a	n/a	n/a	n/a	n/a	doo	146.5007299	135	true	146.471473	146.9090544
147.3911572	0.42231689999999844	trials	/intervals/trials	136	start_time	n/a	n/a	n/a	n/a	n/a	n/a	n/a	n/a	n/a	bee	147.41787	136	true	147.3911572	147.8134741
147.41787	0.0	cv_transition	/intervals/trials	136	cv_transition_time	n/a	n/a	n/a	n/a	n/a	n/a	n/a	n/a	n/a	bee	147.41787	136	true	147.3911572	147.8134741
148.1658289	0.47955869999998413	trials	/intervals/trials	137	start_time	n/a	n/a	n/a	n/a	n/a	n/a	n/a	n/a	n/a	yaa	148.202718	137	true	148.1658289	148.6453876
148.202718	0.0	cv_transition	/intervals/trials	137	cv_transition_time	n/a	n/a	n/a	n/a	n/a	n/a	n/a	n/a	n/a	yaa	148.202718	137	true	148.1658289	148.6453876
149.0727927	0.46683830000000626	trials	/intervals/trials	138	start_time	n/a	n/a	n/a	n/a	n/a	n/a	n/a	n/a	n/a	baa	149.0893292	138	true	149.0727927	149.539631
149.0893292	0.0	cv_transition	/intervals/trials	138	cv_transition_time	n/a	n/a	n/a	n/a	n/a	n/a	n/a	n/a	n/a	baa	149.0893292	138	true	149.0727927	149.539631
149.8423763	0.4833747999999787	trials	/intervals/trials	139	start_time	n/a	n/a	n/a	n/a	n/a	n/a	n/a	n/a	n/a	nee	149.9161546	139	true	149.8423763	150.3257511
149.9161546	0.0	cv_transition	/intervals/trials	139	cv_transition_time	n/a	n/a	n/a	n/a	n/a	n/a	n/a	n/a	n/a	nee	149.9161546	139	true	149.8423763	150.3257511
151.7080027	0.49400589999999056	trials	/intervals/trials	140	start_time	n/a	n/a	n/a	n/a	n/a	n/a	n/a	n/a	n/a	noo	151.7860519	140	true	151.7080027	152.2020086
151.7860519	0.0	cv_transition	/intervals/trials	140	cv_transition_time	n/a	n/a	n/a	n/a	n/a	n/a	n/a	n/a	n/a	noo	151.7860519	140	true	151.7080027	152.2020086
154.1876615	0.4490297000000112	trials	/intervals/trials	141	start_time	n/a	n/a	n/a	n/a	n/a	n/a	n/a	n/a	n/a	too	154.2601677	141	true	154.1876615	154.6366912
154.2601677	0.0	cv_transition	/intervals/trials	141	cv_transition_time	n/a	n/a	n/a	n/a	n/a	n/a	n/a	n/a	n/a	too	154.2601677	141	true	154.1876615	154.6366912
155.2459979	0.46938240000000064	trials	/intervals/trials	142	start_time	n/a	n/a	n/a	n/a	n/a	n/a	n/a	n/a	n/a	thoo	155.2854311	142	true	155.2459979	155.7153803
155.2854311	0.0	cv_transition	/intervals/trials	142	cv_transition_time	n/a	n/a	n/a	n/a	n/a	n/a	n/a	n/a	n/a	thoo	155.2854311	142	true	155.2459979	155.7153803
156.2089314	0.5686013999999773	trials	/intervals/trials	143	start_time	n/a	n/a	n/a	n/a	n/a	n/a	n/a	n/a	n/a	saa	156.3374074	143	true	156.2089314	156.7775328
156.3374074	0.0	cv_transition	/intervals/trials	143	cv_transition_time	n/a	n/a	n/a	n/a	n/a	n/a	n/a	n/a	n/a	saa	156.3374074	143	true	156.2089314	156.7775328
157.3334139	0.4910069999999962	trials	/intervals/trials	144	start_time	n/a	n/a	n/a	n/a	n/a	n/a	n/a	n/a	n/a	thaa	157.4262727	144	true	157.3334139	157.8244209
157.4262727	0.0	cv_transition	/intervals/trials	144	cv_transition_time	n/a	n/a	n/a	n/a	n/a	n/a	n/a	n/a	n/a	thaa	157.4262727	144	true	157.3334139	157.8244209
158.6868634	0.4159567000000095	trials	/intervals/trials	145	start_time	n/a	n/a	n/a	n/a	n/a	n/a	n/a	n/a	n/a	goo	158.7212084	145	true	158.6868634	159.1028201
158.7212084	0.0	cv_transition	/intervals/trials	145	cv_transition_time	n/a	n/a	n/a	n/a	n/a	n/a	n/a	n/a	n/a	goo	158.7212084	145	true	158.6868634	159.1028201
160.1331717	0.42740510000001564	trials	/intervals/trials	146	start_time	n/a	n/a	n/a	n/a	n/a	n/a	n/a	n/a	n/a	boo	160.1598845	146	true	160.1331717	160.5605768
160.1598845	0.0	cv_transition	/intervals/trials	146	cv_transition_time	n/a	n/a	n/a	n/a	n/a	n/a	n/a	n/a	n/a	boo	160.1598845	146	true	160.1331717	160.5605768
161.0159667	0.44648569999998244	trials	/intervals/trials	147	start_time	n/a	n/a	n/a	n/a	n/a	n/a	n/a	n/a	n/a	woo	161.0617601	147	true	161.0159667	161.4624524
161.0617601	0.0	cv_transition	/intervals/trials	147	cv_transition_time	n/a	n/a	n/a	n/a	n/a	n/a	n/a	n/a	n/a	woo	161.0617601	147	true	161.0159667	161.4624524
162.2701972	0.4452135999999882	trials	/intervals/trials	148	start_time	n/a	n/a	n/a	n/a	n/a	n/a	n/a	n/a	n/a	naa	162.3134465	148	true	162.2701972	162.7154108
162.3134465	0.0	cv_transition	/intervals/trials	148	cv_transition_time	n/a	n/a	n/a	n/a	n/a	n/a	n/a	n/a	n/a	naa	162.3134465	148	true	162.2701972	162.7154108
163.0232443	0.5317123000000095	trials	/intervals/trials	149	start_time	n/a	n/a	n/a	n/a	n/a	n/a	n/a	n/a	n/a	waa	163.0690377	149	true	163.0232443	163.5549566
163.0690377	0.0	cv_transition	/intervals/trials	149	cv_transition_time	n/a	n/a	n/a	n/a	n/a	n/a	n/a	n/a	n/a	waa	163.0690377	149	true	163.0232443	163.5549566
163.8589739	0.4630222000000117	trials	/intervals/trials	150	start_time	n/a	n/a	n/a	n/a	n/a	n/a	n/a	n/a	n/a	gaa	163.8984071	150	true	163.8589739	164.3219961
163.8984071	0.0	cv_transition	/intervals/trials	150	cv_transition_time	n/a	n/a	n/a	n/a	n/a	n/a	n/a	n/a	n/a	gaa	163.8984071	150	true	163.8589739	164.3219961
164.7404969	0.5049994999999967	trials	/intervals/trials	151	start_time	n/a	n/a	n/a	n/a	n/a	n/a	n/a	n/a	n/a	zee	164.8549804	151	true	164.7404969	165.2454964
164.8549804	0.0	cv_transition	/intervals/trials	151	cv_transition_time	n/a	n/a	n/a	n/a	n/a	n/a	n/a	n/a	n/a	zee	164.8549804	151	true	164.7404969	165.2454964
165.7492238	0.4108685999999864	trials	/intervals/trials	152	start_time	n/a	n/a	n/a	n/a	n/a	n/a	n/a	n/a	n/a	paa	165.8039215	152	true	165.7492238	166.1600924
165.8039215	0.0	cv_transition	/intervals/trials	152	cv_transition_time	n/a	n/a	n/a	n/a	n/a	n/a	n/a	n/a	n/a	paa	165.8039215	152	true	165.7492238	166.1600924
166.4055959	0.4477576999999826	trials	/intervals/trials	153	start_time	n/a	n/a	n/a	n/a	n/a	n/a	n/a	n/a	n/a	mee	166.4615656	153	true	166.4055959	166.8533536
166.4615656	0.0	cv_transition	/intervals/trials	153	cv_transition_time	n/a	n/a	n/a	n/a	n/a	n/a	n/a	n/a	n/a	mee	166.4615656	153	true	166.4055959	166.8533536
167.2718545	0.4833748000000071	trials	/intervals/trials	154	start_time	n/a	n/a	n/a	n/a	n/a	n/a	n/a	n/a	n/a	zaa	167.38761	154	true	167.2718545	167.7552293
167.38761	0.0	cv_transition	/intervals/trials	154	cv_transition_time	n/a	n/a	n/a	n/a	n/a	n/a	n/a	n/a	n/a	zaa	167.38761	154	true	167.2718545	167.7552293
168.0490703	0.4006923000000029	trials	/intervals/trials	155	start_time	n/a	n/a	n/a	n/a	n/a	n/a	n/a	n/a	n/a	hoo	168.103768	155	true	168.0490703	168.4497626
168.103768	0.0	cv_transition	/intervals/trials	155	cv_transition_time	n/a	n/a	n/a	n/a	n/a	n/a	n/a	n/a	n/a	hoo	168.103768	155	true	168.0490703	168.4497626
169.0590692	0.36380319999997823	trials	/intervals/trials	156	start_time	n/a	n/a	n/a	n/a	n/a	n/a	n/a	n/a	n/a	daa	169.0756058	156	true	169.0590692	169.4228724
169.0756058	0.0	cv_transition	/intervals/trials	156	cv_transition_time	n/a	n/a	n/a	n/a	n/a	n/a	n/a	n/a	n/a	daa	169.0756058	156	true	169.0590692	169.4228724
169.6276707	0.48210269999998445	trials	/intervals/trials	157	start_time	n/a	n/a	n/a	n/a	n/a	n/a	n/a	n/a	n/a	foo	169.7497864	157	true	169.6276707	170.1097734
169.7497864	0.0	cv_transition	/intervals/trials	157	cv_transition_time	n/a	n/a	n/a	n/a	n/a	n/a	n/a	n/a	n/a	foo	169.7497864	157	true	169.6276707	170.1097734
170.2980352	0.5596972000000164	trials	/intervals/trials	158	start_time	n/a	n/a	n/a	n/a	n/a	n/a	n/a	n/a	n/a	see	170.518098	158	true	170.2980352	170.8577324
170.518098	0.0	cv_transition	/intervals/trials	158	cv_transition_time	n/a	n/a	n/a	n/a	n/a	n/a	n/a	n/a	n/a	see	170.518098	158	true	170.2980352	170.8577324
171.2864095	0.43376530000000457	trials	/intervals/trials	159	start_time	n/a	n/a	n/a	n/a	n/a	n/a	n/a	n/a	n/a	pee	171.3487394	159	true	171.2864095	171.7201748
171.3487394	0.0	cv_transition	/intervals/trials	159	cv_transition_time	n/a	n/a	n/a	n/a	n/a	n/a	n/a	n/a	n/a	pee	171.3487394	159	true	171.2864095	171.7201748
171.9605902	0.45157379999997715	trials	/intervals/trials	160	start_time	n/a	n/a	n/a	n/a	n/a	n/a	n/a	n/a	n/a	kaa	172.0712576	160	true	171.9605902	172.412164
172.0712576	0.0	cv_transition	/intervals/trials	160	cv_transition_time	n/a	n/a	n/a	n/a	n/a	n/a	n/a	n/a	n/a	kaa	172.0712576	160	true	171.9605902	172.412164
172.9833095	0.46175020000001155	trials	/intervals/trials	161	start_time	n/a	n/a	n/a	n/a	n/a	n/a	n/a	n/a	n/a	yoo	173.0672641	161	true	172.9833095	173.4450597
173.0672641	0.0	cv_transition	/intervals/trials	161	cv_transition_time	n/a	n/a	n/a	n/a	n/a	n/a	n/a	n/a	n/a	yoo	173.0672641	161	true	172.9833095	173.4450597
175.5375638	0.37270740000002434	trials	/intervals/trials	162	start_time	n/a	n/a	n/a	n/a	n/a	n/a	n/a	n/a	n/a	vee	175.5846292	162	true	175.5375638	175.9102712
175.5846292	0.0	cv_transition	/intervals/trials	162	cv_transition_time	n/a	n/a	n/a	n/a	n/a	n/a	n/a	n/a	n/a	vee	175.5846292	162	true	175.5375638	175.9102712
176.1557747	0.3650752000000068	trials	/intervals/trials	163	start_time	n/a	n/a	n/a	n/a	n/a	n/a	n/a	n/a	n/a	haa	176.228281	163	true	176.1557747	176.5208499
176.228281	0.0	cv_transition	/intervals/trials	163	cv_transition_time	n/a	n/a	n/a	n/a	n/a	n/a	n/a	n/a	n/a	haa	176.228281	163	true	176.1557747	176.5208499
180.2628292	0.4809112000000084	trials	/intervals/trials	164	start_time	n/a	n/a	n/a	n/a	n/a	n/a	n/a	n/a	n/a	hee	180.332803	164	true	180.2628292	180.7437404
180.332803	0.0	cv_transition	/intervals/trials	164	cv_transition_time	n/a	n/a	n/a	n/a	n/a	n/a	n/a	n/a	n/a	hee	180.332803	164	true	180.2628292	180.7437404
181.5602547	0.5363978999999972	trials	/intervals/trials	165	start_time	n/a	n/a	n/a	n/a	n/a	n/a	n/a	n/a	n/a	thaa	181.70638	165	true	181.5602547	182.0966526
181.70638	0.0	cv_transition	/intervals/trials	165	cv_transition_time	n/a	n/a	n/a	n/a	n/a	n/a	n/a	n/a	n/a	thaa	181.70638	165	true	181.5602547	182.0966526
182.4097783	0.4347454999999911	trials	/intervals/trials	166	start_time	n/a	n/a	n/a	n/a	n/a	n/a	n/a	n/a	n/a	tee	182.5304905	166	true	182.4097783	182.8445238
182.5304905	0.0	cv_transition	/intervals/trials	166	cv_transition_time	n/a	n/a	n/a	n/a	n/a	n/a	n/a	n/a	n/a	tee	182.5304905	166	true	182.4097783	182.8445238
183.3228346	0.4483596999999975	trials	/intervals/trials	167	start_time	n/a	n/a	n/a	n/a	n/a	n/a	n/a	n/a	n/a	vee	183.3954434	167	true	183.3228346	183.7711943
183.3954434	0.0	cv_transition	/intervals/trials	167	cv_transition_time	n/a	n/a	n/a	n/a	n/a	n/a	n/a	n/a	n/a	vee	183.3954434	167	true	183.3228346	183.7711943
186.91669983599206	0.4284691406723766	invalid_times	/intervals/invalid_times	2	start_time	n/a	n/a	n/a	n/a	2	186.91669983599206	187.34516897666444	"[""ECoG artifact""]"	"[{""idx_start"":570424,""count"":1308,""timeseries"":""/acquisition/ElectricalSeries""}]"	n/a	n/a	n/a	n/a	n/a	n/a
196.2063681	0.3830116999999973	trials	/intervals/trials	168	start_time	n/a	n/a	n/a	n/a	n/a	n/a	n/a	n/a	n/a	hee	196.3715533	168	true	196.2063681	196.5893798
196.3715533	0.0	cv_transition	/intervals/trials	168	cv_transition_time	n/a	n/a	n/a	n/a	n/a	n/a	n/a	n/a	n/a	hee	196.3715533	168	true	196.2063681	196.5893798
196.6710648	0.350337699999983	trials	/intervals/trials	169	start_time	n/a	n/a	n/a	n/a	n/a	n/a	n/a	n/a	n/a	thaa	196.7237062	169	true	196.6710648	197.0214025
196.7237062	0.0	cv_transition	/intervals/trials	169	cv_transition_time	n/a	n/a	n/a	n/a	n/a	n/a	n/a	n/a	n/a	thaa	196.7237062	169	true	196.6710648	197.0214025
197.1049027	0.392087800000013	trials	/intervals/trials	170	start_time	n/a	n/a	n/a	n/a	n/a	n/a	n/a	n/a	n/a	tee	197.218354	170	true	197.1049027	197.4969905
197.218354	0.0	cv_transition	/intervals/trials	170	cv_transition_time	n/a	n/a	n/a	n/a	n/a	n/a	n/a	n/a	n/a	tee	197.218354	170	true	197.1049027	197.4969905
197.5278493	0.4138703999999791	trials	/intervals/trials	171	start_time	n/a	n/a	n/a	n/a	n/a	n/a	n/a	n/a	n/a	vee	197.6440234	171	true	197.5278493	197.9417197
197.6440234	0.0	cv_transition	/intervals/trials	171	cv_transition_time	n/a	n/a	n/a	n/a	n/a	n/a	n/a	n/a	n/a	vee	197.6440234	171	true	197.5278493	197.9417197
198.1786061	0.4420063999999968	trials	/intervals/trials	172	start_time	n/a	n/a	n/a	n/a	n/a	n/a	n/a	n/a	n/a	lee	198.2975031	172	true	198.1786061	198.6206125
198.2975031	0.0	cv_transition	/intervals/trials	172	cv_transition_time	n/a	n/a	n/a	n/a	n/a	n/a	n/a	n/a	n/a	lee	198.2975031	172	true	198.1786061	198.6206125
199.190592	0.3802888999999823	trials	/intervals/trials	173	start_time	n/a	n/a	n/a	n/a	n/a	n/a	n/a	n/a	n/a	yaa	199.2060214	173	true	199.190592	199.5708809
199.2060214	0.0	cv_transition	/intervals/trials	173	cv_transition_time	n/a	n/a	n/a	n/a	n/a	n/a	n/a	n/a	n/a	yaa	199.2060214	173	true	199.190592	199.5708809
199.7396965	0.5300445999999965	trials	/intervals/trials	174	start_time	n/a	n/a	n/a	n/a	n/a	n/a	n/a	n/a	n/a	zoo	199.8558706	174	true	199.7396965	200.2697411
199.8558706	0.0	cv_transition	/intervals/trials	174	cv_transition_time	n/a	n/a	n/a	n/a	n/a	n/a	n/a	n/a	n/a	zoo	199.8558706	174	true	199.7396965	200.2697411
200.4194969	0.49555540000000065	trials	/intervals/trials	175	start_time	n/a	n/a	n/a	n/a	n/a	n/a	n/a	n/a	n/a	noo	200.5247797	175	true	200.4194969	200.9150523
200.5247797	0.0	cv_transition	/intervals/trials	175	cv_transition_time	n/a	n/a	n/a	n/a	n/a	n/a	n/a	n/a	n/a	noo	200.5247797	175	true	200.4194969	200.9150523
201.4514502	0.3594137999999987	trials	/intervals/trials	176	start_time	n/a	n/a	n/a	n/a	n/a	n/a	n/a	n/a	n/a	haa	201.5213362	176	true	201.4514502	201.810864
201.5213362	0.0	cv_transition	/intervals/trials	176	cv_transition_time	n/a	n/a	n/a	n/a	n/a	n/a	n/a	n/a	n/a	haa	201.5213362	176	true	201.4514502	201.810864
202.0060003	0.5717947999999922	trials	/intervals/trials	177	start_time	n/a	n/a	n/a	n/a	n/a	n/a	n/a	n/a	n/a	woo	202.1012995	177	true	202.0060003	202.5777951
202.1012995	0.0	cv_transition	/intervals/trials	177	cv_transition_time	n/a	n/a	n/a	n/a	n/a	n/a	n/a	n/a	n/a	woo	202.1012995	177	true	202.0060003	202.5777951
202.8655076	0.4075172000000009	trials	/intervals/trials	178	start_time	n/a	n/a	n/a	n/a	n/a	n/a	n/a	n/a	n/a	fee	202.9399317	178	true	202.8655076	203.2730248
202.9399317	0.0	cv_transition	/intervals/trials	178	cv_transition_time	n/a	n/a	n/a	n/a	n/a	n/a	n/a	n/a	n/a	fee	202.9399317	178	true	202.8655076	203.2730248
203.658901	0.35278100000002155	trials	/intervals/trials	179	start_time	n/a	n/a	n/a	n/a	n/a	n/a	n/a	n/a	n/a	baa	203.6673159	179	true	203.658901	204.011682
203.6673159	0.0	cv_transition	/intervals/trials	179	cv_transition_time	n/a	n/a	n/a	n/a	n/a	n/a	n/a	n/a	n/a	baa	203.6673159	179	true	203.658901	204.011682
204.7198334	0.4155696999999918	trials	/intervals/trials	180	start_time	n/a	n/a	n/a	n/a	n/a	n/a	n/a	n/a	n/a	gee	204.7457256	180	true	204.7198334	205.1354031
204.7457256	0.0	cv_transition	/intervals/trials	180	cv_transition_time	n/a	n/a	n/a	n/a	n/a	n/a	n/a	n/a	n/a	gee	204.7457256	180	true	204.7198334	205.1354031
205.3747186	0.36915089999999395	trials	/intervals/trials	181	start_time	n/a	n/a	n/a	n/a	n/a	n/a	n/a	n/a	n/a	boo	205.3918049	181	true	205.3747186	205.7438695
205.3918049	0.0	cv_transition	/intervals/trials	181	cv_transition_time	n/a	n/a	n/a	n/a	n/a	n/a	n/a	n/a	n/a	boo	205.3918049	181	true	205.3747186	205.7438695
205.800185	0.46088100000000054	trials	/intervals/trials	182	start_time	n/a	n/a	n/a	n/a	n/a	n/a	n/a	n/a	n/a	maa	205.9199364	182	true	205.800185	206.261066
205.9199364	0.0	cv_transition	/intervals/trials	182	cv_transition_time	n/a	n/a	n/a	n/a	n/a	n/a	n/a	n/a	n/a	maa	205.9199364	182	true	205.800185	206.261066
206.9310264	0.40391819999999257	trials	/intervals/trials	183	start_time	n/a	n/a	n/a	n/a	n/a	n/a	n/a	n/a	n/a	bee	206.955624	183	true	206.9310264	207.3349446
206.955624	0.0	cv_transition	/intervals/trials	183	cv_transition_time	n/a	n/a	n/a	n/a	n/a	n/a	n/a	n/a	n/a	bee	206.955624	183	true	206.9310264	207.3349446
207.5459659	0.4595864000000063	trials	/intervals/trials	184	start_time	n/a	n/a	n/a	n/a	n/a	n/a	n/a	n/a	n/a	yoo	207.6281736	184	true	207.5459659	208.0055523
207.6281736	0.0	cv_transition	/intervals/trials	184	cv_transition_time	n/a	n/a	n/a	n/a	n/a	n/a	n/a	n/a	n/a	yoo	207.6281736	184	true	207.5459659	208.0055523
208.3136693	0.44664030000001276	trials	/intervals/trials	185	start_time	n/a	n/a	n/a	n/a	n/a	n/a	n/a	n/a	n/a	koo	208.4211219	185	true	208.3136693	208.7603096
208.4211219	0.0	cv_transition	/intervals/trials	185	cv_transition_time	n/a	n/a	n/a	n/a	n/a	n/a	n/a	n/a	n/a	koo	208.4211219	185	true	208.3136693	208.7603096
209.2393151	0.41298040000000924	trials	/intervals/trials	186	start_time	n/a	n/a	n/a	n/a	n/a	n/a	n/a	n/a	n/a	vaa	209.2826845	186	true	209.2393151	209.6522955
209.2826845	0.0	cv_transition	/intervals/trials	186	cv_transition_time	n/a	n/a	n/a	n/a	n/a	n/a	n/a	n/a	n/a	vaa	209.2826845	186	true	209.2393151	209.6522955
210.3423224	0.4291629999999884	trials	/intervals/trials	187	start_time	n/a	n/a	n/a	n/a	n/a	n/a	n/a	n/a	n/a	yee	210.3934595	187	true	210.3423224	210.7714854
210.3934595	0.0	cv_transition	/intervals/trials	187	cv_transition_time	n/a	n/a	n/a	n/a	n/a	n/a	n/a	n/a	n/a	yee	210.3934595	187	true	210.3423224	210.7714854
210.9948056	0.5262586999999996	trials	/intervals/trials	188	start_time	n/a	n/a	n/a	n/a	n/a	n/a	n/a	n/a	n/a	thoo	211.1326815	188	true	210.9948056	211.5210643
211.1326815	0.0	cv_transition	/intervals/trials	188	cv_transition_time	n/a	n/a	n/a	n/a	n/a	n/a	n/a	n/a	n/a	thoo	211.1326815	188	true	210.9948056	211.5210643
212.2343941	0.4414619000000073	trials	/intervals/trials	189	start_time	n/a	n/a	n/a	n/a	n/a	n/a	n/a	n/a	n/a	nee	212.2920043	189	true	212.2343941	212.675856
212.2920043	0.0	cv_transition	/intervals/trials	189	cv_transition_time	n/a	n/a	n/a	n/a	n/a	n/a	n/a	n/a	n/a	nee	212.2920043	189	true	212.2343941	212.675856
212.9936826	0.4065074000000095	trials	/intervals/trials	190	start_time	n/a	n/a	n/a	n/a	n/a	n/a	n/a	n/a	n/a	goo	213.022164	190	true	212.9936826	213.40019
213.022164	0.0	cv_transition	/intervals/trials	190	cv_transition_time	n/a	n/a	n/a	n/a	n/a	n/a	n/a	n/a	n/a	goo	213.022164	190	true	212.9936826	213.40019
213.5982652	0.49324620000001573	trials	/intervals/trials	191	start_time	n/a	n/a	n/a	n/a	n/a	n/a	n/a	n/a	n/a	see	213.7756267	191	true	213.5982652	214.0915114
213.7756267	0.0	cv_transition	/intervals/trials	191	cv_transition_time	n/a	n/a	n/a	n/a	n/a	n/a	n/a	n/a	n/a	see	213.7756267	191	true	213.5982652	214.0915114
214.2358604	0.4705904999999859	trials	/intervals/trials	192	start_time	n/a	n/a	n/a	n/a	n/a	n/a	n/a	n/a	n/a	wee	214.3154789	192	true	214.2358604	214.7064509
214.3154789	0.0	cv_transition	/intervals/trials	192	cv_transition_time	n/a	n/a	n/a	n/a	n/a	n/a	n/a	n/a	n/a	wee	214.3154789	192	true	214.2358604	214.7064509
215.9796994	0.5909892000000241	trials	/intervals/trials	193	start_time	n/a	n/a	n/a	n/a	n/a	n/a	n/a	n/a	n/a	saa	216.1803638	193	true	215.9796994	216.5706886
216.1803638	0.0	cv_transition	/intervals/trials	193	cv_transition_time	n/a	n/a	n/a	n/a	n/a	n/a	n/a	n/a	n/a	saa	216.1803638	193	true	215.9796994	216.5706886
217.0522833	0.5320844999999963	trials	/intervals/trials	194	start_time	n/a	n/a	n/a	n/a	n/a	n/a	n/a	n/a	n/a	faa	217.1519683	194	true	217.0522833	217.5843678
217.1519683	0.0	cv_transition	/intervals/trials	194	cv_transition_time	n/a	n/a	n/a	n/a	n/a	n/a	n/a	n/a	n/a	faa	217.1519683	194	true	217.0522833	217.5843678
218.9857826	0.3916193000000021	trials	/intervals/trials	195	start_time	n/a	n/a	n/a	n/a	n/a	n/a	n/a	n/a	n/a	daa	219.0026125	195	true	218.9857826	219.3774019
219.0026125	0.0	cv_transition	/intervals/trials	195	cv_transition_time	n/a	n/a	n/a	n/a	n/a	n/a	n/a	n/a	n/a	daa	219.0026125	195	true	218.9857826	219.3774019
219.8266314	0.4213953999999944	trials	/intervals/trials	196	start_time	n/a	n/a	n/a	n/a	n/a	n/a	n/a	n/a	n/a	dee	219.8602913	196	true	219.8266314	220.2480268
219.8602913	0.0	cv_transition	/intervals/trials	196	cv_transition_time	n/a	n/a	n/a	n/a	n/a	n/a	n/a	n/a	n/a	dee	219.8602913	196	true	219.8266314	220.2480268
220.7911155	0.5210803000000226	trials	/intervals/trials	197	start_time	n/a	n/a	n/a	n/a	n/a	n/a	n/a	n/a	n/a	shoo	220.9594147	197	true	220.7911155	221.3121958
220.9594147	0.0	cv_transition	/intervals/trials	197	cv_transition_time	n/a	n/a	n/a	n/a	n/a	n/a	n/a	n/a	n/a	shoo	220.9594147	197	true	220.7911155	221.3121958
221.6041303	0.4983818000000042	trials	/intervals/trials	198	start_time	n/a	n/a	n/a	n/a	n/a	n/a	n/a	n/a	n/a	zaa	221.7478319	198	true	221.6041303	222.1025121
221.7478319	0.0	cv_transition	/intervals/trials	198	cv_transition_time	n/a	n/a	n/a	n/a	n/a	n/a	n/a	n/a	n/a	zaa	221.7478319	198	true	221.6041303	222.1025121
222.7259094	0.4343413999999939	trials	/intervals/trials	199	start_time	n/a	n/a	n/a	n/a	n/a	n/a	n/a	n/a	n/a	laa	222.7945237	199	true	222.7259094	223.1602508
222.7945237	0.0	cv_transition	/intervals/trials	199	cv_transition_time	n/a	n/a	n/a	n/a	n/a	n/a	n/a	n/a	n/a	laa	222.7945237	199	true	222.7259094	223.1602508
223.5551067	0.41621699999998896	trials	/intervals/trials	200	start_time	n/a	n/a	n/a	n/a	n/a	n/a	n/a	n/a	n/a	naa	223.6094803	200	true	223.5551067	223.9713237
223.6094803	0.0	cv_transition	/intervals/trials	200	cv_transition_time	n/a	n/a	n/a	n/a	n/a	n/a	n/a	n/a	n/a	naa	223.6094803	200	true	223.5551067	223.9713237
224.3292832	0.37867330000000265	trials	/intervals/trials	201	start_time	n/a	n/a	n/a	n/a	n/a	n/a	n/a	n/a	n/a	ree	224.3784784	201	true	224.3292832	224.7079565
224.3784784	0.0	cv_transition	/intervals/trials	201	cv_transition_time	n/a	n/a	n/a	n/a	n/a	n/a	n/a	n/a	n/a	ree	224.3784784	201	true	224.3292832	224.7079565
225.0186628	0.40132890000001	trials	/intervals/trials	202	start_time	n/a	n/a	n/a	n/a	n/a	n/a	n/a	n/a	n/a	loo	225.1034597	202	true	225.0186628	225.4199917
225.1034597	0.0	cv_transition	/intervals/trials	202	cv_transition_time	n/a	n/a	n/a	n/a	n/a	n/a	n/a	n/a	n/a	loo	225.1034597	202	true	225.0186628	225.4199917
225.8549805	0.35601760000000127	trials	/intervals/trials	203	start_time	n/a	n/a	n/a	n/a	n/a	n/a	n/a	n/a	n/a	hoo	225.9125906	203	true	225.8549805	226.2109981
225.9125906	0.0	cv_transition	/intervals/trials	203	cv_transition_time	n/a	n/a	n/a	n/a	n/a	n/a	n/a	n/a	n/a	hoo	225.9125906	203	true	225.8549805	226.2109981
227.4570597	0.39873969999999304	trials	/intervals/trials	204	start_time	n/a	n/a	n/a	n/a	n/a	n/a	n/a	n/a	n/a	too	227.5360309	204	true	227.4570597	227.8557994
227.5360309	0.0	cv_transition	/intervals/trials	204	cv_transition_time	n/a	n/a	n/a	n/a	n/a	n/a	n/a	n/a	n/a	too	227.5360309	204	true	227.4570597	227.8557994
228.4047138	0.6719023999999933	trials	/intervals/trials	205	start_time	n/a	n/a	n/a	n/a	n/a	n/a	n/a	n/a	n/a	soo	228.6785237	205	true	228.4047138	229.0766162
228.49550526354648	0.26367331733686683	invalid_times	/intervals/invalid_times	3	start_time	n/a	n/a	n/a	n/a	3	228.49550526354648	228.75917858088334	"[""ECoG artifact""]"	"[{""idx_start"":697312,""count"":805,""timeseries"":""/acquisition/ElectricalSeries""}]"	n/a	n/a	n/a	n/a	n/a	n/a
228.6785237	0.0	cv_transition	/intervals/trials	205	cv_transition_time	n/a	n/a	n/a	n/a	n/a	n/a	n/a	n/a	n/a	soo	228.6785237	205	true	228.4047138	229.0766162
229.9394734	0.5146072999999944	trials	/intervals/trials	206	start_time	n/a	n/a	n/a	n/a	n/a	n/a	n/a	n/a	n/a	roo	230.0106769	206	true	229.9394734	230.4540807
230.0106769	0.0	cv_transition	/intervals/trials	206	cv_transition_time	n/a	n/a	n/a	n/a	n/a	n/a	n/a	n/a	n/a	roo	230.0106769	206	true	229.9394734	230.4540807
231.5344323	0.45829170000001795	trials	/intervals/trials	207	start_time	n/a	n/a	n/a	n/a	n/a	n/a	n/a	n/a	n/a	shee	231.684607	207	true	231.5344323	231.992724
231.684607	0.0	cv_transition	/intervals/trials	207	cv_transition_time	n/a	n/a	n/a	n/a	n/a	n/a	n/a	n/a	n/a	shee	231.684607	207	true	231.5344323	231.992724
232.4762607	0.43175219999997694	trials	/intervals/trials	208	start_time	n/a	n/a	n/a	n/a	n/a	n/a	n/a	n/a	n/a	kee	232.5435803	208	true	232.4762607	232.9080129
232.5435803	0.0	cv_transition	/intervals/trials	208	cv_transition_time	n/a	n/a	n/a	n/a	n/a	n/a	n/a	n/a	n/a	kee	232.5435803	208	true	232.4762607	232.9080129
233.2355491	0.49130430000002434	trials	/intervals/trials	209	start_time	n/a	n/a	n/a	n/a	n/a	n/a	n/a	n/a	n/a	foo	233.3430017	209	true	233.2355491	233.7268534
233.3430017	0.0	cv_transition	/intervals/trials	209	cv_transition_time	n/a	n/a	n/a	n/a	n/a	n/a	n/a	n/a	n/a	foo	233.3430017	209	true	233.2355491	233.7268534
234.6971632	0.4680012999999974	trials	/intervals/trials	210	start_time	n/a	n/a	n/a	n/a	n/a	n/a	n/a	n/a	n/a	zee	234.7839021	210	true	234.6971632	235.1651645
234.7839021	0.0	cv_transition	/intervals/trials	210	cv_transition_time	n/a	n/a	n/a	n/a	n/a	n/a	n/a	n/a	n/a	zee	234.7839021	210	true	234.6971632	235.1651645
238.6813239	0.4699432000000172	trials	/intervals/trials	211	start_time	n/a	n/a	n/a	n/a	n/a	n/a	n/a	n/a	n/a	poo	238.7712992	211	true	238.6813239	239.1512671
238.7712992	0.0	cv_transition	/intervals/trials	211	cv_transition_time	n/a	n/a	n/a	n/a	n/a	n/a	n/a	n/a	n/a	poo	238.7712992	211	true	238.6813239	239.1512671
239.735136	0.4544078999999783	trials	/intervals/trials	212	start_time	n/a	n/a	n/a	n/a	n/a	n/a	n/a	n/a	n/a	taa	239.794688	212	true	239.735136	240.1895439
239.794688	0.0	cv_transition	/intervals/trials	212	cv_transition_time	n/a	n/a	n/a	n/a	n/a	n/a	n/a	n/a	n/a	taa	239.794688	212	true	239.735136	240.1895439
240.5254951	0.4265737999999999	trials	/intervals/trials	213	start_time	n/a	n/a	n/a	n/a	n/a	n/a	n/a	n/a	n/a	kaa	240.6180597	213	true	240.5254951	240.9520689
240.6180597	0.0	cv_transition	/intervals/trials	213	cv_transition_time	n/a	n/a	n/a	n/a	n/a	n/a	n/a	n/a	n/a	kaa	240.6180597	213	true	240.5254951	240.9520689
241.5016306	0.45893910000000915	trials	/intervals/trials	214	start_time	n/a	n/a	n/a	n/a	n/a	n/a	n/a	n/a	n/a	waa	241.5793072	214	true	241.5016306	241.9605697
241.5793072	0.0	cv_transition	/intervals/trials	214	cv_transition_time	n/a	n/a	n/a	n/a	n/a	n/a	n/a	n/a	n/a	waa	241.5793072	214	true	241.5016306	241.9605697
242.3748447	0.527553399999988	trials	/intervals/trials	215	start_time	n/a	n/a	n/a	n/a	n/a	n/a	n/a	n/a	n/a	shaa	242.5269613	215	true	242.3748447	242.9023981
242.5269613	0.0	cv_transition	/intervals/trials	215	cv_transition_time	n/a	n/a	n/a	n/a	n/a	n/a	n/a	n/a	n/a	shaa	242.5269613	215	true	242.3748447	242.9023981
260.721403	0.46735400000000027	trials	/intervals/trials	216	start_time	n/a	n/a	n/a	n/a	n/a	n/a	n/a	n/a	n/a	shee	260.9110633	216	true	260.721403	261.188757
260.9110633	0.0	cv_transition	/intervals/trials	216	cv_transition_time	n/a	n/a	n/a	n/a	n/a	n/a	n/a	n/a	n/a	shee	260.9110633	216	true	260.721403	261.188757
261.4703345	0.40132900000003247	trials	/intervals/trials	217	start_time	n/a	n/a	n/a	n/a	n/a	n/a	n/a	n/a	n/a	hee	261.5441273	217	true	261.4703345	261.8716635
261.5441273	0.0	cv_transition	/intervals/trials	217	cv_transition_time	n/a	n/a	n/a	n/a	n/a	n/a	n/a	n/a	n/a	hee	261.5441273	217	true	261.4703345	261.8716635
263.4750373	0.4213953999999944	trials	/intervals/trials	218	start_time	n/a	n/a	n/a	n/a	n/a	n/a	n/a	n/a	n/a	naa	263.5624235	218	true	263.4750373	263.8964327
263.5624235	0.0	cv_transition	/intervals/trials	218	cv_transition_time	n/a	n/a	n/a	n/a	n/a	n/a	n/a	n/a	n/a	naa	263.5624235	218	true	263.4750373	263.8964327
264.009711	0.5443832999999927	trials	/intervals/trials	219	start_time	n/a	n/a	n/a	n/a	n/a	n/a	n/a	n/a	n/a	saa	264.1883671	219	true	264.009711	264.5540943
264.1883671	0.0	cv_transition	/intervals/trials	219	cv_transition_time	n/a	n/a	n/a	n/a	n/a	n/a	n/a	n/a	n/a	saa	264.1883671	219	true	264.009711	264.5540943
265.0156226	0.3560176000000297	trials	/intervals/trials	220	start_time	n/a	n/a	n/a	n/a	n/a	n/a	n/a	n/a	n/a	gaa	265.0518717	220	true	265.0156226	265.3716402
265.0518717	0.0	cv_transition	/intervals/trials	220	cv_transition_time	n/a	n/a	n/a	n/a	n/a	n/a	n/a	n/a	n/a	gaa	265.0518717	220	true	265.0156226	265.3716402
265.9069612	0.36443259999998645	trials	/intervals/trials	221	start_time	n/a	n/a	n/a	n/a	n/a	n/a	n/a	n/a	n/a	doo	265.942563	221	true	265.9069612	266.2713938
265.942563	0.0	cv_transition	/intervals/trials	221	cv_transition_time	n/a	n/a	n/a	n/a	n/a	n/a	n/a	n/a	n/a	doo	265.942563	221	true	265.9069612	266.2713938
266.6507144	0.5411466999999561	trials	/intervals/trials	222	start_time	n/a	n/a	n/a	n/a	n/a	n/a	n/a	n/a	n/a	roo	266.8416693	222	true	266.6507144	267.1918611
266.8416693	0.0	cv_transition	/intervals/trials	222	cv_transition_time	n/a	n/a	n/a	n/a	n/a	n/a	n/a	n/a	n/a	roo	266.8416693	222	true	266.6507144	267.1918611
268.0592495	0.40974389999996674	trials	/intervals/trials	223	start_time	n/a	n/a	n/a	n/a	n/a	n/a	n/a	n/a	n/a	pee	268.1246273	223	true	268.0592495	268.4689934
268.1246273	0.0	cv_transition	/intervals/trials	223	cv_transition_time	n/a	n/a	n/a	n/a	n/a	n/a	n/a	n/a	n/a	pee	268.1246273	223	true	268.0592495	268.4689934
268.6767782	0.5476198000000068	trials	/intervals/trials	224	start_time	n/a	n/a	n/a	n/a	n/a	n/a	n/a	n/a	n/a	shee	268.8774427	224	true	268.6767782	269.224398
268.8774427	0.0	cv_transition	/intervals/trials	224	cv_transition_time	n/a	n/a	n/a	n/a	n/a	n/a	n/a	n/a	n/a	shee	268.8774427	224	true	268.6767782	269.224398
269.661976	0.41427509999999756	trials	/intervals/trials	225	start_time	n/a	n/a	n/a	n/a	n/a	n/a	n/a	n/a	n/a	foo	269.7351215	225	true	269.661976	270.0762511
269.7351215	0.0	cv_transition	/intervals/trials	225	cv_transition_time	n/a	n/a	n/a	n/a	n/a	n/a	n/a	n/a	n/a	foo	269.7351215	225	true	269.661976	270.0762511
270.5636715	0.40909659999999803	trials	/intervals/trials	226	start_time	n/a	n/a	n/a	n/a	n/a	n/a	n/a	n/a	n/a	too	270.6271074	226	true	270.5636715	270.9727681
270.6271074	0.0	cv_transition	/intervals/trials	226	cv_transition_time	n/a	n/a	n/a	n/a	n/a	n/a	n/a	n/a	n/a	too	270.6271074	226	true	270.5636715	270.9727681
271.5961226	0.3961504999999761	trials	/intervals/trials	227	start_time	n/a	n/a	n/a	n/a	n/a	n/a	n/a	n/a	n/a	yaa	271.6271932	227	true	271.5961226	271.9922731
271.6271932	0.0	cv_transition	/intervals/trials	227	cv_transition_time	n/a	n/a	n/a	n/a	n/a	n/a	n/a	n/a	n/a	yaa	271.6271932	227	true	271.5961226	271.9922731
272.5224157	0.3942086000000131	trials	/intervals/trials	228	start_time	n/a	n/a	n/a	n/a	n/a	n/a	n/a	n/a	n/a	nee	272.5832623	228	true	272.5224157	272.9166243
272.5832623	0.0	cv_transition	/intervals/trials	228	cv_transition_time	n/a	n/a	n/a	n/a	n/a	n/a	n/a	n/a	n/a	nee	272.5832623	228	true	272.5224157	272.9166243
273.3859202	0.3683164000000261	trials	/intervals/trials	229	start_time	n/a	n/a	n/a	n/a	n/a	n/a	n/a	n/a	n/a	lee	273.4493561	229	true	273.3859202	273.7542366
273.4493561	0.0	cv_transition	/intervals/trials	229	cv_transition_time	n/a	n/a	n/a	n/a	n/a	n/a	n/a	n/a	n/a	lee	273.4493561	229	true	273.3859202	273.7542366
274.7743889	0.4906568999999763	trials	/intervals/trials	230	start_time	n/a	n/a	n/a	n/a	n/a	n/a	n/a	n/a	n/a	zoo	274.9614599	230	true	274.7743889	275.2650458
274.9614599	0.0	cv_transition	/intervals/trials	230	cv_transition_time	n/a	n/a	n/a	n/a	n/a	n/a	n/a	n/a	n/a	zoo	274.9614599	230	true	274.7743889	275.2650458
275.7272214	0.4285157999999569	trials	/intervals/trials	231	start_time	n/a	n/a	n/a	n/a	n/a	n/a	n/a	n/a	n/a	gee	275.7388729	231	true	275.7272214	276.1557372
275.7388729	0.0	cv_transition	/intervals/trials	231	cv_transition_time	n/a	n/a	n/a	n/a	n/a	n/a	n/a	n/a	n/a	gee	275.7388729	231	true	275.7272214	276.1557372
276.4366674	0.4621756000000232	trials	/intervals/trials	232	start_time	n/a	n/a	n/a	n/a	n/a	n/a	n/a	n/a	n/a	fee	276.5622445	232	true	276.4366674	276.898843
276.5622445	0.0	cv_transition	/intervals/trials	232	cv_transition_time	n/a	n/a	n/a	n/a	n/a	n/a	n/a	n/a	n/a	fee	276.5622445	232	true	276.4366674	276.898843
277.3713755	0.5858107999999902	trials	/intervals/trials	233	start_time	n/a	n/a	n/a	n/a	n/a	n/a	n/a	n/a	n/a	soo	277.6154094	233	true	277.3713755	277.9571863
277.6154094	0.0	cv_transition	/intervals/trials	233	cv_transition_time	n/a	n/a	n/a	n/a	n/a	n/a	n/a	n/a	n/a	soo	277.6154094	233	true	277.3713755	277.9571863
278.2976686	0.4058600000000183	trials	/intervals/trials	234	start_time	n/a	n/a	n/a	n/a	n/a	n/a	n/a	n/a	n/a	waa	278.3837601	234	true	278.2976686	278.7035286
278.3837601	0.0	cv_transition	/intervals/trials	234	cv_transition_time	n/a	n/a	n/a	n/a	n/a	n/a	n/a	n/a	n/a	waa	278.3837601	234	true	278.2976686	278.7035286
280.7451278	0.39679780000000164	trials	/intervals/trials	235	start_time	n/a	n/a	n/a	n/a	n/a	n/a	n/a	n/a	n/a	kee	280.8059744	235	true	280.7451278	281.1419256
280.8059744	0.0	cv_transition	/intervals/trials	235	cv_transition_time	n/a	n/a	n/a	n/a	n/a	n/a	n/a	n/a	n/a	kee	280.8059744	235	true	280.7451278	281.1419256
281.5736778	0.4395200000000159	trials	/intervals/trials	236	start_time	n/a	n/a	n/a	n/a	n/a	n/a	n/a	n/a	n/a	mee	281.6571802	236	true	281.5736778	282.0131978
281.6571802	0.0	cv_transition	/intervals/trials	236	cv_transition_time	n/a	n/a	n/a	n/a	n/a	n/a	n/a	n/a	n/a	mee	281.6571802	236	true	281.5736778	282.0131978
282.3659788	0.41168590000000904	trials	/intervals/trials	237	start_time	n/a	n/a	n/a	n/a	n/a	n/a	n/a	n/a	n/a	laa	282.4708422	237	true	282.3659788	282.7776647
282.4708422	0.0	cv_transition	/intervals/trials	237	cv_transition_time	n/a	n/a	n/a	n/a	n/a	n/a	n/a	n/a	n/a	laa	282.4708422	237	true	282.3659788	282.7776647
283.2346618	0.4647647999999549	trials	/intervals/trials	238	start_time	n/a	n/a	n/a	n/a	n/a	n/a	n/a	n/a	n/a	ree	283.358297	238	true	283.2346618	283.6994266
283.358297	0.0	cv_transition	/intervals/trials	238	cv_transition_time	n/a	n/a	n/a	n/a	n/a	n/a	n/a	n/a	n/a	ree	283.358297	238	true	283.2346618	283.6994266
284.1460669	0.3870881999999938	trials	/intervals/trials	239	start_time	n/a	n/a	n/a	n/a	n/a	n/a	n/a	n/a	n/a	loo	284.1939674	239	true	284.1460669	284.5331551
284.1939674	0.0	cv_transition	/intervals/trials	239	cv_transition_time	n/a	n/a	n/a	n/a	n/a	n/a	n/a	n/a	n/a	loo	284.1939674	239	true	284.1460669	284.5331551
285.1189659	0.4188062000000059	trials	/intervals/trials	240	start_time	n/a	n/a	n/a	n/a	n/a	n/a	n/a	n/a	n/a	goo	285.138385	240	true	285.1189659	285.5377721
285.138385	0.0	cv_transition	/intervals/trials	240	cv_transition_time	n/a	n/a	n/a	n/a	n/a	n/a	n/a	n/a	n/a	goo	285.138385	240	true	285.1189659	285.5377721
286.143002	0.4045654999999897	trials	/intervals/trials	241	start_time	n/a	n/a	n/a	n/a	n/a	n/a	n/a	n/a	n/a	maa	286.1792511	241	true	286.143002	286.5475675
286.1792511	0.0	cv_transition	/intervals/trials	241	cv_transition_time	n/a	n/a	n/a	n/a	n/a	n/a	n/a	n/a	n/a	maa	286.1792511	241	true	286.143002	286.5475675
288.0130654	0.4194534999999746	trials	/intervals/trials	242	start_time	n/a	n/a	n/a	n/a	n/a	n/a	n/a	n/a	n/a	koo	288.10563	242	true	288.0130654	288.4325189
288.10563	0.0	cv_transition	/intervals/trials	242	cv_transition_time	n/a	n/a	n/a	n/a	n/a	n/a	n/a	n/a	n/a	koo	288.10563	242	true	288.0130654	288.4325189
289.0616991	0.38514629999997396	trials	/intervals/trials	243	start_time	n/a	n/a	n/a	n/a	n/a	n/a	n/a	n/a	n/a	haa	289.1348445	243	true	289.0616991	289.4468454
289.1348445	0.0	cv_transition	/intervals/trials	243	cv_transition_time	n/a	n/a	n/a	n/a	n/a	n/a	n/a	n/a	n/a	haa	289.1348445	243	true	289.0616991	289.4468454
290.134283	0.4097439000000236	trials	/intervals/trials	244	start_time	n/a	n/a	n/a	n/a	n/a	n/a	n/a	n/a	n/a	kaa	290.20225	244	true	290.134283	290.5440269
290.20225	0.0	cv_transition	/intervals/trials	244	cv_transition_time	n/a	n/a	n/a	n/a	n/a	n/a	n/a	n/a	n/a	kaa	290.20225	244	true	290.134283	290.5440269
291.1654395	0.4537606000000096	trials	/intervals/trials	245	start_time	n/a	n/a	n/a	n/a	n/a	n/a	n/a	n/a	n/a	vee	291.2139873	245	true	291.1654395	291.6192001
291.2139873	0.0	cv_transition	/intervals/trials	245	cv_transition_time	n/a	n/a	n/a	n/a	n/a	n/a	n/a	n/a	n/a	vee	291.2139873	245	true	291.1654395	291.6192001
292.1681145	0.42204270000002	trials	/intervals/trials	246	start_time	n/a	n/a	n/a	n/a	n/a	n/a	n/a	n/a	n/a	paa	292.2464384	246	true	292.1681145	292.5901572
292.2464384	0.0	cv_transition	/intervals/trials	246	cv_transition_time	n/a	n/a	n/a	n/a	n/a	n/a	n/a	n/a	n/a	paa	292.2464384	246	true	292.1681145	292.5901572
293.2711218	0.42398459999998295	trials	/intervals/trials	247	start_time	n/a	n/a	n/a	n/a	n/a	n/a	n/a	n/a	n/a	wee	293.2905409	247	true	293.2711218	293.6951064
293.2905409	0.0	cv_transition	/intervals/trials	247	cv_transition_time	n/a	n/a	n/a	n/a	n/a	n/a	n/a	n/a	n/a	wee	293.2905409	247	true	293.2711218	293.6951064
294.4155566	0.39938699999999017	trials	/intervals/trials	248	start_time	n/a	n/a	n/a	n/a	n/a	n/a	n/a	n/a	n/a	baa	294.4427434	248	true	294.4155566	294.8149436
294.4427434	0.0	cv_transition	/intervals/trials	248	cv_transition_time	n/a	n/a	n/a	n/a	n/a	n/a	n/a	n/a	n/a	baa	294.4427434	248	true	294.4155566	294.8149436
295.5302153	0.49195159999999305	trials	/intervals/trials	249	start_time	n/a	n/a	n/a	n/a	n/a	n/a	n/a	n/a	n/a	yee	295.6363733	249	true	295.5302153	296.0221669
295.6363733	0.0	cv_transition	/intervals/trials	249	cv_transition_time	n/a	n/a	n/a	n/a	n/a	n/a	n/a	n/a	n/a	yee	295.6363733	249	true	295.5302153	296.0221669
297.0925	0.3906337000000235	trials	/intervals/trials	250	start_time	n/a	n/a	n/a	n/a	n/a	n/a	n/a	n/a	n/a	boo	297.1125	250	true	297.0925	297.4831337
297.1125	0.0	cv_transition	/intervals/trials	250	cv_transition_time	n/a	n/a	n/a	n/a	n/a	n/a	n/a	n/a	n/a	boo	297.1125	250	true	297.0925	297.4831337
297.8734585	0.5935783999999558	trials	/intervals/trials	251	start_time	n/a	n/a	n/a	n/a	n/a	n/a	n/a	n/a	n/a	yoo	297.9368943	251	true	297.8734585	298.4670369
297.9368943	0.0	cv_transition	/intervals/trials	251	cv_transition_time	n/a	n/a	n/a	n/a	n/a	n/a	n/a	n/a	n/a	yoo	297.9368943	251	true	297.8734585	298.4670369
299.5629239	0.44405100000000175	trials	/intervals/trials	252	start_time	n/a	n/a	n/a	n/a	n/a	n/a	n/a	n/a	n/a	poo	299.6425423	252	true	299.5629239	300.0069749
299.6425423	0.0	cv_transition	/intervals/trials	252	cv_transition_time	n/a	n/a	n/a	n/a	n/a	n/a	n/a	n/a	n/a	poo	299.6425423	252	true	299.5629239	300.0069749
303.0305353	0.4226899999999887	trials	/intervals/trials	253	start_time	n/a	n/a	n/a	n/a	n/a	n/a	n/a	n/a	n/a	taa	303.1023862	253	true	303.0305353	303.4532253
303.1023862	0.0	cv_transition	/intervals/trials	253	cv_transition_time	n/a	n/a	n/a	n/a	n/a	n/a	n/a	n/a	n/a	taa	303.1023862	253	true	303.0305353	303.4532253
303.7386867	0.4608809999999721	trials	/intervals/trials	254	start_time	n/a	n/a	n/a	n/a	n/a	n/a	n/a	n/a	n/a	zaa	303.8183052	254	true	303.7386867	304.1995677
303.8183052	0.0	cv_transition	/intervals/trials	254	cv_transition_time	n/a	n/a	n/a	n/a	n/a	n/a	n/a	n/a	n/a	zaa	303.8183052	254	true	303.7386867	304.1995677
304.616432	0.39873970000002146	trials	/intervals/trials	255	start_time	n/a	n/a	n/a	n/a	n/a	n/a	n/a	n/a	n/a	dee	304.6533283	255	true	304.616432	305.0151717
304.6533283	0.0	cv_transition	/intervals/trials	255	cv_transition_time	n/a	n/a	n/a	n/a	n/a	n/a	n/a	n/a	n/a	dee	304.6533283	255	true	304.616432	305.0151717
305.6585926	0.3961504999999761	trials	/intervals/trials	256	start_time	n/a	n/a	n/a	n/a	n/a	n/a	n/a	n/a	n/a	moo	305.6851321	256	true	305.6585926	306.0547431
305.6851321	0.0	cv_transition	/intervals/trials	256	cv_transition_time	n/a	n/a	n/a	n/a	n/a	n/a	n/a	n/a	n/a	moo	305.6851321	256	true	305.6585926	306.0547431
306.8819985	0.41427509999999756	trials	/intervals/trials	257	start_time	n/a	n/a	n/a	n/a	n/a	n/a	n/a	n/a	n/a	faa	306.9227787	257	true	306.8819985	307.2962736
306.9227787	0.0	cv_transition	/intervals/trials	257	cv_transition_time	n/a	n/a	n/a	n/a	n/a	n/a	n/a	n/a	n/a	faa	306.9227787	257	true	306.8819985	307.2962736
308.3714467	0.4699433000000113	trials	/intervals/trials	258	start_time	n/a	n/a	n/a	n/a	n/a	n/a	n/a	n/a	n/a	thoo	308.4756628	258	true	308.3714467	308.84139
308.4756628	0.0	cv_transition	/intervals/trials	258	cv_transition_time	n/a	n/a	n/a	n/a	n/a	n/a	n/a	n/a	n/a	thoo	308.4756628	258	true	308.3714467	308.84139
309.353408	0.5424413999999729	trials	/intervals/trials	259	start_time	n/a	n/a	n/a	n/a	n/a	n/a	n/a	n/a	n/a	shoo	309.5003462	259	true	309.353408	309.8958494
309.5003462	0.0	cv_transition	/intervals/trials	259	cv_transition_time	n/a	n/a	n/a	n/a	n/a	n/a	n/a	n/a	n/a	shoo	309.5003462	259	true	309.353408	309.8958494
310.1528294	0.5288480000000391	trials	/intervals/trials	260	start_time	n/a	n/a	n/a	n/a	n/a	n/a	n/a	n/a	n/a	zee	310.3366639	260	true	310.1528294	310.6816774
310.3366639	0.0	cv_transition	/intervals/trials	260	cv_transition_time	n/a	n/a	n/a	n/a	n/a	n/a	n/a	n/a	n/a	zee	310.3366639	260	true	310.1528294	310.6816774
311.1930481	0.403918200000021	trials	/intervals/trials	261	start_time	n/a	n/a	n/a	n/a	n/a	n/a	n/a	n/a	n/a	daa	311.2208822	261	true	311.1930481	311.5969663
311.2208822	0.0	cv_transition	/intervals/trials	261	cv_transition_time	n/a	n/a	n/a	n/a	n/a	n/a	n/a	n/a	n/a	daa	311.2208822	261	true	311.1930481	311.5969663
312.13164	0.4330469000000221	trials	/intervals/trials	262	start_time	n/a	n/a	n/a	n/a	n/a	n/a	n/a	n/a	n/a	voo	312.184719	262	true	312.13164	312.5646869
312.184719	0.0	cv_transition	/intervals/trials	262	cv_transition_time	n/a	n/a	n/a	n/a	n/a	n/a	n/a	n/a	n/a	voo	312.184719	262	true	312.13164	312.5646869
313.1647383	0.49648279999996703	trials	/intervals/trials	263	start_time	n/a	n/a	n/a	n/a	n/a	n/a	n/a	n/a	n/a	noo	313.2424149	263	true	313.1647383	313.6612211
313.2424149	0.0	cv_transition	/intervals/trials	263	cv_transition_time	n/a	n/a	n/a	n/a	n/a	n/a	n/a	n/a	n/a	noo	313.2424149	263	true	313.1647383	313.6612211
314.130517	0.43434150000001637	trials	/intervals/trials	264	start_time	n/a	n/a	n/a	n/a	n/a	n/a	n/a	n/a	n/a	vaa	314.1667661	264	true	314.130517	314.5648585
314.1667661	0.0	cv_transition	/intervals/trials	264	cv_transition_time	n/a	n/a	n/a	n/a	n/a	n/a	n/a	n/a	n/a	vaa	314.1667661	264	true	314.130517	314.5648585
314.8917474	0.47706360000000814	trials	/intervals/trials	265	start_time	n/a	n/a	n/a	n/a	n/a	n/a	n/a	n/a	n/a	raa	315.0153826	265	true	314.8917474	315.368811
315.0153826	0.0	cv_transition	/intervals/trials	265	cv_transition_time	n/a	n/a	n/a	n/a	n/a	n/a	n/a	n/a	n/a	raa	315.0153826	265	true	314.8917474	315.368811
315.8031525	0.5437359000000015	trials	/intervals/trials	266	start_time	n/a	n/a	n/a	n/a	n/a	n/a	n/a	n/a	n/a	shaa	315.965626	266	true	315.8031525	316.3468884
315.965626	0.0	cv_transition	/intervals/trials	266	cv_transition_time	n/a	n/a	n/a	n/a	n/a	n/a	n/a	n/a	n/a	shaa	315.965626	266	true	315.8031525	316.3468884
316.8757364	0.39679780000000164	trials	/intervals/trials	267	start_time	n/a	n/a	n/a	n/a	n/a	n/a	n/a	n/a	n/a	thaa	316.9288154	267	true	316.8757364	317.2725342
316.9288154	0.0	cv_transition	/intervals/trials	267	cv_transition_time	n/a	n/a	n/a	n/a	n/a	n/a	n/a	n/a	n/a	thaa	316.9288154	267	true	316.8757364	317.2725342
319.2280418	0.36507989999995516	trials	/intervals/trials	268	start_time	n/a	n/a	n/a	n/a	n/a	n/a	n/a	n/a	n/a	woo	319.2746478	268	true	319.2280418	319.5931217
319.2746478	0.0	cv_transition	/intervals/trials	268	cv_transition_time	n/a	n/a	n/a	n/a	n/a	n/a	n/a	n/a	n/a	woo	319.2746478	268	true	319.2280418	319.5931217
329.1376301	0.2925816999999711	trials	/intervals/trials	269	start_time	n/a	n/a	n/a	n/a	n/a	n/a	n/a	n/a	n/a	bee	329.162875	269	true	329.1376301	329.4302118
329.162875	0.0	cv_transition	/intervals/trials	269	cv_transition_time	n/a	n/a	n/a	n/a	n/a	n/a	n/a	n/a	n/a	bee	329.162875	269	true	329.1376301	329.4302118
329.7706941	0.2893452999999795	trials	/intervals/trials	270	start_time	n/a	n/a	n/a	n/a	n/a	n/a	n/a	n/a	n/a	tee	329.8729683	270	true	329.7706941	330.0600394
329.8729683	0.0	cv_transition	/intervals/trials	270	cv_transition_time	n/a	n/a	n/a	n/a	n/a	n/a	n/a	n/a	n/a	tee	329.8729683	270	true	329.7706941	330.0600394
341.8526371	0.44987680000002683	trials	/intervals/trials	271	start_time	n/a	n/a	n/a	n/a	n/a	n/a	n/a	n/a	n/a	zee	342.0934345	271	true	341.8526371	342.3025139
341.89355930072514	0.362550811338167	invalid_times	/intervals/invalid_times	4	start_time	n/a	n/a	n/a	n/a	4	341.89355930072514	342.2561101120633	"[""ECoG artifact""]"	"[{""idx_start"":1043376,""count"":1106,""timeseries"":""/acquisition/ElectricalSeries""}]"	n/a	n/a	n/a	n/a	n/a	n/a
342.0934345	0.0	cv_transition	/intervals/trials	271	cv_transition_time	n/a	n/a	n/a	n/a	n/a	n/a	n/a	n/a	n/a	zee	342.0934345	271	true	341.8526371	342.3025139
342.7433284	0.4349887999999851	trials	/intervals/trials	272	start_time	n/a	n/a	n/a	n/a	n/a	n/a	n/a	n/a	n/a	poo	342.8320092	272	true	342.7433284	343.1783172
342.8320092	0.0	cv_transition	/intervals/trials	272	cv_transition_time	n/a	n/a	n/a	n/a	n/a	n/a	n/a	n/a	n/a	poo	342.8320092	272	true	342.7433284	343.1783172
345.6937434	0.4783582000000024	trials	/intervals/trials	273	start_time	n/a	n/a	n/a	n/a	n/a	n/a	n/a	n/a	n/a	shoo	345.8555696	273	true	345.6937434	346.1721016
345.8555696	0.0	cv_transition	/intervals/trials	273	cv_transition_time	n/a	n/a	n/a	n/a	n/a	n/a	n/a	n/a	n/a	shoo	345.8555696	273	true	345.6937434	346.1721016
346.472451	0.403918200000021	trials	/intervals/trials	274	start_time	n/a	n/a	n/a	n/a	n/a	n/a	n/a	n/a	n/a	hoo	346.5074055	274	true	346.472451	346.8763692
346.5074055	0.0	cv_transition	/intervals/trials	274	cv_transition_time	n/a	n/a	n/a	n/a	n/a	n/a	n/a	n/a	n/a	hoo	346.5074055	274	true	346.472451	346.8763692
348.0751776	0.4518186999999898	trials	/intervals/trials	275	start_time	n/a	n/a	n/a	n/a	n/a	n/a	n/a	n/a	n/a	thoo	348.2104642	275	true	348.0751776	348.5269963
348.2104642	0.0	cv_transition	/intervals/trials	275	cv_transition_time	n/a	n/a	n/a	n/a	n/a	n/a	n/a	n/a	n/a	thoo	348.2104642	275	true	348.0751776	348.5269963
348.8525905	0.49842469999998684	trials	/intervals/trials	276	start_time	n/a	n/a	n/a	n/a	n/a	n/a	n/a	n/a	n/a	faa	348.9930557	276	true	348.8525905	349.3510152
348.9930557	0.0	cv_transition	/intervals/trials	276	cv_transition_time	n/a	n/a	n/a	n/a	n/a	n/a	n/a	n/a	n/a	faa	348.9930557	276	true	348.8525905	349.3510152
350.6067864	0.5994042000000377	trials	/intervals/trials	277	start_time	n/a	n/a	n/a	n/a	n/a	n/a	n/a	n/a	n/a	noo	350.7614922	277	true	350.6067864	351.2061906
350.7614922	0.0	cv_transition	/intervals/trials	277	cv_transition_time	n/a	n/a	n/a	n/a	n/a	n/a	n/a	n/a	n/a	noo	350.7614922	277	true	350.6067864	351.2061906
351.4735274	0.4913042999999675	trials	/intervals/trials	278	start_time	n/a	n/a	n/a	n/a	n/a	n/a	n/a	n/a	n/a	hee	351.5919842	278	true	351.4735274	351.9648317
351.5919842	0.0	cv_transition	/intervals/trials	278	cv_transition_time	n/a	n/a	n/a	n/a	n/a	n/a	n/a	n/a	n/a	hee	351.5919842	278	true	351.4735274	351.9648317
352.3706918	0.4634702000000175	trials	/intervals/trials	279	start_time	n/a	n/a	n/a	n/a	n/a	n/a	n/a	n/a	n/a	kaa	352.4535468	279	true	352.3706918	352.834162
352.4535468	0.0	cv_transition	/intervals/trials	279	cv_transition_time	n/a	n/a	n/a	n/a	n/a	n/a	n/a	n/a	n/a	kaa	352.4535468	279	true	352.3706918	352.834162
353.3578315	0.40715470000003506	trials	/intervals/trials	280	start_time	n/a	n/a	n/a	n/a	n/a	n/a	n/a	n/a	n/a	wee	353.3675411	280	true	353.3578315	353.7649862
353.3675411	0.0	cv_transition	/intervals/trials	280	cv_transition_time	n/a	n/a	n/a	n/a	n/a	n/a	n/a	n/a	n/a	wee	353.3675411	280	true	353.3578315	353.7649862
354.1896181	0.5204329999999686	trials	/intervals/trials	281	start_time	n/a	n/a	n/a	n/a	n/a	n/a	n/a	n/a	n/a	see	354.3572701	281	true	354.1896181	354.7100511
354.3572701	0.0	cv_transition	/intervals/trials	281	cv_transition_time	n/a	n/a	n/a	n/a	n/a	n/a	n/a	n/a	n/a	see	354.3572701	281	true	354.1896181	354.7100511
355.0777202	0.6201179999999908	trials	/intervals/trials	282	start_time	n/a	n/a	n/a	n/a	n/a	n/a	n/a	n/a	n/a	shee	355.3224014	282	true	355.0777202	355.6978382
355.3224014	0.0	cv_transition	/intervals/trials	282	cv_transition_time	n/a	n/a	n/a	n/a	n/a	n/a	n/a	n/a	n/a	shee	355.3224014	282	true	355.0777202	355.6978382
356.2253915	0.4783582000000024	trials	/intervals/trials	283	start_time	n/a	n/a	n/a	n/a	n/a	n/a	n/a	n/a	n/a	vaa	356.2635825	283	true	356.2253915	356.7037497
356.2635825	0.0	cv_transition	/intervals/trials	283	cv_transition_time	n/a	n/a	n/a	n/a	n/a	n/a	n/a	n/a	n/a	vaa	356.2635825	283	true	356.2253915	356.7037497
357.2526642	0.4466401999999903	trials	/intervals/trials	284	start_time	n/a	n/a	n/a	n/a	n/a	n/a	n/a	n/a	n/a	boo	357.2604318	284	true	357.2526642	357.6993044
357.2604318	0.0	cv_transition	/intervals/trials	284	cv_transition_time	n/a	n/a	n/a	n/a	n/a	n/a	n/a	n/a	n/a	boo	357.2604318	284	true	357.2526642	357.6993044
358.1310567	0.39032470000000785	trials	/intervals/trials	285	start_time	n/a	n/a	n/a	n/a	n/a	n/a	n/a	n/a	n/a	maa	358.1660111	285	true	358.1310567	358.5213814
358.1660111	0.0	cv_transition	/intervals/trials	285	cv_transition_time	n/a	n/a	n/a	n/a	n/a	n/a	n/a	n/a	n/a	maa	358.1660111	285	true	358.1310567	358.5213814
359.0120384	0.43434150000001637	trials	/intervals/trials	286	start_time	n/a	n/a	n/a	n/a	n/a	n/a	n/a	n/a	n/a	ree	359.0554078	286	true	359.0120384	359.4463799
359.0554078	0.0	cv_transition	/intervals/trials	286	cv_transition_time	n/a	n/a	n/a	n/a	n/a	n/a	n/a	n/a	n/a	ree	359.0554078	286	true	359.0120384	359.4463799
359.896904	0.5178437999999801	trials	/intervals/trials	287	start_time	n/a	n/a	n/a	n/a	n/a	n/a	n/a	n/a	n/a	shaa	360.0580829	287	true	359.896904	360.4147478
360.0580829	0.0	cv_transition	/intervals/trials	287	cv_transition_time	n/a	n/a	n/a	n/a	n/a	n/a	n/a	n/a	n/a	shaa	360.0580829	287	true	359.896904	360.4147478
361.0309819	0.4000343000000157	trials	/intervals/trials	288	start_time	n/a	n/a	n/a	n/a	n/a	n/a	n/a	n/a	n/a	doo	361.0568741	288	true	361.0309819	361.4310162
361.0568741	0.0	cv_transition	/intervals/trials	288	cv_transition_time	n/a	n/a	n/a	n/a	n/a	n/a	n/a	n/a	n/a	doo	361.0568741	288	true	361.0309819	361.4310162
361.8685942	0.35537030000000414	trials	/intervals/trials	289	start_time	n/a	n/a	n/a	n/a	n/a	n/a	n/a	n/a	n/a	lee	361.9520966	289	true	361.8685942	362.2239645
361.9520966	0.0	cv_transition	/intervals/trials	289	cv_transition_time	n/a	n/a	n/a	n/a	n/a	n/a	n/a	n/a	n/a	lee	361.9520966	289	true	361.8685942	362.2239645
363.1793863	0.3825571000000423	trials	/intervals/trials	290	start_time	n/a	n/a	n/a	n/a	n/a	n/a	n/a	n/a	n/a	gee	363.210457	290	true	363.1793863	363.5619434
363.210457	0.0	cv_transition	/intervals/trials	290	cv_transition_time	n/a	n/a	n/a	n/a	n/a	n/a	n/a	n/a	n/a	gee	363.210457	290	true	363.1793863	363.5619434
363.9283179	0.46282289999999193	trials	/intervals/trials	291	start_time	n/a	n/a	n/a	n/a	n/a	n/a	n/a	n/a	n/a	vee	364.002758	291	true	363.9283179	364.3911408
364.002758	0.0	cv_transition	/intervals/trials	291	cv_transition_time	n/a	n/a	n/a	n/a	n/a	n/a	n/a	n/a	n/a	vee	364.002758	291	true	363.9283179	364.3911408
364.7393908	0.6175286999999798	trials	/intervals/trials	292	start_time	n/a	n/a	n/a	n/a	n/a	n/a	n/a	n/a	n/a	soo	364.9898977	292	true	364.7393908	365.3569195
364.9898977	0.0	cv_transition	/intervals/trials	292	cv_transition_time	n/a	n/a	n/a	n/a	n/a	n/a	n/a	n/a	n/a	soo	364.9898977	292	true	364.7393908	365.3569195
366.687778	0.4000344000000382	trials	/intervals/trials	293	start_time	n/a	n/a	n/a	n/a	n/a	n/a	n/a	n/a	n/a	taa	366.7686911	293	true	366.687778	367.0878124
366.7686911	0.0	cv_transition	/intervals/trials	293	cv_transition_time	n/a	n/a	n/a	n/a	n/a	n/a	n/a	n/a	n/a	taa	366.7686911	293	true	366.687778	367.0878124
367.4723114	0.3275361999999973	trials	/intervals/trials	294	start_time	n/a	n/a	n/a	n/a	n/a	n/a	n/a	n/a	n/a	bee	367.4813736	294	true	367.4723114	367.7998476
367.4813736	0.0	cv_transition	/intervals/trials	294	cv_transition_time	n/a	n/a	n/a	n/a	n/a	n/a	n/a	n/a	n/a	bee	367.4813736	294	true	367.4723114	367.7998476
368.1629855	0.4492295000000013	trials	/intervals/trials	295	start_time	n/a	n/a	n/a	n/a	n/a	n/a	n/a	n/a	n/a	raa	368.2536082	295	true	368.1629855	368.612215
368.2536082	0.0	cv_transition	/intervals/trials	295	cv_transition_time	n/a	n/a	n/a	n/a	n/a	n/a	n/a	n/a	n/a	raa	368.2536082	295	true	368.1629855	368.612215
369.0588553	0.3586068000000182	trials	/intervals/trials	296	start_time	n/a	n/a	n/a	n/a	n/a	n/a	n/a	n/a	n/a	gaa	369.0905732	296	true	369.0588553	369.4174621
369.0905732	0.0	cv_transition	/intervals/trials	296	cv_transition_time	n/a	n/a	n/a	n/a	n/a	n/a	n/a	n/a	n/a	gaa	369.0905732	296	true	369.0588553	369.4174621
369.9948579	0.3476026999999817	trials	/intervals/trials	297	start_time	n/a	n/a	n/a	n/a	n/a	n/a	n/a	n/a	n/a	fee	370.0213974	297	true	369.9948579	370.3424606
370.0213974	0.0	cv_transition	/intervals/trials	297	cv_transition_time	n/a	n/a	n/a	n/a	n/a	n/a	n/a	n/a	n/a	fee	370.0213974	297	true	369.9948579	370.3424606
371.3101812	0.44987680000002683	trials	/intervals/trials	298	start_time	n/a	n/a	n/a	n/a	n/a	n/a	n/a	n/a	n/a	thaa	371.4040404	298	true	371.3101812	371.760058
371.4040404	0.0	cv_transition	/intervals/trials	298	cv_transition_time	n/a	n/a	n/a	n/a	n/a	n/a	n/a	n/a	n/a	thaa	371.4040404	298	true	371.3101812	371.760058
372.1484408	0.45958639999997786	trials	/intervals/trials	299	start_time	n/a	n/a	n/a	n/a	n/a	n/a	n/a	n/a	n/a	waa	372.235827	299	true	372.1484408	372.6080272
372.235827	0.0	cv_transition	/intervals/trials	299	cv_transition_time	n/a	n/a	n/a	n/a	n/a	n/a	n/a	n/a	n/a	waa	372.235827	299	true	372.1484408	372.6080272
373.223614	0.3974451000000272	trials	/intervals/trials	300	start_time	n/a	n/a	n/a	n/a	n/a	n/a	n/a	n/a	n/a	voo	373.2643942	300	true	373.223614	373.6210591
373.2643942	0.0	cv_transition	/intervals/trials	300	cv_transition_time	n/a	n/a	n/a	n/a	n/a	n/a	n/a	n/a	n/a	voo	373.2643942	300	true	373.223614	373.6210591
374.0314503	0.42657379999997147	trials	/intervals/trials	301	start_time	n/a	n/a	n/a	n/a	n/a	n/a	n/a	n/a	n/a	roo	374.0890604	301	true	374.0314503	374.4580241
374.0890604	0.0	cv_transition	/intervals/trials	301	cv_transition_time	n/a	n/a	n/a	n/a	n/a	n/a	n/a	n/a	n/a	roo	374.0890604	301	true	374.0314503	374.4580241
375.1920677	0.4414618000000132	trials	/intervals/trials	302	start_time	n/a	n/a	n/a	n/a	n/a	n/a	n/a	n/a	n/a	naa	375.2626239	302	true	375.1920677	375.6335295
375.2626239	0.0	cv_transition	/intervals/trials	302	cv_transition_time	n/a	n/a	n/a	n/a	n/a	n/a	n/a	n/a	n/a	naa	375.2626239	302	true	375.1920677	375.6335295
375.9299951	0.5890473000000043	trials	/intervals/trials	303	start_time	n/a	n/a	n/a	n/a	n/a	n/a	n/a	n/a	n/a	saa	376.0898794	303	true	375.9299951	376.5190424
376.0898794	0.0	cv_transition	/intervals/trials	303	cv_transition_time	n/a	n/a	n/a	n/a	n/a	n/a	n/a	n/a	n/a	saa	376.0898794	303	true	375.9299951	376.5190424
376.9993425	0.39161939999996775	trials	/intervals/trials	304	start_time	n/a	n/a	n/a	n/a	n/a	n/a	n/a	n/a	n/a	daa	377.025882	304	true	376.9993425	377.3909619
377.025882	0.0	cv_transition	/intervals/trials	304	cv_transition_time	n/a	n/a	n/a	n/a	n/a	n/a	n/a	n/a	n/a	daa	377.025882	304	true	376.9993425	377.3909619
377.939229	0.42981040000000803	trials	/intervals/trials	305	start_time	n/a	n/a	n/a	n/a	n/a	n/a	n/a	n/a	n/a	paa	378.0143164	305	true	377.939229	378.3690394
378.0143164	0.0	cv_transition	/intervals/trials	305	cv_transition_time	n/a	n/a	n/a	n/a	n/a	n/a	n/a	n/a	n/a	paa	378.0143164	305	true	377.939229	378.3690394
379.2403115	0.49454090000000406	trials	/intervals/trials	306	start_time	n/a	n/a	n/a	n/a	n/a	n/a	n/a	n/a	n/a	nee	379.334818	306	true	379.2403115	379.7348524
379.334818	0.0	cv_transition	/intervals/trials	306	cv_transition_time	n/a	n/a	n/a	n/a	n/a	n/a	n/a	n/a	n/a	nee	379.334818	306	true	379.2403115	379.7348524
381.312334	0.3611960999999724	trials	/intervals/trials	307	start_time	n/a	n/a	n/a	n/a	n/a	n/a	n/a	n/a	n/a	laa	381.365413	307	true	381.312334	381.6735301
381.365413	0.0	cv_transition	/intervals/trials	307	cv_transition_time	n/a	n/a	n/a	n/a	n/a	n/a	n/a	n/a	n/a	laa	381.365413	307	true	381.312334	381.6735301
383.0594095	0.3689636999999948	trials	/intervals/trials	308	start_time	n/a	n/a	n/a	n/a	n/a	n/a	n/a	n/a	n/a	baa	383.0755921	308	true	383.0594095	383.4283732
383.0755921	0.0	cv_transition	/intervals/trials	308	cv_transition_time	n/a	n/a	n/a	n/a	n/a	n/a	n/a	n/a	n/a	baa	383.0755921	308	true	383.0594095	383.4283732
383.854947	0.4434037999999987	trials	/intervals/trials	309	start_time	n/a	n/a	n/a	n/a	n/a	n/a	n/a	n/a	n/a	mee	383.9144991	309	true	383.854947	384.2983508
383.9144991	0.0	cv_transition	/intervals/trials	309	cv_transition_time	n/a	n/a	n/a	n/a	n/a	n/a	n/a	n/a	n/a	mee	383.9144991	309	true	383.854947	384.2983508
384.5475631	0.42592650000000276	trials	/intervals/trials	310	start_time	n/a	n/a	n/a	n/a	n/a	n/a	n/a	n/a	n/a	moo	384.6032313	310	true	384.5475631	384.9734896
384.6032313	0.0	cv_transition	/intervals/trials	310	cv_transition_time	n/a	n/a	n/a	n/a	n/a	n/a	n/a	n/a	n/a	moo	384.6032313	310	true	384.5475631	384.9734896
385.2052247	0.43369420000004766	trials	/intervals/trials	311	start_time	n/a	n/a	n/a	n/a	n/a	n/a	n/a	n/a	n/a	woo	385.258951	311	true	385.2052247	385.6389189
385.258951	0.0	cv_transition	/intervals/trials	311	cv_transition_time	n/a	n/a	n/a	n/a	n/a	n/a	n/a	n/a	n/a	woo	385.258951	311	true	385.2052247	385.6389189
386.0415424	0.43304689999996526	trials	/intervals/trials	312	start_time	n/a	n/a	n/a	n/a	n/a	n/a	n/a	n/a	n/a	foo	386.1464058	312	true	386.0415424	386.4745893
386.1464058	0.0	cv_transition	/intervals/trials	312	cv_transition_time	n/a	n/a	n/a	n/a	n/a	n/a	n/a	n/a	n/a	foo	386.1464058	312	true	386.0415424	386.4745893
386.8416111	0.4997192999999811	trials	/intervals/trials	313	start_time	n/a	n/a	n/a	n/a	n/a	n/a	n/a	n/a	n/a	zoo	386.987902	313	true	386.8416111	387.3413304
386.987902	0.0	cv_transition	/intervals/trials	313	cv_transition_time	n/a	n/a	n/a	n/a	n/a	n/a	n/a	n/a	n/a	zoo	386.987902	313	true	386.8416111	387.3413304
387.795091	0.3922665999999708	trials	/intervals/trials	314	start_time	n/a	n/a	n/a	n/a	n/a	n/a	n/a	n/a	n/a	tee	387.8649999	314	true	387.795091	388.1873576
387.8649999	0.0	cv_transition	/intervals/trials	314	cv_transition_time	n/a	n/a	n/a	n/a	n/a	n/a	n/a	n/a	n/a	tee	387.8649999	314	true	387.795091	388.1873576
388.4967693	0.4531133000000409	trials	/intervals/trials	315	start_time	n/a	n/a	n/a	n/a	n/a	n/a	n/a	n/a	n/a	yaa	388.5712094	315	true	388.4967693	388.9498826
388.5712094	0.0	cv_transition	/intervals/trials	315	cv_transition_time	n/a	n/a	n/a	n/a	n/a	n/a	n/a	n/a	n/a	yaa	388.5712094	315	true	388.4967693	388.9498826
389.2010369	0.4071546999999782	trials	/intervals/trials	316	start_time	n/a	n/a	n/a	n/a	n/a	n/a	n/a	n/a	n/a	tee	389.2858338	316	true	389.2010369	389.6081916
389.2858338	0.0	cv_transition	/intervals/trials	316	cv_transition_time	n/a	n/a	n/a	n/a	n/a	n/a	n/a	n/a	n/a	tee	389.2858338	316	true	389.2010369	389.6081916
389.997869	0.3566648999999984	trials	/intervals/trials	317	start_time	n/a	n/a	n/a	n/a	n/a	n/a	n/a	n/a	n/a	dee	390.0302342	317	true	389.997869	390.3545339
390.0302342	0.0	cv_transition	/intervals/trials	317	cv_transition_time	n/a	n/a	n/a	n/a	n/a	n/a	n/a	n/a	n/a	dee	390.0302342	317	true	389.997869	390.3545339
390.9015064	0.44146189999997887	trials	/intervals/trials	318	start_time	n/a	n/a	n/a	n/a	n/a	n/a	n/a	n/a	n/a	yoo	390.9539381	318	true	390.9015064	391.3429683
390.9539381	0.0	cv_transition	/intervals/trials	318	cv_transition_time	n/a	n/a	n/a	n/a	n/a	n/a	n/a	n/a	n/a	yoo	390.9539381	318	true	390.9015064	391.3429683
391.6213093	0.38838279999998804	trials	/intervals/trials	319	start_time	n/a	n/a	n/a	n/a	n/a	n/a	n/a	n/a	n/a	haa	391.7196996	319	true	391.6213093	392.0096921
391.7196996	0.0	cv_transition	/intervals/trials	319	cv_transition_time	n/a	n/a	n/a	n/a	n/a	n/a	n/a	n/a	n/a	haa	391.7196996	319	true	391.6213093	392.0096921
392.9113876	0.38255709999998544	trials	/intervals/trials	320	start_time	n/a	n/a	n/a	n/a	n/a	n/a	n/a	n/a	n/a	koo	393.0117199	320	true	392.9113876	393.2939447
393.0117199	0.0	cv_transition	/intervals/trials	320	cv_transition_time	n/a	n/a	n/a	n/a	n/a	n/a	n/a	n/a	n/a	koo	393.0117199	320	true	392.9113876	393.2939447
394.2577815	0.42657379999997147	trials	/intervals/trials	321	start_time	n/a	n/a	n/a	n/a	n/a	n/a	n/a	n/a	n/a	kee	394.3542299	321	true	394.2577815	394.6843553
394.3542299	0.0	cv_transition	/intervals/trials	321	cv_transition_time	n/a	n/a	n/a	n/a	n/a	n/a	n/a	n/a	n/a	kee	394.3542299	321	true	394.2577815	394.6843553
395.1517093	0.3942086000000131	trials	/intervals/trials	322	start_time	n/a	n/a	n/a	n/a	n/a	n/a	n/a	n/a	n/a	pee	395.2209709	322	true	395.1517093	395.5459179
395.2209709	0.0	cv_transition	/intervals/trials	322	cv_transition_time	n/a	n/a	n/a	n/a	n/a	n/a	n/a	n/a	n/a	pee	395.2209709	322	true	395.1517093	395.5459179
395.8469146	0.3916194000000246	trials	/intervals/trials	323	start_time	n/a	n/a	n/a	n/a	n/a	n/a	n/a	n/a	n/a	yee	395.8799272	323	true	395.8469146	396.238534
395.8799272	0.0	cv_transition	/intervals/trials	323	cv_transition_time	n/a	n/a	n/a	n/a	n/a	n/a	n/a	n/a	n/a	yee	395.8799272	323	true	395.8469146	396.238534
396.7272491	0.3851463000000308	trials	/intervals/trials	324	start_time	n/a	n/a	n/a	n/a	n/a	n/a	n/a	n/a	n/a	loo	396.812046	324	true	396.7272491	397.1123954
396.812046	0.0	cv_transition	/intervals/trials	324	cv_transition_time	n/a	n/a	n/a	n/a	n/a	n/a	n/a	n/a	n/a	loo	396.812046	324	true	396.7272491	397.1123954
397.6548368	0.33724569999998266	trials	/intervals/trials	325	start_time	n/a	n/a	n/a	n/a	n/a	n/a	n/a	n/a	n/a	goo	397.6988535	325	true	397.6548368	397.9920825
397.6988535	0.0	cv_transition	/intervals/trials	325	cv_transition_time	n/a	n/a	n/a	n/a	n/a	n/a	n/a	n/a	n/a	goo	397.6988535	325	true	397.6548368	397.9920825
403.36368515121956	0.26367763744229933	invalid_times	/intervals/invalid_times	5	start_time	n/a	n/a	n/a	n/a	5	403.36368515121956	403.62736278866186	"[""ECoG artifact""]"	"[{""idx_start"":1230968,""count"":804,""timeseries"":""/acquisition/ElectricalSeries""}]"	n/a	n/a	n/a	n/a	n/a	n/a
415.4794043	0.3438836000000265	trials	/intervals/trials	326	start_time	n/a	n/a	n/a	n/a	n/a	n/a	n/a	n/a	n/a	mee	415.5156981	326	true	415.4794043	415.8232879
415.5156981	0.0	cv_transition	/intervals/trials	326	cv_transition_time	n/a	n/a	n/a	n/a	n/a	n/a	n/a	n/a	n/a	mee	415.5156981	326	true	415.4794043	415.8232879
416.2551839	0.46183829999995396	trials	/intervals/trials	327	start_time	n/a	n/a	n/a	n/a	n/a	n/a	n/a	n/a	n/a	wee	416.3350302	327	true	416.2551839	416.7170222
416.3350302	0.0	cv_transition	/intervals/trials	327	cv_transition_time	n/a	n/a	n/a	n/a	n/a	n/a	n/a	n/a	n/a	wee	416.3350302	327	true	416.2551839	416.7170222
417.0518323	0.4663750999999934	trials	/intervals/trials	328	start_time	n/a	n/a	n/a	n/a	n/a	n/a	n/a	n/a	n/a	thee	417.1752312	328	true	417.0518323	417.5182074
417.1752312	0.0	cv_transition	/intervals/trials	328	cv_transition_time	n/a	n/a	n/a	n/a	n/a	n/a	n/a	n/a	n/a	thee	417.1752312	328	true	417.0518323	417.5182074
418.0090808	0.40649030000002995	trials	/intervals/trials	329	start_time	n/a	n/a	n/a	n/a	n/a	n/a	n/a	n/a	n/a	kee	418.104352	329	true	418.0090808	418.4155711
418.104352	0.0	cv_transition	/intervals/trials	329	cv_transition_time	n/a	n/a	n/a	n/a	n/a	n/a	n/a	n/a	n/a	kee	418.104352	329	true	418.0090808	418.4155711
418.8030073	0.621530899999982	trials	/intervals/trials	330	start_time	n/a	n/a	n/a	n/a	n/a	n/a	n/a	n/a	n/a	see	419.0507123	330	true	418.8030073	419.4245382
419.0507123	0.0	cv_transition	/intervals/trials	330	cv_transition_time	n/a	n/a	n/a	n/a	n/a	n/a	n/a	n/a	n/a	see	419.0507123	330	true	418.8030073	419.4245382
420.0333664	0.48724400000003243	trials	/intervals/trials	331	start_time	n/a	n/a	n/a	n/a	n/a	n/a	n/a	n/a	n/a	zoo	420.2102986	331	true	420.0333664	420.5206104
420.2102986	0.0	cv_transition	/intervals/trials	331	cv_transition_time	n/a	n/a	n/a	n/a	n/a	n/a	n/a	n/a	n/a	zoo	420.2102986	331	true	420.0333664	420.5206104
421.0922375	0.4709118000000103	trials	/intervals/trials	332	start_time	n/a	n/a	n/a	n/a	n/a	n/a	n/a	n/a	n/a	pee	421.162103	332	true	421.0922375	421.5631493
421.162103	0.0	cv_transition	/intervals/trials	332	cv_transition_time	n/a	n/a	n/a	n/a	n/a	n/a	n/a	n/a	n/a	pee	421.162103	332	true	421.0922375	421.5631493
422.0449492	0.4182857999999783	trials	/intervals/trials	333	start_time	n/a	n/a	n/a	n/a	n/a	n/a	n/a	n/a	n/a	baa	422.0667255	333	true	422.0449492	422.463235
422.0667255	0.0	cv_transition	/intervals/trials	333	cv_transition_time	n/a	n/a	n/a	n/a	n/a	n/a	n/a	n/a	n/a	baa	422.0667255	333	true	422.0449492	422.463235
423.2353852	0.5516655000000128	trials	/intervals/trials	334	start_time	n/a	n/a	n/a	n/a	n/a	n/a	n/a	n/a	n/a	thoo	423.3687649	334	true	423.2353852	423.7870507
423.3687649	0.0	cv_transition	/intervals/trials	334	cv_transition_time	n/a	n/a	n/a	n/a	n/a	n/a	n/a	n/a	n/a	thoo	423.3687649	334	true	423.2353852	423.7870507
424.2806461	0.45185759999998254	trials	/intervals/trials	335	start_time	n/a	n/a	n/a	n/a	n/a	n/a	n/a	n/a	n/a	hoo	424.3459749	335	true	424.2806461	424.7325037
424.3459749	0.0	cv_transition	/intervals/trials	335	cv_transition_time	n/a	n/a	n/a	n/a	n/a	n/a	n/a	n/a	n/a	hoo	424.3459749	335	true	424.2806461	424.7325037
425.1925273	0.40921240000000125	trials	/intervals/trials	336	start_time	n/a	n/a	n/a	n/a	n/a	n/a	n/a	n/a	n/a	goo	425.2124889	336	true	425.1925273	425.6017397
425.2124889	0.0	cv_transition	/intervals/trials	336	cv_transition_time	n/a	n/a	n/a	n/a	n/a	n/a	n/a	n/a	n/a	goo	425.2124889	336	true	425.1925273	425.6017397
426.1416097	0.5752564000000007	trials	/intervals/trials	337	start_time	n/a	n/a	n/a	n/a	n/a	n/a	n/a	n/a	n/a	shoo	426.3502989	337	true	426.1416097	426.7168661
426.3502989	0.0	cv_transition	/intervals/trials	337	cv_transition_time	n/a	n/a	n/a	n/a	n/a	n/a	n/a	n/a	n/a	shoo	426.3502989	337	true	426.1416097	426.7168661
427.274883	0.47998519999998734	trials	/intervals/trials	338	start_time	n/a	n/a	n/a	n/a	n/a	n/a	n/a	n/a	n/a	roo	427.356544	338	true	427.274883	427.7548682
427.356544	0.0	cv_transition	/intervals/trials	338	cv_transition_time	n/a	n/a	n/a	n/a	n/a	n/a	n/a	n/a	n/a	roo	427.356544	338	true	427.274883	427.7548682
428.275684	0.5607388999999898	trials	/intervals/trials	339	start_time	n/a	n/a	n/a	n/a	n/a	n/a	n/a	n/a	n/a	yee	428.3328467	339	true	428.275684	428.8364229
428.3328467	0.0	cv_transition	/intervals/trials	339	cv_transition_time	n/a	n/a	n/a	n/a	n/a	n/a	n/a	n/a	n/a	yee	428.3328467	339	true	428.275684	428.8364229
429.387181	0.531703900000025	trials	/intervals/trials	340	start_time	n/a	n/a	n/a	n/a	n/a	n/a	n/a	n/a	n/a	zaa	429.5359855	340	true	429.387181	429.9188849
429.5359855	0.0	cv_transition	/intervals/trials	340	cv_transition_time	n/a	n/a	n/a	n/a	n/a	n/a	n/a	n/a	n/a	zaa	429.5359855	340	true	429.387181	429.9188849
430.5640068	0.43915479999998297	trials	/intervals/trials	341	start_time	n/a	n/a	n/a	n/a	n/a	n/a	n/a	n/a	n/a	laa	430.6665368	341	true	430.5640068	431.0031616
430.6665368	0.0	cv_transition	/intervals/trials	341	cv_transition_time	n/a	n/a	n/a	n/a	n/a	n/a	n/a	n/a	n/a	laa	430.6665368	341	true	430.5640068	431.0031616
431.7281299	0.3638450999999918	trials	/intervals/trials	342	start_time	n/a	n/a	n/a	n/a	n/a	n/a	n/a	n/a	n/a	voo	431.7889219	342	true	431.7281299	432.091975
431.7889219	0.0	cv_transition	/intervals/trials	342	cv_transition_time	n/a	n/a	n/a	n/a	n/a	n/a	n/a	n/a	n/a	voo	431.7889219	342	true	431.7281299	432.091975
432.7997037	0.4155637999999726	trials	/intervals/trials	343	start_time	n/a	n/a	n/a	n/a	n/a	n/a	n/a	n/a	n/a	poo	432.8550517	343	true	432.7997037	433.2152675
432.8550517	0.0	cv_transition	/intervals/trials	343	cv_transition_time	n/a	n/a	n/a	n/a	n/a	n/a	n/a	n/a	n/a	poo	432.8550517	343	true	432.7997037	433.2152675
433.9184595	0.43552540000001727	trials	/intervals/trials	344	start_time	n/a	n/a	n/a	n/a	n/a	n/a	n/a	n/a	n/a	loo	433.9801589	344	true	433.9184595	434.3539849
433.9801589	0.0	cv_transition	/intervals/trials	344	cv_transition_time	n/a	n/a	n/a	n/a	n/a	n/a	n/a	n/a	n/a	loo	433.9801589	344	true	433.9184595	434.3539849
435.0226978	0.5244450999999799	trials	/intervals/trials	345	start_time	n/a	n/a	n/a	n/a	n/a	n/a	n/a	n/a	n/a	shaa	435.1814831	345	true	435.0226978	435.5471429
435.1814831	0.0	cv_transition	/intervals/trials	345	cv_transition_time	n/a	n/a	n/a	n/a	n/a	n/a	n/a	n/a	n/a	shaa	435.1814831	345	true	435.0226978	435.5471429
436.2476129	0.42645190000001776	trials	/intervals/trials	346	start_time	n/a	n/a	n/a	n/a	n/a	n/a	n/a	n/a	n/a	thaa	436.3102197	346	true	436.2476129	436.6740648
436.3102197	0.0	cv_transition	/intervals/trials	346	cv_transition_time	n/a	n/a	n/a	n/a	n/a	n/a	n/a	n/a	n/a	thaa	436.3102197	346	true	436.2476129	436.6740648
437.4289754	0.42917399999998906	trials	/intervals/trials	347	start_time	n/a	n/a	n/a	n/a	n/a	n/a	n/a	n/a	n/a	vaa	437.4480297	347	true	437.4289754	437.8581494
437.4480297	0.0	cv_transition	/intervals/trials	347	cv_transition_time	n/a	n/a	n/a	n/a	n/a	n/a	n/a	n/a	n/a	vaa	437.4480297	347	true	437.4289754	437.8581494
438.6484465	0.4119344000000069	trials	/intervals/trials	348	start_time	n/a	n/a	n/a	n/a	n/a	n/a	n/a	n/a	n/a	foo	438.7083312	348	true	438.6484465	439.0603809
438.7083312	0.0	cv_transition	/intervals/trials	348	cv_transition_time	n/a	n/a	n/a	n/a	n/a	n/a	n/a	n/a	n/a	foo	438.7083312	348	true	438.6484465	439.0603809
439.8479559	0.40013890000000174	trials	/intervals/trials	349	start_time	n/a	n/a	n/a	n/a	n/a	n/a	n/a	n/a	n/a	maa	439.8869717	349	true	439.8479559	440.2480948
439.8869717	0.0	cv_transition	/intervals/trials	349	cv_transition_time	n/a	n/a	n/a	n/a	n/a	n/a	n/a	n/a	n/a	maa	439.8869717	349	true	439.8479559	440.2480948
441.180845	0.4836146000000099	trials	/intervals/trials	350	start_time	n/a	n/a	n/a	n/a	n/a	n/a	n/a	n/a	n/a	saa	441.3006145	350	true	441.180845	441.6644596
441.3006145	0.0	cv_transition	/intervals/trials	350	cv_transition_time	n/a	n/a	n/a	n/a	n/a	n/a	n/a	n/a	n/a	saa	441.3006145	350	true	441.180845	441.6644596
442.4302584	0.43008129999998346	trials	/intervals/trials	351	start_time	n/a	n/a	n/a	n/a	n/a	n/a	n/a	n/a	n/a	too	442.5200855	351	true	442.4302584	442.8603397
442.5200855	0.0	cv_transition	/intervals/trials	351	cv_transition_time	n/a	n/a	n/a	n/a	n/a	n/a	n/a	n/a	n/a	too	442.5200855	351	true	442.4302584	442.8603397
443.4228933	0.6097354999999993	trials	/intervals/trials	352	start_time	n/a	n/a	n/a	n/a	n/a	n/a	n/a	n/a	n/a	shee	443.6497294	352	true	443.4228933	444.0326288
443.6497294	0.0	cv_transition	/intervals/trials	352	cv_transition_time	n/a	n/a	n/a	n/a	n/a	n/a	n/a	n/a	n/a	shee	443.6497294	352	true	443.4228933	444.0326288
444.6214954	0.6115502000000106	trials	/intervals/trials	353	start_time	n/a	n/a	n/a	n/a	n/a	n/a	n/a	n/a	n/a	zee	444.8274626	353	true	444.6214954	445.2330456
444.8274626	0.0	cv_transition	/intervals/trials	353	cv_transition_time	n/a	n/a	n/a	n/a	n/a	n/a	n/a	n/a	n/a	zee	444.8274626	353	true	444.6214954	445.2330456
445.8781675	0.4373400999999717	trials	/intervals/trials	354	start_time	n/a	n/a	n/a	n/a	n/a	n/a	n/a	n/a	n/a	dee	445.9189981	354	true	445.8781675	446.3155076
445.9189981	0.0	cv_transition	/intervals/trials	354	cv_transition_time	n/a	n/a	n/a	n/a	n/a	n/a	n/a	n/a	n/a	dee	445.9189981	354	true	445.8781675	446.3155076
446.9306872	0.4945026999999982	trials	/intervals/trials	355	start_time	n/a	n/a	n/a	n/a	n/a	n/a	n/a	n/a	n/a	lee	447.0241437	355	true	446.9306872	447.4251899
447.0241437	0.0	cv_transition	/intervals/trials	355	cv_transition_time	n/a	n/a	n/a	n/a	n/a	n/a	n/a	n/a	n/a	lee	447.0241437	355	true	446.9306872	447.4251899
447.9278588	0.45185759999998254	trials	/intervals/trials	356	start_time	n/a	n/a	n/a	n/a	n/a	n/a	n/a	n/a	n/a	yaa	447.9841142	356	true	447.9278588	448.3797164
447.9841142	0.0	cv_transition	/intervals/trials	356	cv_transition_time	n/a	n/a	n/a	n/a	n/a	n/a	n/a	n/a	n/a	yaa	447.9841142	356	true	447.9278588	448.3797164
448.9586022	0.37745530000000826	trials	/intervals/trials	357	start_time	n/a	n/a	n/a	n/a	n/a	n/a	n/a	n/a	n/a	gaa	448.9985253	357	true	448.9586022	449.3360575
448.9985253	0.0	cv_transition	/intervals/trials	357	cv_transition_time	n/a	n/a	n/a	n/a	n/a	n/a	n/a	n/a	n/a	gaa	448.9985253	357	true	448.9586022	449.3360575
449.9920676	0.37836260000000266	trials	/intervals/trials	358	start_time	n/a	n/a	n/a	n/a	n/a	n/a	n/a	n/a	n/a	doo	450.0220099	358	true	449.9920676	450.3704302
450.0220099	0.0	cv_transition	/intervals/trials	358	cv_transition_time	n/a	n/a	n/a	n/a	n/a	n/a	n/a	n/a	n/a	doo	450.0220099	358	true	449.9920676	450.3704302
450.8948754	0.40558300000003555	trials	/intervals/trials	359	start_time	n/a	n/a	n/a	n/a	n/a	n/a	n/a	n/a	n/a	woo	450.9320765	359	true	450.8948754	451.3004584
450.9320765	0.0	cv_transition	/intervals/trials	359	cv_transition_time	n/a	n/a	n/a	n/a	n/a	n/a	n/a	n/a	n/a	woo	450.9320765	359	true	450.8948754	451.3004584
451.7423351	0.41828590000000077	trials	/intervals/trials	360	start_time	n/a	n/a	n/a	n/a	n/a	n/a	n/a	n/a	n/a	taa	451.8548459	360	true	451.7423351	452.160621
451.8548459	0.0	cv_transition	/intervals/trials	360	cv_transition_time	n/a	n/a	n/a	n/a	n/a	n/a	n/a	n/a	n/a	taa	451.8548459	360	true	451.7423351	452.160621
452.7730785	0.40739769999999	trials	/intervals/trials	361	start_time	n/a	n/a	n/a	n/a	n/a	n/a	n/a	n/a	n/a	tee	452.8701644	361	true	452.7730785	453.1804762
452.8701644	0.0	cv_transition	/intervals/trials	361	cv_transition_time	n/a	n/a	n/a	n/a	n/a	n/a	n/a	n/a	n/a	tee	452.8701644	361	true	452.7730785	453.1804762
453.8056366	0.3965094999999792	trials	/intervals/trials	362	start_time	n/a	n/a	n/a	n/a	n/a	n/a	n/a	n/a	n/a	ree	453.8328569	362	true	453.8056366	454.2021461
453.8328569	0.0	cv_transition	/intervals/trials	362	cv_transition_time	n/a	n/a	n/a	n/a	n/a	n/a	n/a	n/a	n/a	ree	453.8328569	362	true	453.8056366	454.2021461
454.731128	0.38743610000000217	trials	/intervals/trials	363	start_time	n/a	n/a	n/a	n/a	n/a	n/a	n/a	n/a	n/a	koo	454.8372873	363	true	454.731128	455.1185641
454.8372873	0.0	cv_transition	/intervals/trials	363	cv_transition_time	n/a	n/a	n/a	n/a	n/a	n/a	n/a	n/a	n/a	koo	454.8372873	363	true	454.731128	455.1185641
455.7618713	0.38834350000001905	trials	/intervals/trials	364	start_time	n/a	n/a	n/a	n/a	n/a	n/a	n/a	n/a	n/a	hee	455.8344589	364	true	455.7618713	456.1502148
455.8344589	0.0	cv_transition	/intervals/trials	364	cv_transition_time	n/a	n/a	n/a	n/a	n/a	n/a	n/a	n/a	n/a	hee	455.8344589	364	true	455.7618713	456.1502148
456.7790045	0.35840110000003733	trials	/intervals/trials	365	start_time	n/a	n/a	n/a	n/a	n/a	n/a	n/a	n/a	n/a	vee	456.8270938	365	true	456.7790045	457.1374056
456.8270938	0.0	cv_transition	/intervals/trials	365	cv_transition_time	n/a	n/a	n/a	n/a	n/a	n/a	n/a	n/a	n/a	vee	456.8270938	365	true	456.7790045	457.1374056
457.7553072	0.5108349999999859	trials	/intervals/trials	366	start_time	n/a	n/a	n/a	n/a	n/a	n/a	n/a	n/a	n/a	fee	457.9149999	366	true	457.7553072	458.2661422
457.9149999	0.0	cv_transition	/intervals/trials	366	cv_transition_time	n/a	n/a	n/a	n/a	n/a	n/a	n/a	n/a	n/a	fee	457.9149999	366	true	457.7553072	458.2661422
458.95028	0.40921229999997877	trials	/intervals/trials	367	start_time	n/a	n/a	n/a	n/a	n/a	n/a	n/a	n/a	n/a	bee	458.9647975	367	true	458.95028	459.3594923
458.9647975	0.0	cv_transition	/intervals/trials	367	cv_transition_time	n/a	n/a	n/a	n/a	n/a	n/a	n/a	n/a	n/a	bee	458.9647975	367	true	458.95028	459.3594923
459.8385702	0.4491356000000337	trials	/intervals/trials	368	start_time	n/a	n/a	n/a	n/a	n/a	n/a	n/a	n/a	n/a	haa	459.924768	368	true	459.8385702	460.2877058
459.924768	0.0	cv_transition	/intervals/trials	368	cv_transition_time	n/a	n/a	n/a	n/a	n/a	n/a	n/a	n/a	n/a	haa	459.924768	368	true	459.8385702	460.2877058
460.8484447	0.4455060999999887	trials	/intervals/trials	369	start_time	n/a	n/a	n/a	n/a	n/a	n/a	n/a	n/a	n/a	naa	460.901978	369	true	460.8484447	461.2939508
460.901978	0.0	cv_transition	/intervals/trials	369	cv_transition_time	n/a	n/a	n/a	n/a	n/a	n/a	n/a	n/a	n/a	naa	460.901978	369	true	460.8484447	461.2939508
461.8637632	0.3629377999999974	trials	/intervals/trials	370	start_time	n/a	n/a	n/a	n/a	n/a	n/a	n/a	n/a	n/a	boo	461.8719293	370	true	461.8637632	462.226701
461.8719293	0.0	cv_transition	/intervals/trials	370	cv_transition_time	n/a	n/a	n/a	n/a	n/a	n/a	n/a	n/a	n/a	boo	461.8719293	370	true	461.8637632	462.226701
462.6722072	0.5571095000000241	trials	/intervals/trials	371	start_time	n/a	n/a	n/a	n/a	n/a	n/a	n/a	n/a	n/a	soo	462.8799891	371	true	462.6722072	463.2293167
462.8799891	0.0	cv_transition	/intervals/trials	371	cv_transition_time	n/a	n/a	n/a	n/a	n/a	n/a	n/a	n/a	n/a	soo	462.8799891	371	true	462.6722072	463.2293167
463.793685	0.38652870000004214	trials	/intervals/trials	372	start_time	n/a	n/a	n/a	n/a	n/a	n/a	n/a	n/a	n/a	gee	463.8154612	372	true	463.793685	464.1802137
463.8154612	0.0	cv_transition	/intervals/trials	372	cv_transition_time	n/a	n/a	n/a	n/a	n/a	n/a	n/a	n/a	n/a	gee	463.8154612	372	true	463.793685	464.1802137
464.5467809	0.5516655000000128	trials	/intervals/trials	373	start_time	n/a	n/a	n/a	n/a	n/a	n/a	n/a	n/a	n/a	faa	464.7119176	373	true	464.5467809	465.0984464
464.7119176	0.0	cv_transition	/intervals/trials	373	cv_transition_time	n/a	n/a	n/a	n/a	n/a	n/a	n/a	n/a	n/a	faa	464.7119176	373	true	464.5467809	465.0984464
465.5856904	0.4201005000000464	trials	/intervals/trials	374	start_time	n/a	n/a	n/a	n/a	n/a	n/a	n/a	n/a	n/a	nee	465.6401311	374	true	465.5856904	466.0057909
465.6401311	0.0	cv_transition	/intervals/trials	374	cv_transition_time	n/a	n/a	n/a	n/a	n/a	n/a	n/a	n/a	n/a	nee	465.6401311	374	true	465.5856904	466.0057909
466.4558338	0.514464299999986	trials	/intervals/trials	375	start_time	n/a	n/a	n/a	n/a	n/a	n/a	n/a	n/a	n/a	raa	466.5692518	375	true	466.4558338	466.9702981
466.5692518	0.0	cv_transition	/intervals/trials	375	cv_transition_time	n/a	n/a	n/a	n/a	n/a	n/a	n/a	n/a	n/a	raa	466.5692518	375	true	466.4558338	466.9702981
467.5509986	0.48270729999995865	trials	/intervals/trials	376	start_time	n/a	n/a	n/a	n/a	n/a	n/a	n/a	n/a	n/a	noo	467.6136054	376	true	467.5509986	468.0337059
467.6136054	0.0	cv_transition	/intervals/trials	376	cv_transition_time	n/a	n/a	n/a	n/a	n/a	n/a	n/a	n/a	n/a	noo	467.6136054	376	true	467.5509986	468.0337059
468.4483623	0.45820900000001075	trials	/intervals/trials	377	start_time	n/a	n/a	n/a	n/a	n/a	n/a	n/a	n/a	n/a	paa	468.5336527	377	true	468.4483623	468.9065713
468.5336527	0.0	cv_transition	/intervals/trials	377	cv_transition_time	n/a	n/a	n/a	n/a	n/a	n/a	n/a	n/a	n/a	paa	468.5336527	377	true	468.4483623	468.9065713
470.2394604	0.44913550000001123	trials	/intervals/trials	378	start_time	n/a	n/a	n/a	n/a	n/a	n/a	n/a	n/a	n/a	kaa	470.3329169	378	true	470.2394604	470.6885959
470.3329169	0.0	cv_transition	/intervals/trials	378	cv_transition_time	n/a	n/a	n/a	n/a	n/a	n/a	n/a	n/a	n/a	kaa	470.3329169	378	true	470.2394604	470.6885959
471.1495269	0.40830510000000686	trials	/intervals/trials	379	start_time	n/a	n/a	n/a	n/a	n/a	n/a	n/a	n/a	n/a	waa	471.2012456	379	true	471.1495269	471.557832
471.2012456	0.0	cv_transition	/intervals/trials	379	cv_transition_time	n/a	n/a	n/a	n/a	n/a	n/a	n/a	n/a	n/a	waa	471.2012456	379	true	471.1495269	471.557832
472.0078749	0.3593084000000317	trials	/intervals/trials	380	start_time	n/a	n/a	n/a	n/a	n/a	n/a	n/a	n/a	n/a	daa	472.0323732	380	true	472.0078749	472.3671833
472.0323732	0.0	cv_transition	/intervals/trials	380	cv_transition_time	n/a	n/a	n/a	n/a	n/a	n/a	n/a	n/a	n/a	daa	472.0323732	380	true	472.0078749	472.3671833
473.7663085	0.2413537000000474	trials	/intervals/trials	381	start_time	n/a	n/a	n/a	n/a	n/a	n/a	n/a	n/a	n/a	moo	473.8198419	381	true	473.7663085	474.0076622
473.8198419	0.0	cv_transition	/intervals/trials	381	cv_transition_time	n/a	n/a	n/a	n/a	n/a	n/a	n/a	n/a	n/a	moo	473.8198419	381	true	473.7663085	474.0076622
498.4141428440343	6.690710427422573	invalid_times	/intervals/invalid_times	6	start_time	n/a	n/a	n/a	n/a	6	498.4141428440343	505.1048532714569	"[""ECoG artifact""]"	"[{""idx_start"":1521039,""count"":20418,""timeseries"":""/acquisition/ElectricalSeries""}]"	n/a	n/a	n/a	n/a	n/a	n/a
516.0	57.0	epochs	/intervals/epochs	0	start_time	0	rest_period	516.0	573.0	n/a	n/a	n/a	n/a	n/a	n/a	n/a	n/a	n/a	n/a	n/a
