onset	duration	trial_type	source_table	source_row	source_onset_column	nwb_epochs_id	nwb_epochs_label	nwb_epochs_start_time	nwb_epochs_stop_time	nwb_invalid_times_id	nwb_invalid_times_start_time	nwb_invalid_times_stop_time	nwb_invalid_times_tags	nwb_invalid_times_timeseries	nwb_trials_condition	nwb_trials_cv_transition_time	nwb_trials_id	nwb_trials_speak	nwb_trials_start_time	nwb_trials_stop_time
4.6357812	0.3575058999999996	trials	/intervals/trials	0	start_time	n/a	n/a	n/a	n/a	n/a	n/a	n/a	n/a	n/a	raa	4.6992975	0	true	4.6357812	4.9932871
4.6992975	0.0	cv_transition	/intervals/trials	0	cv_transition_time	n/a	n/a	n/a	n/a	n/a	n/a	n/a	n/a	n/a	raa	4.6992975	0	true	4.6357812	4.9932871
5.314498	0.4845384999999993	trials	/intervals/trials	1	start_time	n/a	n/a	n/a	n/a	n/a	n/a	n/a	n/a	n/a	shee	5.5086764	1	true	5.314498	5.7990365
5.5086764	0.0	cv_transition	/intervals/trials	1	cv_transition_time	n/a	n/a	n/a	n/a	n/a	n/a	n/a	n/a	n/a	shee	5.5086764	1	true	5.314498	5.7990365
7.591103	0.3212109999999999	trials	/intervals/trials	2	start_time	n/a	n/a	n/a	n/a	n/a	n/a	n/a	n/a	n/a	yoo	7.6428234	2	true	7.591103	7.912314
7.6428234	0.0	cv_transition	/intervals/trials	2	cv_transition_time	n/a	n/a	n/a	n/a	n/a	n/a	n/a	n/a	n/a	yoo	7.6428234	2	true	7.591103	7.912314
8.2543945	0.3230257000000005	trials	/intervals/trials	3	start_time	n/a	n/a	n/a	n/a	n/a	n/a	n/a	n/a	n/a	baa	8.2643756	3	true	8.2543945	8.5774202
8.2643756	0.0	cv_transition	/intervals/trials	3	cv_transition_time	n/a	n/a	n/a	n/a	n/a	n/a	n/a	n/a	n/a	baa	8.2643756	3	true	8.2543945	8.5774202
9.2044166	0.4328181000000004	trials	/intervals/trials	4	start_time	n/a	n/a	n/a	n/a	n/a	n/a	n/a	n/a	n/a	zee	9.3269123	4	true	9.2044166	9.6372347
9.3269123	0.0	cv_transition	/intervals/trials	4	cv_transition_time	n/a	n/a	n/a	n/a	n/a	n/a	n/a	n/a	n/a	zee	9.3269123	4	true	9.2044166	9.6372347
10.2633238	0.35296899999999987	trials	/intervals/trials	5	start_time	n/a	n/a	n/a	n/a	n/a	n/a	n/a	n/a	n/a	gee	10.2851008	5	true	10.2633238	10.6162928
10.2851008	0.0	cv_transition	/intervals/trials	5	cv_transition_time	n/a	n/a	n/a	n/a	n/a	n/a	n/a	n/a	n/a	gee	10.2851008	5	true	10.2633238	10.6162928
11.8485087	0.45005820000000085	trials	/intervals/trials	6	start_time	n/a	n/a	n/a	n/a	n/a	n/a	n/a	n/a	n/a	kee	11.9455978	6	true	11.8485087	12.2985669
11.9455978	0.0	cv_transition	/intervals/trials	6	cv_transition_time	n/a	n/a	n/a	n/a	n/a	n/a	n/a	n/a	n/a	kee	11.9455978	6	true	11.8485087	12.2985669
12.8738429	0.35296910000000103	trials	/intervals/trials	7	start_time	n/a	n/a	n/a	n/a	n/a	n/a	n/a	n/a	n/a	ree	12.9273781	7	true	12.8738429	13.226812
12.9273781	0.0	cv_transition	/intervals/trials	7	cv_transition_time	n/a	n/a	n/a	n/a	n/a	n/a	n/a	n/a	n/a	ree	12.9273781	7	true	12.8738429	13.226812
15.2248527	0.3611354999999996	trials	/intervals/trials	8	start_time	n/a	n/a	n/a	n/a	n/a	n/a	n/a	n/a	n/a	voo	15.2402781	8	true	15.2248527	15.5859882
15.2402781	0.0	cv_transition	/intervals/trials	8	cv_transition_time	n/a	n/a	n/a	n/a	n/a	n/a	n/a	n/a	n/a	voo	15.2402781	8	true	15.2248527	15.5859882
16.4570686	0.4055968000000014	trials	/intervals/trials	9	start_time	n/a	n/a	n/a	n/a	n/a	n/a	n/a	n/a	n/a	noo	16.5314734	9	true	16.4570686	16.8626654
16.5314734	0.0	cv_transition	/intervals/trials	9	cv_transition_time	n/a	n/a	n/a	n/a	n/a	n/a	n/a	n/a	n/a	noo	16.5314734	9	true	16.4570686	16.8626654
18.0377166	0.35659860000000165	trials	/intervals/trials	10	start_time	n/a	n/a	n/a	n/a	n/a	n/a	n/a	n/a	n/a	dee	18.0849002	10	true	18.0377166	18.3943152
18.0849002	0.0	cv_transition	/intervals/trials	10	cv_transition_time	n/a	n/a	n/a	n/a	n/a	n/a	n/a	n/a	n/a	dee	18.0849002	10	true	18.0377166	18.3943152
18.8716565	0.5071611000000011	trials	/intervals/trials	11	start_time	n/a	n/a	n/a	n/a	n/a	n/a	n/a	n/a	n/a	yee	19.0022568	11	true	18.8716565	19.3788176
19.0022568	0.0	cv_transition	/intervals/trials	11	cv_transition_time	n/a	n/a	n/a	n/a	n/a	n/a	n/a	n/a	n/a	yee	19.0022568	11	true	18.8716565	19.3788176
20.184567	0.39198619999999806	trials	/intervals/trials	12	start_time	n/a	n/a	n/a	n/a	n/a	n/a	n/a	n/a	n/a	koo	20.2653234	12	true	20.184567	20.5765532
20.2653234	0.0	cv_transition	/intervals/trials	12	cv_transition_time	n/a	n/a	n/a	n/a	n/a	n/a	n/a	n/a	n/a	koo	20.2653234	12	true	20.184567	20.5765532
21.0937572	0.43372540000000015	trials	/intervals/trials	13	start_time	n/a	n/a	n/a	n/a	n/a	n/a	n/a	n/a	n/a	fee	21.211716	13	true	21.0937572	21.5274826
21.211716	0.0	cv_transition	/intervals/trials	13	cv_transition_time	n/a	n/a	n/a	n/a	n/a	n/a	n/a	n/a	n/a	fee	21.211716	13	true	21.0937572	21.5274826
22.0428719	0.3720238999999985	trials	/intervals/trials	14	start_time	n/a	n/a	n/a	n/a	n/a	n/a	n/a	n/a	n/a	hee	22.0918702	14	true	22.0428719	22.4148958
22.0918702	0.0	cv_transition	/intervals/trials	14	cv_transition_time	n/a	n/a	n/a	n/a	n/a	n/a	n/a	n/a	n/a	hee	22.0918702	14	true	22.0428719	22.4148958
23.3213639	0.41920749999999884	trials	/intervals/trials	15	start_time	n/a	n/a	n/a	n/a	n/a	n/a	n/a	n/a	n/a	vaa	23.3894171	15	true	23.3213639	23.7405714
23.3894171	0.0	cv_transition	/intervals/trials	15	cv_transition_time	n/a	n/a	n/a	n/a	n/a	n/a	n/a	n/a	n/a	vaa	23.3894171	15	true	23.3213639	23.7405714
24.1960738	0.39470839999999896	trials	/intervals/trials	16	start_time	n/a	n/a	n/a	n/a	n/a	n/a	n/a	n/a	n/a	loo	24.2595901	16	true	24.1960738	24.5907822
24.2595901	0.0	cv_transition	/intervals/trials	16	cv_transition_time	n/a	n/a	n/a	n/a	n/a	n/a	n/a	n/a	n/a	loo	24.2595901	16	true	24.1960738	24.5907822
25.1551697	0.3366363000000021	trials	/intervals/trials	17	start_time	n/a	n/a	n/a	n/a	n/a	n/a	n/a	n/a	n/a	hoo	25.1696877	17	true	25.1551697	25.491806
25.1696877	0.0	cv_transition	/intervals/trials	17	cv_transition_time	n/a	n/a	n/a	n/a	n/a	n/a	n/a	n/a	n/a	hoo	25.1696877	17	true	25.1551697	25.491806
26.7548726	0.364765000000002	trials	/intervals/trials	18	start_time	n/a	n/a	n/a	n/a	n/a	n/a	n/a	n/a	n/a	kaa	26.8165742	18	true	26.7548726	27.1196376
26.8165742	0.0	cv_transition	/intervals/trials	18	cv_transition_time	n/a	n/a	n/a	n/a	n/a	n/a	n/a	n/a	n/a	kaa	26.8165742	18	true	26.7548726	27.1196376
27.4771435	0.3883566999999992	trials	/intervals/trials	19	start_time	n/a	n/a	n/a	n/a	n/a	n/a	n/a	n/a	n/a	poo	27.538845	19	true	27.4771435	27.8655002
27.538845	0.0	cv_transition	/intervals/trials	19	cv_transition_time	n/a	n/a	n/a	n/a	n/a	n/a	n/a	n/a	n/a	poo	27.538845	19	true	27.4771435	27.8655002
28.4262582	0.3747460999999994	trials	/intervals/trials	20	start_time	n/a	n/a	n/a	n/a	n/a	n/a	n/a	n/a	n/a	bee	28.4389615	20	true	28.4262582	28.8010043
28.4389615	0.0	cv_transition	/intervals/trials	20	cv_transition_time	n/a	n/a	n/a	n/a	n/a	n/a	n/a	n/a	n/a	bee	28.4389615	20	true	28.4262582	28.8010043
29.8254312	0.4010598999999999	trials	/intervals/trials	21	start_time	n/a	n/a	n/a	n/a	n/a	n/a	n/a	n/a	n/a	paa	29.851745	21	true	29.8254312	30.2264911
29.851745	0.0	cv_transition	/intervals/trials	21	cv_transition_time	n/a	n/a	n/a	n/a	n/a	n/a	n/a	n/a	n/a	paa	29.851745	21	true	29.8254312	30.2264911
30.6311806	0.4291885999999998	trials	/intervals/trials	22	start_time	n/a	n/a	n/a	n/a	n/a	n/a	n/a	n/a	n/a	taa	30.6910673	22	true	30.6311806	31.0603692
30.6910673	0.0	cv_transition	/intervals/trials	22	cv_transition_time	n/a	n/a	n/a	n/a	n/a	n/a	n/a	n/a	n/a	taa	30.6910673	22	true	30.6311806	31.0603692
31.5694068	0.42555910000000097	trials	/intervals/trials	23	start_time	n/a	n/a	n/a	n/a	n/a	n/a	n/a	n/a	n/a	naa	31.6220346	23	true	31.5694068	31.9949659
31.6220346	0.0	cv_transition	/intervals/trials	23	cv_transition_time	n/a	n/a	n/a	n/a	n/a	n/a	n/a	n/a	n/a	naa	31.6220346	23	true	31.5694068	31.9949659
32.4731527	0.5299072999999979	trials	/intervals/trials	24	start_time	n/a	n/a	n/a	n/a	n/a	n/a	n/a	n/a	n/a	saa	32.6165181	24	true	32.4731527	33.00306
32.6165181	0.0	cv_transition	/intervals/trials	24	cv_transition_time	n/a	n/a	n/a	n/a	n/a	n/a	n/a	n/a	n/a	saa	32.6165181	24	true	32.4731527	33.00306
33.6690736	0.6161079000000029	trials	/intervals/trials	25	start_time	n/a	n/a	n/a	n/a	n/a	n/a	n/a	n/a	n/a	shoo	33.8804921	25	true	33.6690736	34.2851815
33.8804921	0.0	cv_transition	/intervals/trials	25	cv_transition_time	n/a	n/a	n/a	n/a	n/a	n/a	n/a	n/a	n/a	shoo	33.8804921	25	true	33.6690736	34.2851815
34.8486617	0.48726059999999904	trials	/intervals/trials	26	start_time	n/a	n/a	n/a	n/a	n/a	n/a	n/a	n/a	n/a	foo	34.9285107	26	true	34.8486617	35.3359223
34.9285107	0.0	cv_transition	/intervals/trials	26	cv_transition_time	n/a	n/a	n/a	n/a	n/a	n/a	n/a	n/a	n/a	foo	34.9285107	26	true	34.8486617	35.3359223
35.9220868	0.45550249999999437	trials	/intervals/trials	27	start_time	n/a	n/a	n/a	n/a	n/a	n/a	n/a	n/a	n/a	daa	35.9375122	27	true	35.9220868	36.3775893
35.9375122	0.0	cv_transition	/intervals/trials	27	cv_transition_time	n/a	n/a	n/a	n/a	n/a	n/a	n/a	n/a	n/a	daa	35.9375122	27	true	35.9220868	36.3775893
37.0808053	0.49996389999999735	trials	/intervals/trials	28	start_time	n/a	n/a	n/a	n/a	n/a	n/a	n/a	n/a	n/a	faa	37.1615617	28	true	37.0808053	37.5807692
37.1615617	0.0	cv_transition	/intervals/trials	28	cv_transition_time	n/a	n/a	n/a	n/a	n/a	n/a	n/a	n/a	n/a	faa	37.1615617	28	true	37.0808053	37.5807692
38.2431532	0.4201149000000015	trials	/intervals/trials	29	start_time	n/a	n/a	n/a	n/a	n/a	n/a	n/a	n/a	n/a	goo	38.2658376	29	true	38.2431532	38.6632681
38.2658376	0.0	cv_transition	/intervals/trials	29	cv_transition_time	n/a	n/a	n/a	n/a	n/a	n/a	n/a	n/a	n/a	goo	38.2658376	29	true	38.2431532	38.6632681
39.4626659	0.4246517000000054	trials	/intervals/trials	30	start_time	n/a	n/a	n/a	n/a	n/a	n/a	n/a	n/a	n/a	mee	39.5216453	30	true	39.4626659	39.8873176
39.5216453	0.0	cv_transition	/intervals/trials	30	cv_transition_time	n/a	n/a	n/a	n/a	n/a	n/a	n/a	n/a	n/a	mee	39.5216453	30	true	39.4626659	39.8873176
40.9680017	0.5453326999999959	trials	/intervals/trials	31	start_time	n/a	n/a	n/a	n/a	n/a	n/a	n/a	n/a	n/a	zaa	41.1576432	31	true	40.9680017	41.5133344
41.1576432	0.0	cv_transition	/intervals/trials	31	cv_transition_time	n/a	n/a	n/a	n/a	n/a	n/a	n/a	n/a	n/a	zaa	41.1576432	31	true	40.9680017	41.5133344
42.2256241	0.5362589	trials	/intervals/trials	32	start_time	n/a	n/a	n/a	n/a	n/a	n/a	n/a	n/a	n/a	see	42.3998402	32	true	42.2256241	42.761883
42.3998402	0.0	cv_transition	/intervals/trials	32	cv_transition_time	n/a	n/a	n/a	n/a	n/a	n/a	n/a	n/a	n/a	see	42.3998402	32	true	42.2256241	42.761883
43.421545	0.4555024000000003	trials	/intervals/trials	33	start_time	n/a	n/a	n/a	n/a	n/a	n/a	n/a	n/a	n/a	zoo	43.5512996	33	true	43.421545	43.8770474
43.5512996	0.0	cv_transition	/intervals/trials	33	cv_transition_time	n/a	n/a	n/a	n/a	n/a	n/a	n/a	n/a	n/a	zoo	43.5512996	33	true	43.421545	43.8770474
44.7254435	0.4518730000000062	trials	/intervals/trials	34	start_time	n/a	n/a	n/a	n/a	n/a	n/a	n/a	n/a	n/a	too	44.7934966	34	true	44.7254435	45.1773165
44.7934966	0.0	cv_transition	/intervals/trials	34	cv_transition_time	n/a	n/a	n/a	n/a	n/a	n/a	n/a	n/a	n/a	too	44.7934966	34	true	44.7254435	45.1773165
45.8986799	0.4237444000000039	trials	/intervals/trials	35	start_time	n/a	n/a	n/a	n/a	n/a	n/a	n/a	n/a	n/a	vee	45.9513077	35	true	45.8986799	46.3224243
45.9513077	0.0	cv_transition	/intervals/trials	35	cv_transition_time	n/a	n/a	n/a	n/a	n/a	n/a	n/a	n/a	n/a	vee	45.9513077	35	true	45.8986799	46.3224243
47.1009524	0.4482435000000038	trials	/intervals/trials	36	start_time	n/a	n/a	n/a	n/a	n/a	n/a	n/a	n/a	n/a	thaa	47.2007637	36	true	47.1009524	47.5491959
47.2007637	0.0	cv_transition	/intervals/trials	36	cv_transition_time	n/a	n/a	n/a	n/a	n/a	n/a	n/a	n/a	n/a	thaa	47.2007637	36	true	47.1009524	47.5491959
48.3794444	0.40831900000000587	trials	/intervals/trials	37	start_time	n/a	n/a	n/a	n/a	n/a	n/a	n/a	n/a	n/a	moo	48.4112026	37	true	48.3794444	48.7877634
48.4112026	0.0	cv_transition	/intervals/trials	37	cv_transition_time	n/a	n/a	n/a	n/a	n/a	n/a	n/a	n/a	n/a	moo	48.4112026	37	true	48.3794444	48.7877634
50.0980135	0.6714579	trials	/intervals/trials	38	start_time	n/a	n/a	n/a	n/a	n/a	n/a	n/a	n/a	n/a	thoo	50.2595264	38	true	50.0980135	50.7694714
50.2595264	0.0	cv_transition	/intervals/trials	38	cv_transition_time	n/a	n/a	n/a	n/a	n/a	n/a	n/a	n/a	n/a	thoo	50.2595264	38	true	50.0980135	50.7694714
52.105128	0.4645762999999974	trials	/intervals/trials	39	start_time	n/a	n/a	n/a	n/a	n/a	n/a	n/a	n/a	n/a	nee	52.1840697	39	true	52.105128	52.5697043
52.1840697	0.0	cv_transition	/intervals/trials	39	cv_transition_time	n/a	n/a	n/a	n/a	n/a	n/a	n/a	n/a	n/a	nee	52.1840697	39	true	52.105128	52.5697043
55.1729645	0.5135745000000043	trials	/intervals/trials	40	start_time	n/a	n/a	n/a	n/a	n/a	n/a	n/a	n/a	n/a	laa	55.2228701	40	true	55.1729645	55.686539
55.2228701	0.0	cv_transition	/intervals/trials	40	cv_transition_time	n/a	n/a	n/a	n/a	n/a	n/a	n/a	n/a	n/a	laa	55.2228701	40	true	55.1729645	55.686539
57.1828011	0.6061267999999984	trials	/intervals/trials	41	start_time	n/a	n/a	n/a	n/a	n/a	n/a	n/a	n/a	n/a	maa	57.2626501	41	true	57.1828011	57.7889279
57.2626501	0.0	cv_transition	/intervals/trials	41	cv_transition_time	n/a	n/a	n/a	n/a	n/a	n/a	n/a	n/a	n/a	maa	57.2626501	41	true	57.1828011	57.7889279
58.4848849	0.5017786000000015	trials	/intervals/trials	42	start_time	n/a	n/a	n/a	n/a	n/a	n/a	n/a	n/a	n/a	soo	58.6509346	42	true	58.4848849	58.9866635
58.6509346	0.0	cv_transition	/intervals/trials	42	cv_transition_time	n/a	n/a	n/a	n/a	n/a	n/a	n/a	n/a	n/a	soo	58.6509346	42	true	58.4848849	58.9866635
59.2860974	0.42555909999999386	trials	/intervals/trials	43	start_time	n/a	n/a	n/a	n/a	n/a	n/a	n/a	n/a	n/a	roo	59.3332809	43	true	59.2860974	59.7116565
59.3332809	0.0	cv_transition	/intervals/trials	43	cv_transition_time	n/a	n/a	n/a	n/a	n/a	n/a	n/a	n/a	n/a	roo	59.3332809	43	true	59.2860974	59.7116565
60.6090508	0.4146706000000009	trials	/intervals/trials	44	start_time	n/a	n/a	n/a	n/a	n/a	n/a	n/a	n/a	n/a	tee	60.6834556	44	true	60.6090508	61.0237214
60.6834556	0.0	cv_transition	/intervals/trials	44	cv_transition_time	n/a	n/a	n/a	n/a	n/a	n/a	n/a	n/a	n/a	tee	60.6834556	44	true	60.6090508	61.0237214
61.1689015	0.451872900000005	trials	/intervals/trials	45	start_time	n/a	n/a	n/a	n/a	n/a	n/a	n/a	n/a	n/a	haa	61.2850455	45	true	61.1689015	61.6207744
61.2850455	0.0	cv_transition	/intervals/trials	45	cv_transition_time	n/a	n/a	n/a	n/a	n/a	n/a	n/a	n/a	n/a	haa	61.2850455	45	true	61.1689015	61.6207744
63.3919713	0.43644760000000105	trials	/intervals/trials	46	start_time	n/a	n/a	n/a	n/a	n/a	n/a	n/a	n/a	n/a	waa	63.4818015	46	true	63.3919713	63.8284189
63.4818015	0.0	cv_transition	/intervals/trials	46	cv_transition_time	n/a	n/a	n/a	n/a	n/a	n/a	n/a	n/a	n/a	waa	63.4818015	46	true	63.3919713	63.8284189
66.2901285	0.4990565000000089	trials	/intervals/trials	47	start_time	n/a	n/a	n/a	n/a	n/a	n/a	n/a	n/a	n/a	lee	66.3400342	47	true	66.2901285	66.789185
66.3400342	0.0	cv_transition	/intervals/trials	47	cv_transition_time	n/a	n/a	n/a	n/a	n/a	n/a	n/a	n/a	n/a	lee	66.3400342	47	true	66.2901285	66.789185
67.441588	0.4246516999999983	trials	/intervals/trials	48	start_time	n/a	n/a	n/a	n/a	n/a	n/a	n/a	n/a	n/a	wee	67.448847	48	true	67.441588	67.8662397
67.448847	0.0	cv_transition	/intervals/trials	48	cv_transition_time	n/a	n/a	n/a	n/a	n/a	n/a	n/a	n/a	n/a	wee	67.448847	48	true	67.441588	67.8662397
68.8420528	0.534059599999992	trials	/intervals/trials	49	start_time	n/a	n/a	n/a	n/a	n/a	n/a	n/a	n/a	n/a	yaa	68.9723304	49	true	68.8420528	69.3761124
68.9723304	0.0	cv_transition	/intervals/trials	49	cv_transition_time	n/a	n/a	n/a	n/a	n/a	n/a	n/a	n/a	n/a	yaa	68.9723304	49	true	68.8420528	69.3761124
69.8134674	0.38654190000001165	trials	/intervals/trials	50	start_time	n/a	n/a	n/a	n/a	n/a	n/a	n/a	n/a	n/a	gaa	69.8370592	50	true	69.8134674	70.2000093
69.8370592	0.0	cv_transition	/intervals/trials	50	cv_transition_time	n/a	n/a	n/a	n/a	n/a	n/a	n/a	n/a	n/a	gaa	69.8370592	50	true	69.8134674	70.2000093
71.6118856	0.5135745000000043	trials	/intervals/trials	51	start_time	n/a	n/a	n/a	n/a	n/a	n/a	n/a	n/a	n/a	shaa	71.7570656	51	true	71.6118856	72.1254601
71.7570656	0.0	cv_transition	/intervals/trials	51	cv_transition_time	n/a	n/a	n/a	n/a	n/a	n/a	n/a	n/a	n/a	shaa	71.7570656	51	true	71.6118856	72.1254601
72.7914736	0.36204279999999756	trials	/intervals/trials	52	start_time	n/a	n/a	n/a	n/a	n/a	n/a	n/a	n/a	n/a	doo	72.8304908	52	true	72.7914736	73.1535164
72.8304908	0.0	cv_transition	/intervals/trials	52	cv_transition_time	n/a	n/a	n/a	n/a	n/a	n/a	n/a	n/a	n/a	doo	72.8304908	52	true	72.7914736	73.1535164
73.5164666	0.33119209999999555	trials	/intervals/trials	53	start_time	n/a	n/a	n/a	n/a	n/a	n/a	n/a	n/a	n/a	woo	73.589964	53	true	73.5164666	73.8476587
73.589964	0.0	cv_transition	/intervals/trials	53	cv_transition_time	n/a	n/a	n/a	n/a	n/a	n/a	n/a	n/a	n/a	woo	73.589964	53	true	73.5164666	73.8476587
85.1535568	0.4845384999999993	trials	/intervals/trials	54	start_time	n/a	n/a	n/a	n/a	n/a	n/a	n/a	n/a	n/a	kee	85.2461091	54	true	85.1535568	85.6380953
85.2461091	0.0	cv_transition	/intervals/trials	54	cv_transition_time	n/a	n/a	n/a	n/a	n/a	n/a	n/a	n/a	n/a	kee	85.2461091	54	true	85.1535568	85.6380953
85.9293628	0.5008713	trials	/intervals/trials	55	start_time	n/a	n/a	n/a	n/a	n/a	n/a	n/a	n/a	n/a	fee	86.0318963	55	true	85.9293628	86.4302341
86.0318963	0.0	cv_transition	/intervals/trials	55	cv_transition_time	n/a	n/a	n/a	n/a	n/a	n/a	n/a	n/a	n/a	fee	86.0318963	55	true	85.9293628	86.4302341
87.0726559	0.45368770000000325	trials	/intervals/trials	56	start_time	n/a	n/a	n/a	n/a	n/a	n/a	n/a	n/a	n/a	vaa	87.1661156	56	true	87.0726559	87.5263436
87.1661156	0.0	cv_transition	/intervals/trials	56	cv_transition_time	n/a	n/a	n/a	n/a	n/a	n/a	n/a	n/a	n/a	vaa	87.1661156	56	true	87.0726559	87.5263436
87.8647947	0.37837549999999	trials	/intervals/trials	57	start_time	n/a	n/a	n/a	n/a	n/a	n/a	n/a	n/a	n/a	bee	87.8811274	57	true	87.8647947	88.2431702
87.8811274	0.0	cv_transition	/intervals/trials	57	cv_transition_time	n/a	n/a	n/a	n/a	n/a	n/a	n/a	n/a	n/a	bee	87.8811274	57	true	87.8647947	88.2431702
89.0044582	0.4373549999999966	trials	/intervals/trials	58	start_time	n/a	n/a	n/a	n/a	n/a	n/a	n/a	n/a	n/a	zoo	89.1977292	58	true	89.0044582	89.4418132
89.1977292	0.0	cv_transition	/intervals/trials	58	cv_transition_time	n/a	n/a	n/a	n/a	n/a	n/a	n/a	n/a	n/a	zoo	89.1977292	58	true	89.0044582	89.4418132
89.5606794	0.5380736000000041	trials	/intervals/trials	59	start_time	n/a	n/a	n/a	n/a	n/a	n/a	n/a	n/a	n/a	shaa	89.7376176	59	true	89.5606794	90.098753
89.7376176	0.0	cv_transition	/intervals/trials	59	cv_transition_time	n/a	n/a	n/a	n/a	n/a	n/a	n/a	n/a	n/a	shaa	89.7376176	59	true	89.5606794	90.098753
91.1141062	0.3339141000000012	trials	/intervals/trials	60	start_time	n/a	n/a	n/a	n/a	n/a	n/a	n/a	n/a	n/a	baa	91.1240873	60	true	91.1141062	91.4480203
91.1240873	0.0	cv_transition	/intervals/trials	60	cv_transition_time	n/a	n/a	n/a	n/a	n/a	n/a	n/a	n/a	n/a	baa	91.1240873	60	true	91.1141062	91.4480203
91.5723308	0.47092779999999834	trials	/intervals/trials	61	start_time	n/a	n/a	n/a	n/a	n/a	n/a	n/a	n/a	n/a	noo	91.6830306	61	true	91.5723308	92.0432586
91.6830306	0.0	cv_transition	/intervals/trials	61	cv_transition_time	n/a	n/a	n/a	n/a	n/a	n/a	n/a	n/a	n/a	noo	91.6830306	61	true	91.5723308	92.0432586
93.005984	0.39924519999999575	trials	/intervals/trials	62	start_time	n/a	n/a	n/a	n/a	n/a	n/a	n/a	n/a	n/a	waa	93.0322979	62	true	93.005984	93.4052292
93.0322979	0.0	cv_transition	/intervals/trials	62	cv_transition_time	n/a	n/a	n/a	n/a	n/a	n/a	n/a	n/a	n/a	waa	93.0322979	62	true	93.005984	93.4052292
94.6828138	0.3901714999999939	trials	/intervals/trials	63	start_time	n/a	n/a	n/a	n/a	n/a	n/a	n/a	n/a	n/a	woo	94.7154794	63	true	94.6828138	95.0729853
94.7154794	0.0	cv_transition	/intervals/trials	63	cv_transition_time	n/a	n/a	n/a	n/a	n/a	n/a	n/a	n/a	n/a	woo	94.7154794	63	true	94.6828138	95.0729853
96.2634619	0.427373799999998	trials	/intervals/trials	64	start_time	n/a	n/a	n/a	n/a	n/a	n/a	n/a	n/a	n/a	laa	96.309738	64	true	96.2634619	96.6908357
96.309738	0.0	cv_transition	/intervals/trials	64	cv_transition_time	n/a	n/a	n/a	n/a	n/a	n/a	n/a	n/a	n/a	laa	96.309738	64	true	96.2634619	96.6908357
97.2016881	0.42011480000000745	trials	/intervals/trials	65	start_time	n/a	n/a	n/a	n/a	n/a	n/a	n/a	n/a	n/a	roo	97.2706486	65	true	97.2016881	97.6218029
97.2706486	0.0	cv_transition	/intervals/trials	65	cv_transition_time	n/a	n/a	n/a	n/a	n/a	n/a	n/a	n/a	n/a	roo	97.2706486	65	true	97.2016881	97.6218029
98.6553036	0.45368770000000325	trials	/intervals/trials	66	start_time	n/a	n/a	n/a	n/a	n/a	n/a	n/a	n/a	n/a	yee	98.7188199	66	true	98.6553036	99.1089913
98.7188199	0.0	cv_transition	/intervals/trials	66	cv_transition_time	n/a	n/a	n/a	n/a	n/a	n/a	n/a	n/a	n/a	yee	98.7188199	66	true	98.6553036	99.1089913
99.7323582	0.4582246000000083	trials	/intervals/trials	67	start_time	n/a	n/a	n/a	n/a	n/a	n/a	n/a	n/a	n/a	maa	99.8158368	67	true	99.7323582	100.1905828
99.8158368	0.0	cv_transition	/intervals/trials	67	cv_transition_time	n/a	n/a	n/a	n/a	n/a	n/a	n/a	n/a	n/a	maa	99.8158368	67	true	99.7323582	100.1905828
100.8874472	0.4418918000000076	trials	/intervals/trials	68	start_time	n/a	n/a	n/a	n/a	n/a	n/a	n/a	n/a	n/a	moo	100.9491487	68	true	100.8874472	101.329339
100.9491487	0.0	cv_transition	/intervals/trials	68	cv_transition_time	n/a	n/a	n/a	n/a	n/a	n/a	n/a	n/a	n/a	moo	100.9491487	68	true	100.8874472	101.329339
102.0089632	0.440984499999999	trials	/intervals/trials	69	start_time	n/a	n/a	n/a	n/a	n/a	n/a	n/a	n/a	n/a	nee	102.0915344	69	true	102.0089632	102.4499477
102.0915344	0.0	cv_transition	/intervals/trials	69	cv_transition_time	n/a	n/a	n/a	n/a	n/a	n/a	n/a	n/a	n/a	nee	102.0915344	69	true	102.0089632	102.4499477
103.0832958	0.42011479999999324	trials	/intervals/trials	70	start_time	n/a	n/a	n/a	n/a	n/a	n/a	n/a	n/a	n/a	hoo	103.1123318	70	true	103.0832958	103.5034106
103.1123318	0.0	cv_transition	/intervals/trials	70	cv_transition_time	n/a	n/a	n/a	n/a	n/a	n/a	n/a	n/a	n/a	hoo	103.1123318	70	true	103.0832958	103.5034106
103.8872304	0.40922639999999433	trials	/intervals/trials	71	start_time	n/a	n/a	n/a	n/a	n/a	n/a	n/a	n/a	n/a	goo	103.9507467	71	true	103.8872304	104.2964568
103.9507467	0.0	cv_transition	/intervals/trials	71	cv_transition_time	n/a	n/a	n/a	n/a	n/a	n/a	n/a	n/a	n/a	goo	103.9507467	71	true	103.8872304	104.2964568
106.9405488	0.4273738999999921	trials	/intervals/trials	72	start_time	n/a	n/a	n/a	n/a	n/a	n/a	n/a	n/a	n/a	hee	107.008602	72	true	106.9405488	107.3679227
107.008602	0.0	cv_transition	/intervals/trials	72	cv_transition_time	n/a	n/a	n/a	n/a	n/a	n/a	n/a	n/a	n/a	hee	107.008602	72	true	106.9405488	107.3679227
107.784408	0.45368770000000325	trials	/intervals/trials	73	start_time	n/a	n/a	n/a	n/a	n/a	n/a	n/a	n/a	n/a	tee	107.8706087	73	true	107.784408	108.2380957
107.8706087	0.0	cv_transition	/intervals/trials	73	cv_transition_time	n/a	n/a	n/a	n/a	n/a	n/a	n/a	n/a	n/a	tee	107.8706087	73	true	107.784408	108.2380957
108.6917835	0.4155779000000024	trials	/intervals/trials	74	start_time	n/a	n/a	n/a	n/a	n/a	n/a	n/a	n/a	n/a	vee	108.7144679	74	true	108.6917835	109.1073614
108.7144679	0.0	cv_transition	/intervals/trials	74	cv_transition_time	n/a	n/a	n/a	n/a	n/a	n/a	n/a	n/a	n/a	vee	108.7144679	74	true	108.6917835	109.1073614
109.8123922	0.6197373999999911	trials	/intervals/trials	75	start_time	n/a	n/a	n/a	n/a	n/a	n/a	n/a	n/a	n/a	zee	110.0628278	75	true	109.8123922	110.4321296
110.0628278	0.0	cv_transition	/intervals/trials	75	cv_transition_time	n/a	n/a	n/a	n/a	n/a	n/a	n/a	n/a	n/a	zee	110.0628278	75	true	109.8123922	110.4321296
111.2360642	0.43554029999999955	trials	/intervals/trials	76	start_time	n/a	n/a	n/a	n/a	n/a	n/a	n/a	n/a	n/a	haa	111.3349682	76	true	111.2360642	111.6716045
111.3349682	0.0	cv_transition	/intervals/trials	76	cv_transition_time	n/a	n/a	n/a	n/a	n/a	n/a	n/a	n/a	n/a	haa	111.3349682	76	true	111.2360642	111.6716045
112.1597724	0.4536878000000115	trials	/intervals/trials	77	start_time	n/a	n/a	n/a	n/a	n/a	n/a	n/a	n/a	n/a	gaa	112.1969748	77	true	112.1597724	112.6134602
112.1969748	0.0	cv_transition	/intervals/trials	77	cv_transition_time	n/a	n/a	n/a	n/a	n/a	n/a	n/a	n/a	n/a	gaa	112.1969748	77	true	112.1597724	112.6134602
113.3184909	0.5063154999999995	trials	/intervals/trials	78	start_time	n/a	n/a	n/a	n/a	n/a	n/a	n/a	n/a	n/a	shee	113.5026881	78	true	113.3184909	113.8248064
113.5026881	0.0	cv_transition	/intervals/trials	78	cv_transition_time	n/a	n/a	n/a	n/a	n/a	n/a	n/a	n/a	n/a	shee	113.5026881	78	true	113.3184909	113.8248064
114.5171339	0.5008711999999917	trials	/intervals/trials	79	start_time	n/a	n/a	n/a	n/a	n/a	n/a	n/a	n/a	n/a	shoo	114.6586844	79	true	114.5171339	115.0180051
114.6586844	0.0	cv_transition	/intervals/trials	79	cv_transition_time	n/a	n/a	n/a	n/a	n/a	n/a	n/a	n/a	n/a	shoo	114.6586844	79	true	114.5171339	115.0180051
115.6540753	0.4355401999999913	trials	/intervals/trials	80	start_time	n/a	n/a	n/a	n/a	n/a	n/a	n/a	n/a	n/a	pee	115.718499	80	true	115.6540753	116.0896155
115.718499	0.0	cv_transition	/intervals/trials	80	cv_transition_time	n/a	n/a	n/a	n/a	n/a	n/a	n/a	n/a	n/a	pee	115.718499	80	true	115.6540753	116.0896155
116.6540031	0.46003930000000537	trials	/intervals/trials	81	start_time	n/a	n/a	n/a	n/a	n/a	n/a	n/a	n/a	n/a	kaa	116.73113	81	true	116.6540031	117.1140424
116.73113	0.0	cv_transition	/intervals/trials	81	cv_transition_time	n/a	n/a	n/a	n/a	n/a	n/a	n/a	n/a	n/a	kaa	116.73113	81	true	116.6540031	117.1140424
117.7301504	0.46366879999999355	trials	/intervals/trials	82	start_time	n/a	n/a	n/a	n/a	n/a	n/a	n/a	n/a	n/a	wee	117.7791486	82	true	117.7301504	118.1938192
117.7791486	0.0	cv_transition	/intervals/trials	82	cv_transition_time	n/a	n/a	n/a	n/a	n/a	n/a	n/a	n/a	n/a	wee	117.7791486	82	true	117.7301504	118.1938192
118.7382445	0.44552130000001	trials	/intervals/trials	83	start_time	n/a	n/a	n/a	n/a	n/a	n/a	n/a	n/a	n/a	foo	118.8062976	83	true	118.7382445	119.1837658
118.8062976	0.0	cv_transition	/intervals/trials	83	cv_transition_time	n/a	n/a	n/a	n/a	n/a	n/a	n/a	n/a	n/a	foo	118.8062976	83	true	118.7382445	119.1837658
120.2363214	0.4146704999999997	trials	/intervals/trials	84	start_time	n/a	n/a	n/a	n/a	n/a	n/a	n/a	n/a	n/a	gee	120.2798754	84	true	120.2363214	120.6509919
120.2798754	0.0	cv_transition	/intervals/trials	84	cv_transition_time	n/a	n/a	n/a	n/a	n/a	n/a	n/a	n/a	n/a	gee	120.2798754	84	true	120.2363214	120.6509919
121.2035836	0.4990564999999947	trials	/intervals/trials	85	start_time	n/a	n/a	n/a	n/a	n/a	n/a	n/a	n/a	n/a	raa	121.2725441	85	true	121.2035836	121.7026401
121.2725441	0.0	cv_transition	/intervals/trials	85	cv_transition_time	n/a	n/a	n/a	n/a	n/a	n/a	n/a	n/a	n/a	raa	121.2725441	85	true	121.2035836	121.7026401
122.3895233	0.5126671000000016	trials	/intervals/trials	86	start_time	n/a	n/a	n/a	n/a	n/a	n/a	n/a	n/a	n/a	ree	122.4339847	86	true	122.3895233	122.9021904
122.4339847	0.0	cv_transition	/intervals/trials	86	cv_transition_time	n/a	n/a	n/a	n/a	n/a	n/a	n/a	n/a	n/a	ree	122.4339847	86	true	122.3895233	122.9021904
123.5192058	0.47637210000000607	trials	/intervals/trials	87	start_time	n/a	n/a	n/a	n/a	n/a	n/a	n/a	n/a	n/a	poo	123.6054064	87	true	123.5192058	123.9955779
123.6054064	0.0	cv_transition	/intervals/trials	87	cv_transition_time	n/a	n/a	n/a	n/a	n/a	n/a	n/a	n/a	n/a	poo	123.6054064	87	true	123.5192058	123.9955779
124.6815537	0.5244630000000114	trials	/intervals/trials	88	start_time	n/a	n/a	n/a	n/a	n/a	n/a	n/a	n/a	n/a	faa	124.7722913	88	true	124.6815537	125.2060167
124.7722913	0.0	cv_transition	/intervals/trials	88	cv_transition_time	n/a	n/a	n/a	n/a	n/a	n/a	n/a	n/a	n/a	faa	124.7722913	88	true	124.6815537	125.2060167
125.7676821	0.42918860000000336	trials	/intervals/trials	89	start_time	n/a	n/a	n/a	n/a	n/a	n/a	n/a	n/a	n/a	doo	125.8021624	89	true	125.7676821	126.1968707
125.8021624	0.0	cv_transition	/intervals/trials	89	cv_transition_time	n/a	n/a	n/a	n/a	n/a	n/a	n/a	n/a	n/a	doo	125.8021624	89	true	125.7676821	126.1968707
126.8946424	0.5008713	trials	/intervals/trials	90	start_time	n/a	n/a	n/a	n/a	n/a	n/a	n/a	n/a	n/a	zaa	127.0316561	90	true	126.8946424	127.3955137
127.0316561	0.0	cv_transition	/intervals/trials	90	cv_transition_time	n/a	n/a	n/a	n/a	n/a	n/a	n/a	n/a	n/a	zaa	127.0316561	90	true	126.8946424	127.3955137
128.3627759	0.4545951000000059	trials	/intervals/trials	91	start_time	n/a	n/a	n/a	n/a	n/a	n/a	n/a	n/a	n/a	naa	128.4099594	91	true	128.3627759	128.817371
128.4099594	0.0	cv_transition	/intervals/trials	91	cv_transition_time	n/a	n/a	n/a	n/a	n/a	n/a	n/a	n/a	n/a	naa	128.4099594	91	true	128.3627759	128.817371
130.8707617	0.4745572999999865	trials	/intervals/trials	92	start_time	n/a	n/a	n/a	n/a	n/a	n/a	n/a	n/a	n/a	paa	130.9370001	92	true	130.8707617	131.345319
130.9370001	0.0	cv_transition	/intervals/trials	92	cv_transition_time	n/a	n/a	n/a	n/a	n/a	n/a	n/a	n/a	n/a	paa	130.9370001	92	true	130.8707617	131.345319
131.9215025	0.3983378000000073	trials	/intervals/trials	93	start_time	n/a	n/a	n/a	n/a	n/a	n/a	n/a	n/a	n/a	mee	131.9677786	93	true	131.9215025	132.3198403
131.9677786	0.0	cv_transition	/intervals/trials	93	cv_transition_time	n/a	n/a	n/a	n/a	n/a	n/a	n/a	n/a	n/a	mee	131.9677786	93	true	131.9215025	132.3198403
133.3379155	0.4536877999999831	trials	/intervals/trials	94	start_time	n/a	n/a	n/a	n/a	n/a	n/a	n/a	n/a	n/a	taa	133.3978023	94	true	133.3379155	133.7916033
133.3978023	0.0	cv_transition	/intervals/trials	94	cv_transition_time	n/a	n/a	n/a	n/a	n/a	n/a	n/a	n/a	n/a	taa	133.3978023	94	true	133.3379155	133.7916033
133.9217305	0.5407695000000103	trials	/intervals/trials	95	start_time	n/a	n/a	n/a	n/a	n/a	n/a	n/a	n/a	n/a	yoo	133.9929587	95	true	133.9217305	134.4625
133.9929587	0.0	cv_transition	/intervals/trials	95	cv_transition_time	n/a	n/a	n/a	n/a	n/a	n/a	n/a	n/a	n/a	yoo	133.9929587	95	true	133.9217305	134.4625
135.2270712	0.41830009999998197	trials	/intervals/trials	96	start_time	n/a	n/a	n/a	n/a	n/a	n/a	n/a	n/a	n/a	voo	135.2497556	96	true	135.2270712	135.6453713
135.2497556	0.0	cv_transition	/intervals/trials	96	cv_transition_time	n/a	n/a	n/a	n/a	n/a	n/a	n/a	n/a	n/a	voo	135.2497556	96	true	135.2270712	135.6453713
136.2015925	0.5181114000000093	trials	/intervals/trials	97	start_time	n/a	n/a	n/a	n/a	n/a	n/a	n/a	n/a	n/a	thaa	136.3113849	97	true	136.2015925	136.7197039
136.3113849	0.0	cv_transition	/intervals/trials	97	cv_transition_time	n/a	n/a	n/a	n/a	n/a	n/a	n/a	n/a	n/a	thaa	136.3113849	97	true	136.2015925	136.7197039
137.4020502	0.5117596999999989	trials	/intervals/trials	98	start_time	n/a	n/a	n/a	n/a	n/a	n/a	n/a	n/a	n/a	soo	137.5472303	98	true	137.4020502	137.9138099
137.5472303	0.0	cv_transition	/intervals/trials	98	cv_transition_time	n/a	n/a	n/a	n/a	n/a	n/a	n/a	n/a	n/a	soo	137.5472303	98	true	137.4020502	137.9138099
138.7957743	0.48726519999999596	trials	/intervals/trials	99	start_time	n/a	n/a	n/a	n/a	n/a	n/a	n/a	n/a	n/a	yaa	138.8538509	99	true	138.7957743	139.2830395
138.8538509	0.0	cv_transition	/intervals/trials	99	cv_transition_time	n/a	n/a	n/a	n/a	n/a	n/a	n/a	n/a	n/a	yaa	138.8538509	99	true	138.7957743	139.2830395
140.0524939	0.3974303999999904	trials	/intervals/trials	100	start_time	n/a	n/a	n/a	n/a	n/a	n/a	n/a	n/a	n/a	dee	140.0806225	100	true	140.0524939	140.4499243
140.0806225	0.0	cv_transition	/intervals/trials	100	cv_transition_time	n/a	n/a	n/a	n/a	n/a	n/a	n/a	n/a	n/a	dee	140.0806225	100	true	140.0524939	140.4499243
141.3073941	0.3729313999999988	trials	/intervals/trials	101	start_time	n/a	n/a	n/a	n/a	n/a	n/a	n/a	n/a	n/a	boo	141.3173753	101	true	141.3073941	141.6803255
141.3173753	0.0	cv_transition	/intervals/trials	101	cv_transition_time	n/a	n/a	n/a	n/a	n/a	n/a	n/a	n/a	n/a	boo	141.3173753	101	true	141.3073941	141.6803255
142.2701195	0.42011479999999324	trials	/intervals/trials	102	start_time	n/a	n/a	n/a	n/a	n/a	n/a	n/a	n/a	n/a	lee	142.2982481	102	true	142.2701195	142.6902343
142.2982481	0.0	cv_transition	/intervals/trials	102	cv_transition_time	n/a	n/a	n/a	n/a	n/a	n/a	n/a	n/a	n/a	lee	142.2982481	102	true	142.2701195	142.6902343
146.6727052	0.33754369999999767	trials	/intervals/trials	103	start_time	n/a	n/a	n/a	n/a	n/a	n/a	n/a	n/a	n/a	koo	146.7425731	103	true	146.6727052	147.0102489
146.7425731	0.0	cv_transition	/intervals/trials	103	cv_transition_time	n/a	n/a	n/a	n/a	n/a	n/a	n/a	n/a	n/a	koo	146.7425731	103	true	146.6727052	147.0102489
147.457585	0.5172039999999924	trials	/intervals/trials	104	start_time	n/a	n/a	n/a	n/a	n/a	n/a	n/a	n/a	n/a	see	147.6472264	104	true	147.457585	147.974789
147.6472264	0.0	cv_transition	/intervals/trials	104	cv_transition_time	n/a	n/a	n/a	n/a	n/a	n/a	n/a	n/a	n/a	see	147.6472264	104	true	147.457585	147.974789
148.5491576	0.4446140000000014	trials	/intervals/trials	105	start_time	n/a	n/a	n/a	n/a	n/a	n/a	n/a	n/a	n/a	too	148.6689312	105	true	148.5491576	148.9937716
148.6689312	0.0	cv_transition	/intervals/trials	105	cv_transition_time	n/a	n/a	n/a	n/a	n/a	n/a	n/a	n/a	n/a	too	148.6689312	105	true	148.5491576	148.9937716
149.6824696	0.39561570000000756	trials	/intervals/trials	106	start_time	n/a	n/a	n/a	n/a	n/a	n/a	n/a	n/a	n/a	daa	149.7096908	106	true	149.6824696	150.0780853
149.7096908	0.0	cv_transition	/intervals/trials	106	cv_transition_time	n/a	n/a	n/a	n/a	n/a	n/a	n/a	n/a	n/a	daa	149.7096908	106	true	149.6824696	150.0780853
151.8547264	0.4473361000000011	trials	/intervals/trials	107	start_time	n/a	n/a	n/a	n/a	n/a	n/a	n/a	n/a	n/a	saa	152.0507195	107	true	151.8547264	152.3020625
152.0507195	0.0	cv_transition	/intervals/trials	107	cv_transition_time	n/a	n/a	n/a	n/a	n/a	n/a	n/a	n/a	n/a	saa	152.0507195	107	true	151.8547264	152.3020625
172.8731714	0.45278040000002306	trials	/intervals/trials	108	start_time	n/a	n/a	n/a	n/a	n/a	n/a	n/a	n/a	n/a	wee	173.0056482	108	true	172.8731714	173.3259518
173.0056482	0.0	cv_transition	/intervals/trials	108	cv_transition_time	n/a	n/a	n/a	n/a	n/a	n/a	n/a	n/a	n/a	wee	173.0056482	108	true	172.8731714	173.3259518
173.7152158	0.5017786999999885	trials	/intervals/trials	109	start_time	n/a	n/a	n/a	n/a	n/a	n/a	n/a	n/a	n/a	shee	173.9166532	109	true	173.7152158	174.2169945
173.9166532	0.0	cv_transition	/intervals/trials	109	cv_transition_time	n/a	n/a	n/a	n/a	n/a	n/a	n/a	n/a	n/a	shee	173.9166532	109	true	173.7152158	174.2169945
174.9183957	0.3683943999999997	trials	/intervals/trials	110	start_time	n/a	n/a	n/a	n/a	n/a	n/a	n/a	n/a	n/a	poo	174.952876	110	true	174.9183957	175.2867901
174.952876	0.0	cv_transition	/intervals/trials	110	cv_transition_time	n/a	n/a	n/a	n/a	n/a	n/a	n/a	n/a	n/a	poo	174.952876	110	true	174.9183957	175.2867901
175.6470182	0.5181114000000093	trials	/intervals/trials	111	start_time	n/a	n/a	n/a	n/a	n/a	n/a	n/a	n/a	n/a	shaa	175.801272	111	true	175.6470182	176.1651296
175.801272	0.0	cv_transition	/intervals/trials	111	cv_transition_time	n/a	n/a	n/a	n/a	n/a	n/a	n/a	n/a	n/a	shaa	175.801272	111	true	175.6470182	176.1651296
176.32032839551744	0.5932649640079148	invalid_times	/intervals/invalid_times	0	start_time	n/a	n/a	n/a	n/a	0	176.32032839551744	176.91359335952535	"[""ECoG artifact""]"	"[{""idx_start"":538086,""count"":1811,""timeseries"":""/acquisition/ElectricalSeries""}]"	n/a	n/a	n/a	n/a	n/a	n/a
177.2022597	0.5026859999999829	trials	/intervals/trials	112	start_time	n/a	n/a	n/a	n/a	n/a	n/a	n/a	n/a	n/a	ree	177.2694055	112	true	177.2022597	177.7049457
177.2694055	0.0	cv_transition	/intervals/trials	112	cv_transition_time	n/a	n/a	n/a	n/a	n/a	n/a	n/a	n/a	n/a	ree	177.2694055	112	true	177.2022597	177.7049457
178.0842287	0.4219294999999761	trials	/intervals/trials	113	start_time	n/a	n/a	n/a	n/a	n/a	n/a	n/a	n/a	n/a	vaa	178.1341343	113	true	178.0842287	178.5061582
178.1341343	0.0	cv_transition	/intervals/trials	113	cv_transition_time	n/a	n/a	n/a	n/a	n/a	n/a	n/a	n/a	n/a	vaa	178.1341343	113	true	178.0842287	178.5061582
180.3553894	0.3874492999999859	trials	/intervals/trials	114	start_time	n/a	n/a	n/a	n/a	n/a	n/a	n/a	n/a	n/a	loo	180.4198131	114	true	180.3553894	180.7428387
180.4198131	0.0	cv_transition	/intervals/trials	114	cv_transition_time	n/a	n/a	n/a	n/a	n/a	n/a	n/a	n/a	n/a	loo	180.4198131	114	true	180.3553894	180.7428387
182.9586496	0.47364999999999213	trials	/intervals/trials	115	start_time	n/a	n/a	n/a	n/a	n/a	n/a	n/a	n/a	n/a	laa	183.0330544	115	true	182.9586496	183.4322996
183.0330544	0.0	cv_transition	/intervals/trials	115	cv_transition_time	n/a	n/a	n/a	n/a	n/a	n/a	n/a	n/a	n/a	laa	183.0330544	115	true	182.9586496	183.4322996
183.793435	0.4382624000000135	trials	/intervals/trials	116	start_time	n/a	n/a	n/a	n/a	n/a	n/a	n/a	n/a	n/a	taa	183.866025	116	true	183.793435	184.2316974
183.866025	0.0	cv_transition	/intervals/trials	116	cv_transition_time	n/a	n/a	n/a	n/a	n/a	n/a	n/a	n/a	n/a	taa	183.866025	116	true	183.793435	184.2316974
184.813325	0.48363109999999665	trials	/intervals/trials	117	start_time	n/a	n/a	n/a	n/a	n/a	n/a	n/a	n/a	n/a	zoo	184.9693936	117	true	184.813325	185.2969561
184.9693936	0.0	cv_transition	/intervals/trials	117	cv_transition_time	n/a	n/a	n/a	n/a	n/a	n/a	n/a	n/a	n/a	zoo	184.9693936	117	true	184.813325	185.2969561
186.0074311	0.42283700000001545	trials	/intervals/trials	118	start_time	n/a	n/a	n/a	n/a	n/a	n/a	n/a	n/a	n/a	hee	186.0800212	118	true	186.0074311	186.4302681
186.0800212	0.0	cv_transition	/intervals/trials	118	cv_transition_time	n/a	n/a	n/a	n/a	n/a	n/a	n/a	n/a	n/a	hee	186.0800212	118	true	186.0074311	186.4302681
186.8013846	0.47364999999999213	trials	/intervals/trials	119	start_time	n/a	n/a	n/a	n/a	n/a	n/a	n/a	n/a	n/a	faa	186.9157139	119	true	186.8013846	187.2750346
186.9157139	0.0	cv_transition	/intervals/trials	119	cv_transition_time	n/a	n/a	n/a	n/a	n/a	n/a	n/a	n/a	n/a	faa	186.9157139	119	true	186.8013846	187.2750346
189.2050222	0.5017785999999944	trials	/intervals/trials	120	start_time	n/a	n/a	n/a	n/a	n/a	n/a	n/a	n/a	n/a	tee	189.3030188	120	true	189.2050222	189.7068008
189.3030188	0.0	cv_transition	/intervals/trials	120	cv_transition_time	n/a	n/a	n/a	n/a	n/a	n/a	n/a	n/a	n/a	tee	189.3030188	120	true	189.2050222	189.7068008
190.0225675	0.4319107000000031	trials	/intervals/trials	121	start_time	n/a	n/a	n/a	n/a	n/a	n/a	n/a	n/a	n/a	moo	190.091528	121	true	190.0225675	190.4544782
190.091528	0.0	cv_transition	/intervals/trials	121	cv_transition_time	n/a	n/a	n/a	n/a	n/a	n/a	n/a	n/a	n/a	moo	190.091528	121	true	190.0225675	190.4544782
191.1250287	0.4055968000000121	trials	/intervals/trials	122	start_time	n/a	n/a	n/a	n/a	n/a	n/a	n/a	n/a	n/a	koo	191.1994335	122	true	191.1250287	191.5306255
191.1994335	0.0	cv_transition	/intervals/trials	122	cv_transition_time	n/a	n/a	n/a	n/a	n/a	n/a	n/a	n/a	n/a	koo	191.1994335	122	true	191.1250287	191.5306255
192.1421966	0.4391697000000079	trials	/intervals/trials	123	start_time	n/a	n/a	n/a	n/a	n/a	n/a	n/a	n/a	n/a	fee	192.1821211	123	true	192.1421966	192.5813663
192.1821211	0.0	cv_transition	/intervals/trials	123	cv_transition_time	n/a	n/a	n/a	n/a	n/a	n/a	n/a	n/a	n/a	fee	192.1821211	123	true	192.1421966	192.5813663
192.9833336	0.4845384999999851	trials	/intervals/trials	124	start_time	n/a	n/a	n/a	n/a	n/a	n/a	n/a	n/a	n/a	shoo	193.1439391	124	true	192.9833336	193.4678721
193.1439391	0.0	cv_transition	/intervals/trials	124	cv_transition_time	n/a	n/a	n/a	n/a	n/a	n/a	n/a	n/a	n/a	shoo	193.1439391	124	true	192.9833336	193.4678721
194.2863248	0.3783755000000042	trials	/intervals/trials	125	start_time	n/a	n/a	n/a	n/a	n/a	n/a	n/a	n/a	n/a	maa	194.3298788	125	true	194.2863248	194.6647003
194.3298788	0.0	cv_transition	/intervals/trials	125	cv_transition_time	n/a	n/a	n/a	n/a	n/a	n/a	n/a	n/a	n/a	maa	194.3298788	125	true	194.2863248	194.6647003
195.6437584	0.4110411000000056	trials	/intervals/trials	126	start_time	n/a	n/a	n/a	n/a	n/a	n/a	n/a	n/a	n/a	roo	195.6936641	126	true	195.6437584	196.0547995
195.6936641	0.0	cv_transition	/intervals/trials	126	cv_transition_time	n/a	n/a	n/a	n/a	n/a	n/a	n/a	n/a	n/a	roo	195.6936641	126	true	195.6437584	196.0547995
196.4876176	0.4346328999999969	trials	/intervals/trials	127	start_time	n/a	n/a	n/a	n/a	n/a	n/a	n/a	n/a	n/a	lee	196.5447823	127	true	196.4876176	196.9222505
196.5447823	0.0	cv_transition	/intervals/trials	127	cv_transition_time	n/a	n/a	n/a	n/a	n/a	n/a	n/a	n/a	n/a	lee	196.5447823	127	true	196.4876176	196.9222505
197.3758789	0.6742391999999882	trials	/intervals/trials	128	start_time	n/a	n/a	n/a	n/a	n/a	n/a	n/a	n/a	n/a	yee	197.588264	128	true	197.3758789	198.0501181
197.588264	0.0	cv_transition	/intervals/trials	128	cv_transition_time	n/a	n/a	n/a	n/a	n/a	n/a	n/a	n/a	n/a	yee	197.588264	128	true	197.3758789	198.0501181
198.9393461	0.4382623000000194	trials	/intervals/trials	129	start_time	n/a	n/a	n/a	n/a	n/a	n/a	n/a	n/a	n/a	raa	198.9765485	129	true	198.9393461	199.3776084
198.9765485	0.0	cv_transition	/intervals/trials	129	cv_transition_time	n/a	n/a	n/a	n/a	n/a	n/a	n/a	n/a	n/a	raa	198.9765485	129	true	198.9393461	199.3776084
199.8521658	0.5344441000000018	trials	/intervals/trials	130	start_time	n/a	n/a	n/a	n/a	n/a	n/a	n/a	n/a	n/a	soo	200.021845	130	true	199.8521658	200.3866099
200.021845	0.0	cv_transition	/intervals/trials	130	cv_transition_time	n/a	n/a	n/a	n/a	n/a	n/a	n/a	n/a	n/a	soo	200.021845	130	true	199.8521658	200.3866099
201.1696749	0.448243500000018	trials	/intervals/trials	131	start_time	n/a	n/a	n/a	n/a	n/a	n/a	n/a	n/a	n/a	doo	201.1978036	131	true	201.1696749	201.6179184
201.1978036	0.0	cv_transition	/intervals/trials	131	cv_transition_time	n/a	n/a	n/a	n/a	n/a	n/a	n/a	n/a	n/a	doo	201.1978036	131	true	201.1696749	201.6179184
202.2204157	0.4046895000000177	trials	/intervals/trials	132	start_time	n/a	n/a	n/a	n/a	n/a	n/a	n/a	n/a	n/a	bee	202.2340264	132	true	202.2204157	202.6251052
202.2340264	0.0	cv_transition	/intervals/trials	132	cv_transition_time	n/a	n/a	n/a	n/a	n/a	n/a	n/a	n/a	n/a	bee	202.2340264	132	true	202.2204157	202.6251052
203.3514159	0.498646100000002	trials	/intervals/trials	133	start_time	n/a	n/a	n/a	n/a	n/a	n/a	n/a	n/a	n/a	yaa	203.4099849	133	true	203.3514159	203.850062
203.4099849	0.0	cv_transition	/intervals/trials	133	cv_transition_time	n/a	n/a	n/a	n/a	n/a	n/a	n/a	n/a	n/a	yaa	203.4099849	133	true	203.3514159	203.850062
204.4933912	0.4609468000000163	trials	/intervals/trials	134	start_time	n/a	n/a	n/a	n/a	n/a	n/a	n/a	n/a	n/a	baa	204.5079092	134	true	204.4933912	204.954338
204.5079092	0.0	cv_transition	/intervals/trials	134	cv_transition_time	n/a	n/a	n/a	n/a	n/a	n/a	n/a	n/a	n/a	baa	204.5079092	134	true	204.4933912	204.954338
205.6475728	0.45550249999999437	trials	/intervals/trials	135	start_time	n/a	n/a	n/a	n/a	n/a	n/a	n/a	n/a	n/a	nee	205.6974785	135	true	205.6475728	206.1030753
205.6974785	0.0	cv_transition	/intervals/trials	135	cv_transition_time	n/a	n/a	n/a	n/a	n/a	n/a	n/a	n/a	n/a	nee	205.6974785	135	true	205.6475728	206.1030753
208.1954831	0.47002050000000395	trials	/intervals/trials	136	start_time	n/a	n/a	n/a	n/a	n/a	n/a	n/a	n/a	n/a	kee	208.3025534	136	true	208.1954831	208.6655036
208.3025534	0.0	cv_transition	/intervals/trials	136	cv_transition_time	n/a	n/a	n/a	n/a	n/a	n/a	n/a	n/a	n/a	kee	208.3025534	136	true	208.1954831	208.6655036
209.3233508	0.44370660000001294	trials	/intervals/trials	137	start_time	n/a	n/a	n/a	n/a	n/a	n/a	n/a	n/a	n/a	too	209.4177178	137	true	209.3233508	209.7670574
209.4177178	0.0	cv_transition	/intervals/trials	137	cv_transition_time	n/a	n/a	n/a	n/a	n/a	n/a	n/a	n/a	n/a	too	209.4177178	137	true	209.3233508	209.7670574
210.6018428	0.46003930000000537	trials	/intervals/trials	138	start_time	n/a	n/a	n/a	n/a	n/a	n/a	n/a	n/a	n/a	thoo	210.6662664	138	true	210.6018428	211.0618821
210.6662664	0.0	cv_transition	/intervals/trials	138	cv_transition_time	n/a	n/a	n/a	n/a	n/a	n/a	n/a	n/a	n/a	thoo	210.6662664	138	true	210.6018428	211.0618821
211.4947002	0.522648299999986	trials	/intervals/trials	139	start_time	n/a	n/a	n/a	n/a	n/a	n/a	n/a	n/a	n/a	saa	211.6162885	139	true	211.4947002	212.0173485
211.6162885	0.0	cv_transition	/intervals/trials	139	cv_transition_time	n/a	n/a	n/a	n/a	n/a	n/a	n/a	n/a	n/a	saa	211.6162885	139	true	211.4947002	212.0173485
212.509146	0.4346328000000028	trials	/intervals/trials	140	start_time	n/a	n/a	n/a	n/a	n/a	n/a	n/a	n/a	n/a	thaa	212.5372746	140	true	212.509146	212.9437788
212.5372746	0.0	cv_transition	/intervals/trials	140	cv_transition_time	n/a	n/a	n/a	n/a	n/a	n/a	n/a	n/a	n/a	thaa	212.5372746	140	true	212.509146	212.9437788
213.6669571	0.3847272000000146	trials	/intervals/trials	141	start_time	n/a	n/a	n/a	n/a	n/a	n/a	n/a	n/a	n/a	goo	213.6887341	141	true	213.6669571	214.0516843
213.6887341	0.0	cv_transition	/intervals/trials	141	cv_transition_time	n/a	n/a	n/a	n/a	n/a	n/a	n/a	n/a	n/a	goo	213.6887341	141	true	213.6669571	214.0516843
214.4209861	0.38654189999999744	trials	/intervals/trials	142	start_time	n/a	n/a	n/a	n/a	n/a	n/a	n/a	n/a	n/a	boo	214.4463926	142	true	214.4209861	214.807528
214.4463926	0.0	cv_transition	/intervals/trials	142	cv_transition_time	n/a	n/a	n/a	n/a	n/a	n/a	n/a	n/a	n/a	boo	214.4463926	142	true	214.4209861	214.807528
215.0534268	0.510852299999982	trials	/intervals/trials	143	start_time	n/a	n/a	n/a	n/a	n/a	n/a	n/a	n/a	n/a	woo	215.1632192	143	true	215.0534268	215.5642791
215.1632192	0.0	cv_transition	/intervals/trials	143	cv_transition_time	n/a	n/a	n/a	n/a	n/a	n/a	n/a	n/a	n/a	woo	215.1632192	143	true	215.0534268	215.5642791
217.4153251	0.44098440000001915	trials	/intervals/trials	144	start_time	n/a	n/a	n/a	n/a	n/a	n/a	n/a	n/a	n/a	naa	217.4670455	144	true	217.4153251	217.8563095
217.4670455	0.0	cv_transition	/intervals/trials	144	cv_transition_time	n/a	n/a	n/a	n/a	n/a	n/a	n/a	n/a	n/a	naa	217.4670455	144	true	217.4153251	217.8563095
218.0087486	0.4319107000000031	trials	/intervals/trials	145	start_time	n/a	n/a	n/a	n/a	n/a	n/a	n/a	n/a	n/a	waa	218.0450436	145	true	218.0087486	218.4406593
218.0450436	0.0	cv_transition	/intervals/trials	145	cv_transition_time	n/a	n/a	n/a	n/a	n/a	n/a	n/a	n/a	n/a	waa	218.0450436	145	true	218.0087486	218.4406593
218.8852733	0.4137632000000053	trials	/intervals/trials	146	start_time	n/a	n/a	n/a	n/a	n/a	n/a	n/a	n/a	n/a	gaa	218.9143093	146	true	218.8852733	219.2990365
218.9143093	0.0	cv_transition	/intervals/trials	146	cv_transition_time	n/a	n/a	n/a	n/a	n/a	n/a	n/a	n/a	n/a	gaa	218.9143093	146	true	218.8852733	219.2990365
219.7926488	0.4618541000000107	trials	/intervals/trials	147	start_time	n/a	n/a	n/a	n/a	n/a	n/a	n/a	n/a	n/a	zee	219.9242182	147	true	219.7926488	220.2545029
219.9242182	0.0	cv_transition	/intervals/trials	147	cv_transition_time	n/a	n/a	n/a	n/a	n/a	n/a	n/a	n/a	n/a	zee	219.9242182	147	true	219.7926488	220.2545029
220.7227086	0.3947082999999907	trials	/intervals/trials	148	start_time	n/a	n/a	n/a	n/a	n/a	n/a	n/a	n/a	n/a	paa	220.7553741	148	true	220.7227086	221.1174169
220.7553741	0.0	cv_transition	/intervals/trials	148	cv_transition_time	n/a	n/a	n/a	n/a	n/a	n/a	n/a	n/a	n/a	paa	220.7553741	148	true	220.7227086	221.1174169
221.5420686	0.38563460000000305	trials	/intervals/trials	149	start_time	n/a	n/a	n/a	n/a	n/a	n/a	n/a	n/a	n/a	mee	221.5919743	149	true	221.5420686	221.9277032
221.5919743	0.0	cv_transition	/intervals/trials	149	cv_transition_time	n/a	n/a	n/a	n/a	n/a	n/a	n/a	n/a	n/a	mee	221.5919743	149	true	221.5420686	221.9277032
222.4167786	0.45731720000000564	trials	/intervals/trials	150	start_time	n/a	n/a	n/a	n/a	n/a	n/a	n/a	n/a	n/a	zaa	222.5320153	150	true	222.4167786	222.8740958
222.5320153	0.0	cv_transition	/intervals/trials	150	cv_transition_time	n/a	n/a	n/a	n/a	n/a	n/a	n/a	n/a	n/a	zaa	222.5320153	150	true	222.4167786	222.8740958
223.4902037	0.3457100999999909	trials	/intervals/trials	151	start_time	n/a	n/a	n/a	n/a	n/a	n/a	n/a	n/a	n/a	hoo	223.5074439	151	true	223.4902037	223.8359138
223.5074439	0.0	cv_transition	/intervals/trials	151	cv_transition_time	n/a	n/a	n/a	n/a	n/a	n/a	n/a	n/a	n/a	hoo	223.5074439	151	true	223.4902037	223.8359138
224.2768983	0.3919860999999969	trials	/intervals/trials	152	start_time	n/a	n/a	n/a	n/a	n/a	n/a	n/a	n/a	n/a	daa	224.2995826	152	true	224.2768983	224.6688844
224.2995826	0.0	cv_transition	/intervals/trials	152	cv_transition_time	n/a	n/a	n/a	n/a	n/a	n/a	n/a	n/a	n/a	daa	224.2995826	152	true	224.2768983	224.6688844
225.8457504	0.485445900000002	trials	/intervals/trials	153	start_time	n/a	n/a	n/a	n/a	n/a	n/a	n/a	n/a	n/a	see	225.9755051	153	true	225.8457504	226.3311963
225.9755051	0.0	cv_transition	/intervals/trials	153	cv_transition_time	n/a	n/a	n/a	n/a	n/a	n/a	n/a	n/a	n/a	see	225.9755051	153	true	225.8457504	226.3311963
226.6324449	0.38563460000000305	trials	/intervals/trials	154	start_time	n/a	n/a	n/a	n/a	n/a	n/a	n/a	n/a	n/a	pee	226.6732768	154	true	226.6324449	227.0180795
226.6732768	0.0	cv_transition	/intervals/trials	154	cv_transition_time	n/a	n/a	n/a	n/a	n/a	n/a	n/a	n/a	n/a	pee	226.6732768	154	true	226.6324449	227.0180795
227.3120691	0.39833790000000135	trials	/intervals/trials	155	start_time	n/a	n/a	n/a	n/a	n/a	n/a	n/a	n/a	n/a	kaa	227.3719559	155	true	227.3120691	227.710407
227.3719559	0.0	cv_transition	/intervals/trials	155	cv_transition_time	n/a	n/a	n/a	n/a	n/a	n/a	n/a	n/a	n/a	kaa	227.3719559	155	true	227.3120691	227.710407
228.1528199	0.38692819999999983	trials	/intervals/trials	156	start_time	n/a	n/a	n/a	n/a	n/a	n/a	n/a	n/a	n/a	yoo	228.2194446	156	true	228.1528199	228.5397481
228.2194446	0.0	cv_transition	/intervals/trials	156	cv_transition_time	n/a	n/a	n/a	n/a	n/a	n/a	n/a	n/a	n/a	yoo	228.2194446	156	true	228.1528199	228.5397481
230.212078	0.4418549000000098	trials	/intervals/trials	157	start_time	n/a	n/a	n/a	n/a	n/a	n/a	n/a	n/a	n/a	voo	230.3073155	157	true	230.212078	230.6539329
230.3073155	0.0	cv_transition	/intervals/trials	157	cv_transition_time	n/a	n/a	n/a	n/a	n/a	n/a	n/a	n/a	n/a	voo	230.3073155	157	true	230.212078	230.6539329
231.1148797	0.36385750000002304	trials	/intervals/trials	158	start_time	n/a	n/a	n/a	n/a	n/a	n/a	n/a	n/a	n/a	vee	231.1466378	158	true	231.1148797	231.4787372
231.1466378	0.0	cv_transition	/intervals/trials	158	cv_transition_time	n/a	n/a	n/a	n/a	n/a	n/a	n/a	n/a	n/a	vee	231.1466378	158	true	231.1148797	231.4787372
231.9079258	0.3193961999999999	trials	/intervals/trials	159	start_time	n/a	n/a	n/a	n/a	n/a	n/a	n/a	n/a	n/a	haa	231.9596462	159	true	231.9079258	232.227322
231.9596462	0.0	cv_transition	/intervals/trials	159	cv_transition_time	n/a	n/a	n/a	n/a	n/a	n/a	n/a	n/a	n/a	haa	231.9596462	159	true	231.9079258	232.227322
241.573878	0.38294179999999756	trials	/intervals/trials	160	start_time	n/a	n/a	n/a	n/a	n/a	n/a	n/a	n/a	n/a	hee	241.6413063	160	true	241.573878	241.9568198
241.6413063	0.0	cv_transition	/intervals/trials	160	cv_transition_time	n/a	n/a	n/a	n/a	n/a	n/a	n/a	n/a	n/a	hee	241.6413063	160	true	241.573878	241.9568198
242.1311155	0.40711410000000114	trials	/intervals/trials	161	start_time	n/a	n/a	n/a	n/a	n/a	n/a	n/a	n/a	n/a	thaa	242.1692824	161	true	242.1311155	242.5382296
242.1692824	0.0	cv_transition	/intervals/trials	161	cv_transition_time	n/a	n/a	n/a	n/a	n/a	n/a	n/a	n/a	n/a	thaa	242.1692824	161	true	242.1311155	242.5382296
243.6806936	0.4147473999999818	trials	/intervals/trials	162	start_time	n/a	n/a	n/a	n/a	n/a	n/a	n/a	n/a	n/a	tee	243.7595719	162	true	243.6806936	244.095441
243.7595719	0.0	cv_transition	/intervals/trials	162	cv_transition_time	n/a	n/a	n/a	n/a	n/a	n/a	n/a	n/a	n/a	tee	243.7595719	162	true	243.6806936	244.095441
244.3715153	0.4007530000000088	trials	/intervals/trials	163	start_time	n/a	n/a	n/a	n/a	n/a	n/a	n/a	n/a	n/a	vee	244.391871	163	true	244.3715153	244.7722683
244.391871	0.0	cv_transition	/intervals/trials	163	cv_transition_time	n/a	n/a	n/a	n/a	n/a	n/a	n/a	n/a	n/a	vee	244.391871	163	true	244.3715153	244.7722683
245.7149919	0.43510319999998615	trials	/intervals/trials	164	start_time	n/a	n/a	n/a	n/a	n/a	n/a	n/a	n/a	n/a	lee	245.7938702	164	true	245.7149919	246.1500951
245.7938702	0.0	cv_transition	/intervals/trials	164	cv_transition_time	n/a	n/a	n/a	n/a	n/a	n/a	n/a	n/a	n/a	lee	245.7938702	164	true	245.7149919	246.1500951
246.3325453	0.4752935000000207	trials	/intervals/trials	165	start_time	n/a	n/a	n/a	n/a	n/a	n/a	n/a	n/a	n/a	yaa	246.380369	165	true	246.3325453	246.8078388
246.380369	0.0	cv_transition	/intervals/trials	165	cv_transition_time	n/a	n/a	n/a	n/a	n/a	n/a	n/a	n/a	n/a	yaa	246.380369	165	true	246.3325453	246.8078388
247.8485242	0.4987147999999877	trials	/intervals/trials	166	start_time	n/a	n/a	n/a	n/a	n/a	n/a	n/a	n/a	n/a	zoo	248.1029705	166	true	247.8485242	248.347239
248.1029705	0.0	cv_transition	/intervals/trials	166	cv_transition_time	n/a	n/a	n/a	n/a	n/a	n/a	n/a	n/a	n/a	zoo	248.1029705	166	true	247.8485242	248.347239
249.1665562	0.4223807999999849	trials	/intervals/trials	167	start_time	n/a	n/a	n/a	n/a	n/a	n/a	n/a	n/a	n/a	noo	249.2441623	167	true	249.1665562	249.588937
249.2441623	0.0	cv_transition	/intervals/trials	167	cv_transition_time	n/a	n/a	n/a	n/a	n/a	n/a	n/a	n/a	n/a	noo	249.2441623	167	true	249.1665562	249.588937
251.5469014	0.42365320000001816	trials	/intervals/trials	168	start_time	n/a	n/a	n/a	n/a	n/a	n/a	n/a	n/a	n/a	haa	251.6130575	168	true	251.5469014	251.9705546
251.6130575	0.0	cv_transition	/intervals/trials	168	cv_transition_time	n/a	n/a	n/a	n/a	n/a	n/a	n/a	n/a	n/a	haa	251.6130575	168	true	251.5469014	251.9705546
252.5837702	0.39439179999999396	trials	/intervals/trials	169	start_time	n/a	n/a	n/a	n/a	n/a	n/a	n/a	n/a	n/a	woo	252.6257538	169	true	252.5837702	252.978162
252.6257538	0.0	cv_transition	/intervals/trials	169	cv_transition_time	n/a	n/a	n/a	n/a	n/a	n/a	n/a	n/a	n/a	woo	252.6257538	169	true	252.5837702	252.978162
253.7618566	0.4172920000000033	trials	/intervals/trials	170	start_time	n/a	n/a	n/a	n/a	n/a	n/a	n/a	n/a	n/a	fee	253.8483684	170	true	253.7618566	254.1791486
253.8483684	0.0	cv_transition	/intervals/trials	170	cv_transition_time	n/a	n/a	n/a	n/a	n/a	n/a	n/a	n/a	n/a	fee	253.8483684	170	true	253.7618566	254.1791486
254.9933768	0.3727638999999954	trials	/intervals/trials	171	start_time	n/a	n/a	n/a	n/a	n/a	n/a	n/a	n/a	n/a	baa	255.0035547	171	true	254.9933768	255.3661407
255.0035547	0.0	cv_transition	/intervals/trials	171	cv_transition_time	n/a	n/a	n/a	n/a	n/a	n/a	n/a	n/a	n/a	baa	255.0035547	171	true	254.9933768	255.3661407
256.16523444904414	1.664465086354653	invalid_times	/intervals/invalid_times	1	start_time	n/a	n/a	n/a	n/a	1	256.16523444904414	257.8296995353988	"[""ECoG artifact""]"	"[{""idx_start"":781754,""count"":5079,""timeseries"":""/acquisition/ElectricalSeries""}]"	n/a	n/a	n/a	n/a	n/a	n/a
256.4233651	0.4032973999999854	trials	/intervals/trials	172	start_time	n/a	n/a	n/a	n/a	n/a	n/a	n/a	n/a	n/a	gee	256.4971546	172	true	256.4233651	256.8266625
256.4971546	0.0	cv_transition	/intervals/trials	172	cv_transition_time	n/a	n/a	n/a	n/a	n/a	n/a	n/a	n/a	n/a	gee	256.4971546	172	true	256.4233651	256.8266625
257.5645569	0.30660779999999477	trials	/intervals/trials	173	start_time	n/a	n/a	n/a	n/a	n/a	n/a	n/a	n/a	n/a	boo	257.5760069	173	true	257.5645569	257.8711647
257.5760069	0.0	cv_transition	/intervals/trials	173	cv_transition_time	n/a	n/a	n/a	n/a	n/a	n/a	n/a	n/a	n/a	boo	257.5760069	173	true	257.5645569	257.8711647
258.1854059	0.44655330000000504	trials	/intervals/trials	174	start_time	n/a	n/a	n/a	n/a	n/a	n/a	n/a	n/a	n/a	maa	258.2820955	174	true	258.1854059	258.6319592
258.2820955	0.0	cv_transition	/intervals/trials	174	cv_transition_time	n/a	n/a	n/a	n/a	n/a	n/a	n/a	n/a	n/a	maa	258.2820955	174	true	258.1854059	258.6319592
259.4945322	0.37785270000000537	trials	/intervals/trials	175	start_time	n/a	n/a	n/a	n/a	n/a	n/a	n/a	n/a	n/a	bee	259.5034378	175	true	259.4945322	259.8723849
259.5034378	0.0	cv_transition	/intervals/trials	175	cv_transition_time	n/a	n/a	n/a	n/a	n/a	n/a	n/a	n/a	n/a	bee	259.5034378	175	true	259.4945322	259.8723849
261.4117852	0.3562248000000068	trials	/intervals/trials	176	start_time	n/a	n/a	n/a	n/a	n/a	n/a	n/a	n/a	n/a	koo	261.4881191	176	true	261.4117852	261.76801
261.4881191	0.0	cv_transition	/intervals/trials	176	cv_transition_time	n/a	n/a	n/a	n/a	n/a	n/a	n/a	n/a	n/a	koo	261.4881191	176	true	261.4117852	261.76801
262.3570532	0.37785280000002786	trials	/intervals/trials	177	start_time	n/a	n/a	n/a	n/a	n/a	n/a	n/a	n/a	n/a	vaa	262.3875868	177	true	262.3570532	262.734906
262.3875868	0.0	cv_transition	/intervals/trials	177	cv_transition_time	n/a	n/a	n/a	n/a	n/a	n/a	n/a	n/a	n/a	vaa	262.3875868	177	true	262.3570532	262.734906
263.6203792	0.4516421999999807	trials	/intervals/trials	178	start_time	n/a	n/a	n/a	n/a	n/a	n/a	n/a	n/a	n/a	yee	263.6839908	178	true	263.6203792	264.0720214
263.6839908	0.0	cv_transition	/intervals/trials	178	cv_transition_time	n/a	n/a	n/a	n/a	n/a	n/a	n/a	n/a	n/a	yee	263.6839908	178	true	263.6203792	264.0720214
265.3646087	0.4287420999999654	trials	/intervals/trials	179	start_time	n/a	n/a	n/a	n/a	n/a	n/a	n/a	n/a	n/a	thoo	265.4345814	179	true	265.3646087	265.7933508
265.4345814	0.0	cv_transition	/intervals/trials	179	cv_transition_time	n/a	n/a	n/a	n/a	n/a	n/a	n/a	n/a	n/a	thoo	265.4345814	179	true	265.3646087	265.7933508
266.1839258	0.5267039000000295	trials	/intervals/trials	180	start_time	n/a	n/a	n/a	n/a	n/a	n/a	n/a	n/a	n/a	nee	266.382394	180	true	266.1839258	266.7106297
266.382394	0.0	cv_transition	/intervals/trials	180	cv_transition_time	n/a	n/a	n/a	n/a	n/a	n/a	n/a	n/a	n/a	nee	266.382394	180	true	266.1839258	266.7106297
267.1317384	0.39439179999999396	trials	/intervals/trials	181	start_time	n/a	n/a	n/a	n/a	n/a	n/a	n/a	n/a	n/a	goo	267.1877166	181	true	267.1317384	267.5261302
267.1877166	0.0	cv_transition	/intervals/trials	181	cv_transition_time	n/a	n/a	n/a	n/a	n/a	n/a	n/a	n/a	n/a	goo	267.1877166	181	true	267.1317384	267.5261302
267.9765002	0.5279761000000462	trials	/intervals/trials	182	start_time	n/a	n/a	n/a	n/a	n/a	n/a	n/a	n/a	n/a	see	268.1711516	182	true	267.9765002	268.5044763
268.1711516	0.0	cv_transition	/intervals/trials	182	cv_transition_time	n/a	n/a	n/a	n/a	n/a	n/a	n/a	n/a	n/a	see	268.1711516	182	true	267.9765002	268.5044763
269.1024251	0.5597819000000186	trials	/intervals/trials	183	start_time	n/a	n/a	n/a	n/a	n/a	n/a	n/a	n/a	n/a	wee	269.2016592	183	true	269.1024251	269.662207
269.2016592	0.0	cv_transition	/intervals/trials	183	cv_transition_time	n/a	n/a	n/a	n/a	n/a	n/a	n/a	n/a	n/a	wee	269.2016592	183	true	269.1024251	269.662207
270.6303752	0.5050759999999741	trials	/intervals/trials	184	start_time	n/a	n/a	n/a	n/a	n/a	n/a	n/a	n/a	n/a	thee	270.7970376	184	true	270.6303752	271.1354512
270.7970376	0.0	cv_transition	/intervals/trials	184	cv_transition_time	n/a	n/a	n/a	n/a	n/a	n/a	n/a	n/a	n/a	thee	270.7970376	184	true	270.6303752	271.1354512
272.2473816	0.48726470000002564	trials	/intervals/trials	185	start_time	n/a	n/a	n/a	n/a	n/a	n/a	n/a	n/a	n/a	saa	272.3898715	185	true	272.2473816	272.7346463
272.3898715	0.0	cv_transition	/intervals/trials	185	cv_transition_time	n/a	n/a	n/a	n/a	n/a	n/a	n/a	n/a	n/a	saa	272.3898715	185	true	272.2473816	272.7346463
273.2104609	0.4618201000000113	trials	/intervals/trials	186	start_time	n/a	n/a	n/a	n/a	n/a	n/a	n/a	n/a	n/a	faa	273.3325951	186	true	273.2104609	273.672281
273.3325951	0.0	cv_transition	/intervals/trials	186	cv_transition_time	n/a	n/a	n/a	n/a	n/a	n/a	n/a	n/a	n/a	faa	273.3325951	186	true	273.2104609	273.672281
274.4547034	0.3918472999999949	trials	/intervals/trials	187	start_time	n/a	n/a	n/a	n/a	n/a	n/a	n/a	n/a	n/a	moo	274.5208594	187	true	274.4547034	274.8465507
274.5208594	0.0	cv_transition	/intervals/trials	187	cv_transition_time	n/a	n/a	n/a	n/a	n/a	n/a	n/a	n/a	n/a	moo	274.5208594	187	true	274.4547034	274.8465507
275.35926	0.377852799999971	trials	/intervals/trials	188	start_time	n/a	n/a	n/a	n/a	n/a	n/a	n/a	n/a	n/a	daa	275.3757991	188	true	275.35926	275.7371128
275.3757991	0.0	cv_transition	/intervals/trials	188	cv_transition_time	n/a	n/a	n/a	n/a	n/a	n/a	n/a	n/a	n/a	daa	275.3757991	188	true	275.35926	275.7371128
276.3121615	0.35368039999997336	trials	/intervals/trials	189	start_time	n/a	n/a	n/a	n/a	n/a	n/a	n/a	n/a	n/a	dee	276.3503285	189	true	276.3121615	276.6658419
276.3503285	0.0	cv_transition	/intervals/trials	189	cv_transition_time	n/a	n/a	n/a	n/a	n/a	n/a	n/a	n/a	n/a	dee	276.3503285	189	true	276.3121615	276.6658419
277.1543788	0.4745423999999616	trials	/intervals/trials	190	start_time	n/a	n/a	n/a	n/a	n/a	n/a	n/a	n/a	n/a	shoo	277.3083188	190	true	277.1543788	277.6289212
277.3083188	0.0	cv_transition	/intervals/trials	190	cv_transition_time	n/a	n/a	n/a	n/a	n/a	n/a	n/a	n/a	n/a	shoo	277.3083188	190	true	277.1543788	277.6289212
278.2624925	0.4363754999999969	trials	/intervals/trials	191	start_time	n/a	n/a	n/a	n/a	n/a	n/a	n/a	n/a	n/a	zaa	278.347732	191	true	278.2624925	278.698868
278.347732	0.0	cv_transition	/intervals/trials	191	cv_transition_time	n/a	n/a	n/a	n/a	n/a	n/a	n/a	n/a	n/a	zaa	278.347732	191	true	278.2624925	278.698868
279.182316	0.42365309999996725	trials	/intervals/trials	192	start_time	n/a	n/a	n/a	n/a	n/a	n/a	n/a	n/a	n/a	laa	279.2293885	192	true	279.182316	279.6059691
279.2293885	0.0	cv_transition	/intervals/trials	192	cv_transition_time	n/a	n/a	n/a	n/a	n/a	n/a	n/a	n/a	n/a	laa	279.2293885	192	true	279.182316	279.6059691
283.9760846	0.6424769000000197	trials	/intervals/trials	193	start_time	n/a	n/a	n/a	n/a	n/a	n/a	n/a	n/a	n/a	ree	284.1936362	193	true	283.9760846	284.6185615
284.1936362	0.0	cv_transition	/intervals/trials	193	cv_transition_time	n/a	n/a	n/a	n/a	n/a	n/a	n/a	n/a	n/a	ree	284.1936362	193	true	283.9760846	284.6185615
285.3221056	0.41729200000003175	trials	/intervals/trials	194	start_time	n/a	n/a	n/a	n/a	n/a	n/a	n/a	n/a	n/a	loo	285.412434	194	true	285.3221056	285.7393976
285.412434	0.0	cv_transition	/intervals/trials	194	cv_transition_time	n/a	n/a	n/a	n/a	n/a	n/a	n/a	n/a	n/a	loo	285.412434	194	true	285.3221056	285.7393976
286.5014643	0.4198364000000083	trials	/intervals/trials	195	start_time	n/a	n/a	n/a	n/a	n/a	n/a	n/a	n/a	n/a	hoo	286.5676203	195	true	286.5014643	286.9213007
286.5676203	0.0	cv_transition	/intervals/trials	195	cv_transition_time	n/a	n/a	n/a	n/a	n/a	n/a	n/a	n/a	n/a	hoo	286.5676203	195	true	286.5014643	286.9213007
287.5688666	0.4236531000000241	trials	/intervals/trials	196	start_time	n/a	n/a	n/a	n/a	n/a	n/a	n/a	n/a	n/a	too	287.6553783	196	true	287.5688666	287.9925197
287.6553783	0.0	cv_transition	/intervals/trials	196	cv_transition_time	n/a	n/a	n/a	n/a	n/a	n/a	n/a	n/a	n/a	too	287.6553783	196	true	287.5688666	287.9925197
288.955599	0.5457873999999947	trials	/intervals/trials	197	start_time	n/a	n/a	n/a	n/a	n/a	n/a	n/a	n/a	n/a	soo	289.1451615	197	true	288.955599	289.5013864
289.1451615	0.0	cv_transition	/intervals/trials	197	cv_transition_time	n/a	n/a	n/a	n/a	n/a	n/a	n/a	n/a	n/a	soo	289.1451615	197	true	288.955599	289.5013864
290.2278306	0.43764770000001363	trials	/intervals/trials	198	start_time	n/a	n/a	n/a	n/a	n/a	n/a	n/a	n/a	n/a	roo	290.2609086	198	true	290.2278306	290.6654783
290.2609086	0.0	cv_transition	/intervals/trials	198	cv_transition_time	n/a	n/a	n/a	n/a	n/a	n/a	n/a	n/a	n/a	roo	290.2609086	198	true	290.2278306	290.6654783
291.4860676	0.46309229999997115	trials	/intervals/trials	199	start_time	n/a	n/a	n/a	n/a	n/a	n/a	n/a	n/a	n/a	raa	291.5140567	199	true	291.4860676	291.9491599
291.5140567	0.0	cv_transition	/intervals/trials	199	cv_transition_time	n/a	n/a	n/a	n/a	n/a	n/a	n/a	n/a	n/a	raa	291.5140567	199	true	291.4860676	291.9491599
292.5700089	0.4974425999999994	trials	/intervals/trials	200	start_time	n/a	n/a	n/a	n/a	n/a	n/a	n/a	n/a	n/a	shee	292.7214045	200	true	292.5700089	293.0674515
292.7214045	0.0	cv_transition	/intervals/trials	200	cv_transition_time	n/a	n/a	n/a	n/a	n/a	n/a	n/a	n/a	n/a	shee	292.7214045	200	true	292.5700089	293.0674515
293.9720082	0.474542299999996	trials	/intervals/trials	201	start_time	n/a	n/a	n/a	n/a	n/a	n/a	n/a	n/a	n/a	kee	294.0508865	201	true	293.9720082	294.4465505
294.0508865	0.0	cv_transition	/intervals/trials	201	cv_transition_time	n/a	n/a	n/a	n/a	n/a	n/a	n/a	n/a	n/a	kee	294.0508865	201	true	293.9720082	294.4465505
296.1627909	0.5534207999999694	trials	/intervals/trials	202	start_time	n/a	n/a	n/a	n/a	n/a	n/a	n/a	n/a	n/a	zee	296.3358144	202	true	296.1627909	296.7162117
296.3358144	0.0	cv_transition	/intervals/trials	202	cv_transition_time	n/a	n/a	n/a	n/a	n/a	n/a	n/a	n/a	n/a	zee	296.3358144	202	true	296.1627909	296.7162117
298.6181979	0.5076204000000075	trials	/intervals/trials	203	start_time	n/a	n/a	n/a	n/a	n/a	n/a	n/a	n/a	n/a	voo	298.7365154	203	true	298.6181979	299.1258183
298.7365154	0.0	cv_transition	/intervals/trials	203	cv_transition_time	n/a	n/a	n/a	n/a	n/a	n/a	n/a	n/a	n/a	voo	298.7365154	203	true	298.6181979	299.1258183
299.5049433	0.40838640000004034	trials	/intervals/trials	204	start_time	n/a	n/a	n/a	n/a	n/a	n/a	n/a	n/a	n/a	poo	299.563466	204	true	299.5049433	299.9133297
299.563466	0.0	cv_transition	/intervals/trials	204	cv_transition_time	n/a	n/a	n/a	n/a	n/a	n/a	n/a	n/a	n/a	poo	299.563466	204	true	299.5049433	299.9133297
300.2759157	0.45800330000002987	trials	/intervals/trials	205	start_time	n/a	n/a	n/a	n/a	n/a	n/a	n/a	n/a	n/a	taa	300.338255	205	true	300.2759157	300.733919
300.338255	0.0	cv_transition	/intervals/trials	205	cv_transition_time	n/a	n/a	n/a	n/a	n/a	n/a	n/a	n/a	n/a	taa	300.338255	205	true	300.2759157	300.733919
301.6448368	0.41601980000001504	trials	/intervals/trials	206	start_time	n/a	n/a	n/a	n/a	n/a	n/a	n/a	n/a	n/a	kaa	301.7071762	206	true	301.6448368	302.0608566
301.7071762	0.0	cv_transition	/intervals/trials	206	cv_transition_time	n/a	n/a	n/a	n/a	n/a	n/a	n/a	n/a	n/a	kaa	301.7071762	206	true	301.6448368	302.0608566
302.3674644	0.45036999999996397	trials	/intervals/trials	207	start_time	n/a	n/a	n/a	n/a	n/a	n/a	n/a	n/a	n/a	waa	302.3954535	207	true	302.3674644	302.8178344
302.3954535	0.0	cv_transition	/intervals/trials	207	cv_transition_time	n/a	n/a	n/a	n/a	n/a	n/a	n/a	n/a	n/a	waa	302.3954535	207	true	302.3674644	302.8178344
303.3330882	0.5228870999999913	trials	/intervals/trials	208	start_time	n/a	n/a	n/a	n/a	n/a	n/a	n/a	n/a	n/a	shaa	303.4781226	208	true	303.3330882	303.8559753
303.4781226	0.0	cv_transition	/intervals/trials	208	cv_transition_time	n/a	n/a	n/a	n/a	n/a	n/a	n/a	n/a	n/a	shaa	303.4781226	208	true	303.3330882	303.8559753
304.5302581	0.40711410000000114	trials	/intervals/trials	209	start_time	n/a	n/a	n/a	n/a	n/a	n/a	n/a	n/a	n/a	paa	304.5836918	209	true	304.5302581	304.9373722
304.5836918	0.0	cv_transition	/intervals/trials	209	cv_transition_time	n/a	n/a	n/a	n/a	n/a	n/a	n/a	n/a	n/a	paa	304.5836918	209	true	304.5302581	304.9373722
305.4628038	0.40329750000000786	trials	/intervals/trials	210	start_time	n/a	n/a	n/a	n/a	n/a	n/a	n/a	n/a	n/a	gaa	305.4882485	210	true	305.4628038	305.8661013
305.4882485	0.0	cv_transition	/intervals/trials	210	cv_transition_time	n/a	n/a	n/a	n/a	n/a	n/a	n/a	n/a	n/a	gaa	305.4882485	210	true	305.4628038	305.8661013
306.2961155	0.34223030000003973	trials	/intervals/trials	211	start_time	n/a	n/a	n/a	n/a	n/a	n/a	n/a	n/a	n/a	doo	306.3164712	211	true	306.2961155	306.6383458
306.3164712	0.0	cv_transition	/intervals/trials	211	cv_transition_time	n/a	n/a	n/a	n/a	n/a	n/a	n/a	n/a	n/a	doo	306.3164712	211	true	306.2961155	306.6383458
306.9156923	0.3651305000000207	trials	/intervals/trials	212	start_time	n/a	n/a	n/a	n/a	n/a	n/a	n/a	n/a	n/a	mee	307.0111097	212	true	306.9156923	307.2808228
307.0111097	0.0	cv_transition	/intervals/trials	212	cv_transition_time	n/a	n/a	n/a	n/a	n/a	n/a	n/a	n/a	n/a	mee	307.0111097	212	true	306.9156923	307.2808228
307.6866647	0.31933010000000195	trials	/intervals/trials	213	start_time	n/a	n/a	n/a	n/a	n/a	n/a	n/a	n/a	n/a	pee	307.7502762	213	true	307.6866647	308.0059948
307.7502762	0.0	cv_transition	/intervals/trials	213	cv_transition_time	n/a	n/a	n/a	n/a	n/a	n/a	n/a	n/a	n/a	pee	307.7502762	213	true	307.6866647	308.0059948
315.92132794304547	0.5108670523401884	invalid_times	/intervals/invalid_times	2	start_time	n/a	n/a	n/a	n/a	2	315.92132794304547	316.43219499538566	"[""ECoG artifact""]"	"[{""idx_start"":964115,""count"":1559,""timeseries"":""/acquisition/ElectricalSeries""}]"	n/a	n/a	n/a	n/a	n/a	n/a
316.9777719	0.4796312999999941	trials	/intervals/trials	214	start_time	n/a	n/a	n/a	n/a	n/a	n/a	n/a	n/a	n/a	see	317.1164452	214	true	316.9777719	317.4574032
317.1164452	0.0	cv_transition	/intervals/trials	214	cv_transition_time	n/a	n/a	n/a	n/a	n/a	n/a	n/a	n/a	n/a	see	317.1164452	214	true	316.9777719	317.4574032
317.5808097	0.43383099999999786	trials	/intervals/trials	215	start_time	n/a	n/a	n/a	n/a	n/a	n/a	n/a	n/a	n/a	hee	317.6507824	215	true	317.5808097	318.0146407
317.6507824	0.0	cv_transition	/intervals/trials	215	cv_transition_time	n/a	n/a	n/a	n/a	n/a	n/a	n/a	n/a	n/a	hee	317.6507824	215	true	317.5808097	318.0146407
318.3276096	0.47199799999998504	trials	/intervals/trials	216	start_time	n/a	n/a	n/a	n/a	n/a	n/a	n/a	n/a	n/a	naa	318.4408382	216	true	318.3276096	318.7996076
318.4408382	0.0	cv_transition	/intervals/trials	216	cv_transition_time	n/a	n/a	n/a	n/a	n/a	n/a	n/a	n/a	n/a	naa	318.4408382	216	true	318.3276096	318.7996076
319.6214692	0.5521485000000439	trials	/intervals/trials	217	start_time	n/a	n/a	n/a	n/a	n/a	n/a	n/a	n/a	n/a	saa	319.7970371	217	true	319.6214692	320.1736177
319.7970371	0.0	cv_transition	/intervals/trials	217	cv_transition_time	n/a	n/a	n/a	n/a	n/a	n/a	n/a	n/a	n/a	saa	319.7970371	217	true	319.6214692	320.1736177
320.5247536	0.4223809000000074	trials	/intervals/trials	218	start_time	n/a	n/a	n/a	n/a	n/a	n/a	n/a	n/a	n/a	gaa	320.5565594	218	true	320.5247536	320.9471345
320.5565594	0.0	cv_transition	/intervals/trials	218	cv_transition_time	n/a	n/a	n/a	n/a	n/a	n/a	n/a	n/a	n/a	gaa	320.5565594	218	true	320.5247536	320.9471345
321.3326206	0.3727638999999954	trials	/intervals/trials	219	start_time	n/a	n/a	n/a	n/a	n/a	n/a	n/a	n/a	n/a	doo	321.345343	219	true	321.3326206	321.7053845
321.345343	0.0	cv_transition	/intervals/trials	219	cv_transition_time	n/a	n/a	n/a	n/a	n/a	n/a	n/a	n/a	n/a	doo	321.345343	219	true	321.3326206	321.7053845
322.1150431	0.38930279999999584	trials	/intervals/trials	220	start_time	n/a	n/a	n/a	n/a	n/a	n/a	n/a	n/a	n/a	roo	322.1303098	220	true	322.1150431	322.5043459
322.1303098	0.0	cv_transition	/intervals/trials	220	cv_transition_time	n/a	n/a	n/a	n/a	n/a	n/a	n/a	n/a	n/a	roo	322.1303098	220	true	322.1150431	322.5043459
322.9279991	0.38803059999997913	trials	/intervals/trials	221	start_time	n/a	n/a	n/a	n/a	n/a	n/a	n/a	n/a	n/a	pee	322.9788883	221	true	322.9279991	323.3160297
322.9788883	0.0	cv_transition	/intervals/trials	221	cv_transition_time	n/a	n/a	n/a	n/a	n/a	n/a	n/a	n/a	n/a	pee	322.9788883	221	true	322.9279991	323.3160297
323.7778498	0.4923536000000013	trials	/intervals/trials	222	start_time	n/a	n/a	n/a	n/a	n/a	n/a	n/a	n/a	n/a	shee	323.9305175	222	true	323.7778498	324.2702034
323.9305175	0.0	cv_transition	/intervals/trials	222	cv_transition_time	n/a	n/a	n/a	n/a	n/a	n/a	n/a	n/a	n/a	shee	323.9305175	222	true	323.7778498	324.2702034
324.5984391	0.38548620000000255	trials	/intervals/trials	223	start_time	n/a	n/a	n/a	n/a	n/a	n/a	n/a	n/a	n/a	foo	324.6671396	223	true	324.5984391	324.9839253
324.6671396	0.0	cv_transition	/intervals/trials	223	cv_transition_time	n/a	n/a	n/a	n/a	n/a	n/a	n/a	n/a	n/a	foo	324.6671396	223	true	324.5984391	324.9839253
325.3694115	0.42365309999996725	trials	/intervals/trials	224	start_time	n/a	n/a	n/a	n/a	n/a	n/a	n/a	n/a	n/a	too	325.4571954	224	true	325.3694115	325.7930646
325.4571954	0.0	cv_transition	/intervals/trials	224	cv_transition_time	n/a	n/a	n/a	n/a	n/a	n/a	n/a	n/a	n/a	too	325.4571954	224	true	325.3694115	325.7930646
326.3892235	0.4763322999999673	trials	/intervals/trials	225	start_time	n/a	n/a	n/a	n/a	n/a	n/a	n/a	n/a	n/a	yaa	326.4419027	225	true	326.3892235	326.8655558
326.4419027	0.0	cv_transition	/intervals/trials	225	cv_transition_time	n/a	n/a	n/a	n/a	n/a	n/a	n/a	n/a	n/a	yaa	326.4419027	225	true	326.3892235	326.8655558
327.1594413	0.4312864999999988	trials	/intervals/trials	226	start_time	n/a	n/a	n/a	n/a	n/a	n/a	n/a	n/a	n/a	nee	327.2497698	226	true	327.1594413	327.5907278
327.2497698	0.0	cv_transition	/intervals/trials	226	cv_transition_time	n/a	n/a	n/a	n/a	n/a	n/a	n/a	n/a	n/a	nee	327.2497698	226	true	327.1594413	327.5907278
327.9774862	0.40456970000002457	trials	/intervals/trials	227	start_time	n/a	n/a	n/a	n/a	n/a	n/a	n/a	n/a	n/a	lee	328.0614535	227	true	327.9774862	328.3820559
328.0614535	0.0	cv_transition	/intervals/trials	227	cv_transition_time	n/a	n/a	n/a	n/a	n/a	n/a	n/a	n/a	n/a	lee	328.0614535	227	true	327.9774862	328.3820559
328.8489649	0.4987146999999936	trials	/intervals/trials	228	start_time	n/a	n/a	n/a	n/a	n/a	n/a	n/a	n/a	n/a	zoo	329.0296217	228	true	328.8489649	329.3476796
329.0296217	0.0	cv_transition	/intervals/trials	228	cv_transition_time	n/a	n/a	n/a	n/a	n/a	n/a	n/a	n/a	n/a	zoo	329.0296217	228	true	328.8489649	329.3476796
330.3082145	0.36640269999998054	trials	/intervals/trials	229	start_time	n/a	n/a	n/a	n/a	n/a	n/a	n/a	n/a	n/a	gee	330.3425647	229	true	330.3082145	330.6746172
330.3425647	0.0	cv_transition	/intervals/trials	229	cv_transition_time	n/a	n/a	n/a	n/a	n/a	n/a	n/a	n/a	n/a	gee	330.3425647	229	true	330.3082145	330.6746172
331.1644263	0.5496041000000105	trials	/intervals/trials	230	start_time	n/a	n/a	n/a	n/a	n/a	n/a	n/a	n/a	n/a	fee	331.3183664	230	true	331.1644263	331.7140304
331.3183664	0.0	cv_transition	/intervals/trials	230	cv_transition_time	n/a	n/a	n/a	n/a	n/a	n/a	n/a	n/a	n/a	fee	331.3183664	230	true	331.1644263	331.7140304
332.2343731	0.5457873999999947	trials	/intervals/trials	231	start_time	n/a	n/a	n/a	n/a	n/a	n/a	n/a	n/a	n/a	soo	332.4544692	231	true	332.2343731	332.7801605
332.4544692	0.0	cv_transition	/intervals/trials	231	cv_transition_time	n/a	n/a	n/a	n/a	n/a	n/a	n/a	n/a	n/a	soo	332.4544692	231	true	332.2343731	332.7801605
333.1605577	0.4516421999999807	trials	/intervals/trials	232	start_time	n/a	n/a	n/a	n/a	n/a	n/a	n/a	n/a	n/a	waa	333.2330749	232	true	333.1605577	333.6121999
333.2330749	0.0	cv_transition	/intervals/trials	232	cv_transition_time	n/a	n/a	n/a	n/a	n/a	n/a	n/a	n/a	n/a	waa	333.2330749	232	true	333.1605577	333.6121999
334.7686584	0.44400890000002846	trials	/intervals/trials	233	start_time	n/a	n/a	n/a	n/a	n/a	n/a	n/a	n/a	n/a	kee	334.8615313	233	true	334.7686584	335.2126673
334.8615313	0.0	cv_transition	/intervals/trials	233	cv_transition_time	n/a	n/a	n/a	n/a	n/a	n/a	n/a	n/a	n/a	kee	334.8615313	233	true	334.7686584	335.2126673
335.5548975	0.44782560000004423	trials	/intervals/trials	234	start_time	n/a	n/a	n/a	n/a	n/a	n/a	n/a	n/a	n/a	mee	335.6693984	234	true	335.5548975	336.0027231
335.6693984	0.0	cv_transition	/intervals/trials	234	cv_transition_time	n/a	n/a	n/a	n/a	n/a	n/a	n/a	n/a	n/a	mee	335.6693984	234	true	335.5548975	336.0027231
336.5828607	0.43764759999999114	trials	/intervals/trials	235	start_time	n/a	n/a	n/a	n/a	n/a	n/a	n/a	n/a	n/a	laa	336.6324777	235	true	336.5828607	337.0205083
336.6324777	0.0	cv_transition	/intervals/trials	235	cv_transition_time	n/a	n/a	n/a	n/a	n/a	n/a	n/a	n/a	n/a	laa	336.6324777	235	true	336.5828607	337.0205083
337.5204953	0.44655330000000504	trials	/intervals/trials	236	start_time	n/a	n/a	n/a	n/a	n/a	n/a	n/a	n/a	n/a	ree	337.5561178	236	true	337.5204953	337.9670486
337.5561178	0.0	cv_transition	/intervals/trials	236	cv_transition_time	n/a	n/a	n/a	n/a	n/a	n/a	n/a	n/a	n/a	ree	337.5561178	236	true	337.5204953	337.9670486
338.5115638	0.40711410000000114	trials	/intervals/trials	237	start_time	n/a	n/a	n/a	n/a	n/a	n/a	n/a	n/a	n/a	loo	338.5611808	237	true	338.5115638	338.9186779
338.5611808	0.0	cv_transition	/intervals/trials	237	cv_transition_time	n/a	n/a	n/a	n/a	n/a	n/a	n/a	n/a	n/a	loo	338.5611808	237	true	338.5115638	338.9186779
339.4733708	0.3994807999999921	trials	/intervals/trials	238	start_time	n/a	n/a	n/a	n/a	n/a	n/a	n/a	n/a	n/a	goo	339.5178989	238	true	339.4733708	339.8728516
339.5178989	0.0	cv_transition	/intervals/trials	238	cv_transition_time	n/a	n/a	n/a	n/a	n/a	n/a	n/a	n/a	n/a	goo	339.5178989	238	true	339.4733708	339.8728516
340.5420454	0.4325587000000155	trials	/intervals/trials	239	start_time	n/a	n/a	n/a	n/a	n/a	n/a	n/a	n/a	n/a	maa	340.5954791	239	true	340.5420454	340.9746041
340.5954791	0.0	cv_transition	/intervals/trials	239	cv_transition_time	n/a	n/a	n/a	n/a	n/a	n/a	n/a	n/a	n/a	maa	340.5954791	239	true	340.5420454	340.9746041
342.6997501	0.43255879999998115	trials	/intervals/trials	240	start_time	n/a	n/a	n/a	n/a	n/a	n/a	n/a	n/a	n/a	koo	342.7646339	240	true	342.6997501	343.1323089
342.7646339	0.0	cv_transition	/intervals/trials	240	cv_transition_time	n/a	n/a	n/a	n/a	n/a	n/a	n/a	n/a	n/a	koo	342.7646339	240	true	342.6997501	343.1323089
343.7035409	0.427469799999983	trials	/intervals/trials	241	start_time	n/a	n/a	n/a	n/a	n/a	n/a	n/a	n/a	n/a	haa	343.7569746	241	true	343.7035409	344.1310107
343.7569746	0.0	cv_transition	/intervals/trials	241	cv_transition_time	n/a	n/a	n/a	n/a	n/a	n/a	n/a	n/a	n/a	haa	343.7569746	241	true	343.7035409	344.1310107
344.7836655	0.45800330000002987	trials	/intervals/trials	242	start_time	n/a	n/a	n/a	n/a	n/a	n/a	n/a	n/a	n/a	kaa	344.8752661	242	true	344.7836655	345.2416688
344.8752661	0.0	cv_transition	/intervals/trials	242	cv_transition_time	n/a	n/a	n/a	n/a	n/a	n/a	n/a	n/a	n/a	kaa	344.8752661	242	true	344.7836655	345.2416688
345.8090841	0.43510320000001457	trials	/intervals/trials	243	start_time	n/a	n/a	n/a	n/a	n/a	n/a	n/a	n/a	n/a	vee	345.8777846	243	true	345.8090841	346.2441873
345.8777846	0.0	cv_transition	/intervals/trials	243	cv_transition_time	n/a	n/a	n/a	n/a	n/a	n/a	n/a	n/a	n/a	vee	345.8777846	243	true	345.8090841	346.2441873
346.8675808	0.45291450000001987	trials	/intervals/trials	244	start_time	n/a	n/a	n/a	n/a	n/a	n/a	n/a	n/a	n/a	paa	346.923559	244	true	346.8675808	347.3204953
346.923559	0.0	cv_transition	/intervals/trials	244	cv_transition_time	n/a	n/a	n/a	n/a	n/a	n/a	n/a	n/a	n/a	paa	346.923559	244	true	346.8675808	347.3204953
347.6856257	0.41474749999997584	trials	/intervals/trials	245	start_time	n/a	n/a	n/a	n/a	n/a	n/a	n/a	n/a	n/a	wee	347.7161593	245	true	347.6856257	348.1003732
347.7161593	0.0	cv_transition	/intervals/trials	245	cv_transition_time	n/a	n/a	n/a	n/a	n/a	n/a	n/a	n/a	n/a	wee	347.7161593	245	true	347.6856257	348.1003732
348.7110444	0.4134751999999935	trials	/intervals/trials	246	start_time	n/a	n/a	n/a	n/a	n/a	n/a	n/a	n/a	n/a	baa	348.7314001	246	true	348.7110444	349.1245196
348.7314001	0.0	cv_transition	/intervals/trials	246	cv_transition_time	n/a	n/a	n/a	n/a	n/a	n/a	n/a	n/a	n/a	baa	348.7314001	246	true	348.7110444	349.1245196
349.6236071	0.4525418000000059	trials	/intervals/trials	247	start_time	n/a	n/a	n/a	n/a	n/a	n/a	n/a	n/a	n/a	yee	349.686846	247	true	349.6236071	350.0761489
349.686846	0.0	cv_transition	/intervals/trials	247	cv_transition_time	n/a	n/a	n/a	n/a	n/a	n/a	n/a	n/a	n/a	yee	349.686846	247	true	349.6236071	350.0761489
350.774604	0.40202519999996866	trials	/intervals/trials	248	start_time	n/a	n/a	n/a	n/a	n/a	n/a	n/a	n/a	n/a	boo	350.7847819	248	true	350.774604	351.1766292
350.7847819	0.0	cv_transition	/intervals/trials	248	cv_transition_time	n/a	n/a	n/a	n/a	n/a	n/a	n/a	n/a	n/a	boo	350.7847819	248	true	350.774604	351.1766292
354.263063	0.45291450000001987	trials	/intervals/trials	249	start_time	n/a	n/a	n/a	n/a	n/a	n/a	n/a	n/a	n/a	taa	354.3228579	249	true	354.263063	354.7159775
354.3228579	0.0	cv_transition	/intervals/trials	249	cv_transition_time	n/a	n/a	n/a	n/a	n/a	n/a	n/a	n/a	n/a	taa	354.3228579	249	true	354.263063	354.7159775
355.0442132	0.5737765000000081	trials	/intervals/trials	250	start_time	n/a	n/a	n/a	n/a	n/a	n/a	n/a	n/a	n/a	zaa	355.2261423	250	true	355.0442132	355.6179897
355.2261423	0.0	cv_transition	/intervals/trials	250	cv_transition_time	n/a	n/a	n/a	n/a	n/a	n/a	n/a	n/a	n/a	zaa	355.2261423	250	true	355.0442132	355.6179897
356.3368005	0.3918472999999949	trials	/intervals/trials	251	start_time	n/a	n/a	n/a	n/a	n/a	n/a	n/a	n/a	n/a	dee	356.3851453	251	true	356.3368005	356.7286478
356.3851453	0.0	cv_transition	/intervals/trials	251	cv_transition_time	n/a	n/a	n/a	n/a	n/a	n/a	n/a	n/a	n/a	dee	356.3851453	251	true	356.3368005	356.7286478
357.081056	0.40838630000001785	trials	/intervals/trials	252	start_time	n/a	n/a	n/a	n/a	n/a	n/a	n/a	n/a	n/a	moo	357.1446676	252	true	357.081056	357.4894423
357.1446676	0.0	cv_transition	/intervals/trials	252	cv_transition_time	n/a	n/a	n/a	n/a	n/a	n/a	n/a	n/a	n/a	moo	357.1446676	252	true	357.081056	357.4894423
358.23497	0.44655330000000504	trials	/intervals/trials	253	start_time	n/a	n/a	n/a	n/a	n/a	n/a	n/a	n/a	n/a	faa	358.2833148	253	true	358.23497	358.6815233
358.2833148	0.0	cv_transition	/intervals/trials	253	cv_transition_time	n/a	n/a	n/a	n/a	n/a	n/a	n/a	n/a	n/a	faa	358.2833148	253	true	358.23497	358.6815233
359.4461345	0.4249253999999496	trials	/intervals/trials	254	start_time	n/a	n/a	n/a	n/a	n/a	n/a	n/a	n/a	n/a	thoo	359.4881181	254	true	359.4461345	359.8710599
359.4881181	0.0	cv_transition	/intervals/trials	254	cv_transition_time	n/a	n/a	n/a	n/a	n/a	n/a	n/a	n/a	n/a	thoo	359.4881181	254	true	359.4461345	359.8710599
362.1941547	0.5101649000000066	trials	/intervals/trials	255	start_time	n/a	n/a	n/a	n/a	n/a	n/a	n/a	n/a	n/a	zee	362.3137445	255	true	362.1941547	362.7043196
362.3137445	0.0	cv_transition	/intervals/trials	255	cv_transition_time	n/a	n/a	n/a	n/a	n/a	n/a	n/a	n/a	n/a	zee	362.3137445	255	true	362.1941547	362.7043196
362.8875209	0.4478255999999874	trials	/intervals/trials	256	start_time	n/a	n/a	n/a	n/a	n/a	n/a	n/a	n/a	n/a	daa	362.9295046	256	true	362.8875209	363.3353465
362.9295046	0.0	cv_transition	/intervals/trials	256	cv_transition_time	n/a	n/a	n/a	n/a	n/a	n/a	n/a	n/a	n/a	daa	362.9295046	256	true	362.8875209	363.3353465
363.9447454	0.37276380000002973	trials	/intervals/trials	257	start_time	n/a	n/a	n/a	n/a	n/a	n/a	n/a	n/a	n/a	voo	363.9574677	257	true	363.9447454	364.3175092
363.9574677	0.0	cv_transition	/intervals/trials	257	cv_transition_time	n/a	n/a	n/a	n/a	n/a	n/a	n/a	n/a	n/a	voo	363.9574677	257	true	363.9447454	364.3175092
364.9001913	0.4770868999999607	trials	/intervals/trials	258	start_time	n/a	n/a	n/a	n/a	n/a	n/a	n/a	n/a	n/a	noo	364.9905198	258	true	364.9001913	365.3772782
364.9905198	0.0	cv_transition	/intervals/trials	258	cv_transition_time	n/a	n/a	n/a	n/a	n/a	n/a	n/a	n/a	n/a	noo	364.9905198	258	true	364.9001913	365.3772782
366.8950504	0.49362589999998363	trials	/intervals/trials	259	start_time	n/a	n/a	n/a	n/a	n/a	n/a	n/a	n/a	n/a	vaa	366.9332174	259	true	366.8950504	367.3886763
366.9332174	0.0	cv_transition	/intervals/trials	259	cv_transition_time	n/a	n/a	n/a	n/a	n/a	n/a	n/a	n/a	n/a	vaa	366.9332174	259	true	366.8950504	367.3886763
368.0018919	0.4605479000000514	trials	/intervals/trials	260	start_time	n/a	n/a	n/a	n/a	n/a	n/a	n/a	n/a	n/a	raa	368.0400589	260	true	368.0018919	368.4624398
368.0400589	0.0	cv_transition	/intervals/trials	260	cv_transition_time	n/a	n/a	n/a	n/a	n/a	n/a	n/a	n/a	n/a	raa	368.0400589	260	true	368.0018919	368.4624398
368.7665031	0.5012591999999927	trials	/intervals/trials	261	start_time	n/a	n/a	n/a	n/a	n/a	n/a	n/a	n/a	n/a	shaa	368.8860929	261	true	368.7665031	369.2677623
368.8860929	0.0	cv_transition	/intervals/trials	261	cv_transition_time	n/a	n/a	n/a	n/a	n/a	n/a	n/a	n/a	n/a	shaa	368.8860929	261	true	368.7665031	369.2677623
370.9382024	0.4974425999999994	trials	/intervals/trials	262	start_time	n/a	n/a	n/a	n/a	n/a	n/a	n/a	n/a	n/a	thaa	371.0094474	262	true	370.9382024	371.435645
371.0094474	0.0	cv_transition	/intervals/trials	262	cv_transition_time	n/a	n/a	n/a	n/a	n/a	n/a	n/a	n/a	n/a	thaa	371.0094474	262	true	370.9382024	371.435645
371.9763434	0.48599250000000893	trials	/intervals/trials	263	start_time	n/a	n/a	n/a	n/a	n/a	n/a	n/a	n/a	n/a	woo	372.034866	263	true	371.9763434	372.4623359
372.034866	0.0	cv_transition	/intervals/trials	263	cv_transition_time	n/a	n/a	n/a	n/a	n/a	n/a	n/a	n/a	n/a	woo	372.034866	263	true	371.9763434	372.4623359
372.6747985	0.3893029000000183	trials	/intervals/trials	264	start_time	n/a	n/a	n/a	n/a	n/a	n/a	n/a	n/a	n/a	hoo	372.7371379	264	true	372.6747985	373.0641014
372.7371379	0.0	cv_transition	/intervals/trials	264	cv_transition_time	n/a	n/a	n/a	n/a	n/a	n/a	n/a	n/a	n/a	hoo	372.7371379	264	true	372.6747985	373.0641014
373.6645947	0.36767489999999725	trials	/intervals/trials	265	start_time	n/a	n/a	n/a	n/a	n/a	n/a	n/a	n/a	n/a	bee	373.6798615	265	true	373.6645947	374.0322696
373.6798615	0.0	cv_transition	/intervals/trials	265	cv_transition_time	n/a	n/a	n/a	n/a	n/a	n/a	n/a	n/a	n/a	bee	373.6798615	265	true	373.6645947	374.0322696
374.4317504	0.4312864999999988	trials	/intervals/trials	266	start_time	n/a	n/a	n/a	n/a	n/a	n/a	n/a	n/a	n/a	tee	374.5793292	266	true	374.4317504	374.8630369
374.5793292	0.0	cv_transition	/intervals/trials	266	cv_transition_time	n/a	n/a	n/a	n/a	n/a	n/a	n/a	n/a	n/a	tee	374.5793292	266	true	374.4317504	374.8630369
385.3180779496374	3.8891814307185086	invalid_times	/intervals/invalid_times	3	start_time	n/a	n/a	n/a	n/a	3	385.3180779496374	389.20725938035594	"[""ECoG artifact""]"	"[{""idx_start"":1175897,""count"":11869,""timeseries"":""/acquisition/ElectricalSeries""}]"	n/a	n/a	n/a	n/a	n/a	n/a
388.31	0.7613091000000054	trials	/intervals/trials	267	start_time	n/a	n/a	n/a	n/a	n/a	n/a	n/a	n/a	n/a	zee	388.5225	267	true	388.31	389.0713091
388.5225	0.0	cv_transition	/intervals/trials	267	cv_transition_time	n/a	n/a	n/a	n/a	n/a	n/a	n/a	n/a	n/a	zee	388.5225	267	true	388.31	389.0713091
389.4846871	0.41083400000002257	trials	/intervals/trials	268	start_time	n/a	n/a	n/a	n/a	n/a	n/a	n/a	n/a	n/a	poo	389.5571872	268	true	389.4846871	389.8955211
389.5571872	0.0	cv_transition	/intervals/trials	268	cv_transition_time	n/a	n/a	n/a	n/a	n/a	n/a	n/a	n/a	n/a	poo	389.5571872	268	true	389.4846871	389.8955211
390.5861803	0.5189482999999768	trials	/intervals/trials	269	start_time	n/a	n/a	n/a	n/a	n/a	n/a	n/a	n/a	n/a	shoo	390.7680665	269	true	390.5861803	391.1051286
390.7680665	0.0	cv_transition	/intervals/trials	269	cv_transition_time	n/a	n/a	n/a	n/a	n/a	n/a	n/a	n/a	n/a	shoo	390.7680665	269	true	390.5861803	391.1051286
391.8046912	0.3370620000000031	trials	/intervals/trials	270	start_time	n/a	n/a	n/a	n/a	n/a	n/a	n/a	n/a	n/a	hoo	391.8326737	270	true	391.8046912	392.1417532
391.8326737	0.0	cv_transition	/intervals/trials	270	cv_transition_time	n/a	n/a	n/a	n/a	n/a	n/a	n/a	n/a	n/a	hoo	391.8326737	270	true	391.8046912	392.1417532
393.3424571	0.3815796000000091	trials	/intervals/trials	271	start_time	n/a	n/a	n/a	n/a	n/a	n/a	n/a	n/a	n/a	thoo	393.3742554	271	true	393.3424571	393.7240367
393.3742554	0.0	cv_transition	/intervals/trials	271	cv_transition_time	n/a	n/a	n/a	n/a	n/a	n/a	n/a	n/a	n/a	thoo	393.3742554	271	true	393.3424571	393.7240367
394.3803537	0.4082902000000104	trials	/intervals/trials	272	start_time	n/a	n/a	n/a	n/a	n/a	n/a	n/a	n/a	n/a	faa	394.4248713	272	true	394.3803537	394.7886439
394.4248713	0.0	cv_transition	/intervals/trials	272	cv_transition_time	n/a	n/a	n/a	n/a	n/a	n/a	n/a	n/a	n/a	faa	394.4248713	272	true	394.3803537	394.7886439
396.6723753	0.4082902000000104	trials	/intervals/trials	273	start_time	n/a	n/a	n/a	n/a	n/a	n/a	n/a	n/a	n/a	hee	396.7321562	273	true	396.6723753	397.0806655
396.7321562	0.0	cv_transition	/intervals/trials	273	cv_transition_time	n/a	n/a	n/a	n/a	n/a	n/a	n/a	n/a	n/a	hee	396.7321562	273	true	396.6723753	397.0806655
397.745886	0.4311850000000277	trials	/intervals/trials	274	start_time	n/a	n/a	n/a	n/a	n/a	n/a	n/a	n/a	n/a	kaa	397.8285616	274	true	397.745886	398.177071
397.8285616	0.0	cv_transition	/intervals/trials	274	cv_transition_time	n/a	n/a	n/a	n/a	n/a	n/a	n/a	n/a	n/a	kaa	397.8285616	274	true	397.745886	398.177071
398.7837826	0.4426323999999795	trials	/intervals/trials	275	start_time	n/a	n/a	n/a	n/a	n/a	n/a	n/a	n/a	n/a	wee	398.8461073	275	true	398.7837826	399.226415
398.8461073	0.0	cv_transition	/intervals/trials	275	cv_transition_time	n/a	n/a	n/a	n/a	n/a	n/a	n/a	n/a	n/a	wee	398.8461073	275	true	398.7837826	399.226415
399.7860651	0.6194309000000544	trials	/intervals/trials	276	start_time	n/a	n/a	n/a	n/a	n/a	n/a	n/a	n/a	n/a	see	400.0340919	276	true	399.7860651	400.405496
400.0340919	0.0	cv_transition	/intervals/trials	276	cv_transition_time	n/a	n/a	n/a	n/a	n/a	n/a	n/a	n/a	n/a	see	400.0340919	276	true	399.7860651	400.405496
401.0261989	0.5367554000000041	trials	/intervals/trials	277	start_time	n/a	n/a	n/a	n/a	n/a	n/a	n/a	n/a	n/a	shee	401.1864624	277	true	401.0261989	401.5629543
401.1864624	0.0	cv_transition	/intervals/trials	277	cv_transition_time	n/a	n/a	n/a	n/a	n/a	n/a	n/a	n/a	n/a	shee	401.1864624	277	true	401.0261989	401.5629543
402.2574292	0.40320250000002034	trials	/intervals/trials	278	start_time	n/a	n/a	n/a	n/a	n/a	n/a	n/a	n/a	n/a	vaa	402.280324	278	true	402.2574292	402.6606317
402.280324	0.0	cv_transition	/intervals/trials	278	cv_transition_time	n/a	n/a	n/a	n/a	n/a	n/a	n/a	n/a	n/a	vaa	402.280324	278	true	402.2574292	402.6606317
403.1948431	0.3739481000000069	trials	/intervals/trials	279	start_time	n/a	n/a	n/a	n/a	n/a	n/a	n/a	n/a	n/a	boo	403.2266414	279	true	403.1948431	403.5687912
403.2266414	0.0	cv_transition	/intervals/trials	279	cv_transition_time	n/a	n/a	n/a	n/a	n/a	n/a	n/a	n/a	n/a	boo	403.2266414	279	true	403.1948431	403.5687912
404.3599329	0.4095621999999821	trials	/intervals/trials	280	start_time	n/a	n/a	n/a	n/a	n/a	n/a	n/a	n/a	n/a	maa	404.395547	280	true	404.3599329	404.7694951
404.395547	0.0	cv_transition	/intervals/trials	280	cv_transition_time	n/a	n/a	n/a	n/a	n/a	n/a	n/a	n/a	n/a	maa	404.395547	280	true	404.3599329	404.7694951
405.4728735	0.4464482000000203	trials	/intervals/trials	281	start_time	n/a	n/a	n/a	n/a	n/a	n/a	n/a	n/a	n/a	ree	405.5059438	281	true	405.4728735	405.9193217
405.5059438	0.0	cv_transition	/intervals/trials	281	cv_transition_time	n/a	n/a	n/a	n/a	n/a	n/a	n/a	n/a	n/a	ree	405.5059438	281	true	405.4728735	405.9193217
406.4039278	0.5138605999999868	trials	/intervals/trials	282	start_time	n/a	n/a	n/a	n/a	n/a	n/a	n/a	n/a	n/a	shaa	406.5374807	282	true	406.4039278	406.9177884
406.5374807	0.0	cv_transition	/intervals/trials	282	cv_transition_time	n/a	n/a	n/a	n/a	n/a	n/a	n/a	n/a	n/a	shaa	406.5374807	282	true	406.4039278	406.9177884
408.6730547	0.3968428000000017	trials	/intervals/trials	283	start_time	n/a	n/a	n/a	n/a	n/a	n/a	n/a	n/a	n/a	lee	408.704853	283	true	408.6730547	409.0698975
408.704853	0.0	cv_transition	/intervals/trials	283	cv_transition_time	n/a	n/a	n/a	n/a	n/a	n/a	n/a	n/a	n/a	lee	408.704853	283	true	408.6730547	409.0698975
409.7948988	0.3981147000000078	trials	/intervals/trials	284	start_time	n/a	n/a	n/a	n/a	n/a	n/a	n/a	n/a	n/a	gee	409.8254252	284	true	409.7948988	410.1930135
409.8254252	0.0	cv_transition	/intervals/trials	284	cv_transition_time	n/a	n/a	n/a	n/a	n/a	n/a	n/a	n/a	n/a	gee	409.8254252	284	true	409.7948988	410.1930135
410.7742865	0.5062289999999621	trials	/intervals/trials	285	start_time	n/a	n/a	n/a	n/a	n/a	n/a	n/a	n/a	n/a	vee	410.8506024	285	true	410.7742865	411.2805155
410.8506024	0.0	cv_transition	/intervals/trials	285	cv_transition_time	n/a	n/a	n/a	n/a	n/a	n/a	n/a	n/a	n/a	vee	410.8506024	285	true	410.7742865	411.2805155
411.8452533	0.5876326999999719	trials	/intervals/trials	286	start_time	n/a	n/a	n/a	n/a	n/a	n/a	n/a	n/a	n/a	soo	412.0424028	286	true	411.8452533	412.432886
412.0424028	0.0	cv_transition	/intervals/trials	286	cv_transition_time	n/a	n/a	n/a	n/a	n/a	n/a	n/a	n/a	n/a	soo	412.0424028	286	true	411.8452533	412.432886
414.08131	0.44136040000000776	trials	/intervals/trials	287	start_time	n/a	n/a	n/a	n/a	n/a	n/a	n/a	n/a	n/a	taa	414.1690733	287	true	414.08131	414.5226704
414.1690733	0.0	cv_transition	/intervals/trials	287	cv_transition_time	n/a	n/a	n/a	n/a	n/a	n/a	n/a	n/a	n/a	taa	414.1690733	287	true	414.08131	414.5226704
415.1268381	0.40193060000001424	trials	/intervals/trials	288	start_time	n/a	n/a	n/a	n/a	n/a	n/a	n/a	n/a	n/a	bee	415.1522768	288	true	415.1268381	415.5287687
415.1522768	0.0	cv_transition	/intervals/trials	288	cv_transition_time	n/a	n/a	n/a	n/a	n/a	n/a	n/a	n/a	n/a	bee	415.1522768	288	true	415.1268381	415.5287687
416.1761821	0.428641099999993	trials	/intervals/trials	289	start_time	n/a	n/a	n/a	n/a	n/a	n/a	n/a	n/a	n/a	raa	416.2003488	289	true	416.1761821	416.6048232
416.2003488	0.0	cv_transition	/intervals/trials	289	cv_transition_time	n/a	n/a	n/a	n/a	n/a	n/a	n/a	n/a	n/a	raa	416.2003488	289	true	416.1761821	416.6048232
417.3781579	0.45407979999998815	trials	/intervals/trials	290	start_time	n/a	n/a	n/a	n/a	n/a	n/a	n/a	n/a	n/a	gaa	417.4023247	290	true	417.3781579	417.8322377
417.4023247	0.0	cv_transition	/intervals/trials	290	cv_transition_time	n/a	n/a	n/a	n/a	n/a	n/a	n/a	n/a	n/a	gaa	417.4023247	290	true	417.3781579	417.8322377
418.3244754	0.4006586000000425	trials	/intervals/trials	291	start_time	n/a	n/a	n/a	n/a	n/a	n/a	n/a	n/a	n/a	fee	418.3562737	291	true	418.3244754	418.725134
418.3562737	0.0	cv_transition	/intervals/trials	291	cv_transition_time	n/a	n/a	n/a	n/a	n/a	n/a	n/a	n/a	n/a	fee	418.3562737	291	true	418.3244754	418.725134
420.4002686	0.4846061000000077	trials	/intervals/trials	292	start_time	n/a	n/a	n/a	n/a	n/a	n/a	n/a	n/a	n/a	waa	420.449874	292	true	420.4002686	420.8848747
420.449874	0.0	cv_transition	/intervals/trials	292	cv_transition_time	n/a	n/a	n/a	n/a	n/a	n/a	n/a	n/a	n/a	waa	420.449874	292	true	420.4002686	420.8848747
421.7396131	0.4362727000000177	trials	/intervals/trials	293	start_time	n/a	n/a	n/a	n/a	n/a	n/a	n/a	n/a	n/a	voo	421.7650518	293	true	421.7396131	422.1758858
421.7650518	0.0	cv_transition	/intervals/trials	293	cv_transition_time	n/a	n/a	n/a	n/a	n/a	n/a	n/a	n/a	n/a	voo	421.7650518	293	true	421.7396131	422.1758858
422.8258431	0.4896939000000202	trials	/intervals/trials	294	start_time	n/a	n/a	n/a	n/a	n/a	n/a	n/a	n/a	n/a	roo	422.8779923	294	true	422.8258431	423.315537
422.8779923	0.0	cv_transition	/intervals/trials	294	cv_transition_time	n/a	n/a	n/a	n/a	n/a	n/a	n/a	n/a	n/a	roo	422.8779923	294	true	422.8258431	423.315537
424.364881	0.437544599999967	trials	/intervals/trials	295	start_time	n/a	n/a	n/a	n/a	n/a	n/a	n/a	n/a	n/a	naa	424.3928635	295	true	424.364881	424.8024256
424.3928635	0.0	cv_transition	/intervals/trials	295	cv_transition_time	n/a	n/a	n/a	n/a	n/a	n/a	n/a	n/a	n/a	naa	424.3928635	295	true	424.364881	424.8024256
425.1929088	0.5850887000000284	trials	/intervals/trials	296	start_time	n/a	n/a	n/a	n/a	n/a	n/a	n/a	n/a	n/a	saa	425.356988	296	true	425.1929088	425.7779975
425.356988	0.0	cv_transition	/intervals/trials	296	cv_transition_time	n/a	n/a	n/a	n/a	n/a	n/a	n/a	n/a	n/a	saa	425.356988	296	true	425.1929088	425.7779975
426.4152355	0.4273691999999869	trials	/intervals/trials	297	start_time	n/a	n/a	n/a	n/a	n/a	n/a	n/a	n/a	n/a	daa	426.4330425	297	true	426.4152355	426.8426047
426.4330425	0.0	cv_transition	/intervals/trials	297	cv_transition_time	n/a	n/a	n/a	n/a	n/a	n/a	n/a	n/a	n/a	daa	426.4330425	297	true	426.4152355	426.8426047
427.3768162	0.4362727000000177	trials	/intervals/trials	298	start_time	n/a	n/a	n/a	n/a	n/a	n/a	n/a	n/a	n/a	paa	427.4442286	298	true	427.3768162	427.8130889
427.4442286	0.0	cv_transition	/intervals/trials	298	cv_transition_time	n/a	n/a	n/a	n/a	n/a	n/a	n/a	n/a	n/a	paa	427.4442286	298	true	427.3768162	427.8130889
428.6283973	0.4909657999999695	trials	/intervals/trials	299	start_time	n/a	n/a	n/a	n/a	n/a	n/a	n/a	n/a	n/a	nee	428.6958097	299	true	428.6283973	429.1193631
428.6958097	0.0	cv_transition	/intervals/trials	299	cv_transition_time	n/a	n/a	n/a	n/a	n/a	n/a	n/a	n/a	n/a	nee	428.6958097	299	true	428.6283973	429.1193631
429.534013	0.5075008999999682	trials	/intervals/trials	300	start_time	n/a	n/a	n/a	n/a	n/a	n/a	n/a	n/a	n/a	laa	429.6026973	300	true	429.534013	430.0415139
429.6026973	0.0	cv_transition	/intervals/trials	300	cv_transition_time	n/a	n/a	n/a	n/a	n/a	n/a	n/a	n/a	n/a	laa	429.6026973	300	true	429.534013	430.0415139
430.8428311	0.4604393999999843	trials	/intervals/trials	301	start_time	n/a	n/a	n/a	n/a	n/a	n/a	n/a	n/a	n/a	baa	430.8542785	301	true	430.8428311	431.3032705
430.8542785	0.0	cv_transition	/intervals/trials	301	cv_transition_time	n/a	n/a	n/a	n/a	n/a	n/a	n/a	n/a	n/a	baa	430.8542785	301	true	430.8428311	431.3032705
431.6670431	0.4757025999999769	trials	/intervals/trials	302	start_time	n/a	n/a	n/a	n/a	n/a	n/a	n/a	n/a	n/a	mee	431.7319117	302	true	431.6670431	432.1427457
431.7319117	0.0	cv_transition	/intervals/trials	302	cv_transition_time	n/a	n/a	n/a	n/a	n/a	n/a	n/a	n/a	n/a	mee	431.7319117	302	true	431.6670431	432.1427457
433.5126166	0.507500900000025	trials	/intervals/trials	303	start_time	n/a	n/a	n/a	n/a	n/a	n/a	n/a	n/a	n/a	woo	433.5825729	303	true	433.5126166	434.0201175
433.5825729	0.0	cv_transition	/intervals/trials	303	cv_transition_time	n/a	n/a	n/a	n/a	n/a	n/a	n/a	n/a	n/a	woo	433.5825729	303	true	433.5126166	434.0201175
434.5301623	0.4731587000000559	trials	/intervals/trials	304	start_time	n/a	n/a	n/a	n/a	n/a	n/a	n/a	n/a	n/a	foo	434.6077501	304	true	434.5301623	435.003321
434.6077501	0.0	cv_transition	/intervals/trials	304	cv_transition_time	n/a	n/a	n/a	n/a	n/a	n/a	n/a	n/a	n/a	foo	434.6077501	304	true	434.5301623	435.003321
435.5922256	0.5087727999999743	trials	/intervals/trials	305	start_time	n/a	n/a	n/a	n/a	n/a	n/a	n/a	n/a	n/a	zoo	435.7677522	305	true	435.5922256	436.1009984
435.7677522	0.0	cv_transition	/intervals/trials	305	cv_transition_time	n/a	n/a	n/a	n/a	n/a	n/a	n/a	n/a	n/a	zoo	435.7677522	305	true	435.5922256	436.1009984
437.1999477	0.38793930000002774	trials	/intervals/trials	306	start_time	n/a	n/a	n/a	n/a	n/a	n/a	n/a	n/a	n/a	too	437.2953427	306	true	437.1999477	437.587887
437.2953427	0.0	cv_transition	/intervals/trials	306	cv_transition_time	n/a	n/a	n/a	n/a	n/a	n/a	n/a	n/a	n/a	too	437.2953427	306	true	437.1999477	437.587887
438.7135469	0.5151324999999929	trials	/intervals/trials	307	start_time	n/a	n/a	n/a	n/a	n/a	n/a	n/a	n/a	n/a	yaa	438.7936787	307	true	438.7135469	439.2286794
438.7936787	0.0	cv_transition	/intervals/trials	307	cv_transition_time	n/a	n/a	n/a	n/a	n/a	n/a	n/a	n/a	n/a	yaa	438.7936787	307	true	438.7135469	439.2286794
440.0452598	0.41973760000001903	trials	/intervals/trials	308	start_time	n/a	n/a	n/a	n/a	n/a	n/a	n/a	n/a	n/a	tee	440.1050407	308	true	440.0452598	440.4649974
440.1050407	0.0	cv_transition	/intervals/trials	308	cv_transition_time	n/a	n/a	n/a	n/a	n/a	n/a	n/a	n/a	n/a	tee	440.1050407	308	true	440.0452598	440.4649974
441.1899987	0.4489920999999981	trials	/intervals/trials	309	start_time	n/a	n/a	n/a	n/a	n/a	n/a	n/a	n/a	n/a	dee	441.2370602	309	true	441.1899987	441.6389908
441.2370602	0.0	cv_transition	/intervals/trials	309	cv_transition_time	n/a	n/a	n/a	n/a	n/a	n/a	n/a	n/a	n/a	dee	441.2370602	309	true	441.1899987	441.6389908
443.1131601	0.38666729999999916	trials	/intervals/trials	310	start_time	n/a	n/a	n/a	n/a	n/a	n/a	n/a	n/a	n/a	haa	443.1640373	310	true	443.1131601	443.4998274
443.1640373	0.0	cv_transition	/intervals/trials	310	cv_transition_time	n/a	n/a	n/a	n/a	n/a	n/a	n/a	n/a	n/a	haa	443.1640373	310	true	443.1131601	443.4998274
444.1752234	0.37267610000003515	trials	/intervals/trials	311	start_time	n/a	n/a	n/a	n/a	n/a	n/a	n/a	n/a	n/a	koo	444.3202236	311	true	444.1752234	444.5478995
444.3202236	0.0	cv_transition	/intervals/trials	311	cv_transition_time	n/a	n/a	n/a	n/a	n/a	n/a	n/a	n/a	n/a	koo	444.3202236	311	true	444.1752234	444.5478995
448.5112399	0.349781299999961	trials	/intervals/trials	312	start_time	n/a	n/a	n/a	n/a	n/a	n/a	n/a	n/a	n/a	yoo	448.6079067	312	true	448.5112399	448.8610212
448.6079067	0.0	cv_transition	/intervals/trials	312	cv_transition_time	n/a	n/a	n/a	n/a	n/a	n/a	n/a	n/a	n/a	yoo	448.6079067	312	true	448.5112399	448.8610212
451.4621223	0.34587510000000066	trials	/intervals/trials	313	start_time	n/a	n/a	n/a	n/a	n/a	n/a	n/a	n/a	n/a	yoo	451.5295348	313	true	451.4621223	451.8079974
451.5295348	0.0	cv_transition	/intervals/trials	313	cv_transition_time	n/a	n/a	n/a	n/a	n/a	n/a	n/a	n/a	n/a	yoo	451.5295348	313	true	451.4621223	451.8079974
452.0014216	0.4515359000000103	trials	/intervals/trials	314	start_time	n/a	n/a	n/a	n/a	n/a	n/a	n/a	n/a	n/a	yoo	452.086641	314	true	452.0014216	452.4529575
452.086641	0.0	cv_transition	/intervals/trials	314	cv_transition_time	n/a	n/a	n/a	n/a	n/a	n/a	n/a	n/a	n/a	yoo	452.086641	314	true	452.0014216	452.4529575
452.5712471	0.47697460000000547	trials	/intervals/trials	315	start_time	n/a	n/a	n/a	n/a	n/a	n/a	n/a	n/a	n/a	yoo	452.6819052	315	true	452.5712471	453.0482217
452.6819052	0.0	cv_transition	/intervals/trials	315	cv_transition_time	n/a	n/a	n/a	n/a	n/a	n/a	n/a	n/a	n/a	yoo	452.6819052	315	true	452.5712471	453.0482217
453.3000642	0.38157969999997476	trials	/intervals/trials	316	start_time	n/a	n/a	n/a	n/a	n/a	n/a	n/a	n/a	n/a	yoo	453.3992749	316	true	453.3000642	453.6816439
453.3992749	0.0	cv_transition	/intervals/trials	316	cv_transition_time	n/a	n/a	n/a	n/a	n/a	n/a	n/a	n/a	n/a	yoo	453.3992749	316	true	453.3000642	453.6816439
453.827916	0.42228149999999687	trials	/intervals/trials	317	start_time	n/a	n/a	n/a	n/a	n/a	n/a	n/a	n/a	n/a	yoo	453.941118	317	true	453.827916	454.2501975
453.941118	0.0	cv_transition	/intervals/trials	317	cv_transition_time	n/a	n/a	n/a	n/a	n/a	n/a	n/a	n/a	n/a	yoo	453.941118	317	true	453.827916	454.2501975
455.3109889	0.3625006000000326	trials	/intervals/trials	318	start_time	n/a	n/a	n/a	n/a	n/a	n/a	n/a	n/a	n/a	yoo	455.3822171	318	true	455.3109889	455.6734895
455.3822171	0.0	cv_transition	/intervals/trials	318	cv_transition_time	n/a	n/a	n/a	n/a	n/a	n/a	n/a	n/a	n/a	yoo	455.3822171	318	true	455.3109889	455.6734895
457.9464322	0.40320250000002034	trials	/intervals/trials	319	start_time	n/a	n/a	n/a	n/a	n/a	n/a	n/a	n/a	n/a	yoo	458.0329236	319	true	457.9464322	458.3496347
458.0329236	0.0	cv_transition	/intervals/trials	319	cv_transition_time	n/a	n/a	n/a	n/a	n/a	n/a	n/a	n/a	n/a	yoo	458.0329236	319	true	457.9464322	458.3496347
459.9557447382993	1.3018870043507036	invalid_times	/intervals/invalid_times	4	start_time	n/a	n/a	n/a	n/a	4	459.9557447382993	461.25763174265	"[""ECoG artifact""]"	"[{""idx_start"":1403673,""count"":3973,""timeseries"":""/acquisition/ElectricalSeries""}]"	n/a	n/a	n/a	n/a	n/a	n/a
463.2185907	0.3510532999999896	trials	/intervals/trials	320	start_time	n/a	n/a	n/a	n/a	n/a	n/a	n/a	n/a	n/a	haa	463.2618364	320	true	463.2185907	463.569644
463.2618364	0.0	cv_transition	/intervals/trials	320	cv_transition_time	n/a	n/a	n/a	n/a	n/a	n/a	n/a	n/a	n/a	haa	463.2618364	320	true	463.2185907	463.569644
464.8899095	0.3599568000000204	trials	/intervals/trials	321	start_time	n/a	n/a	n/a	n/a	n/a	n/a	n/a	n/a	n/a	koo	464.9649535	321	true	464.8899095	465.2498663
464.9649535	0.0	cv_transition	/intervals/trials	321	cv_transition_time	n/a	n/a	n/a	n/a	n/a	n/a	n/a	n/a	n/a	koo	464.9649535	321	true	464.8899095	465.2498663
466.1974557	0.34850940000001174	trials	/intervals/trials	322	start_time	n/a	n/a	n/a	n/a	n/a	n/a	n/a	n/a	n/a	kee	466.2801313	322	true	466.1974557	466.5459651
466.2801313	0.0	cv_transition	/intervals/trials	322	cv_transition_time	n/a	n/a	n/a	n/a	n/a	n/a	n/a	n/a	n/a	kee	466.2801313	322	true	466.1974557	466.5459651
467.5189931	0.2938164000000256	trials	/intervals/trials	323	start_time	n/a	n/a	n/a	n/a	n/a	n/a	n/a	n/a	n/a	pee	467.5622388	323	true	467.5189931	467.8128095
467.5622388	0.0	cv_transition	/intervals/trials	323	cv_transition_time	n/a	n/a	n/a	n/a	n/a	n/a	n/a	n/a	n/a	pee	467.5622388	323	true	467.5189931	467.8128095
468.7896533	0.42482530000000907	trials	/intervals/trials	324	start_time	n/a	n/a	n/a	n/a	n/a	n/a	n/a	n/a	n/a	yee	468.8481622	324	true	468.7896533	469.2144786
468.8481622	0.0	cv_transition	/intervals/trials	324	cv_transition_time	n/a	n/a	n/a	n/a	n/a	n/a	n/a	n/a	n/a	yee	468.8481622	324	true	468.7896533	469.2144786
470.0908398	0.43118499999997084	trials	/intervals/trials	325	start_time	n/a	n/a	n/a	n/a	n/a	n/a	n/a	n/a	n/a	loo	470.1798751	325	true	470.0908398	470.5220248
470.1798751	0.0	cv_transition	/intervals/trials	325	cv_transition_time	n/a	n/a	n/a	n/a	n/a	n/a	n/a	n/a	n/a	loo	470.1798751	325	true	470.0908398	470.5220248
472.6893971	0.4413604999999734	trials	/intervals/trials	326	start_time	n/a	n/a	n/a	n/a	n/a	n/a	n/a	n/a	n/a	zaa	472.8356693	326	true	472.6893971	473.1307576
472.8356693	0.0	cv_transition	/intervals/trials	326	cv_transition_time	n/a	n/a	n/a	n/a	n/a	n/a	n/a	n/a	n/a	zaa	472.8356693	326	true	472.6893971	473.1307576
473.18884935214237	1.203009510349375	invalid_times	/intervals/invalid_times	5	start_time	n/a	n/a	n/a	n/a	5	473.18884935214237	474.39185886249174	"[""ECoG artifact""]"	"[{""idx_start"":1444057,""count"":3672,""timeseries"":""/acquisition/ElectricalSeries""}]"	n/a	n/a	n/a	n/a	n/a	n/a
485.8259118	0.46425520000002507	trials	/intervals/trials	327	start_time	n/a	n/a	n/a	n/a	n/a	n/a	n/a	n/a	n/a	mee	485.9111313	327	true	485.8259118	486.290167
485.9111313	0.0	cv_transition	/intervals/trials	327	cv_transition_time	n/a	n/a	n/a	n/a	n/a	n/a	n/a	n/a	n/a	mee	485.9111313	327	true	485.8259118	486.290167
486.9935455	0.48079030000002376	trials	/intervals/trials	328	start_time	n/a	n/a	n/a	n/a	n/a	n/a	n/a	n/a	n/a	wee	487.0825807	328	true	486.9935455	487.4743358
487.0825807	0.0	cv_transition	/intervals/trials	328	cv_transition_time	n/a	n/a	n/a	n/a	n/a	n/a	n/a	n/a	n/a	wee	487.0825807	328	true	486.9935455	487.4743358
489.8553927	0.4757026000000337	trials	/intervals/trials	329	start_time	n/a	n/a	n/a	n/a	n/a	n/a	n/a	n/a	n/a	kee	489.9393402	329	true	489.8553927	490.3310953
489.9393402	0.0	cv_transition	/intervals/trials	329	cv_transition_time	n/a	n/a	n/a	n/a	n/a	n/a	n/a	n/a	n/a	kee	489.9393402	329	true	489.8553927	490.3310953
490.8589471	0.5749132999999915	trials	/intervals/trials	330	start_time	n/a	n/a	n/a	n/a	n/a	n/a	n/a	n/a	n/a	see	491.10443	330	true	490.8589471	491.4338604
491.10443	0.0	cv_transition	/intervals/trials	330	cv_transition_time	n/a	n/a	n/a	n/a	n/a	n/a	n/a	n/a	n/a	see	491.10443	330	true	490.8589471	491.4338604
492.3140374	0.5456588999999781	trials	/intervals/trials	331	start_time	n/a	n/a	n/a	n/a	n/a	n/a	n/a	n/a	n/a	zoo	492.5251782	331	true	492.3140374	492.8596963
492.5251782	0.0	cv_transition	/intervals/trials	331	cv_transition_time	n/a	n/a	n/a	n/a	n/a	n/a	n/a	n/a	n/a	zoo	492.5251782	331	true	492.3140374	492.8596963
493.6203117	0.39938669999997956	trials	/intervals/trials	332	start_time	n/a	n/a	n/a	n/a	n/a	n/a	n/a	n/a	n/a	pee	493.6737329	332	true	493.6203117	494.0196984
493.6737329	0.0	cv_transition	/intervals/trials	332	cv_transition_time	n/a	n/a	n/a	n/a	n/a	n/a	n/a	n/a	n/a	pee	493.6737329	332	true	493.6203117	494.0196984
494.8273753	0.41846559999999045	trials	/intervals/trials	333	start_time	n/a	n/a	n/a	n/a	n/a	n/a	n/a	n/a	n/a	baa	494.8553578	333	true	494.8273753	495.2458409
494.8553578	0.0	cv_transition	/intervals/trials	333	cv_transition_time	n/a	n/a	n/a	n/a	n/a	n/a	n/a	n/a	n/a	baa	494.8553578	333	true	494.8273753	495.2458409
498.6609786	0.4591674999999782	trials	/intervals/trials	334	start_time	n/a	n/a	n/a	n/a	n/a	n/a	n/a	n/a	n/a	hoo	498.690233	334	true	498.6609786	499.1201461
498.690233	0.0	cv_transition	/intervals/trials	334	cv_transition_time	n/a	n/a	n/a	n/a	n/a	n/a	n/a	n/a	n/a	hoo	498.690233	334	true	498.6609786	499.1201461
499.7115945	0.46298330000001897	trials	/intervals/trials	335	start_time	n/a	n/a	n/a	n/a	n/a	n/a	n/a	n/a	n/a	goo	499.740849	335	true	499.7115945	500.1745778
499.740849	0.0	cv_transition	/intervals/trials	335	cv_transition_time	n/a	n/a	n/a	n/a	n/a	n/a	n/a	n/a	n/a	goo	499.740849	335	true	499.7115945	500.1745778
500.8537895	0.6257906000000162	trials	/intervals/trials	336	start_time	n/a	n/a	n/a	n/a	n/a	n/a	n/a	n/a	n/a	shoo	501.1119918	336	true	500.8537895	501.4795801
501.1119918	0.0	cv_transition	/intervals/trials	336	cv_transition_time	n/a	n/a	n/a	n/a	n/a	n/a	n/a	n/a	n/a	shoo	501.1119918	336	true	500.8537895	501.4795801
502.4144502	0.44263240000003634	trials	/intervals/trials	337	start_time	n/a	n/a	n/a	n/a	n/a	n/a	n/a	n/a	n/a	roo	502.4589678	337	true	502.4144502	502.8570826
502.4589678	0.0	cv_transition	/intervals/trials	337	cv_transition_time	n/a	n/a	n/a	n/a	n/a	n/a	n/a	n/a	n/a	roo	502.4589678	337	true	502.4144502	502.8570826
503.2653728	0.5507465999999681	trials	/intervals/trials	338	start_time	n/a	n/a	n/a	n/a	n/a	n/a	n/a	n/a	n/a	yee	503.3213378	338	true	503.2653728	503.8161194
503.3213378	0.0	cv_transition	/intervals/trials	338	cv_transition_time	n/a	n/a	n/a	n/a	n/a	n/a	n/a	n/a	n/a	yee	503.3213378	338	true	503.2653728	503.8161194
504.309629	0.5698256000000015	trials	/intervals/trials	339	start_time	n/a	n/a	n/a	n/a	n/a	n/a	n/a	n/a	n/a	zaa	504.4660767	339	true	504.309629	504.8794546
504.4660767	0.0	cv_transition	/intervals/trials	339	cv_transition_time	n/a	n/a	n/a	n/a	n/a	n/a	n/a	n/a	n/a	zaa	504.4660767	339	true	504.309629	504.8794546
505.1796306	0.5024131999999781	trials	/intervals/trials	340	start_time	n/a	n/a	n/a	n/a	n/a	n/a	n/a	n/a	n/a	laa	505.2902887	340	true	505.1796306	505.6820438
505.2902887	0.0	cv_transition	/intervals/trials	340	cv_transition_time	n/a	n/a	n/a	n/a	n/a	n/a	n/a	n/a	n/a	laa	505.2902887	340	true	505.1796306	505.6820438
506.3027466	0.45535169999999425	trials	/intervals/trials	341	start_time	n/a	n/a	n/a	n/a	n/a	n/a	n/a	n/a	n/a	voo	506.3459923	341	true	506.3027466	506.7580983
506.3459923	0.0	cv_transition	/intervals/trials	341	cv_transition_time	n/a	n/a	n/a	n/a	n/a	n/a	n/a	n/a	n/a	voo	506.3459923	341	true	506.3027466	506.7580983
507.0900726	0.47824650000001157	trials	/intervals/trials	342	start_time	n/a	n/a	n/a	n/a	n/a	n/a	n/a	n/a	n/a	poo	507.1485815	342	true	507.0900726	507.5683191
507.1485815	0.0	cv_transition	/intervals/trials	342	cv_transition_time	n/a	n/a	n/a	n/a	n/a	n/a	n/a	n/a	n/a	poo	507.1485815	342	true	507.0900726	507.5683191
508.1864781	0.47951840000001766	trials	/intervals/trials	343	start_time	n/a	n/a	n/a	n/a	n/a	n/a	n/a	n/a	n/a	loo	508.2895046	343	true	508.1864781	508.6659965
508.2895046	0.0	cv_transition	/intervals/trials	343	cv_transition_time	n/a	n/a	n/a	n/a	n/a	n/a	n/a	n/a	n/a	loo	508.2895046	343	true	508.1864781	508.6659965
510.3970961	0.5583781999999928	trials	/intervals/trials	344	start_time	n/a	n/a	n/a	n/a	n/a	n/a	n/a	n/a	n/a	shaa	510.548456	344	true	510.3970961	510.9554743
510.548456	0.0	cv_transition	/intervals/trials	344	cv_transition_time	n/a	n/a	n/a	n/a	n/a	n/a	n/a	n/a	n/a	shaa	510.548456	344	true	510.3970961	510.9554743
511.260738	0.5062288999999964	trials	/intervals/trials	345	start_time	n/a	n/a	n/a	n/a	n/a	n/a	n/a	n/a	n/a	thaa	511.3446855	345	true	511.260738	511.7669669
511.3446855	0.0	cv_transition	/intervals/trials	345	cv_transition_time	n/a	n/a	n/a	n/a	n/a	n/a	n/a	n/a	n/a	thaa	511.3446855	345	true	511.260738	511.7669669
512.1701694	0.45789560000002894	trials	/intervals/trials	346	start_time	n/a	n/a	n/a	n/a	n/a	n/a	n/a	n/a	n/a	vaa	512.2197748	346	true	512.1701694	512.628065
512.2197748	0.0	cv_transition	/intervals/trials	346	cv_transition_time	n/a	n/a	n/a	n/a	n/a	n/a	n/a	n/a	n/a	vaa	512.2197748	346	true	512.1701694	512.628065
513.4599086	0.4451762000001054	trials	/intervals/trials	347	start_time	n/a	n/a	n/a	n/a	n/a	n/a	n/a	n/a	n/a	foo	513.5146016	347	true	513.4599086	513.9050848
513.5146016	0.0	cv_transition	/intervals/trials	347	cv_transition_time	n/a	n/a	n/a	n/a	n/a	n/a	n/a	n/a	n/a	foo	513.5146016	347	true	513.4599086	513.9050848
514.3171908	0.4871499999999287	trials	/intervals/trials	348	start_time	n/a	n/a	n/a	n/a	n/a	n/a	n/a	n/a	n/a	maa	514.3922348	348	true	514.3171908	514.8043408
514.3922348	0.0	cv_transition	/intervals/trials	348	cv_transition_time	n/a	n/a	n/a	n/a	n/a	n/a	n/a	n/a	n/a	maa	514.3922348	348	true	514.3171908	514.8043408
515.4110524	0.5214920999999322	trials	/intervals/trials	349	start_time	n/a	n/a	n/a	n/a	n/a	n/a	n/a	n/a	n/a	saa	515.5624123	349	true	515.4110524	515.9325445
515.5624123	0.0	cv_transition	/intervals/trials	349	cv_transition_time	n/a	n/a	n/a	n/a	n/a	n/a	n/a	n/a	n/a	saa	515.5624123	349	true	515.4110524	515.9325445
516.3230277	0.42609730000003765	trials	/intervals/trials	350	start_time	n/a	n/a	n/a	n/a	n/a	n/a	n/a	n/a	n/a	too	516.4120629	350	true	516.3230277	516.749125
516.4120629	0.0	cv_transition	/intervals/trials	350	cv_transition_time	n/a	n/a	n/a	n/a	n/a	n/a	n/a	n/a	n/a	too	516.4120629	350	true	516.3230277	516.749125
517.1625029	0.5774571999999125	trials	/intervals/trials	351	start_time	n/a	n/a	n/a	n/a	n/a	n/a	n/a	n/a	n/a	shee	517.3329418	351	true	517.1625029	517.7399601
517.3329418	0.0	cv_transition	/intervals/trials	351	cv_transition_time	n/a	n/a	n/a	n/a	n/a	n/a	n/a	n/a	n/a	shee	517.3329418	351	true	517.1625029	517.7399601
518.1991275	0.6041677999999138	trials	/intervals/trials	352	start_time	n/a	n/a	n/a	n/a	n/a	n/a	n/a	n/a	n/a	zee	518.396277	352	true	518.1991275	518.8032953
518.396277	0.0	cv_transition	/intervals/trials	352	cv_transition_time	n/a	n/a	n/a	n/a	n/a	n/a	n/a	n/a	n/a	zee	518.396277	352	true	518.1991275	518.8032953
519.2370241	0.45153590000006716	trials	/intervals/trials	353	start_time	n/a	n/a	n/a	n/a	n/a	n/a	n/a	n/a	n/a	dee	519.2688224	353	true	519.2370241	519.68856
519.2688224	0.0	cv_transition	/intervals/trials	353	cv_transition_time	n/a	n/a	n/a	n/a	n/a	n/a	n/a	n/a	n/a	dee	519.2688224	353	true	519.2370241	519.68856
520.1439117	0.4731587999999647	trials	/intervals/trials	354	start_time	n/a	n/a	n/a	n/a	n/a	n/a	n/a	n/a	n/a	lee	520.1960609	354	true	520.1439117	520.6170705
520.1960609	0.0	cv_transition	/intervals/trials	354	cv_transition_time	n/a	n/a	n/a	n/a	n/a	n/a	n/a	n/a	n/a	lee	520.1960609	354	true	520.1439117	520.6170705
521.2352295	0.5672817000000805	trials	/intervals/trials	355	start_time	n/a	n/a	n/a	n/a	n/a	n/a	n/a	n/a	n/a	yaa	521.2975541	355	true	521.2352295	521.8025112
521.2975541	0.0	cv_transition	/intervals/trials	355	cv_transition_time	n/a	n/a	n/a	n/a	n/a	n/a	n/a	n/a	n/a	yaa	521.2975541	355	true	521.2352295	521.8025112
522.2807576	0.5291237999999794	trials	/intervals/trials	356	start_time	n/a	n/a	n/a	n/a	n/a	n/a	n/a	n/a	n/a	gaa	522.3125559	356	true	522.2807576	522.8098814
522.3125559	0.0	cv_transition	/intervals/trials	356	cv_transition_time	n/a	n/a	n/a	n/a	n/a	n/a	n/a	n/a	n/a	gaa	522.3125559	356	true	522.2807576	522.8098814
523.3860666	0.45789559999991525	trials	/intervals/trials	357	start_time	n/a	n/a	n/a	n/a	n/a	n/a	n/a	n/a	n/a	doo	523.4064175	357	true	523.3860666	523.8439622
523.4064175	0.0	cv_transition	/intervals/trials	357	cv_transition_time	n/a	n/a	n/a	n/a	n/a	n/a	n/a	n/a	n/a	doo	523.4064175	357	true	523.3860666	523.8439622
525.5814214	0.3625007000000551	trials	/intervals/trials	358	start_time	n/a	n/a	n/a	n/a	n/a	n/a	n/a	n/a	n/a	woo	525.6055881	358	true	525.5814214	525.9439221
525.6055881	0.0	cv_transition	/intervals/trials	358	cv_transition_time	n/a	n/a	n/a	n/a	n/a	n/a	n/a	n/a	n/a	woo	525.6055881	358	true	525.5814214	525.9439221
527.4702406	0.476974499999983	trials	/intervals/trials	359	start_time	n/a	n/a	n/a	n/a	n/a	n/a	n/a	n/a	n/a	taa	527.5198459	359	true	527.4702406	527.9472151
527.5198459	0.0	cv_transition	/intervals/trials	359	cv_transition_time	n/a	n/a	n/a	n/a	n/a	n/a	n/a	n/a	n/a	taa	527.5198459	359	true	527.4702406	527.9472151
528.3720405	0.4362727000000177	trials	/intervals/trials	360	start_time	n/a	n/a	n/a	n/a	n/a	n/a	n/a	n/a	n/a	tee	528.4725231	360	true	528.3720405	528.8083132
528.4725231	0.0	cv_transition	/intervals/trials	360	cv_transition_time	n/a	n/a	n/a	n/a	n/a	n/a	n/a	n/a	n/a	tee	528.4725231	360	true	528.3720405	528.8083132
529.3908581	0.4871500000000424	trials	/intervals/trials	361	start_time	n/a	n/a	n/a	n/a	n/a	n/a	n/a	n/a	n/a	ree	529.4531827	361	true	529.3908581	529.8780081
529.4531827	0.0	cv_transition	/intervals/trials	361	cv_transition_time	n/a	n/a	n/a	n/a	n/a	n/a	n/a	n/a	n/a	ree	529.4531827	361	true	529.3908581	529.8780081
530.6780533	0.49223779999999806	trials	/intervals/trials	362	start_time	n/a	n/a	n/a	n/a	n/a	n/a	n/a	n/a	n/a	koo	530.7721763	362	true	530.6780533	531.1702911
530.7721763	0.0	cv_transition	/intervals/trials	362	cv_transition_time	n/a	n/a	n/a	n/a	n/a	n/a	n/a	n/a	n/a	koo	530.7721763	362	true	530.6780533	531.1702911
531.8062571	0.44008850000000166	trials	/intervals/trials	363	start_time	n/a	n/a	n/a	n/a	n/a	n/a	n/a	n/a	n/a	hee	531.8889327	363	true	531.8062571	532.2463456
531.8889327	0.0	cv_transition	/intervals/trials	363	cv_transition_time	n/a	n/a	n/a	n/a	n/a	n/a	n/a	n/a	n/a	hee	531.8889327	363	true	531.8062571	532.2463456
532.5592409	0.555834300000015	trials	/intervals/trials	364	start_time	n/a	n/a	n/a	n/a	n/a	n/a	n/a	n/a	n/a	vee	532.6902499	364	true	532.5592409	533.1150752
532.6902499	0.0	cv_transition	/intervals/trials	364	cv_transition_time	n/a	n/a	n/a	n/a	n/a	n/a	n/a	n/a	n/a	vee	532.6902499	364	true	532.5592409	533.1150752
533.738322	0.5329394999999977	trials	/intervals/trials	365	start_time	n/a	n/a	n/a	n/a	n/a	n/a	n/a	n/a	n/a	fee	533.8515239	365	true	533.738322	534.2712615
533.8515239	0.0	cv_transition	/intervals/trials	365	cv_transition_time	n/a	n/a	n/a	n/a	n/a	n/a	n/a	n/a	n/a	fee	533.8515239	365	true	533.738322	534.2712615
534.7138939	0.380307700000003	trials	/intervals/trials	366	start_time	n/a	n/a	n/a	n/a	n/a	n/a	n/a	n/a	n/a	bee	534.7367887	366	true	534.7138939	535.0942016
534.7367887	0.0	cv_transition	/intervals/trials	366	cv_transition_time	n/a	n/a	n/a	n/a	n/a	n/a	n/a	n/a	n/a	bee	534.7367887	366	true	534.7138939	535.0942016
535.5724481	0.44008850000000166	trials	/intervals/trials	367	start_time	n/a	n/a	n/a	n/a	n/a	n/a	n/a	n/a	n/a	haa	535.6385885	367	true	535.5724481	536.0125366
535.6385885	0.0	cv_transition	/intervals/trials	367	cv_transition_time	n/a	n/a	n/a	n/a	n/a	n/a	n/a	n/a	n/a	haa	535.6385885	367	true	535.5724481	536.0125366
536.5162217	0.47315869999999904	trials	/intervals/trials	368	start_time	n/a	n/a	n/a	n/a	n/a	n/a	n/a	n/a	n/a	naa	536.5823621	368	true	536.5162217	536.9893804
536.5823621	0.0	cv_transition	/intervals/trials	368	cv_transition_time	n/a	n/a	n/a	n/a	n/a	n/a	n/a	n/a	n/a	naa	536.5823621	368	true	536.5162217	536.9893804
537.5617499	0.39684280000005856	trials	/intervals/trials	369	start_time	n/a	n/a	n/a	n/a	n/a	n/a	n/a	n/a	n/a	boo	537.615171	369	true	537.5617499	537.9585927
537.615171	0.0	cv_transition	/intervals/trials	369	cv_transition_time	n/a	n/a	n/a	n/a	n/a	n/a	n/a	n/a	n/a	boo	537.615171	369	true	537.5617499	537.9585927
538.4164882	0.5863607000000002	trials	/intervals/trials	370	start_time	n/a	n/a	n/a	n/a	n/a	n/a	n/a	n/a	n/a	soo	538.6110938	370	true	538.4164882	539.0028489
538.6110938	0.0	cv_transition	/intervals/trials	370	cv_transition_time	n/a	n/a	n/a	n/a	n/a	n/a	n/a	n/a	n/a	soo	538.6110938	370	true	538.4164882	539.0028489
539.6337272	0.4871500000000424	trials	/intervals/trials	371	start_time	n/a	n/a	n/a	n/a	n/a	n/a	n/a	n/a	n/a	gee	539.6528062	371	true	539.6337272	540.1208772
539.6528062	0.0	cv_transition	/intervals/trials	371	cv_transition_time	n/a	n/a	n/a	n/a	n/a	n/a	n/a	n/a	n/a	gee	539.6528062	371	true	539.6337272	540.1208772
540.6003956	0.5240360999999893	trials	/intervals/trials	372	start_time	n/a	n/a	n/a	n/a	n/a	n/a	n/a	n/a	n/a	faa	540.6983344	372	true	540.6003956	541.1244317
540.6983344	0.0	cv_transition	/intervals/trials	372	cv_transition_time	n/a	n/a	n/a	n/a	n/a	n/a	n/a	n/a	n/a	faa	540.6983344	372	true	540.6003956	541.1244317
542.4421533	0.5024131999999781	trials	/intervals/trials	373	start_time	n/a	n/a	n/a	n/a	n/a	n/a	n/a	n/a	n/a	raa	542.5184692	373	true	542.4421533	542.9445665
542.5184692	0.0	cv_transition	/intervals/trials	373	cv_transition_time	n/a	n/a	n/a	n/a	n/a	n/a	n/a	n/a	n/a	raa	542.5184692	373	true	542.4421533	542.9445665
544.3233409	0.4426324000000932	trials	/intervals/trials	374	start_time	n/a	n/a	n/a	n/a	n/a	n/a	n/a	n/a	n/a	paa	544.3653146	374	true	544.3233409	544.7659733
544.3653146	0.0	cv_transition	/intervals/trials	374	cv_transition_time	n/a	n/a	n/a	n/a	n/a	n/a	n/a	n/a	n/a	paa	544.3653146	374	true	544.3233409	544.7659733
545.3955796	0.41719379999995	trials	/intervals/trials	375	start_time	n/a	n/a	n/a	n/a	n/a	n/a	n/a	n/a	n/a	yoo	545.4897026	375	true	545.3955796	545.8127734
545.4897026	0.0	cv_transition	/intervals/trials	375	cv_transition_time	n/a	n/a	n/a	n/a	n/a	n/a	n/a	n/a	n/a	yoo	545.4897026	375	true	545.3955796	545.8127734
549.4644904	0.3128952999999228	trials	/intervals/trials	376	start_time	n/a	n/a	n/a	n/a	n/a	n/a	n/a	n/a	n/a	noo	549.5691251	376	true	549.4644904	549.7773857
549.5691251	0.0	cv_transition	/intervals/trials	376	cv_transition_time	n/a	n/a	n/a	n/a	n/a	n/a	n/a	n/a	n/a	noo	549.5691251	376	true	549.4644904	549.7773857
550.970458	0.34850940000001174	trials	/intervals/trials	377	start_time	n/a	n/a	n/a	n/a	n/a	n/a	n/a	n/a	n/a	noo	551.0327827	377	true	550.970458	551.3189674
551.0327827	0.0	cv_transition	/intervals/trials	377	cv_transition_time	n/a	n/a	n/a	n/a	n/a	n/a	n/a	n/a	n/a	noo	551.0327827	377	true	550.970458	551.3189674
552.3314254	0.4133779000000004	trials	/intervals/trials	378	start_time	n/a	n/a	n/a	n/a	n/a	n/a	n/a	n/a	n/a	noo	552.3644956	378	true	552.3314254	552.7448033
552.3644956	0.0	cv_transition	/intervals/trials	378	cv_transition_time	n/a	n/a	n/a	n/a	n/a	n/a	n/a	n/a	n/a	noo	552.3644956	378	true	552.3314254	552.7448033
553.4392782	0.43754469999998946	trials	/intervals/trials	379	start_time	n/a	n/a	n/a	n/a	n/a	n/a	n/a	n/a	n/a	noo	553.5219538	379	true	553.4392782	553.8768229
553.5219538	0.0	cv_transition	/intervals/trials	379	cv_transition_time	n/a	n/a	n/a	n/a	n/a	n/a	n/a	n/a	n/a	noo	553.5219538	379	true	553.4392782	553.8768229
554.4301133	0.3993867000000364	trials	/intervals/trials	380	start_time	n/a	n/a	n/a	n/a	n/a	n/a	n/a	n/a	n/a	noo	554.4835345	380	true	554.4301133	554.8295
554.4835345	0.0	cv_transition	/intervals/trials	380	cv_transition_time	n/a	n/a	n/a	n/a	n/a	n/a	n/a	n/a	n/a	noo	554.4835345	380	true	554.4301133	554.8295
555.0584478	0.3637726000000612	trials	/intervals/trials	381	start_time	n/a	n/a	n/a	n/a	n/a	n/a	n/a	n/a	n/a	noo	555.1131409	381	true	555.0584478	555.4222204
555.1131409	0.0	cv_transition	/intervals/trials	381	cv_transition_time	n/a	n/a	n/a	n/a	n/a	n/a	n/a	n/a	n/a	noo	555.1131409	381	true	555.0584478	555.4222204
557.00196	0.44644819999996344	trials	/intervals/trials	382	start_time	n/a	n/a	n/a	n/a	n/a	n/a	n/a	n/a	n/a	paa	557.0515654	382	true	557.00196	557.4484082
557.0515654	0.0	cv_transition	/intervals/trials	382	cv_transition_time	n/a	n/a	n/a	n/a	n/a	n/a	n/a	n/a	n/a	paa	557.0515654	382	true	557.00196	557.4484082
558.4532345	0.5240360999999893	trials	/intervals/trials	383	start_time	n/a	n/a	n/a	n/a	n/a	n/a	n/a	n/a	n/a	yoo	558.6427524	383	true	558.4532345	558.9772706
558.6427524	0.0	cv_transition	/intervals/trials	383	cv_transition_time	n/a	n/a	n/a	n/a	n/a	n/a	n/a	n/a	n/a	yoo	558.6427524	383	true	558.4532345	558.9772706
561.5821875	0.476974499999983	trials	/intervals/trials	384	start_time	n/a	n/a	n/a	n/a	n/a	n/a	n/a	n/a	n/a	kaa	561.6406964	384	true	561.5821875	562.059162
561.6406964	0.0	cv_transition	/intervals/trials	384	cv_transition_time	n/a	n/a	n/a	n/a	n/a	n/a	n/a	n/a	n/a	kaa	561.6406964	384	true	561.5821875	562.059162
562.9291636	0.45153589999995347	trials	/intervals/trials	385	start_time	n/a	n/a	n/a	n/a	n/a	n/a	n/a	n/a	n/a	waa	562.9978479	385	true	562.9291636	563.3806995
562.9978479	0.0	cv_transition	/intervals/trials	385	cv_transition_time	n/a	n/a	n/a	n/a	n/a	n/a	n/a	n/a	n/a	waa	562.9978479	385	true	562.9291636	563.3806995
563.9072794	0.3561409999999796	trials	/intervals/trials	386	start_time	n/a	n/a	n/a	n/a	n/a	n/a	n/a	n/a	n/a	daa	563.9238145	386	true	563.9072794	564.2634204
563.9238145	0.0	cv_transition	/intervals/trials	386	cv_transition_time	n/a	n/a	n/a	n/a	n/a	n/a	n/a	n/a	n/a	daa	563.9238145	386	true	563.9072794	564.2634204
593.0	41.0	epochs	/intervals/epochs	0	start_time	0	rest_period	593.0	634.0	n/a	n/a	n/a	n/a	n/a	n/a	n/a	n/a	n/a	n/a	n/a
