onset	duration	trial_type	source_table	source_row	source_onset_column	nwb_epochs_id	nwb_epochs_label	nwb_epochs_start_time	nwb_epochs_stop_time	nwb_invalid_times_id	nwb_invalid_times_start_time	nwb_invalid_times_stop_time	nwb_invalid_times_tags	nwb_invalid_times_timeseries	nwb_trials_condition	nwb_trials_cv_transition_time	nwb_trials_id	nwb_trials_speak	nwb_trials_start_time	nwb_trials_stop_time
0.0	3.3	epochs	/intervals/epochs	0	start_time	0	rest_period	0.0	3.3	n/a	n/a	n/a	n/a	n/a	n/a	n/a	n/a	n/a	n/a	n/a
15.6675487	0.3818730000000006	trials	/intervals/trials	0	start_time	n/a	n/a	n/a	n/a	n/a	n/a	n/a	n/a	n/a	baa	15.6844526	0	true	15.6675487	16.0494217
15.6844526	0.0	cv_transition	/intervals/trials	0	cv_transition_time	n/a	n/a	n/a	n/a	n/a	n/a	n/a	n/a	n/a	baa	15.6844526	0	true	15.6675487	16.0494217
16.6180052	0.4210591000000008	trials	/intervals/trials	1	start_time	n/a	n/a	n/a	n/a	n/a	n/a	n/a	n/a	n/a	daa	16.632604	1	true	16.6180052	17.0390643
16.632604	0.0	cv_transition	/intervals/trials	1	cv_transition_time	n/a	n/a	n/a	n/a	n/a	n/a	n/a	n/a	n/a	daa	16.632604	1	true	16.6180052	17.0390643
17.7090708	0.4379629999999999	trials	/intervals/trials	2	start_time	n/a	n/a	n/a	n/a	n/a	n/a	n/a	n/a	n/a	gaa	17.7375	2	true	17.7090708	18.1470338
17.7375	0.0	cv_transition	/intervals/trials	2	cv_transition_time	n/a	n/a	n/a	n/a	n/a	n/a	n/a	n/a	n/a	gaa	17.7375	2	true	17.7090708	18.1470338
20.0213299	0.3999999999999986	trials	/intervals/trials	3	start_time	n/a	n/a	n/a	n/a	n/a	n/a	n/a	n/a	n/a	taa	20.0533252	3	true	20.0213299	20.4213299
20.0533252	0.0	cv_transition	/intervals/trials	3	cv_transition_time	n/a	n/a	n/a	n/a	n/a	n/a	n/a	n/a	n/a	taa	20.0533252	3	true	20.0213299	20.4213299
21.2534974	0.414912300000001	trials	/intervals/trials	4	start_time	n/a	n/a	n/a	n/a	n/a	n/a	n/a	n/a	n/a	kaa	21.3203444	4	true	21.2534974	21.6684097
21.3203444	0.0	cv_transition	/intervals/trials	4	cv_transition_time	n/a	n/a	n/a	n/a	n/a	n/a	n/a	n/a	n/a	kaa	21.3203444	4	true	21.2534974	21.6684097
22.4313873	0.4487199000000004	trials	/intervals/trials	5	start_time	n/a	n/a	n/a	n/a	n/a	n/a	n/a	n/a	n/a	maa	22.5182115	5	true	22.4313873	22.8801072
22.5182115	0.0	cv_transition	/intervals/trials	5	cv_transition_time	n/a	n/a	n/a	n/a	n/a	n/a	n/a	n/a	n/a	maa	22.5182115	5	true	22.4313873	22.8801072
23.7260673	0.46331869999999853	trials	/intervals/trials	6	start_time	n/a	n/a	n/a	n/a	n/a	n/a	n/a	n/a	n/a	naa	23.8367105	6	true	23.7260673	24.189386
23.8367105	0.0	cv_transition	/intervals/trials	6	cv_transition_time	n/a	n/a	n/a	n/a	n/a	n/a	n/a	n/a	n/a	naa	23.8367105	6	true	23.7260673	24.189386
24.8225114	0.5578265000000009	trials	/intervals/trials	7	start_time	n/a	n/a	n/a	n/a	n/a	n/a	n/a	n/a	n/a	shaa	25.0153687	7	true	24.8225114	25.3803379
25.0153687	0.0	cv_transition	/intervals/trials	7	cv_transition_time	n/a	n/a	n/a	n/a	n/a	n/a	n/a	n/a	n/a	shaa	25.0153687	7	true	24.8225114	25.3803379
26.0342089	0.5601316000000018	trials	/intervals/trials	8	start_time	n/a	n/a	n/a	n/a	n/a	n/a	n/a	n/a	n/a	saa	26.2262979	8	true	26.0342089	26.5943405
26.2262979	0.0	cv_transition	/intervals/trials	8	cv_transition_time	n/a	n/a	n/a	n/a	n/a	n/a	n/a	n/a	n/a	saa	26.2262979	8	true	26.0342089	26.5943405
28.4483837	0.4694655999999995	trials	/intervals/trials	9	start_time	n/a	n/a	n/a	n/a	n/a	n/a	n/a	n/a	n/a	haa	28.5974448	9	true	28.4483837	28.9178493
28.5974448	0.0	cv_transition	/intervals/trials	9	cv_transition_time	n/a	n/a	n/a	n/a	n/a	n/a	n/a	n/a	n/a	haa	28.5974448	9	true	28.4483837	28.9178493
29.8129841	0.43642619999999965	trials	/intervals/trials	10	start_time	n/a	n/a	n/a	n/a	n/a	n/a	n/a	n/a	n/a	vaa	29.8767576	10	true	29.8129841	30.2494103
29.8767576	0.0	cv_transition	/intervals/trials	10	cv_transition_time	n/a	n/a	n/a	n/a	n/a	n/a	n/a	n/a	n/a	vaa	29.8767576	10	true	29.8129841	30.2494103
31.0446589	0.5892251999999978	trials	/intervals/trials	11	start_time	n/a	n/a	n/a	n/a	n/a	n/a	n/a	n/a	n/a	raa	31.206782	11	true	31.0446589	31.6338841
31.206782	0.0	cv_transition	/intervals/trials	11	cv_transition_time	n/a	n/a	n/a	n/a	n/a	n/a	n/a	n/a	n/a	raa	31.206782	11	true	31.0446589	31.6338841
32.3001527	0.5055783000000034	trials	/intervals/trials	12	start_time	n/a	n/a	n/a	n/a	n/a	n/a	n/a	n/a	n/a	laa	32.3662313	12	true	32.3001527	32.805731
32.3662313	0.0	cv_transition	/intervals/trials	12	cv_transition_time	n/a	n/a	n/a	n/a	n/a	n/a	n/a	n/a	n/a	laa	32.3662313	12	true	32.3001527	32.805731
33.5963694	0.5129732999999987	trials	/intervals/trials	13	start_time	n/a	n/a	n/a	n/a	n/a	n/a	n/a	n/a	n/a	yaa	33.6632164	13	true	33.5963694	34.1093427
33.6632164	0.0	cv_transition	/intervals/trials	13	cv_transition_time	n/a	n/a	n/a	n/a	n/a	n/a	n/a	n/a	n/a	yaa	33.6632164	13	true	33.5963694	34.1093427
34.8257391	0.5348496000000011	trials	/intervals/trials	14	start_time	n/a	n/a	n/a	n/a	n/a	n/a	n/a	n/a	n/a	waa	34.9279305	14	true	34.8257391	35.3605887
34.9279305	0.0	cv_transition	/intervals/trials	14	cv_transition_time	n/a	n/a	n/a	n/a	n/a	n/a	n/a	n/a	n/a	waa	34.9279305	14	true	34.8257391	35.3605887
36.1572485	0.47285449999999685	trials	/intervals/trials	15	start_time	n/a	n/a	n/a	n/a	n/a	n/a	n/a	n/a	n/a	bee	36.1627294	15	true	36.1572485	36.630103
36.1627294	0.0	cv_transition	/intervals/trials	15	cv_transition_time	n/a	n/a	n/a	n/a	n/a	n/a	n/a	n/a	n/a	bee	36.1627294	15	true	36.1572485	36.630103
37.3891577	0.44450080000000014	trials	/intervals/trials	16	start_time	n/a	n/a	n/a	n/a	n/a	n/a	n/a	n/a	n/a	dee	37.4088647	16	true	37.3891577	37.8336585
37.4088647	0.0	cv_transition	/intervals/trials	16	cv_transition_time	n/a	n/a	n/a	n/a	n/a	n/a	n/a	n/a	n/a	dee	37.4088647	16	true	37.3891577	37.8336585
38.5850163	0.4631730999999988	trials	/intervals/trials	17	start_time	n/a	n/a	n/a	n/a	n/a	n/a	n/a	n/a	n/a	gee	38.6350737	17	true	38.5850163	39.0481894
38.6350737	0.0	cv_transition	/intervals/trials	17	cv_transition_time	n/a	n/a	n/a	n/a	n/a	n/a	n/a	n/a	n/a	gee	38.6350737	17	true	38.5850163	39.0481894
39.8043516	0.4325252000000006	trials	/intervals/trials	18	start_time	n/a	n/a	n/a	n/a	n/a	n/a	n/a	n/a	n/a	pee	39.8313574	18	true	39.8043516	40.2368768
39.8313574	0.0	cv_transition	/intervals/trials	18	cv_transition_time	n/a	n/a	n/a	n/a	n/a	n/a	n/a	n/a	n/a	pee	39.8313574	18	true	39.8043516	40.2368768
40.9991756	0.4766157999999976	trials	/intervals/trials	19	start_time	n/a	n/a	n/a	n/a	n/a	n/a	n/a	n/a	n/a	tee	41.0714343	19	true	40.9991756	41.4757914
41.0714343	0.0	cv_transition	/intervals/trials	19	cv_transition_time	n/a	n/a	n/a	n/a	n/a	n/a	n/a	n/a	n/a	tee	41.0714343	19	true	40.9991756	41.4757914
42.2304938	0.499972200000002	trials	/intervals/trials	20	start_time	n/a	n/a	n/a	n/a	n/a	n/a	n/a	n/a	n/a	kee	42.3239193	20	true	42.2304938	42.730466
42.3239193	0.0	cv_transition	/intervals/trials	20	cv_transition_time	n/a	n/a	n/a	n/a	n/a	n/a	n/a	n/a	n/a	kee	42.3239193	20	true	42.2304938	42.730466
43.3552487	0.5116502999999994	trials	/intervals/trials	21	start_time	n/a	n/a	n/a	n/a	n/a	n/a	n/a	n/a	n/a	mee	43.4267775	21	true	43.3552487	43.866899
43.4267775	0.0	cv_transition	/intervals/trials	21	cv_transition_time	n/a	n/a	n/a	n/a	n/a	n/a	n/a	n/a	n/a	mee	43.4267775	21	true	43.3552487	43.866899
44.560291	0.5196790999999976	trials	/intervals/trials	22	start_time	n/a	n/a	n/a	n/a	n/a	n/a	n/a	n/a	n/a	nee	44.6931303	22	true	44.560291	45.0799701
44.6931303	0.0	cv_transition	/intervals/trials	22	cv_transition_time	n/a	n/a	n/a	n/a	n/a	n/a	n/a	n/a	n/a	nee	44.6931303	22	true	44.560291	45.0799701
45.7120517	0.6182136999999983	trials	/intervals/trials	23	start_time	n/a	n/a	n/a	n/a	n/a	n/a	n/a	n/a	n/a	shee	45.9397762	23	true	45.7120517	46.3302654
45.9397762	0.0	cv_transition	/intervals/trials	23	cv_transition_time	n/a	n/a	n/a	n/a	n/a	n/a	n/a	n/a	n/a	shee	45.9397762	23	true	45.7120517	46.3302654
46.9054158	0.594127499999999	trials	/intervals/trials	24	start_time	n/a	n/a	n/a	n/a	n/a	n/a	n/a	n/a	n/a	see	47.1141633	24	true	46.9054158	47.4995433
47.1141633	0.0	cv_transition	/intervals/trials	24	cv_transition_time	n/a	n/a	n/a	n/a	n/a	n/a	n/a	n/a	n/a	see	47.1141633	24	true	46.9054158	47.4995433
49.4286329	0.5408458000000067	trials	/intervals/trials	25	start_time	n/a	n/a	n/a	n/a	n/a	n/a	n/a	n/a	n/a	hee	49.5527136	25	true	49.4286329	49.9694787
49.5527136	0.0	cv_transition	/intervals/trials	25	cv_transition_time	n/a	n/a	n/a	n/a	n/a	n/a	n/a	n/a	n/a	hee	49.5527136	25	true	49.4286329	49.9694787
50.7241812	0.5131101000000058	trials	/intervals/trials	26	start_time	n/a	n/a	n/a	n/a	n/a	n/a	n/a	n/a	n/a	vee	50.8168768	26	true	50.7241812	51.2372913
50.8168768	0.0	cv_transition	/intervals/trials	26	cv_transition_time	n/a	n/a	n/a	n/a	n/a	n/a	n/a	n/a	n/a	vee	50.8168768	26	true	50.7241812	51.2372913
51.9336029	0.551794000000001	trials	/intervals/trials	27	start_time	n/a	n/a	n/a	n/a	n/a	n/a	n/a	n/a	n/a	ree	52.0959616	27	true	51.9336029	52.4853969
52.0959616	0.0	cv_transition	/intervals/trials	27	cv_transition_time	n/a	n/a	n/a	n/a	n/a	n/a	n/a	n/a	n/a	ree	52.0959616	27	true	51.9336029	52.4853969
53.2079844	0.499972200000002	trials	/intervals/trials	28	start_time	n/a	n/a	n/a	n/a	n/a	n/a	n/a	n/a	n/a	lee	53.3415536	28	true	53.2079844	53.7079566
53.3415536	0.0	cv_transition	/intervals/trials	28	cv_transition_time	n/a	n/a	n/a	n/a	n/a	n/a	n/a	n/a	n/a	lee	53.3415536	28	true	53.2079844	53.7079566
54.4940441	0.4970525999999964	trials	/intervals/trials	29	start_time	n/a	n/a	n/a	n/a	n/a	n/a	n/a	n/a	n/a	yee	54.5677627	29	true	54.4940441	54.9910967
54.5677627	0.0	cv_transition	/intervals/trials	29	cv_transition_time	n/a	n/a	n/a	n/a	n/a	n/a	n/a	n/a	n/a	yee	54.5677627	29	true	54.4940441	54.9910967
55.7830234	0.4766158000000047	trials	/intervals/trials	30	start_time	n/a	n/a	n/a	n/a	n/a	n/a	n/a	n/a	n/a	wee	55.8363051	30	true	55.7830234	56.2596392
55.8363051	0.0	cv_transition	/intervals/trials	30	cv_transition_time	n/a	n/a	n/a	n/a	n/a	n/a	n/a	n/a	n/a	wee	55.8363051	30	true	55.7830234	56.2596392
57.108497	0.36479229999999774	trials	/intervals/trials	31	start_time	n/a	n/a	n/a	n/a	n/a	n/a	n/a	n/a	n/a	boo	57.134043	31	true	57.108497	57.4732893
57.134043	0.0	cv_transition	/intervals/trials	31	cv_transition_time	n/a	n/a	n/a	n/a	n/a	n/a	n/a	n/a	n/a	boo	57.134043	31	true	57.108497	57.4732893
58.3013923	0.46033800000000014	trials	/intervals/trials	32	start_time	n/a	n/a	n/a	n/a	n/a	n/a	n/a	n/a	n/a	doo	58.3464555	32	true	58.3013923	58.7617303
58.3464555	0.0	cv_transition	/intervals/trials	32	cv_transition_time	n/a	n/a	n/a	n/a	n/a	n/a	n/a	n/a	n/a	doo	58.3464555	32	true	58.3013923	58.7617303
59.6012926	0.4638044000000008	trials	/intervals/trials	33	start_time	n/a	n/a	n/a	n/a	n/a	n/a	n/a	n/a	n/a	goo	59.6505155	33	true	59.6012926	60.065097
59.6505155	0.0	cv_transition	/intervals/trials	33	cv_transition_time	n/a	n/a	n/a	n/a	n/a	n/a	n/a	n/a	n/a	goo	59.6505155	33	true	59.6012926	60.065097
60.9060458	0.4423127000000022	trials	/intervals/trials	34	start_time	n/a	n/a	n/a	n/a	n/a	n/a	n/a	n/a	n/a	poo	60.9476426	34	true	60.9060458	61.3483585
60.9476426	0.0	cv_transition	/intervals/trials	34	cv_transition_time	n/a	n/a	n/a	n/a	n/a	n/a	n/a	n/a	n/a	poo	60.9476426	34	true	60.9060458	61.3483585
62.2121855	0.49708190000000485	trials	/intervals/trials	35	start_time	n/a	n/a	n/a	n/a	n/a	n/a	n/a	n/a	n/a	too	62.257942	35	true	62.2121855	62.7092674
62.257942	0.0	cv_transition	/intervals/trials	35	cv_transition_time	n/a	n/a	n/a	n/a	n/a	n/a	n/a	n/a	n/a	too	62.257942	35	true	62.2121855	62.7092674
63.4892075	0.5268929	trials	/intervals/trials	36	start_time	n/a	n/a	n/a	n/a	n/a	n/a	n/a	n/a	n/a	koo	63.5647751	36	true	63.4892075	64.0161004
63.5647751	0.0	cv_transition	/intervals/trials	36	cv_transition_time	n/a	n/a	n/a	n/a	n/a	n/a	n/a	n/a	n/a	koo	63.5647751	36	true	63.4892075	64.0161004
64.7308722	0.5456115000000068	trials	/intervals/trials	37	start_time	n/a	n/a	n/a	n/a	n/a	n/a	n/a	n/a	n/a	moo	64.8369441	37	true	64.7308722	65.2764837
64.8369441	0.0	cv_transition	/intervals/trials	37	cv_transition_time	n/a	n/a	n/a	n/a	n/a	n/a	n/a	n/a	n/a	moo	64.8369441	37	true	64.7308722	65.2764837
66.0307725	0.4873759000000035	trials	/intervals/trials	38	start_time	n/a	n/a	n/a	n/a	n/a	n/a	n/a	n/a	n/a	noo	66.1423906	38	true	66.0307725	66.5181484
66.1423906	0.0	cv_transition	/intervals/trials	38	cv_transition_time	n/a	n/a	n/a	n/a	n/a	n/a	n/a	n/a	n/a	noo	66.1423906	38	true	66.0307725	66.5181484
67.1760713	0.6606958999999932	trials	/intervals/trials	39	start_time	n/a	n/a	n/a	n/a	n/a	n/a	n/a	n/a	n/a	shoo	67.4020806	39	true	67.1760713	67.8367672
67.4020806	0.0	cv_transition	/intervals/trials	39	cv_transition_time	n/a	n/a	n/a	n/a	n/a	n/a	n/a	n/a	n/a	shoo	67.4020806	39	true	67.1760713	67.8367672
68.5057825	0.6475237000000078	trials	/intervals/trials	40	start_time	n/a	n/a	n/a	n/a	n/a	n/a	n/a	n/a	n/a	soo	68.7338717	40	true	68.5057825	69.1533062
68.7338717	0.0	cv_transition	/intervals/trials	40	cv_transition_time	n/a	n/a	n/a	n/a	n/a	n/a	n/a	n/a	n/a	soo	68.7338717	40	true	68.5057825	69.1533062
71.0667593	0.6043779000000029	trials	/intervals/trials	41	start_time	n/a	n/a	n/a	n/a	n/a	n/a	n/a	n/a	n/a	hoo	71.2393861	41	true	71.0667593	71.6711372
71.2393861	0.0	cv_transition	/intervals/trials	41	cv_transition_time	n/a	n/a	n/a	n/a	n/a	n/a	n/a	n/a	n/a	hoo	71.2393861	41	true	71.0667593	71.6711372
72.3361552	0.5192669000000052	trials	/intervals/trials	42	start_time	n/a	n/a	n/a	n/a	n/a	n/a	n/a	n/a	n/a	voo	72.4999123	42	true	72.3361552	72.8554221
72.4999123	0.0	cv_transition	/intervals/trials	42	cv_transition_time	n/a	n/a	n/a	n/a	n/a	n/a	n/a	n/a	n/a	voo	72.4999123	42	true	72.3361552	72.8554221
73.5819796	0.5504645000000039	trials	/intervals/trials	43	start_time	n/a	n/a	n/a	n/a	n/a	n/a	n/a	n/a	n/a	roo	73.728955	43	true	73.5819796	74.1324441
73.728955	0.0	cv_transition	/intervals/trials	43	cv_transition_time	n/a	n/a	n/a	n/a	n/a	n/a	n/a	n/a	n/a	roo	73.728955	43	true	73.5819796	74.1324441
74.8513755	0.4887624999999929	trials	/intervals/trials	44	start_time	n/a	n/a	n/a	n/a	n/a	n/a	n/a	n/a	n/a	loo	74.9179304	44	true	74.8513755	75.340138
74.9179304	0.0	cv_transition	/intervals/trials	44	cv_transition_time	n/a	n/a	n/a	n/a	n/a	n/a	n/a	n/a	n/a	loo	74.9179304	44	true	74.8513755	75.340138
76.0764015	0.5768090999999913	trials	/intervals/trials	45	start_time	n/a	n/a	n/a	n/a	n/a	n/a	n/a	n/a	n/a	yoo	76.1533556	45	true	76.0764015	76.6532106
76.1533556	0.0	cv_transition	/intervals/trials	45	cv_transition_time	n/a	n/a	n/a	n/a	n/a	n/a	n/a	n/a	n/a	yoo	76.1533556	45	true	76.0764015	76.6532106
77.3624362	0.6086998999999906	trials	/intervals/trials	46	start_time	n/a	n/a	n/a	n/a	n/a	n/a	n/a	n/a	n/a	woo	77.5419957	46	true	77.3624362	77.9711361
77.5419957	0.0	cv_transition	/intervals/trials	46	cv_transition_time	n/a	n/a	n/a	n/a	n/a	n/a	n/a	n/a	n/a	woo	77.5419957	46	true	77.3624362	77.9711361
79.3140197	0.4540985000000006	trials	/intervals/trials	47	start_time	n/a	n/a	n/a	n/a	n/a	n/a	n/a	n/a	n/a	baa	79.3424442	47	true	79.3140197	79.7681182
79.3424442	0.0	cv_transition	/intervals/trials	47	cv_transition_time	n/a	n/a	n/a	n/a	n/a	n/a	n/a	n/a	n/a	baa	79.3424442	47	true	79.3140197	79.7681182
80.586882	0.46449769999999546	trials	/intervals/trials	48	start_time	n/a	n/a	n/a	n/a	n/a	n/a	n/a	n/a	n/a	daa	80.6000544	48	true	80.586882	81.0513797
80.6000544	0.0	cv_transition	/intervals/trials	48	cv_transition_time	n/a	n/a	n/a	n/a	n/a	n/a	n/a	n/a	n/a	daa	80.6000544	48	true	80.586882	81.0513797
81.8375594	0.542145099999999	trials	/intervals/trials	49	start_time	n/a	n/a	n/a	n/a	n/a	n/a	n/a	n/a	n/a	gaa	81.903421	49	true	81.8375594	82.3797045
81.903421	0.0	cv_transition	/intervals/trials	49	cv_transition_time	n/a	n/a	n/a	n/a	n/a	n/a	n/a	n/a	n/a	gaa	81.903421	49	true	81.8375594	82.3797045
83.1416193	0.49846839999999304	trials	/intervals/trials	50	start_time	n/a	n/a	n/a	n/a	n/a	n/a	n/a	n/a	n/a	paa	83.1693505	50	true	83.1416193	83.6400877
83.1693505	0.0	cv_transition	/intervals/trials	50	cv_transition_time	n/a	n/a	n/a	n/a	n/a	n/a	n/a	n/a	n/a	paa	83.1693505	50	true	83.1416193	83.6400877
84.3562461	0.5275861999999876	trials	/intervals/trials	51	start_time	n/a	n/a	n/a	n/a	n/a	n/a	n/a	n/a	n/a	taa	84.4200279	51	true	84.3562461	84.8838323
84.4200279	0.0	cv_transition	/intervals/trials	51	cv_transition_time	n/a	n/a	n/a	n/a	n/a	n/a	n/a	n/a	n/a	taa	84.4200279	51	true	84.3562461	84.8838323
85.6374278	0.49084229999999707	trials	/intervals/trials	52	start_time	n/a	n/a	n/a	n/a	n/a	n/a	n/a	n/a	n/a	kaa	85.6859574	52	true	85.6374278	86.1282701
85.6859574	0.0	cv_transition	/intervals/trials	52	cv_transition_time	n/a	n/a	n/a	n/a	n/a	n/a	n/a	n/a	n/a	kaa	85.6859574	52	true	85.6374278	86.1282701
86.8028317	0.5345188999999948	trials	/intervals/trials	53	start_time	n/a	n/a	n/a	n/a	n/a	n/a	n/a	n/a	n/a	maa	86.9456474	53	true	86.8028317	87.3373506
86.9456474	0.0	cv_transition	/intervals/trials	53	cv_transition_time	n/a	n/a	n/a	n/a	n/a	n/a	n/a	n/a	n/a	maa	86.9456474	53	true	86.8028317	87.3373506
88.0548956	0.5469980000000021	trials	/intervals/trials	54	start_time	n/a	n/a	n/a	n/a	n/a	n/a	n/a	n/a	n/a	naa	88.1588876	54	true	88.0548956	88.6018936
88.1588876	0.0	cv_transition	/intervals/trials	54	cv_transition_time	n/a	n/a	n/a	n/a	n/a	n/a	n/a	n/a	n/a	naa	88.1588876	54	true	88.0548956	88.6018936
89.3853001	0.6253387000000004	trials	/intervals/trials	55	start_time	n/a	n/a	n/a	n/a	n/a	n/a	n/a	n/a	n/a	shaa	89.5766455	55	true	89.3853001	90.0106388
89.5766455	0.0	cv_transition	/intervals/trials	55	cv_transition_time	n/a	n/a	n/a	n/a	n/a	n/a	n/a	n/a	n/a	shaa	89.5766455	55	true	89.3853001	90.0106388
90.6228052	0.6371244000000047	trials	/intervals/trials	56	start_time	n/a	n/a	n/a	n/a	n/a	n/a	n/a	n/a	n/a	saa	90.82039	56	true	90.6228052	91.2599296
90.82039	0.0	cv_transition	/intervals/trials	56	cv_transition_time	n/a	n/a	n/a	n/a	n/a	n/a	n/a	n/a	n/a	saa	90.82039	56	true	90.6228052	91.2599296
93.005609	0.5400651999999866	trials	/intervals/trials	57	start_time	n/a	n/a	n/a	n/a	n/a	n/a	n/a	n/a	n/a	haa	93.2122064	57	true	93.005609	93.5456742
93.2122064	0.0	cv_transition	/intervals/trials	57	cv_transition_time	n/a	n/a	n/a	n/a	n/a	n/a	n/a	n/a	n/a	haa	93.2122064	57	true	93.005609	93.5456742
94.8746922	0.6107798000000031	trials	/intervals/trials	58	start_time	n/a	n/a	n/a	n/a	n/a	n/a	n/a	n/a	n/a	vaa	94.9967095	58	true	94.8746922	95.485472
94.9967095	0.0	cv_transition	/intervals/trials	58	cv_transition_time	n/a	n/a	n/a	n/a	n/a	n/a	n/a	n/a	n/a	vaa	94.9967095	58	true	94.8746922	95.485472
96.2362944	0.5026280999999955	trials	/intervals/trials	59	start_time	n/a	n/a	n/a	n/a	n/a	n/a	n/a	n/a	n/a	raa	96.331967	59	true	96.2362944	96.7389225
96.331967	0.0	cv_transition	/intervals/trials	59	cv_transition_time	n/a	n/a	n/a	n/a	n/a	n/a	n/a	n/a	n/a	raa	96.331967	59	true	96.2362944	96.7389225
97.3212778	0.7348768999999891	trials	/intervals/trials	60	start_time	n/a	n/a	n/a	n/a	n/a	n/a	n/a	n/a	n/a	laa	97.6166151	60	true	97.3212778	98.0561547
97.6166151	0.0	cv_transition	/intervals/trials	60	cv_transition_time	n/a	n/a	n/a	n/a	n/a	n/a	n/a	n/a	n/a	laa	97.6166151	60	true	97.3212778	98.0561547
97.70108921190003	0.017365238068236977	invalid_times	/intervals/invalid_times	0	start_time	n/a	n/a	n/a	n/a	0	97.70108921190003	97.71845444996826	"[""ECoG artifact""]"	"[{""idx_start"":298160,""count"":53,""timeseries"":""/acquisition/ElectricalSeries""}]"	n/a	n/a	n/a	n/a	n/a	n/a
98.8180696	0.5837417999999985	trials	/intervals/trials	61	start_time	n/a	n/a	n/a	n/a	n/a	n/a	n/a	n/a	n/a	yaa	98.9664315	61	true	98.8180696	99.4018114
98.9664315	0.0	cv_transition	/intervals/trials	61	cv_transition_time	n/a	n/a	n/a	n/a	n/a	n/a	n/a	n/a	n/a	yaa	98.9664315	61	true	98.8180696	99.4018114
100.0125912	0.5865149999999915	trials	/intervals/trials	62	start_time	n/a	n/a	n/a	n/a	n/a	n/a	n/a	n/a	n/a	waa	100.1491674	62	true	100.0125912	100.5991062
100.1491674	0.0	cv_transition	/intervals/trials	62	cv_transition_time	n/a	n/a	n/a	n/a	n/a	n/a	n/a	n/a	n/a	waa	100.1491674	62	true	100.0125912	100.5991062
101.3305167	0.4610313000000019	trials	/intervals/trials	63	start_time	n/a	n/a	n/a	n/a	n/a	n/a	n/a	n/a	n/a	bee	101.3457689	63	true	101.3305167	101.791548
101.3457689	0.0	cv_transition	/intervals/trials	63	cv_transition_time	n/a	n/a	n/a	n/a	n/a	n/a	n/a	n/a	n/a	bee	101.3457689	63	true	101.3305167	101.791548
102.4688827	0.4728171000000003	trials	/intervals/trials	64	start_time	n/a	n/a	n/a	n/a	n/a	n/a	n/a	n/a	n/a	dee	102.4910677	64	true	102.4688827	102.9416998
102.4910677	0.0	cv_transition	/intervals/trials	64	cv_transition_time	n/a	n/a	n/a	n/a	n/a	n/a	n/a	n/a	n/a	dee	102.4910677	64	true	102.4688827	102.9416998
103.7091609	0.5130273000000045	trials	/intervals/trials	65	start_time	n/a	n/a	n/a	n/a	n/a	n/a	n/a	n/a	n/a	gee	103.7673964	65	true	103.7091609	104.2221882
103.7673964	0.0	cv_transition	/intervals/trials	65	cv_transition_time	n/a	n/a	n/a	n/a	n/a	n/a	n/a	n/a	n/a	gee	103.7673964	65	true	103.7091609	104.2221882
104.9390398	0.562250199999994	trials	/intervals/trials	66	start_time	n/a	n/a	n/a	n/a	n/a	n/a	n/a	n/a	n/a	pee	104.9945022	66	true	104.9390398	105.50129
104.9945022	0.0	cv_transition	/intervals/trials	66	cv_transition_time	n/a	n/a	n/a	n/a	n/a	n/a	n/a	n/a	n/a	pee	104.9945022	66	true	104.9390398	105.50129
106.2084357	0.5199601000000058	trials	/intervals/trials	67	start_time	n/a	n/a	n/a	n/a	n/a	n/a	n/a	n/a	n/a	tee	106.2680578	67	true	106.2084357	106.7283958
106.2680578	0.0	cv_transition	/intervals/trials	67	cv_transition_time	n/a	n/a	n/a	n/a	n/a	n/a	n/a	n/a	n/a	tee	106.2680578	67	true	106.2084357	106.7283958
107.4708988	0.5795822000000044	trials	/intervals/trials	68	start_time	n/a	n/a	n/a	n/a	n/a	n/a	n/a	n/a	n/a	kee	107.5714244	68	true	107.4708988	108.050481
107.5714244	0.0	cv_transition	/intervals/trials	68	cv_transition_time	n/a	n/a	n/a	n/a	n/a	n/a	n/a	n/a	n/a	kee	107.5714244	68	true	107.4708988	108.050481
108.7174165	0.5928887000000032	trials	/intervals/trials	69	start_time	n/a	n/a	n/a	n/a	n/a	n/a	n/a	n/a	n/a	mee	108.8519128	69	true	108.7174165	109.3103052
108.8519128	0.0	cv_transition	/intervals/trials	69	cv_transition_time	n/a	n/a	n/a	n/a	n/a	n/a	n/a	n/a	n/a	mee	108.8519128	69	true	108.7174165	109.3103052
110.0346487	0.5892881999999986	trials	/intervals/trials	70	start_time	n/a	n/a	n/a	n/a	n/a	n/a	n/a	n/a	n/a	nee	110.1559728	70	true	110.0346487	110.6239369
110.1559728	0.0	cv_transition	/intervals/trials	70	cv_transition_time	n/a	n/a	n/a	n/a	n/a	n/a	n/a	n/a	n/a	nee	110.1559728	70	true	110.0346487	110.6239369
111.2756202	0.7314104999999955	trials	/intervals/trials	71	start_time	n/a	n/a	n/a	n/a	n/a	n/a	n/a	n/a	n/a	shee	111.5231212	71	true	111.2756202	112.0070307
111.5231212	0.0	cv_transition	/intervals/trials	71	cv_transition_time	n/a	n/a	n/a	n/a	n/a	n/a	n/a	n/a	n/a	shee	111.5231212	71	true	111.2756202	112.0070307
112.6559409	0.7425029999999992	trials	/intervals/trials	72	start_time	n/a	n/a	n/a	n/a	n/a	n/a	n/a	n/a	n/a	see	112.8909629	72	true	112.6559409	113.3984439
112.8909629	0.0	cv_transition	/intervals/trials	72	cv_transition_time	n/a	n/a	n/a	n/a	n/a	n/a	n/a	n/a	n/a	see	112.8909629	72	true	112.6559409	113.3984439
115.3576536	0.6898136999999878	trials	/intervals/trials	73	start_time	n/a	n/a	n/a	n/a	n/a	n/a	n/a	n/a	n/a	hee	115.5302803	73	true	115.3576536	116.0474673
115.5302803	0.0	cv_transition	/intervals/trials	73	cv_transition_time	n/a	n/a	n/a	n/a	n/a	n/a	n/a	n/a	n/a	hee	115.5302803	73	true	115.3576536	116.0474673
117.0270721	0.5705695999999989	trials	/intervals/trials	74	start_time	n/a	n/a	n/a	n/a	n/a	n/a	n/a	n/a	n/a	vee	117.1019464	74	true	117.0270721	117.5976417
117.1019464	0.0	cv_transition	/intervals/trials	74	cv_transition_time	n/a	n/a	n/a	n/a	n/a	n/a	n/a	n/a	n/a	vee	117.1019464	74	true	117.0270721	117.5976417
118.2541779	0.6620826000000051	trials	/intervals/trials	75	start_time	n/a	n/a	n/a	n/a	n/a	n/a	n/a	n/a	n/a	ree	118.4496829	75	true	118.2541779	118.9162605
118.4496829	0.0	cv_transition	/intervals/trials	75	cv_transition_time	n/a	n/a	n/a	n/a	n/a	n/a	n/a	n/a	n/a	ree	118.4496829	75	true	118.2541779	118.9162605
119.526347	0.6690152999999981	trials	/intervals/trials	76	start_time	n/a	n/a	n/a	n/a	n/a	n/a	n/a	n/a	n/a	lee	119.6816417	76	true	119.526347	120.1953623
119.6816417	0.0	cv_transition	/intervals/trials	76	cv_transition_time	n/a	n/a	n/a	n/a	n/a	n/a	n/a	n/a	n/a	lee	119.6816417	76	true	119.526347	120.1953623
120.9122139	0.6260320000000092	trials	/intervals/trials	77	start_time	n/a	n/a	n/a	n/a	n/a	n/a	n/a	n/a	n/a	yee	120.9974874	77	true	120.9122139	121.5382459
120.9974874	0.0	cv_transition	/intervals/trials	77	cv_transition_time	n/a	n/a	n/a	n/a	n/a	n/a	n/a	n/a	n/a	yee	120.9974874	77	true	120.9122139	121.5382459
122.1746771	0.6204857000000032	trials	/intervals/trials	78	start_time	n/a	n/a	n/a	n/a	n/a	n/a	n/a	n/a	n/a	wee	122.2821355	78	true	122.1746771	122.7951628
122.2821355	0.0	cv_transition	/intervals/trials	78	cv_transition_time	n/a	n/a	n/a	n/a	n/a	n/a	n/a	n/a	n/a	wee	122.2821355	78	true	122.1746771	122.7951628
123.5515314	0.4943087000000048	trials	/intervals/trials	79	start_time	n/a	n/a	n/a	n/a	n/a	n/a	n/a	n/a	n/a	boo	123.5612373	79	true	123.5515314	124.0458401
123.5612373	0.0	cv_transition	/intervals/trials	79	cv_transition_time	n/a	n/a	n/a	n/a	n/a	n/a	n/a	n/a	n/a	boo	123.5612373	79	true	123.5515314	124.0458401
124.8458854	0.4956952999999942	trials	/intervals/trials	80	start_time	n/a	n/a	n/a	n/a	n/a	n/a	n/a	n/a	n/a	doo	124.8694569	80	true	124.8458854	125.3415807
124.8694569	0.0	cv_transition	/intervals/trials	80	cv_transition_time	n/a	n/a	n/a	n/a	n/a	n/a	n/a	n/a	n/a	doo	124.8694569	80	true	124.8458854	125.3415807
126.2047144	0.5213466999999952	trials	/intervals/trials	81	start_time	n/a	n/a	n/a	n/a	n/a	n/a	n/a	n/a	n/a	goo	126.2470045	81	true	126.2047144	126.7260611
126.2470045	0.0	cv_transition	/intervals/trials	81	cv_transition_time	n/a	n/a	n/a	n/a	n/a	n/a	n/a	n/a	n/a	goo	126.2470045	81	true	126.2047144	126.7260611
129.1892854	0.5636367000000178	trials	/intervals/trials	82	start_time	n/a	n/a	n/a	n/a	n/a	n/a	n/a	n/a	n/a	too	129.2655462	82	true	129.1892854	129.7529221
129.2655462	0.0	cv_transition	/intervals/trials	82	cv_transition_time	n/a	n/a	n/a	n/a	n/a	n/a	n/a	n/a	n/a	too	129.2655462	82	true	129.1892854	129.7529221
130.8899015	0.5372921000000019	trials	/intervals/trials	83	start_time	n/a	n/a	n/a	n/a	n/a	n/a	n/a	n/a	n/a	koo	130.980028	83	true	130.8899015	131.4271936
130.980028	0.0	cv_transition	/intervals/trials	83	cv_transition_time	n/a	n/a	n/a	n/a	n/a	n/a	n/a	n/a	n/a	koo	130.980028	83	true	130.8899015	131.4271936
132.5711059	0.530487700000009	trials	/intervals/trials	84	start_time	n/a	n/a	n/a	n/a	n/a	n/a	n/a	n/a	n/a	moo	132.6674718	84	true	132.5711059	133.1015936
132.6674718	0.0	cv_transition	/intervals/trials	84	cv_transition_time	n/a	n/a	n/a	n/a	n/a	n/a	n/a	n/a	n/a	moo	132.6674718	84	true	132.5711059	133.1015936
133.8619935	0.6128595999999789	trials	/intervals/trials	85	start_time	n/a	n/a	n/a	n/a	n/a	n/a	n/a	n/a	n/a	noo	133.9833175	85	true	133.8619935	134.4748531
133.9833175	0.0	cv_transition	/intervals/trials	85	cv_transition_time	n/a	n/a	n/a	n/a	n/a	n/a	n/a	n/a	n/a	noo	133.9833175	85	true	133.8619935	134.4748531
135.2956968	0.7064523999999892	trials	/intervals/trials	86	start_time	n/a	n/a	n/a	n/a	n/a	n/a	n/a	n/a	n/a	shoo	135.531412	86	true	135.2956968	136.0021492
135.531412	0.0	cv_transition	/intervals/trials	86	cv_transition_time	n/a	n/a	n/a	n/a	n/a	n/a	n/a	n/a	n/a	shoo	135.531412	86	true	135.2956968	136.0021492
136.7072151	0.6288050999999939	trials	/intervals/trials	87	start_time	n/a	n/a	n/a	n/a	n/a	n/a	n/a	n/a	n/a	soo	136.9193588	87	true	136.7072151	137.3360202
136.9193588	0.0	cv_transition	/intervals/trials	87	cv_transition_time	n/a	n/a	n/a	n/a	n/a	n/a	n/a	n/a	n/a	soo	136.9193588	87	true	136.7072151	137.3360202
140.357335	0.5504643999999814	trials	/intervals/trials	88	start_time	n/a	n/a	n/a	n/a	n/a	n/a	n/a	n/a	n/a	hoo	140.4744993	88	true	140.357335	140.9077994
140.4744993	0.0	cv_transition	/intervals/trials	88	cv_transition_time	n/a	n/a	n/a	n/a	n/a	n/a	n/a	n/a	n/a	hoo	140.4744993	88	true	140.357335	140.9077994
142.4295493	0.6107798000000173	trials	/intervals/trials	89	start_time	n/a	n/a	n/a	n/a	n/a	n/a	n/a	n/a	n/a	noo	142.5619658	89	true	142.4295493	143.0403291
142.5619658	0.0	cv_transition	/intervals/trials	89	cv_transition_time	n/a	n/a	n/a	n/a	n/a	n/a	n/a	n/a	n/a	noo	142.5619658	89	true	142.4295493	143.0403291
143.839681	0.5989940999999988	trials	/intervals/trials	90	start_time	n/a	n/a	n/a	n/a	n/a	n/a	n/a	n/a	n/a	voo	143.9700177	90	true	143.839681	144.4386751
143.9700177	0.0	cv_transition	/intervals/trials	90	cv_transition_time	n/a	n/a	n/a	n/a	n/a	n/a	n/a	n/a	n/a	voo	143.9700177	90	true	143.839681	144.4386751
145.15622	0.6690153000000123	trials	/intervals/trials	91	start_time	n/a	n/a	n/a	n/a	n/a	n/a	n/a	n/a	n/a	loo	145.321914	91	true	145.15622	145.8252353
145.321914	0.0	cv_transition	/intervals/trials	91	cv_transition_time	n/a	n/a	n/a	n/a	n/a	n/a	n/a	n/a	n/a	loo	145.321914	91	true	145.15622	145.8252353
146.685596	0.6066200999999865	trials	/intervals/trials	92	start_time	n/a	n/a	n/a	n/a	n/a	n/a	n/a	n/a	n/a	yoo	146.7833485	92	true	146.685596	147.2922161
146.7833485	0.0	cv_transition	/intervals/trials	92	cv_transition_time	n/a	n/a	n/a	n/a	n/a	n/a	n/a	n/a	n/a	yoo	146.7833485	92	true	146.685596	147.2922161
148.2239846	0.6177126000000044	trials	/intervals/trials	93	start_time	n/a	n/a	n/a	n/a	n/a	n/a	n/a	n/a	n/a	woo	148.4333552	93	true	148.2239846	148.8416972
148.4333552	0.0	cv_transition	/intervals/trials	93	cv_transition_time	n/a	n/a	n/a	n/a	n/a	n/a	n/a	n/a	n/a	woo	148.4333552	93	true	148.2239846	148.8416972
149.7720791	0.4733276999999987	trials	/intervals/trials	94	start_time	n/a	n/a	n/a	n/a	n/a	n/a	n/a	n/a	n/a	baa	149.7797052	94	true	149.7720791	150.2454068
149.7797052	0.0	cv_transition	/intervals/trials	94	cv_transition_time	n/a	n/a	n/a	n/a	n/a	n/a	n/a	n/a	n/a	baa	149.7797052	94	true	149.7720791	150.2454068
151.2118908	0.4640387999999973	trials	/intervals/trials	95	start_time	n/a	n/a	n/a	n/a	n/a	n/a	n/a	n/a	n/a	daa	151.2281552	95	true	151.2118908	151.6759296
151.2281552	0.0	cv_transition	/intervals/trials	95	cv_transition_time	n/a	n/a	n/a	n/a	n/a	n/a	n/a	n/a	n/a	daa	151.2281552	95	true	151.2118908	151.6759296
152.5649684	0.4973169000000155	trials	/intervals/trials	96	start_time	n/a	n/a	n/a	n/a	n/a	n/a	n/a	n/a	n/a	gaa	152.6081317	96	true	152.5649684	153.0622853
152.6081317	0.0	cv_transition	/intervals/trials	96	cv_transition_time	n/a	n/a	n/a	n/a	n/a	n/a	n/a	n/a	n/a	gaa	152.6081317	96	true	152.5649684	153.0622853
153.8761337	0.49981919999999036	trials	/intervals/trials	97	start_time	n/a	n/a	n/a	n/a	n/a	n/a	n/a	n/a	n/a	paa	153.9117904	97	true	153.8761337	154.3759529
153.9117904	0.0	cv_transition	/intervals/trials	97	cv_transition_time	n/a	n/a	n/a	n/a	n/a	n/a	n/a	n/a	n/a	paa	153.9117904	97	true	153.8761337	154.3759529
155.2048145	0.5048237000000029	trials	/intervals/trials	98	start_time	n/a	n/a	n/a	n/a	n/a	n/a	n/a	n/a	n/a	taa	155.2561101	98	true	155.2048145	155.7096382
155.2561101	0.0	cv_transition	/intervals/trials	98	cv_transition_time	n/a	n/a	n/a	n/a	n/a	n/a	n/a	n/a	n/a	taa	155.2561101	98	true	155.2048145	155.7096382
156.4765698	0.5623748000000148	trials	/intervals/trials	99	start_time	n/a	n/a	n/a	n/a	n/a	n/a	n/a	n/a	n/a	kaa	156.5547643	99	true	156.4765698	157.0389446
156.5547643	0.0	cv_transition	/intervals/trials	99	cv_transition_time	n/a	n/a	n/a	n/a	n/a	n/a	n/a	n/a	n/a	kaa	156.5547643	99	true	156.4765698	157.0389446
157.8384052	0.6005336999999997	trials	/intervals/trials	100	start_time	n/a	n/a	n/a	n/a	n/a	n/a	n/a	n/a	n/a	maa	157.9616397	100	true	157.8384052	158.4389389
157.9616397	0.0	cv_transition	/intervals/trials	100	cv_transition_time	n/a	n/a	n/a	n/a	n/a	n/a	n/a	n/a	n/a	maa	157.9616397	100	true	157.8384052	158.4389389
159.1864783	0.6061636999999962	trials	/intervals/trials	101	start_time	n/a	n/a	n/a	n/a	n/a	n/a	n/a	n/a	n/a	naa	159.3266028	101	true	159.1864783	159.792642
159.3266028	0.0	cv_transition	/intervals/trials	101	cv_transition_time	n/a	n/a	n/a	n/a	n/a	n/a	n/a	n/a	n/a	naa	159.3266028	101	true	159.1864783	159.792642
160.4901369	0.7268959999999822	trials	/intervals/trials	102	start_time	n/a	n/a	n/a	n/a	n/a	n/a	n/a	n/a	n/a	shaa	160.7003237	102	true	160.4901369	161.2170329
160.7003237	0.0	cv_transition	/intervals/trials	102	cv_transition_time	n/a	n/a	n/a	n/a	n/a	n/a	n/a	n/a	n/a	shaa	160.7003237	102	true	160.4901369	161.2170329
161.9445545	0.6812304999999981	trials	/intervals/trials	103	start_time	n/a	n/a	n/a	n/a	n/a	n/a	n/a	n/a	n/a	saa	162.1378513	103	true	161.9445545	162.625785
162.1378513	0.0	cv_transition	/intervals/trials	103	cv_transition_time	n/a	n/a	n/a	n/a	n/a	n/a	n/a	n/a	n/a	saa	162.1378513	103	true	161.9445545	162.625785
164.6675997	0.5798902999999882	trials	/intervals/trials	104	start_time	n/a	n/a	n/a	n/a	n/a	n/a	n/a	n/a	n/a	haa	164.8465087	104	true	164.6675997	165.24749
164.8465087	0.0	cv_transition	/intervals/trials	104	cv_transition_time	n/a	n/a	n/a	n/a	n/a	n/a	n/a	n/a	n/a	haa	164.8465087	104	true	164.6675997	165.24749
166.1595506	0.6099171000000183	trials	/intervals/trials	105	start_time	n/a	n/a	n/a	n/a	n/a	n/a	n/a	n/a	n/a	vaa	166.3209441	105	true	166.1595506	166.7694677
166.3209441	0.0	cv_transition	/intervals/trials	105	cv_transition_time	n/a	n/a	n/a	n/a	n/a	n/a	n/a	n/a	n/a	vaa	166.3209441	105	true	166.1595506	166.7694677
167.6371138	0.5486125999999842	trials	/intervals/trials	106	start_time	n/a	n/a	n/a	n/a	n/a	n/a	n/a	n/a	n/a	raa	167.7615995	106	true	167.6371138	168.1857264
167.7615995	0.0	cv_transition	/intervals/trials	106	cv_transition_time	n/a	n/a	n/a	n/a	n/a	n/a	n/a	n/a	n/a	raa	167.7615995	106	true	167.6371138	168.1857264
168.9595392	0.5442337000000066	trials	/intervals/trials	107	start_time	n/a	n/a	n/a	n/a	n/a	n/a	n/a	n/a	n/a	laa	169.0289759	107	true	168.9595392	169.5037729
169.0289759	0.0	cv_transition	/intervals/trials	107	cv_transition_time	n/a	n/a	n/a	n/a	n/a	n/a	n/a	n/a	n/a	laa	169.0289759	107	true	168.9595392	169.5037729
170.2631978	0.623679299999992	trials	/intervals/trials	108	start_time	n/a	n/a	n/a	n/a	n/a	n/a	n/a	n/a	n/a	yaa	170.3958157	108	true	170.2631978	170.8868771
170.3958157	0.0	cv_transition	/intervals/trials	108	cv_transition_time	n/a	n/a	n/a	n/a	n/a	n/a	n/a	n/a	n/a	yaa	170.3958157	108	true	170.2631978	170.8868771
171.6356676	0.6906137999999942	trials	/intervals/trials	109	start_time	n/a	n/a	n/a	n/a	n/a	n/a	n/a	n/a	n/a	waa	171.8089466	109	true	171.6356676	172.3262814
171.8089466	0.0	cv_transition	/intervals/trials	109	cv_transition_time	n/a	n/a	n/a	n/a	n/a	n/a	n/a	n/a	n/a	waa	171.8089466	109	true	171.6356676	172.3262814
173.1476364	0.5060746999999992	trials	/intervals/trials	110	start_time	n/a	n/a	n/a	n/a	n/a	n/a	n/a	n/a	n/a	bee	173.1582708	110	true	173.1476364	173.6537111
173.1582708	0.0	cv_transition	/intervals/trials	110	cv_transition_time	n/a	n/a	n/a	n/a	n/a	n/a	n/a	n/a	n/a	bee	173.1582708	110	true	173.1476364	173.6537111
174.473815	0.48292920000000095	trials	/intervals/trials	111	start_time	n/a	n/a	n/a	n/a	n/a	n/a	n/a	n/a	n/a	dee	174.4919561	111	true	174.473815	174.9567442
174.4919561	0.0	cv_transition	/intervals/trials	111	cv_transition_time	n/a	n/a	n/a	n/a	n/a	n/a	n/a	n/a	n/a	dee	174.4919561	111	true	174.473815	174.9567442
175.7637114	0.5010704000000032	trials	/intervals/trials	112	start_time	n/a	n/a	n/a	n/a	n/a	n/a	n/a	n/a	n/a	gee	175.8193859	112	true	175.7637114	176.2647818
175.8193859	0.0	cv_transition	/intervals/trials	112	cv_transition_time	n/a	n/a	n/a	n/a	n/a	n/a	n/a	n/a	n/a	gee	175.8193859	112	true	175.7637114	176.2647818
177.0073167	0.6061636999999962	trials	/intervals/trials	113	start_time	n/a	n/a	n/a	n/a	n/a	n/a	n/a	n/a	n/a	pee	177.0880134	113	true	177.0073167	177.6134804
177.0880134	0.0	cv_transition	/intervals/trials	113	cv_transition_time	n/a	n/a	n/a	n/a	n/a	n/a	n/a	n/a	n/a	pee	177.0880134	113	true	177.0073167	177.6134804
178.363522	0.5867714999999976	trials	/intervals/trials	114	start_time	n/a	n/a	n/a	n/a	n/a	n/a	n/a	n/a	n/a	tee	178.4210732	114	true	178.363522	178.9502935
178.4210732	0.0	cv_transition	/intervals/trials	114	cv_transition_time	n/a	n/a	n/a	n/a	n/a	n/a	n/a	n/a	n/a	tee	178.4210732	114	true	178.363522	178.9502935
179.7040885	0.5949036999999748	trials	/intervals/trials	115	start_time	n/a	n/a	n/a	n/a	n/a	n/a	n/a	n/a	n/a	kee	179.7854107	115	true	179.7040885	180.2989922
179.7854107	0.0	cv_transition	/intervals/trials	115	cv_transition_time	n/a	n/a	n/a	n/a	n/a	n/a	n/a	n/a	n/a	kee	179.7854107	115	true	179.7040885	180.2989922
181.1209727	0.5260925999999984	trials	/intervals/trials	116	start_time	n/a	n/a	n/a	n/a	n/a	n/a	n/a	n/a	n/a	mee	181.1829028	116	true	181.1209727	181.6470653
181.1829028	0.0	cv_transition	/intervals/trials	116	cv_transition_time	n/a	n/a	n/a	n/a	n/a	n/a	n/a	n/a	n/a	mee	181.1829028	116	true	181.1209727	181.6470653
182.3289213	0.5667537000000209	trials	/intervals/trials	117	start_time	n/a	n/a	n/a	n/a	n/a	n/a	n/a	n/a	n/a	nee	182.4421469	117	true	182.3289213	182.895675
182.4421469	0.0	cv_transition	/intervals/trials	117	cv_transition_time	n/a	n/a	n/a	n/a	n/a	n/a	n/a	n/a	n/a	nee	182.4421469	117	true	182.3289213	182.895675
183.5500066	0.7450371000000189	trials	/intervals/trials	118	start_time	n/a	n/a	n/a	n/a	n/a	n/a	n/a	n/a	n/a	shee	183.7808367	118	true	183.5500066	184.2950437
183.7808367	0.0	cv_transition	/intervals/trials	118	cv_transition_time	n/a	n/a	n/a	n/a	n/a	n/a	n/a	n/a	n/a	shee	183.7808367	118	true	183.5500066	184.2950437
184.9231019	0.7613015999999959	trials	/intervals/trials	119	start_time	n/a	n/a	n/a	n/a	n/a	n/a	n/a	n/a	n/a	see	185.203351	119	true	184.9231019	185.6844035
185.203351	0.0	cv_transition	/intervals/trials	119	cv_transition_time	n/a	n/a	n/a	n/a	n/a	n/a	n/a	n/a	n/a	see	185.203351	119	true	184.9231019	185.6844035
187.712456	0.6336881999999946	trials	/intervals/trials	120	start_time	n/a	n/a	n/a	n/a	n/a	n/a	n/a	n/a	n/a	hee	187.8394438	120	true	187.712456	188.3461442
187.8394438	0.0	cv_transition	/intervals/trials	120	cv_transition_time	n/a	n/a	n/a	n/a	n/a	n/a	n/a	n/a	n/a	hee	187.8394438	120	true	187.712456	188.3461442
189.1061947	0.5949037000000033	trials	/intervals/trials	121	start_time	n/a	n/a	n/a	n/a	n/a	n/a	n/a	n/a	n/a	vee	189.1631203	121	true	189.1061947	189.7010984
189.1631203	0.0	cv_transition	/intervals/trials	121	cv_transition_time	n/a	n/a	n/a	n/a	n/a	n/a	n/a	n/a	n/a	vee	189.1631203	121	true	189.1061947	189.7010984
190.4805411	0.6261815000000013	trials	/intervals/trials	122	start_time	n/a	n/a	n/a	n/a	n/a	n/a	n/a	n/a	n/a	ree	190.6062779	122	true	190.4805411	191.1067226
190.6062779	0.0	cv_transition	/intervals/trials	122	cv_transition_time	n/a	n/a	n/a	n/a	n/a	n/a	n/a	n/a	n/a	ree	190.6062779	122	true	190.4805411	191.1067226
191.8517598	0.5911504000000036	trials	/intervals/trials	123	start_time	n/a	n/a	n/a	n/a	n/a	n/a	n/a	n/a	n/a	lee	191.9631088	123	true	191.8517598	192.4429102
191.9631088	0.0	cv_transition	/intervals/trials	123	cv_transition_time	n/a	n/a	n/a	n/a	n/a	n/a	n/a	n/a	n/a	lee	191.9631088	123	true	191.8517598	192.4429102
193.2073396	0.6587103999999897	trials	/intervals/trials	124	start_time	n/a	n/a	n/a	n/a	n/a	n/a	n/a	n/a	n/a	yee	193.3362041	124	true	193.2073396	193.86605
193.3362041	0.0	cv_transition	/intervals/trials	124	cv_transition_time	n/a	n/a	n/a	n/a	n/a	n/a	n/a	n/a	n/a	yee	193.3362041	124	true	193.2073396	193.86605
194.6717661	0.6268500999999844	trials	/intervals/trials	125	start_time	n/a	n/a	n/a	n/a	n/a	n/a	n/a	n/a	n/a	wee	194.8012562	125	true	194.6717661	195.2986162
194.8012562	0.0	cv_transition	/intervals/trials	125	cv_transition_time	n/a	n/a	n/a	n/a	n/a	n/a	n/a	n/a	n/a	wee	194.8012562	125	true	194.6717661	195.2986162
196.1781049	0.47479699999999525	trials	/intervals/trials	126	start_time	n/a	n/a	n/a	n/a	n/a	n/a	n/a	n/a	n/a	boo	196.1881138	126	true	196.1781049	196.6529019
196.1881138	0.0	cv_transition	/intervals/trials	126	cv_transition_time	n/a	n/a	n/a	n/a	n/a	n/a	n/a	n/a	n/a	boo	196.1881138	126	true	196.1781049	196.6529019
197.4667502	0.45915809999999624	trials	/intervals/trials	127	start_time	n/a	n/a	n/a	n/a	n/a	n/a	n/a	n/a	n/a	doo	197.4949002	127	true	197.4667502	197.9259083
197.4949002	0.0	cv_transition	/intervals/trials	127	cv_transition_time	n/a	n/a	n/a	n/a	n/a	n/a	n/a	n/a	n/a	doo	197.4949002	127	true	197.4667502	197.9259083
198.7948055	0.5429826000000162	trials	/intervals/trials	128	start_time	n/a	n/a	n/a	n/a	n/a	n/a	n/a	n/a	n/a	goo	198.8429733	128	true	198.7948055	199.3377881
198.8429733	0.0	cv_transition	/intervals/trials	128	cv_transition_time	n/a	n/a	n/a	n/a	n/a	n/a	n/a	n/a	n/a	goo	198.8429733	128	true	198.7948055	199.3377881
200.0709397	0.5267181000000107	trials	/intervals/trials	129	start_time	n/a	n/a	n/a	n/a	n/a	n/a	n/a	n/a	n/a	poo	200.1303675	129	true	200.0709397	200.5976578
200.1303675	0.0	cv_transition	/intervals/trials	129	cv_transition_time	n/a	n/a	n/a	n/a	n/a	n/a	n/a	n/a	n/a	poo	200.1303675	129	true	200.0709397	200.5976578
201.4509161	0.6105426999999963	trials	/intervals/trials	130	start_time	n/a	n/a	n/a	n/a	n/a	n/a	n/a	n/a	n/a	too	201.5078417	130	true	201.4509161	202.0614588
201.5078417	0.0	cv_transition	/intervals/trials	130	cv_transition_time	n/a	n/a	n/a	n/a	n/a	n/a	n/a	n/a	n/a	too	201.5078417	130	true	201.4509161	202.0614588
202.9028315	0.6205515999999989	trials	/intervals/trials	131	start_time	n/a	n/a	n/a	n/a	n/a	n/a	n/a	n/a	n/a	koo	202.9947883	131	true	202.9028315	203.5233831
202.9947883	0.0	cv_transition	/intervals/trials	131	cv_transition_time	n/a	n/a	n/a	n/a	n/a	n/a	n/a	n/a	n/a	koo	202.9947883	131	true	202.9028315	203.5233831
204.1526924	0.5855202999999847	trials	/intervals/trials	132	start_time	n/a	n/a	n/a	n/a	n/a	n/a	n/a	n/a	n/a	moo	204.2358913	132	true	204.1526924	204.7382127
204.2358913	0.0	cv_transition	/intervals/trials	132	cv_transition_time	n/a	n/a	n/a	n/a	n/a	n/a	n/a	n/a	n/a	moo	204.2358913	132	true	204.1526924	204.7382127
205.5320433	0.5886481000000003	trials	/intervals/trials	133	start_time	n/a	n/a	n/a	n/a	n/a	n/a	n/a	n/a	n/a	noo	205.6377622	133	true	205.5320433	206.1206914
205.6377622	0.0	cv_transition	/intervals/trials	133	cv_transition_time	n/a	n/a	n/a	n/a	n/a	n/a	n/a	n/a	n/a	noo	205.6377622	133	true	205.5320433	206.1206914
206.7775252	0.7093804999999804	trials	/intervals/trials	134	start_time	n/a	n/a	n/a	n/a	n/a	n/a	n/a	n/a	n/a	shoo	207.0052276	134	true	206.7775252	207.4869057
207.0052276	0.0	cv_transition	/intervals/trials	134	cv_transition_time	n/a	n/a	n/a	n/a	n/a	n/a	n/a	n/a	n/a	shoo	207.0052276	134	true	206.7775252	207.4869057
208.099325	0.7156360000000177	trials	/intervals/trials	135	start_time	n/a	n/a	n/a	n/a	n/a	n/a	n/a	n/a	n/a	soo	208.3251507	135	true	208.099325	208.814961
208.3251507	0.0	cv_transition	/intervals/trials	135	cv_transition_time	n/a	n/a	n/a	n/a	n/a	n/a	n/a	n/a	n/a	soo	208.3251507	135	true	208.099325	208.814961
210.7016378	0.6205515000000048	trials	/intervals/trials	136	start_time	n/a	n/a	n/a	n/a	n/a	n/a	n/a	n/a	n/a	hoo	210.8480179	136	true	210.7016378	211.3221893
210.8480179	0.0	cv_transition	/intervals/trials	136	cv_transition_time	n/a	n/a	n/a	n/a	n/a	n/a	n/a	n/a	n/a	hoo	210.8480179	136	true	210.7016378	211.3221893
212.2517655	0.5567447999999899	trials	/intervals/trials	137	start_time	n/a	n/a	n/a	n/a	n/a	n/a	n/a	n/a	n/a	voo	212.3543567	137	true	212.2517655	212.8085103
212.3543567	0.0	cv_transition	/intervals/trials	137	cv_transition_time	n/a	n/a	n/a	n/a	n/a	n/a	n/a	n/a	n/a	voo	212.3543567	137	true	212.2517655	212.8085103
214.4005502	0.7293983000000139	trials	/intervals/trials	138	start_time	n/a	n/a	n/a	n/a	n/a	n/a	n/a	n/a	n/a	roo	214.7195838	138	true	214.4005502	215.1299485
214.7195838	0.0	cv_transition	/intervals/trials	138	cv_transition_time	n/a	n/a	n/a	n/a	n/a	n/a	n/a	n/a	n/a	roo	214.7195838	138	true	214.4005502	215.1299485
217.0247575	0.5235904000000176	trials	/intervals/trials	139	start_time	n/a	n/a	n/a	n/a	n/a	n/a	n/a	n/a	n/a	loo	217.1711376	139	true	217.0247575	217.5483479
217.1711376	0.0	cv_transition	/intervals/trials	139	cv_transition_time	n/a	n/a	n/a	n/a	n/a	n/a	n/a	n/a	n/a	loo	217.1711376	139	true	217.0247575	217.5483479
218.410364	0.5554936999999995	trials	/intervals/trials	140	start_time	n/a	n/a	n/a	n/a	n/a	n/a	n/a	n/a	n/a	yoo	218.5373518	140	true	218.410364	218.9658577
218.5373518	0.0	cv_transition	/intervals/trials	140	cv_transition_time	n/a	n/a	n/a	n/a	n/a	n/a	n/a	n/a	n/a	yoo	218.5373518	140	true	218.410364	218.9658577
219.7334149	0.5436081000000001	trials	/intervals/trials	141	start_time	n/a	n/a	n/a	n/a	n/a	n/a	n/a	n/a	n/a	woo	219.8016005	141	true	219.7334149	220.277023
219.8016005	0.0	cv_transition	/intervals/trials	141	cv_transition_time	n/a	n/a	n/a	n/a	n/a	n/a	n/a	n/a	n/a	woo	219.8016005	141	true	219.7334149	220.277023
221.1903347	0.5229648000000111	trials	/intervals/trials	142	start_time	n/a	n/a	n/a	n/a	n/a	n/a	n/a	n/a	n/a	baa	221.2022203	142	true	221.1903347	221.7132995
221.2022203	0.0	cv_transition	/intervals/trials	142	cv_transition_time	n/a	n/a	n/a	n/a	n/a	n/a	n/a	n/a	n/a	baa	221.2022203	142	true	221.1903347	221.7132995
222.5646812	0.5479870000000062	trials	/intervals/trials	143	start_time	n/a	n/a	n/a	n/a	n/a	n/a	n/a	n/a	n/a	daa	222.5978356	143	true	222.5646812	223.1126682
222.5978356	0.0	cv_transition	/intervals/trials	143	cv_transition_time	n/a	n/a	n/a	n/a	n/a	n/a	n/a	n/a	n/a	daa	222.5978356	143	true	222.5646812	223.1126682
223.8964898	0.5823925999999915	trials	/intervals/trials	144	start_time	n/a	n/a	n/a	n/a	n/a	n/a	n/a	n/a	n/a	gaa	223.9333976	144	true	223.8964898	224.4788824
223.9333976	0.0	cv_transition	/intervals/trials	144	cv_transition_time	n/a	n/a	n/a	n/a	n/a	n/a	n/a	n/a	n/a	gaa	223.9333976	144	true	223.8964898	224.4788824
225.2182896	0.5711325999999985	trials	/intervals/trials	145	start_time	n/a	n/a	n/a	n/a	n/a	n/a	n/a	n/a	n/a	paa	225.2558229	145	true	225.2182896	225.7894222
225.2558229	0.0	cv_transition	/intervals/trials	145	cv_transition_time	n/a	n/a	n/a	n/a	n/a	n/a	n/a	n/a	n/a	paa	225.2558229	145	true	225.2182896	225.7894222
226.530706	0.5473614999999938	trials	/intervals/trials	146	start_time	n/a	n/a	n/a	n/a	n/a	n/a	n/a	n/a	n/a	taa	226.5694905	146	true	226.530706	227.0780675
226.5694905	0.0	cv_transition	/intervals/trials	146	cv_transition_time	n/a	n/a	n/a	n/a	n/a	n/a	n/a	n/a	n/a	taa	226.5694905	146	true	226.530706	227.0780675
227.9738636	0.6036615000000154	trials	/intervals/trials	147	start_time	n/a	n/a	n/a	n/a	n/a	n/a	n/a	n/a	n/a	kaa	228.0357937	147	true	227.9738636	228.5775251
228.0357937	0.0	cv_transition	/intervals/trials	147	cv_transition_time	n/a	n/a	n/a	n/a	n/a	n/a	n/a	n/a	n/a	kaa	228.0357937	147	true	227.9738636	228.5775251
230.8489188	0.5905248999999912	trials	/intervals/trials	148	start_time	n/a	n/a	n/a	n/a	n/a	n/a	n/a	n/a	n/a	naa	230.9296156	148	true	230.8489188	231.4394437
230.9296156	0.0	cv_transition	/intervals/trials	148	cv_transition_time	n/a	n/a	n/a	n/a	n/a	n/a	n/a	n/a	n/a	naa	230.9296156	148	true	230.8489188	231.4394437
232.1832297	0.760676100000012	trials	/intervals/trials	149	start_time	n/a	n/a	n/a	n/a	n/a	n/a	n/a	n/a	n/a	shaa	232.4078043	149	true	232.1832297	232.9439058
232.4078043	0.0	cv_transition	/intervals/trials	149	cv_transition_time	n/a	n/a	n/a	n/a	n/a	n/a	n/a	n/a	n/a	shaa	232.4078043	149	true	232.1832297	232.9439058
233.6482818	0.7162615999999957	trials	/intervals/trials	150	start_time	n/a	n/a	n/a	n/a	n/a	n/a	n/a	n/a	n/a	saa	233.8478342	150	true	233.6482818	234.3645434
233.8478342	0.0	cv_transition	/intervals/trials	150	cv_transition_time	n/a	n/a	n/a	n/a	n/a	n/a	n/a	n/a	n/a	saa	233.8478342	150	true	233.6482818	234.3645434
236.3932214	0.6005336999999997	trials	/intervals/trials	151	start_time	n/a	n/a	n/a	n/a	n/a	n/a	n/a	n/a	n/a	haa	236.5715048	151	true	236.3932214	236.9937551
236.5715048	0.0	cv_transition	/intervals/trials	151	cv_transition_time	n/a	n/a	n/a	n/a	n/a	n/a	n/a	n/a	n/a	haa	236.5715048	151	true	236.3932214	236.9937551
237.8445112	0.5936527000000069	trials	/intervals/trials	152	start_time	n/a	n/a	n/a	n/a	n/a	n/a	n/a	n/a	n/a	vaa	237.9708735	152	true	237.8445112	238.4381639
237.9708735	0.0	cv_transition	/intervals/trials	152	cv_transition_time	n/a	n/a	n/a	n/a	n/a	n/a	n/a	n/a	n/a	vaa	237.9708735	152	true	237.8445112	238.4381639
239.31144	0.5655026000000021	trials	/intervals/trials	153	start_time	n/a	n/a	n/a	n/a	n/a	n/a	n/a	n/a	n/a	raa	239.4672034	153	true	239.31144	239.8769426
239.4672034	0.0	cv_transition	/intervals/trials	153	cv_transition_time	n/a	n/a	n/a	n/a	n/a	n/a	n/a	n/a	n/a	raa	239.4672034	153	true	239.31144	239.8769426
240.8377965	0.5598726000000056	trials	/intervals/trials	154	start_time	n/a	n/a	n/a	n/a	n/a	n/a	n/a	n/a	n/a	laa	240.9466433	154	true	240.8377965	241.3976691
240.9466433	0.0	cv_transition	/intervals/trials	154	cv_transition_time	n/a	n/a	n/a	n/a	n/a	n/a	n/a	n/a	n/a	laa	240.9466433	154	true	240.8377965	241.3976691
242.1965041	0.6987459999999999	trials	/intervals/trials	155	start_time	n/a	n/a	n/a	n/a	n/a	n/a	n/a	n/a	n/a	yaa	242.3447609	155	true	242.1965041	242.8952501
242.3447609	0.0	cv_transition	/intervals/trials	155	cv_transition_time	n/a	n/a	n/a	n/a	n/a	n/a	n/a	n/a	n/a	yaa	242.3447609	155	true	242.1965041	242.8952501
243.7891696	0.588022599999988	trials	/intervals/trials	156	start_time	n/a	n/a	n/a	n/a	n/a	n/a	n/a	n/a	n/a	waa	243.888633	156	true	243.7891696	244.3771922
243.888633	0.0	cv_transition	/intervals/trials	156	cv_transition_time	n/a	n/a	n/a	n/a	n/a	n/a	n/a	n/a	n/a	waa	243.888633	156	true	243.7891696	244.3771922
245.2499078	0.529186199999998	trials	/intervals/trials	157	start_time	n/a	n/a	n/a	n/a	n/a	n/a	n/a	n/a	n/a	bee	245.2590748	157	true	245.2499078	245.779094
245.2590748	0.0	cv_transition	/intervals/trials	157	cv_transition_time	n/a	n/a	n/a	n/a	n/a	n/a	n/a	n/a	n/a	bee	245.2590748	157	true	245.2499078	245.779094
246.8257994	0.514185700000013	trials	/intervals/trials	158	start_time	n/a	n/a	n/a	n/a	n/a	n/a	n/a	n/a	n/a	dee	246.8633008	158	true	246.8257994	247.3399851
246.8633008	0.0	cv_transition	/intervals/trials	158	cv_transition_time	n/a	n/a	n/a	n/a	n/a	n/a	n/a	n/a	n/a	dee	246.8633008	158	true	246.8257994	247.3399851
248.1250142	0.5841882999999939	trials	/intervals/trials	159	start_time	n/a	n/a	n/a	n/a	n/a	n/a	n/a	n/a	n/a	gee	248.2108507	159	true	248.1250142	248.7092025
248.2108507	0.0	cv_transition	/intervals/trials	159	cv_transition_time	n/a	n/a	n/a	n/a	n/a	n/a	n/a	n/a	n/a	gee	248.2108507	159	true	248.1250142	248.7092025
249.5133989	0.5866884000000141	trials	/intervals/trials	160	start_time	n/a	n/a	n/a	n/a	n/a	n/a	n/a	n/a	n/a	pee	249.6584042	160	true	249.5133989	250.1000873
249.6584042	0.0	cv_transition	/intervals/trials	160	cv_transition_time	n/a	n/a	n/a	n/a	n/a	n/a	n/a	n/a	n/a	pee	249.6584042	160	true	249.5133989	250.1000873
250.8817828	0.5991889000000015	trials	/intervals/trials	161	start_time	n/a	n/a	n/a	n/a	n/a	n/a	n/a	n/a	n/a	tee	250.9492853	161	true	250.8817828	251.4809717
250.9492853	0.0	cv_transition	/intervals/trials	161	cv_transition_time	n/a	n/a	n/a	n/a	n/a	n/a	n/a	n/a	n/a	tee	250.9492853	161	true	250.8817828	251.4809717
252.3918387	0.5933553000000131	trials	/intervals/trials	162	start_time	n/a	n/a	n/a	n/a	n/a	n/a	n/a	n/a	n/a	kee	252.4910091	162	true	252.3918387	252.985194
252.4910091	0.0	cv_transition	/intervals/trials	162	cv_transition_time	n/a	n/a	n/a	n/a	n/a	n/a	n/a	n/a	n/a	kee	252.4910091	162	true	252.3918387	252.985194
254.0027317	0.627523200000013	trials	/intervals/trials	163	start_time	n/a	n/a	n/a	n/a	n/a	n/a	n/a	n/a	n/a	mee	254.1452369	163	true	254.0027317	254.6302549
254.1452369	0.0	cv_transition	/intervals/trials	163	cv_transition_time	n/a	n/a	n/a	n/a	n/a	n/a	n/a	n/a	n/a	mee	254.1452369	163	true	254.0027317	254.6302549
255.4894533	0.545020199999982	trials	/intervals/trials	164	start_time	n/a	n/a	n/a	n/a	n/a	n/a	n/a	n/a	n/a	nee	255.5877903	164	true	255.4894533	256.0344735
255.5877903	0.0	cv_transition	/intervals/trials	164	cv_transition_time	n/a	n/a	n/a	n/a	n/a	n/a	n/a	n/a	n/a	nee	255.5877903	164	true	255.4894533	256.0344735
256.7603337	0.7600280999999995	trials	/intervals/trials	165	start_time	n/a	n/a	n/a	n/a	n/a	n/a	n/a	n/a	n/a	shee	256.9570076	165	true	256.7603337	257.5203618
256.9570076	0.0	cv_transition	/intervals/trials	165	cv_transition_time	n/a	n/a	n/a	n/a	n/a	n/a	n/a	n/a	n/a	shee	256.9570076	165	true	256.7603337	257.5203618
258.2195543	0.7108596999999577	trials	/intervals/trials	166	start_time	n/a	n/a	n/a	n/a	n/a	n/a	n/a	n/a	n/a	see	258.4312288	166	true	258.2195543	258.930414
258.4312288	0.0	cv_transition	/intervals/trials	166	cv_transition_time	n/a	n/a	n/a	n/a	n/a	n/a	n/a	n/a	n/a	see	258.4312288	166	true	258.2195543	258.930414
261.4413402	0.6158560999999736	trials	/intervals/trials	167	start_time	n/a	n/a	n/a	n/a	n/a	n/a	n/a	n/a	n/a	hee	261.5405106	167	true	261.4413402	262.0571963
261.5405106	0.0	cv_transition	/intervals/trials	167	cv_transition_time	n/a	n/a	n/a	n/a	n/a	n/a	n/a	n/a	n/a	hee	261.5405106	167	true	261.4413402	262.0571963
263.0155651	0.5441867999999772	trials	/intervals/trials	168	start_time	n/a	n/a	n/a	n/a	n/a	n/a	n/a	n/a	n/a	vee	263.1005683	168	true	263.0155651	263.5597519
263.1005683	0.0	cv_transition	/intervals/trials	168	cv_transition_time	n/a	n/a	n/a	n/a	n/a	n/a	n/a	n/a	n/a	vee	263.1005683	168	true	263.0155651	263.5597519
264.4647854	0.5558539000000451	trials	/intervals/trials	169	start_time	n/a	n/a	n/a	n/a	n/a	n/a	n/a	n/a	n/a	ree	264.5797897	169	true	264.4647854	265.0206393
264.5797897	0.0	cv_transition	/intervals/trials	169	cv_transition_time	n/a	n/a	n/a	n/a	n/a	n/a	n/a	n/a	n/a	ree	264.5797897	169	true	264.4647854	265.0206393
265.8881714	0.5808549000000198	trials	/intervals/trials	170	start_time	n/a	n/a	n/a	n/a	n/a	n/a	n/a	n/a	n/a	lee	265.985675	170	true	265.8881714	266.4690263
265.985675	0.0	cv_transition	/intervals/trials	170	cv_transition_time	n/a	n/a	n/a	n/a	n/a	n/a	n/a	n/a	n/a	lee	265.985675	170	true	265.8881714	266.4690263
267.3132242	0.5539783000000398	trials	/intervals/trials	171	start_time	n/a	n/a	n/a	n/a	n/a	n/a	n/a	n/a	n/a	yee	267.3890603	171	true	267.3132242	267.8672025
267.3890603	0.0	cv_transition	/intervals/trials	171	cv_transition_time	n/a	n/a	n/a	n/a	n/a	n/a	n/a	n/a	n/a	yee	267.3890603	171	true	267.3132242	267.8672025
268.7124426	0.590021800000045	trials	/intervals/trials	172	start_time	n/a	n/a	n/a	n/a	n/a	n/a	n/a	n/a	n/a	wee	268.8191132	172	true	268.7124426	269.3024644
268.8191132	0.0	cv_transition	/intervals/trials	172	cv_transition_time	n/a	n/a	n/a	n/a	n/a	n/a	n/a	n/a	n/a	wee	268.8191132	172	true	268.7124426	269.3024644
271.4050422	0.5175191999999811	trials	/intervals/trials	173	start_time	n/a	n/a	n/a	n/a	n/a	n/a	n/a	n/a	n/a	doo	271.4350433	173	true	271.4050422	271.9225614
271.4350433	0.0	cv_transition	/intervals/trials	173	cv_transition_time	n/a	n/a	n/a	n/a	n/a	n/a	n/a	n/a	n/a	doo	271.4350433	173	true	271.4050422	271.9225614
272.8100942	0.5158524000000284	trials	/intervals/trials	174	start_time	n/a	n/a	n/a	n/a	n/a	n/a	n/a	n/a	n/a	goo	272.8567626	174	true	272.8100942	273.3259466
272.8567626	0.0	cv_transition	/intervals/trials	174	cv_transition_time	n/a	n/a	n/a	n/a	n/a	n/a	n/a	n/a	n/a	goo	272.8567626	174	true	272.8100942	273.3259466
275.3860229	0.4941848999999934	trials	/intervals/trials	175	start_time	n/a	n/a	n/a	n/a	n/a	n/a	n/a	n/a	n/a	poo	275.4110238	175	true	275.3860229	275.8802078
275.4110238	0.0	cv_transition	/intervals/trials	175	cv_transition_time	n/a	n/a	n/a	n/a	n/a	n/a	n/a	n/a	n/a	poo	275.4110238	175	true	275.3860229	275.8802078
276.642736	0.609189200000003	trials	/intervals/trials	176	start_time	n/a	n/a	n/a	n/a	n/a	n/a	n/a	n/a	n/a	too	276.6902378	176	true	276.642736	277.2519252
276.6902378	0.0	cv_transition	/intervals/trials	176	cv_transition_time	n/a	n/a	n/a	n/a	n/a	n/a	n/a	n/a	n/a	too	276.6902378	176	true	276.642736	277.2519252
278.0327875	0.6950257000000306	trials	/intervals/trials	177	start_time	n/a	n/a	n/a	n/a	n/a	n/a	n/a	n/a	n/a	koo	278.1136238	177	true	278.0327875	278.7278132
278.1136238	0.0	cv_transition	/intervals/trials	177	cv_transition_time	n/a	n/a	n/a	n/a	n/a	n/a	n/a	n/a	n/a	koo	278.1136238	177	true	278.0327875	278.7278132
281.093734	0.5741879999999924	trials	/intervals/trials	178	start_time	n/a	n/a	n/a	n/a	n/a	n/a	n/a	n/a	n/a	noo	281.1495694	178	true	281.093734	281.667922
281.1495694	0.0	cv_transition	/intervals/trials	178	cv_transition_time	n/a	n/a	n/a	n/a	n/a	n/a	n/a	n/a	n/a	noo	281.1495694	178	true	281.093734	281.667922
282.4229499	0.7041927000000214	trials	/intervals/trials	179	start_time	n/a	n/a	n/a	n/a	n/a	n/a	n/a	n/a	n/a	shoo	282.6071234	179	true	282.4229499	283.1271426
282.6071234	0.0	cv_transition	/intervals/trials	179	cv_transition_time	n/a	n/a	n/a	n/a	n/a	n/a	n/a	n/a	n/a	shoo	282.6071234	179	true	282.4229499	283.1271426
283.8288352	0.6550242999999796	trials	/intervals/trials	180	start_time	n/a	n/a	n/a	n/a	n/a	n/a	n/a	n/a	n/a	soo	284.0263426	180	true	283.8288352	284.4838595
284.0263426	0.0	cv_transition	/intervals/trials	180	cv_transition_time	n/a	n/a	n/a	n/a	n/a	n/a	n/a	n/a	n/a	soo	284.0263426	180	true	283.8288352	284.4838595
287.3339649	0.5450202000000104	trials	/intervals/trials	181	start_time	n/a	n/a	n/a	n/a	n/a	n/a	n/a	n/a	n/a	hoo	287.416468	181	true	287.3339649	287.8789851
287.416468	0.0	cv_transition	/intervals/trials	181	cv_transition_time	n/a	n/a	n/a	n/a	n/a	n/a	n/a	n/a	n/a	hoo	287.416468	181	true	287.3339649	287.8789851
288.7740182	0.5041853000000174	trials	/intervals/trials	182	start_time	n/a	n/a	n/a	n/a	n/a	n/a	n/a	n/a	n/a	voo	288.8448542	182	true	288.7740182	289.2782035
288.8448542	0.0	cv_transition	/intervals/trials	182	cv_transition_time	n/a	n/a	n/a	n/a	n/a	n/a	n/a	n/a	n/a	voo	288.8448542	182	true	288.7740182	289.2782035
290.0648993	0.6000222000000122	trials	/intervals/trials	183	start_time	n/a	n/a	n/a	n/a	n/a	n/a	n/a	n/a	n/a	roo	290.1807369	183	true	290.0648993	290.6649215
290.1807369	0.0	cv_transition	/intervals/trials	183	cv_transition_time	n/a	n/a	n/a	n/a	n/a	n/a	n/a	n/a	n/a	roo	290.1807369	183	true	290.0648993	290.6649215
291.4357834	0.6083558000000266	trials	/intervals/trials	184	start_time	n/a	n/a	n/a	n/a	n/a	n/a	n/a	n/a	n/a	loo	291.551621	184	true	291.4357834	292.0441392
291.551621	0.0	cv_transition	/intervals/trials	184	cv_transition_time	n/a	n/a	n/a	n/a	n/a	n/a	n/a	n/a	n/a	loo	291.551621	184	true	291.4357834	292.0441392
292.8158344	0.6325233999999682	trials	/intervals/trials	185	start_time	n/a	n/a	n/a	n/a	n/a	n/a	n/a	n/a	n/a	yoo	292.9600064	185	true	292.8158344	293.4483578
292.9600064	0.0	cv_transition	/intervals/trials	185	cv_transition_time	n/a	n/a	n/a	n/a	n/a	n/a	n/a	n/a	n/a	yoo	292.9600064	185	true	292.8158344	293.4483578
294.3242236	0.5886621000000218	trials	/intervals/trials	186	start_time	n/a	n/a	n/a	n/a	n/a	n/a	n/a	n/a	n/a	woo	294.398393	186	true	294.3242236	294.9128857
294.398393	0.0	cv_transition	/intervals/trials	186	cv_transition_time	n/a	n/a	n/a	n/a	n/a	n/a	n/a	n/a	n/a	woo	294.398393	186	true	294.3242236	294.9128857
295.867614	0.5316864000000123	trials	/intervals/trials	187	start_time	n/a	n/a	n/a	n/a	n/a	n/a	n/a	n/a	n/a	baa	295.8776144	187	true	295.867614	296.3993004
295.8776144	0.0	cv_transition	/intervals/trials	187	cv_transition_time	n/a	n/a	n/a	n/a	n/a	n/a	n/a	n/a	n/a	baa	295.8776144	187	true	295.867614	296.3993004
297.2960002	0.5625208000000157	trials	/intervals/trials	188	start_time	n/a	n/a	n/a	n/a	n/a	n/a	n/a	n/a	n/a	daa	297.3501689	188	true	297.2960002	297.858521
297.3501689	0.0	cv_transition	/intervals/trials	188	cv_transition_time	n/a	n/a	n/a	n/a	n/a	n/a	n/a	n/a	n/a	daa	297.3501689	188	true	297.2960002	297.858521
298.6360498	0.5716877999999497	trials	/intervals/trials	189	start_time	n/a	n/a	n/a	n/a	n/a	n/a	n/a	n/a	n/a	gaa	298.6943853	189	true	298.6360498	299.2077376
298.6943853	0.0	cv_transition	/intervals/trials	189	cv_transition_time	n/a	n/a	n/a	n/a	n/a	n/a	n/a	n/a	n/a	gaa	298.6943853	189	true	298.6360498	299.2077376
300.0744363	0.573354600000016	trials	/intervals/trials	190	start_time	n/a	n/a	n/a	n/a	n/a	n/a	n/a	n/a	n/a	paa	300.1127711	190	true	300.0744363	300.6477909
300.1127711	0.0	cv_transition	/intervals/trials	190	cv_transition_time	n/a	n/a	n/a	n/a	n/a	n/a	n/a	n/a	n/a	paa	300.1127711	190	true	300.0744363	300.6477909
301.4719881	0.5925219000000084	trials	/intervals/trials	191	start_time	n/a	n/a	n/a	n/a	n/a	n/a	n/a	n/a	n/a	taa	301.5111562	191	true	301.4719881	302.06451
301.5111562	0.0	cv_transition	/intervals/trials	191	cv_transition_time	n/a	n/a	n/a	n/a	n/a	n/a	n/a	n/a	n/a	taa	301.5111562	191	true	301.4719881	302.06451
302.8670397	0.6058557000000064	trials	/intervals/trials	192	start_time	n/a	n/a	n/a	n/a	n/a	n/a	n/a	n/a	n/a	kaa	302.9395424	192	true	302.8670397	303.4728954
302.9395424	0.0	cv_transition	/intervals/trials	192	cv_transition_time	n/a	n/a	n/a	n/a	n/a	n/a	n/a	n/a	n/a	kaa	302.9395424	192	true	302.8670397	303.4728954
304.3445943	0.6116893000000232	trials	/intervals/trials	193	start_time	n/a	n/a	n/a	n/a	n/a	n/a	n/a	n/a	n/a	maa	304.4662655	193	true	304.3445943	304.9562836
304.4662655	0.0	cv_transition	/intervals/trials	193	cv_transition_time	n/a	n/a	n/a	n/a	n/a	n/a	n/a	n/a	n/a	maa	304.4662655	193	true	304.3445943	304.9562836
305.7904812	0.5658541999999898	trials	/intervals/trials	194	start_time	n/a	n/a	n/a	n/a	n/a	n/a	n/a	n/a	n/a	naa	305.8621505	194	true	305.7904812	306.3563354
305.8621505	0.0	cv_transition	/intervals/trials	194	cv_transition_time	n/a	n/a	n/a	n/a	n/a	n/a	n/a	n/a	n/a	naa	305.8621505	194	true	305.7904812	306.3563354
307.0771955	0.7683616999999572	trials	/intervals/trials	195	start_time	n/a	n/a	n/a	n/a	n/a	n/a	n/a	n/a	n/a	shaa	307.3005371	195	true	307.0771955	307.8455572
307.3005371	0.0	cv_transition	/intervals/trials	195	cv_transition_time	n/a	n/a	n/a	n/a	n/a	n/a	n/a	n/a	n/a	shaa	307.3005371	195	true	307.0771955	307.8455572
308.5739175	0.6800251999999887	trials	/intervals/trials	196	start_time	n/a	n/a	n/a	n/a	n/a	n/a	n/a	n/a	n/a	saa	308.7614244	196	true	308.5739175	309.2539427
308.7614244	0.0	cv_transition	/intervals/trials	196	cv_transition_time	n/a	n/a	n/a	n/a	n/a	n/a	n/a	n/a	n/a	saa	308.7614244	196	true	308.5739175	309.2539427
311.2648504	0.7233600999999794	trials	/intervals/trials	197	start_time	n/a	n/a	n/a	n/a	n/a	n/a	n/a	n/a	n/a	haa	311.4215229	197	true	311.2648504	311.9882105
311.4215229	0.0	cv_transition	/intervals/trials	197	cv_transition_time	n/a	n/a	n/a	n/a	n/a	n/a	n/a	n/a	n/a	haa	311.4215229	197	true	311.2648504	311.9882105
312.9140781	0.5941885999999954	trials	/intervals/trials	198	start_time	n/a	n/a	n/a	n/a	n/a	n/a	n/a	n/a	n/a	vaa	312.984914	198	true	312.9140781	313.5082667
312.984914	0.0	cv_transition	/intervals/trials	198	cv_transition_time	n/a	n/a	n/a	n/a	n/a	n/a	n/a	n/a	n/a	vaa	312.984914	198	true	312.9140781	313.5082667
314.3024628	0.6525240999999937	trials	/intervals/trials	199	start_time	n/a	n/a	n/a	n/a	n/a	n/a	n/a	n/a	n/a	raa	314.4541351	199	true	314.3024628	314.9549869
314.4541351	0.0	cv_transition	/intervals/trials	199	cv_transition_time	n/a	n/a	n/a	n/a	n/a	n/a	n/a	n/a	n/a	raa	314.4541351	199	true	314.3024628	314.9549869
315.7700171	0.6891921999999795	trials	/intervals/trials	200	start_time	n/a	n/a	n/a	n/a	n/a	n/a	n/a	n/a	n/a	laa	315.9650243	200	true	315.7700171	316.4592093
315.9650243	0.0	cv_transition	/intervals/trials	200	cv_transition_time	n/a	n/a	n/a	n/a	n/a	n/a	n/a	n/a	n/a	laa	315.9650243	200	true	315.7700171	316.4592093
317.2400715	0.6758583000000158	trials	/intervals/trials	201	start_time	n/a	n/a	n/a	n/a	n/a	n/a	n/a	n/a	n/a	yaa	317.405911	201	true	317.2400715	317.9159298
317.405911	0.0	cv_transition	/intervals/trials	201	cv_transition_time	n/a	n/a	n/a	n/a	n/a	n/a	n/a	n/a	n/a	yaa	317.405911	201	true	317.2400715	317.9159298
318.8309637	0.6383569000000193	trials	/intervals/trials	202	start_time	n/a	n/a	n/a	n/a	n/a	n/a	n/a	n/a	n/a	waa	318.9793025	202	true	318.8309637	319.4693206
318.9793025	0.0	cv_transition	/intervals/trials	202	cv_transition_time	n/a	n/a	n/a	n/a	n/a	n/a	n/a	n/a	n/a	waa	318.9793025	202	true	318.8309637	319.4693206
320.3843545	0.5383533000000398	trials	/intervals/trials	203	start_time	n/a	n/a	n/a	n/a	n/a	n/a	n/a	n/a	n/a	bee	320.4068553	203	true	320.3843545	320.9227078
320.4068553	0.0	cv_transition	/intervals/trials	203	cv_transition_time	n/a	n/a	n/a	n/a	n/a	n/a	n/a	n/a	n/a	bee	320.4068553	203	true	320.3843545	320.9227078
321.6513024	0.5856205999999702	trials	/intervals/trials	204	start_time	n/a	n/a	n/a	n/a	n/a	n/a	n/a	n/a	n/a	dee	321.6919029	204	true	321.6513024	322.236923
321.6919029	0.0	cv_transition	/intervals/trials	204	cv_transition_time	n/a	n/a	n/a	n/a	n/a	n/a	n/a	n/a	n/a	dee	321.6919029	204	true	321.6513024	322.236923
322.9859839	0.5601542999999651	trials	/intervals/trials	205	start_time	n/a	n/a	n/a	n/a	n/a	n/a	n/a	n/a	n/a	gee	323.0319525	205	true	322.9859839	323.5461382
323.0319525	0.0	cv_transition	/intervals/trials	205	cv_transition_time	n/a	n/a	n/a	n/a	n/a	n/a	n/a	n/a	n/a	gee	323.0319525	205	true	322.9859839	323.5461382
324.2103294	0.6150228000000197	trials	/intervals/trials	206	start_time	n/a	n/a	n/a	n/a	n/a	n/a	n/a	n/a	n/a	pee	324.2761652	206	true	324.2103294	324.8253522
324.2761652	0.0	cv_transition	/intervals/trials	206	cv_transition_time	n/a	n/a	n/a	n/a	n/a	n/a	n/a	n/a	n/a	pee	324.2761652	206	true	324.2103294	324.8253522
325.5825612	0.5678399999999897	trials	/intervals/trials	207	start_time	n/a	n/a	n/a	n/a	n/a	n/a	n/a	n/a	n/a	tee	325.6312153	207	true	325.5825612	326.1504012
325.6312153	0.0	cv_transition	/intervals/trials	207	cv_transition_time	n/a	n/a	n/a	n/a	n/a	n/a	n/a	n/a	n/a	tee	325.6312153	207	true	325.5825612	326.1504012
326.9154295	0.6550241999999571	trials	/intervals/trials	208	start_time	n/a	n/a	n/a	n/a	n/a	n/a	n/a	n/a	n/a	kee	327.0154332	208	true	326.9154295	327.5704537
327.0154332	0.0	cv_transition	/intervals/trials	208	cv_transition_time	n/a	n/a	n/a	n/a	n/a	n/a	n/a	n/a	n/a	kee	327.0154332	208	true	326.9154295	327.5704537
328.3204815	0.597522099999992	trials	/intervals/trials	209	start_time	n/a	n/a	n/a	n/a	n/a	n/a	n/a	n/a	n/a	mee	328.3838172	209	true	328.3204815	328.9180036
328.3838172	0.0	cv_transition	/intervals/trials	209	cv_transition_time	n/a	n/a	n/a	n/a	n/a	n/a	n/a	n/a	n/a	mee	328.3838172	209	true	328.3204815	328.9180036
329.6796984	0.6166895000000068	trials	/intervals/trials	210	start_time	n/a	n/a	n/a	n/a	n/a	n/a	n/a	n/a	n/a	nee	329.7780354	210	true	329.6796984	330.2963879
329.7780354	0.0	cv_transition	/intervals/trials	210	cv_transition_time	n/a	n/a	n/a	n/a	n/a	n/a	n/a	n/a	n/a	nee	329.7780354	210	true	329.6796984	330.2963879
330.964746	0.768361700000014	trials	/intervals/trials	211	start_time	n/a	n/a	n/a	n/a	n/a	n/a	n/a	n/a	n/a	shee	331.1580865	211	true	330.964746	331.7331077
331.1580865	0.0	cv_transition	/intervals/trials	211	cv_transition_time	n/a	n/a	n/a	n/a	n/a	n/a	n/a	n/a	n/a	shee	331.1580865	211	true	330.964746	331.7331077
332.388132	0.766695000000027	trials	/intervals/trials	212	start_time	n/a	n/a	n/a	n/a	n/a	n/a	n/a	n/a	n/a	see	332.614807	212	true	332.388132	333.154827
332.614807	0.0	cv_transition	/intervals/trials	212	cv_transition_time	n/a	n/a	n/a	n/a	n/a	n/a	n/a	n/a	n/a	see	332.614807	212	true	332.388132	333.154827
335.6565863	0.6391902999999957	trials	/intervals/trials	213	start_time	n/a	n/a	n/a	n/a	n/a	n/a	n/a	n/a	n/a	hee	335.7990915	213	true	335.6565863	336.2957766
335.7990915	0.0	cv_transition	/intervals/trials	213	cv_transition_time	n/a	n/a	n/a	n/a	n/a	n/a	n/a	n/a	n/a	hee	335.7990915	213	true	335.6565863	336.2957766
337.8375003	0.6700248000000215	trials	/intervals/trials	214	start_time	n/a	n/a	n/a	n/a	n/a	n/a	n/a	n/a	n/a	vee	337.9608382	214	true	337.8375003	338.5075251
337.9608382	0.0	cv_transition	/intervals/trials	214	cv_transition_time	n/a	n/a	n/a	n/a	n/a	n/a	n/a	n/a	n/a	vee	337.9608382	214	true	337.8375003	338.5075251
339.7442375	0.6683580999999776	trials	/intervals/trials	215	start_time	n/a	n/a	n/a	n/a	n/a	n/a	n/a	n/a	n/a	ree	339.9342445	215	true	339.7442375	340.4125956
339.9342445	0.0	cv_transition	/intervals/trials	215	cv_transition_time	n/a	n/a	n/a	n/a	n/a	n/a	n/a	n/a	n/a	ree	339.9342445	215	true	339.7442375	340.4125956
341.1509562	0.6041890000000194	trials	/intervals/trials	216	start_time	n/a	n/a	n/a	n/a	n/a	n/a	n/a	n/a	n/a	lee	341.2309592	216	true	341.1509562	341.7551452
341.2309592	0.0	cv_transition	/intervals/trials	216	cv_transition_time	n/a	n/a	n/a	n/a	n/a	n/a	n/a	n/a	n/a	lee	341.2309592	216	true	341.1509562	341.7551452
342.6043433	0.5933553000000416	trials	/intervals/trials	217	start_time	n/a	n/a	n/a	n/a	n/a	n/a	n/a	n/a	n/a	yee	342.7218477	217	true	342.6043433	343.1976986
342.7218477	0.0	cv_transition	/intervals/trials	217	cv_transition_time	n/a	n/a	n/a	n/a	n/a	n/a	n/a	n/a	n/a	yee	342.7218477	217	true	342.6043433	343.1976986
344.0627306	0.695859100000007	trials	/intervals/trials	218	start_time	n/a	n/a	n/a	n/a	n/a	n/a	n/a	n/a	n/a	wee	344.2110694	218	true	344.0627306	344.7585897
344.2110694	0.0	cv_transition	/intervals/trials	218	cv_transition_time	n/a	n/a	n/a	n/a	n/a	n/a	n/a	n/a	n/a	wee	344.2110694	218	true	344.0627306	344.7585897
347.4203549	0.5491868999999951	trials	/intervals/trials	219	start_time	n/a	n/a	n/a	n/a	n/a	n/a	n/a	n/a	n/a	doo	347.4445224	219	true	347.4203549	347.9695418
347.4445224	0.0	cv_transition	/intervals/trials	219	cv_transition_time	n/a	n/a	n/a	n/a	n/a	n/a	n/a	n/a	n/a	doo	347.4445224	219	true	347.4203549	347.9695418
348.9220771	0.52090469999996	trials	/intervals/trials	220	start_time	n/a	n/a	n/a	n/a	n/a	n/a	n/a	n/a	n/a	goo	348.9737457	220	true	348.9220771	349.4429818
348.9737457	0.0	cv_transition	/intervals/trials	220	cv_transition_time	n/a	n/a	n/a	n/a	n/a	n/a	n/a	n/a	n/a	goo	348.9737457	220	true	348.9220771	349.4429818
350.324629	0.5475202000000081	trials	/intervals/trials	221	start_time	n/a	n/a	n/a	n/a	n/a	n/a	n/a	n/a	n/a	poo	350.3996318	221	true	350.324629	350.8721492
350.3996318	0.0	cv_transition	/intervals/trials	221	cv_transition_time	n/a	n/a	n/a	n/a	n/a	n/a	n/a	n/a	n/a	poo	350.3996318	221	true	350.324629	350.8721492
351.7738493	0.5191858000000025	trials	/intervals/trials	222	start_time	n/a	n/a	n/a	n/a	n/a	n/a	n/a	n/a	n/a	too	351.8230178	222	true	351.7738493	352.2930351
351.8230178	0.0	cv_transition	/intervals/trials	222	cv_transition_time	n/a	n/a	n/a	n/a	n/a	n/a	n/a	n/a	n/a	too	351.8230178	222	true	351.7738493	352.2930351
353.1705676	0.6083558999999923	trials	/intervals/trials	223	start_time	n/a	n/a	n/a	n/a	n/a	n/a	n/a	n/a	n/a	koo	353.2639044	223	true	353.1705676	353.7789235
353.2639044	0.0	cv_transition	/intervals/trials	223	cv_transition_time	n/a	n/a	n/a	n/a	n/a	n/a	n/a	n/a	n/a	koo	353.2639044	223	true	353.1705676	353.7789235
354.7081245	0.5591873999999848	trials	/intervals/trials	224	start_time	n/a	n/a	n/a	n/a	n/a	n/a	n/a	n/a	n/a	moo	354.784794	224	true	354.7081245	355.2673119
354.784794	0.0	cv_transition	/intervals/trials	224	cv_transition_time	n/a	n/a	n/a	n/a	n/a	n/a	n/a	n/a	n/a	moo	354.784794	224	true	354.7081245	355.2673119
356.1640117	0.6058557999999721	trials	/intervals/trials	225	start_time	n/a	n/a	n/a	n/a	n/a	n/a	n/a	n/a	n/a	noo	356.2856829	225	true	356.1640117	356.7698675
356.2856829	0.0	cv_transition	/intervals/trials	225	cv_transition_time	n/a	n/a	n/a	n/a	n/a	n/a	n/a	n/a	n/a	noo	356.2856829	225	true	356.1640117	356.7698675
357.5723972	0.6766916999999921	trials	/intervals/trials	226	start_time	n/a	n/a	n/a	n/a	n/a	n/a	n/a	n/a	n/a	shoo	357.7715712	226	true	357.5723972	358.2490889
357.7715712	0.0	cv_transition	/intervals/trials	226	cv_transition_time	n/a	n/a	n/a	n/a	n/a	n/a	n/a	n/a	n/a	shoo	357.7715712	226	true	357.5723972	358.2490889
359.0674525	0.666691300000025	trials	/intervals/trials	227	start_time	n/a	n/a	n/a	n/a	n/a	n/a	n/a	n/a	n/a	soo	359.2391255	227	true	359.0674525	359.7341438
359.2391255	0.0	cv_transition	/intervals/trials	227	cv_transition_time	n/a	n/a	n/a	n/a	n/a	n/a	n/a	n/a	n/a	soo	359.2391255	227	true	359.0674525	359.7341438
362.116732	0.5558538999999882	trials	/intervals/trials	228	start_time	n/a	n/a	n/a	n/a	n/a	n/a	n/a	n/a	n/a	hoo	362.2134022	228	true	362.116732	362.6725859
362.2134022	0.0	cv_transition	/intervals/trials	228	cv_transition_time	n/a	n/a	n/a	n/a	n/a	n/a	n/a	n/a	n/a	hoo	362.2134022	228	true	362.116732	362.6725859
364.6468256	0.4450163999999859	trials	/intervals/trials	229	start_time	n/a	n/a	n/a	n/a	n/a	n/a	n/a	n/a	n/a	voo	364.7151614	229	true	364.6468256	365.091842
364.7151614	0.0	cv_transition	/intervals/trials	229	cv_transition_time	n/a	n/a	n/a	n/a	n/a	n/a	n/a	n/a	n/a	voo	364.7151614	229	true	364.6468256	365.091842
366.0843788	0.6141893999999866	trials	/intervals/trials	230	start_time	n/a	n/a	n/a	n/a	n/a	n/a	n/a	n/a	n/a	roo	366.2035498	230	true	366.0843788	366.6985682
366.2035498	0.0	cv_transition	/intervals/trials	230	cv_transition_time	n/a	n/a	n/a	n/a	n/a	n/a	n/a	n/a	n/a	roo	366.2035498	230	true	366.0843788	366.6985682
367.6052684	0.5708543999999733	trials	/intervals/trials	231	start_time	n/a	n/a	n/a	n/a	n/a	n/a	n/a	n/a	n/a	loo	367.7094389	231	true	367.6052684	368.1761228
367.7094389	0.0	cv_transition	/intervals/trials	231	cv_transition_time	n/a	n/a	n/a	n/a	n/a	n/a	n/a	n/a	n/a	loo	367.7094389	231	true	367.6052684	368.1761228
369.0619889	0.5866883999999573	trials	/intervals/trials	232	start_time	n/a	n/a	n/a	n/a	n/a	n/a	n/a	n/a	n/a	yoo	369.1853268	232	true	369.0619889	369.6486773
369.1853268	0.0	cv_transition	/intervals/trials	232	cv_transition_time	n/a	n/a	n/a	n/a	n/a	n/a	n/a	n/a	n/a	yoo	369.1853268	232	true	369.0619889	369.6486773
370.6370472	0.5391865999999936	trials	/intervals/trials	233	start_time	n/a	n/a	n/a	n/a	n/a	n/a	n/a	n/a	n/a	woo	370.7262172	233	true	370.6370472	371.1762338
370.7262172	0.0	cv_transition	/intervals/trials	233	cv_transition_time	n/a	n/a	n/a	n/a	n/a	n/a	n/a	n/a	n/a	woo	370.7262172	233	true	370.6370472	371.1762338
372.2871083	0.5641875000000027	trials	/intervals/trials	234	start_time	n/a	n/a	n/a	n/a	n/a	n/a	n/a	n/a	n/a	baa	372.2962753	234	true	372.2871083	372.8512958
372.2962753	0.0	cv_transition	/intervals/trials	234	cv_transition_time	n/a	n/a	n/a	n/a	n/a	n/a	n/a	n/a	n/a	baa	372.2962753	234	true	372.2871083	372.8512958
373.8321654	0.5550205999999775	trials	/intervals/trials	235	start_time	n/a	n/a	n/a	n/a	n/a	n/a	n/a	n/a	n/a	daa	373.8463326	235	true	373.8321654	374.387186
373.8463326	0.0	cv_transition	/intervals/trials	235	cv_transition_time	n/a	n/a	n/a	n/a	n/a	n/a	n/a	n/a	n/a	daa	373.8463326	235	true	373.8321654	374.387186
375.3405546	0.5958554000000049	trials	/intervals/trials	236	start_time	n/a	n/a	n/a	n/a	n/a	n/a	n/a	n/a	n/a	gaa	375.3913898	236	true	375.3405546	375.93641
375.3913898	0.0	cv_transition	/intervals/trials	236	cv_transition_time	n/a	n/a	n/a	n/a	n/a	n/a	n/a	n/a	n/a	gaa	375.3913898	236	true	375.3405546	375.93641
376.6989382	0.5900217999999882	trials	/intervals/trials	237	start_time	n/a	n/a	n/a	n/a	n/a	n/a	n/a	n/a	n/a	paa	376.7472733	237	true	376.6989382	377.28896
376.7472733	0.0	cv_transition	/intervals/trials	237	cv_transition_time	n/a	n/a	n/a	n/a	n/a	n/a	n/a	n/a	n/a	paa	376.7472733	237	true	376.6989382	377.28896
378.2516736	0.5373419000000013	trials	/intervals/trials	238	start_time	n/a	n/a	n/a	n/a	n/a	n/a	n/a	n/a	n/a	taa	378.3014975	238	true	378.2516736	378.7890155
378.3014975	0.0	cv_transition	/intervals/trials	238	cv_transition_time	n/a	n/a	n/a	n/a	n/a	n/a	n/a	n/a	n/a	taa	378.3014975	238	true	378.2516736	378.7890155
379.7225881	0.6206516000000306	trials	/intervals/trials	239	start_time	n/a	n/a	n/a	n/a	n/a	n/a	n/a	n/a	n/a	kaa	379.7932193	239	true	379.7225881	380.3432397
379.7932193	0.0	cv_transition	/intervals/trials	239	cv_transition_time	n/a	n/a	n/a	n/a	n/a	n/a	n/a	n/a	n/a	kaa	379.7932193	239	true	379.7225881	380.3432397
381.0399321	0.6691915000000108	trials	/intervals/trials	240	start_time	n/a	n/a	n/a	n/a	n/a	n/a	n/a	n/a	n/a	maa	381.1857709	240	true	381.0399321	381.7091236
381.1857709	0.0	cv_transition	/intervals/trials	240	cv_transition_time	n/a	n/a	n/a	n/a	n/a	n/a	n/a	n/a	n/a	maa	381.1857709	240	true	381.0399321	381.7091236
382.4883191	0.6833585999999627	trials	/intervals/trials	241	start_time	n/a	n/a	n/a	n/a	n/a	n/a	n/a	n/a	n/a	naa	382.6191572	241	true	382.4883191	383.1716777
382.6191572	0.0	cv_transition	/intervals/trials	241	cv_transition_time	n/a	n/a	n/a	n/a	n/a	n/a	n/a	n/a	n/a	naa	382.6191572	241	true	382.4883191	383.1716777
383.8925377	0.7400274000000309	trials	/intervals/trials	242	start_time	n/a	n/a	n/a	n/a	n/a	n/a	n/a	n/a	n/a	shaa	384.1067123	242	true	383.8925377	384.6325651
384.1067123	0.0	cv_transition	/intervals/trials	242	cv_transition_time	n/a	n/a	n/a	n/a	n/a	n/a	n/a	n/a	n/a	shaa	384.1067123	242	true	383.8925377	384.6325651
385.30509	0.7391939999999977	trials	/intervals/trials	243	start_time	n/a	n/a	n/a	n/a	n/a	n/a	n/a	n/a	n/a	saa	385.522598	243	true	385.30509	386.044284
385.522598	0.0	cv_transition	/intervals/trials	243	cv_transition_time	n/a	n/a	n/a	n/a	n/a	n/a	n/a	n/a	n/a	saa	385.522598	243	true	385.30509	386.044284
388.2335316	0.6266899000000308	trials	/intervals/trials	244	start_time	n/a	n/a	n/a	n/a	n/a	n/a	n/a	n/a	n/a	haa	388.4210386	244	true	388.2335316	388.8602215
388.4210386	0.0	cv_transition	/intervals/trials	244	cv_transition_time	n/a	n/a	n/a	n/a	n/a	n/a	n/a	n/a	n/a	haa	388.4210386	244	true	388.2335316	388.8602215
389.8944264	0.5908552000000213	trials	/intervals/trials	245	start_time	n/a	n/a	n/a	n/a	n/a	n/a	n/a	n/a	n/a	vaa	389.9752628	245	true	389.8944264	390.4852816
389.9752628	0.0	cv_transition	/intervals/trials	245	cv_transition_time	n/a	n/a	n/a	n/a	n/a	n/a	n/a	n/a	n/a	vaa	389.9752628	245	true	389.8944264	390.4852816
391.3303129	0.6550241999999571	trials	/intervals/trials	246	start_time	n/a	n/a	n/a	n/a	n/a	n/a	n/a	n/a	n/a	raa	391.4453171	246	true	391.3303129	391.9853371
391.4453171	0.0	cv_transition	/intervals/trials	246	cv_transition_time	n/a	n/a	n/a	n/a	n/a	n/a	n/a	n/a	n/a	raa	391.4453171	246	true	391.3303129	391.9853371
392.8370353	0.6008555999999885	trials	/intervals/trials	247	start_time	n/a	n/a	n/a	n/a	n/a	n/a	n/a	n/a	n/a	laa	392.9028711	247	true	392.8370353	393.4378909
392.9028711	0.0	cv_transition	/intervals/trials	247	cv_transition_time	n/a	n/a	n/a	n/a	n/a	n/a	n/a	n/a	n/a	laa	392.9028711	247	true	392.8370353	393.4378909
394.2237533	0.7150263999999993	trials	/intervals/trials	248	start_time	n/a	n/a	n/a	n/a	n/a	n/a	n/a	n/a	n/a	yaa	394.3754256	248	true	394.2237533	394.9387797
394.3754256	0.0	cv_transition	/intervals/trials	248	cv_transition_time	n/a	n/a	n/a	n/a	n/a	n/a	n/a	n/a	n/a	yaa	394.3754256	248	true	394.2237533	394.9387797
395.6254718	0.7175265999999851	trials	/intervals/trials	249	start_time	n/a	n/a	n/a	n/a	n/a	n/a	n/a	n/a	n/a	waa	395.8079786	249	true	395.6254718	396.3429984
395.8079786	0.0	cv_transition	/intervals/trials	249	cv_transition_time	n/a	n/a	n/a	n/a	n/a	n/a	n/a	n/a	n/a	waa	395.8079786	249	true	395.6254718	396.3429984
397.1363611	0.509185500000001	trials	/intervals/trials	250	start_time	n/a	n/a	n/a	n/a	n/a	n/a	n/a	n/a	n/a	bee	397.1513616	250	true	397.1363611	397.6455466
397.1513616	0.0	cv_transition	/intervals/trials	250	cv_transition_time	n/a	n/a	n/a	n/a	n/a	n/a	n/a	n/a	n/a	bee	397.1513616	250	true	397.1363611	397.6455466
398.5297459	0.5075187999999571	trials	/intervals/trials	251	start_time	n/a	n/a	n/a	n/a	n/a	n/a	n/a	n/a	n/a	dee	398.5555802	251	true	398.5297459	399.0372647
398.5555802	0.0	cv_transition	/intervals/trials	251	cv_transition_time	n/a	n/a	n/a	n/a	n/a	n/a	n/a	n/a	n/a	dee	398.5555802	251	true	398.5297459	399.0372647
399.827968	0.594348000000025	trials	/intervals/trials	252	start_time	n/a	n/a	n/a	n/a	n/a	n/a	n/a	n/a	n/a	gee	399.9156306	252	true	399.827968	400.422316
399.9156306	0.0	cv_transition	/intervals/trials	252	cv_transition_time	n/a	n/a	n/a	n/a	n/a	n/a	n/a	n/a	n/a	gee	399.9156306	252	true	399.827968	400.422316
402.7982372	0.6241898000000106	trials	/intervals/trials	253	start_time	n/a	n/a	n/a	n/a	n/a	n/a	n/a	n/a	n/a	tee	402.8399054	253	true	402.7982372	403.422427
402.8399054	0.0	cv_transition	/intervals/trials	253	cv_transition_time	n/a	n/a	n/a	n/a	n/a	n/a	n/a	n/a	n/a	tee	402.8399054	253	true	402.7982372	403.422427
404.2716251	0.620856300000014	trials	/intervals/trials	254	start_time	n/a	n/a	n/a	n/a	n/a	n/a	n/a	n/a	n/a	kee	404.3724621	254	true	404.2716251	404.8924814
404.3724621	0.0	cv_transition	/intervals/trials	254	cv_transition_time	n/a	n/a	n/a	n/a	n/a	n/a	n/a	n/a	n/a	kee	404.3724621	254	true	404.2716251	404.8924814
405.8141821	0.6408571000000052	trials	/intervals/trials	255	start_time	n/a	n/a	n/a	n/a	n/a	n/a	n/a	n/a	n/a	mee	405.9166859	255	true	405.8141821	406.4550392
405.9166859	0.0	cv_transition	/intervals/trials	255	cv_transition_time	n/a	n/a	n/a	n/a	n/a	n/a	n/a	n/a	n/a	mee	405.9166859	255	true	405.8141821	406.4550392
407.2334013	0.5525204999999573	trials	/intervals/trials	256	start_time	n/a	n/a	n/a	n/a	n/a	n/a	n/a	n/a	n/a	nee	407.2942369	256	true	407.2334013	407.7859218
407.2942369	0.0	cv_transition	/intervals/trials	256	cv_transition_time	n/a	n/a	n/a	n/a	n/a	n/a	n/a	n/a	n/a	nee	407.2942369	256	true	407.2334013	407.7859218
408.6192859	0.7541946000000053	trials	/intervals/trials	257	start_time	n/a	n/a	n/a	n/a	n/a	n/a	n/a	n/a	n/a	shee	408.7992926	257	true	408.6192859	409.3734805
408.7992926	0.0	cv_transition	/intervals/trials	257	cv_transition_time	n/a	n/a	n/a	n/a	n/a	n/a	n/a	n/a	n/a	shee	408.7992926	257	true	408.6192859	409.3734805
410.0626727	0.751694499999985	trials	/intervals/trials	258	start_time	n/a	n/a	n/a	n/a	n/a	n/a	n/a	n/a	n/a	see	410.2976814	258	true	410.0626727	410.8143672
410.2976814	0.0	cv_transition	/intervals/trials	258	cv_transition_time	n/a	n/a	n/a	n/a	n/a	n/a	n/a	n/a	n/a	see	410.2976814	258	true	410.0626727	410.8143672
413.0944515	0.7508611000000087	trials	/intervals/trials	259	start_time	n/a	n/a	n/a	n/a	n/a	n/a	n/a	n/a	n/a	hee	413.207789	259	true	413.0944515	413.8453126
413.207789	0.0	cv_transition	/intervals/trials	259	cv_transition_time	n/a	n/a	n/a	n/a	n/a	n/a	n/a	n/a	n/a	hee	413.207789	259	true	413.0944515	413.8453126
414.5595057	0.7316938000000164	trials	/intervals/trials	260	start_time	n/a	n/a	n/a	n/a	n/a	n/a	n/a	n/a	n/a	lee	414.7261786	260	true	414.5595057	415.2911995
414.7261786	0.0	cv_transition	/intervals/trials	260	cv_transition_time	n/a	n/a	n/a	n/a	n/a	n/a	n/a	n/a	n/a	lee	414.7261786	260	true	414.5595057	415.2911995
416.5237451	0.5575206000000321	trials	/intervals/trials	261	start_time	n/a	n/a	n/a	n/a	n/a	n/a	n/a	n/a	n/a	vee	416.6012479	261	true	416.5237451	417.0812657
416.6012479	0.0	cv_transition	/intervals/trials	261	cv_transition_time	n/a	n/a	n/a	n/a	n/a	n/a	n/a	n/a	n/a	vee	416.6012479	261	true	416.5237451	417.0812657
417.8954625	0.7125264000000016	trials	/intervals/trials	262	start_time	n/a	n/a	n/a	n/a	n/a	n/a	n/a	n/a	n/a	ree	418.0663021	262	true	417.8954625	418.6079889
418.0663021	0.0	cv_transition	/intervals/trials	262	cv_transition_time	n/a	n/a	n/a	n/a	n/a	n/a	n/a	n/a	n/a	ree	418.0663021	262	true	417.8954625	418.6079889
419.4263525	0.6850253000000066	trials	/intervals/trials	263	start_time	n/a	n/a	n/a	n/a	n/a	n/a	n/a	n/a	n/a	lee	419.5230227	263	true	419.4263525	420.1113778
419.5230227	0.0	cv_transition	/intervals/trials	263	cv_transition_time	n/a	n/a	n/a	n/a	n/a	n/a	n/a	n/a	n/a	lee	419.5230227	263	true	419.4263525	420.1113778
421.0072443	0.6158560999999736	trials	/intervals/trials	264	start_time	n/a	n/a	n/a	n/a	n/a	n/a	n/a	n/a	n/a	yee	421.1005811	264	true	421.0072443	421.6231004
421.1005811	0.0	cv_transition	/intervals/trials	264	cv_transition_time	n/a	n/a	n/a	n/a	n/a	n/a	n/a	n/a	n/a	yee	421.1005811	264	true	421.0072443	421.6231004
422.4381306	0.651690799999983	trials	/intervals/trials	265	start_time	n/a	n/a	n/a	n/a	n/a	n/a	n/a	n/a	n/a	wee	422.60397	265	true	422.4381306	423.0898214
422.60397	0.0	cv_transition	/intervals/trials	265	cv_transition_time	n/a	n/a	n/a	n/a	n/a	n/a	n/a	n/a	n/a	wee	422.60397	265	true	422.4381306	423.0898214
425.3540718	0.5158524000000284	trials	/intervals/trials	266	start_time	n/a	n/a	n/a	n/a	n/a	n/a	n/a	n/a	n/a	doo	425.3799061	266	true	425.3540718	425.8699242
425.3799061	0.0	cv_transition	/intervals/trials	266	cv_transition_time	n/a	n/a	n/a	n/a	n/a	n/a	n/a	n/a	n/a	doo	425.3799061	266	true	425.3540718	425.8699242
426.764124	0.4808510999999953	trials	/intervals/trials	267	start_time	n/a	n/a	n/a	n/a	n/a	n/a	n/a	n/a	n/a	goo	426.8032921	267	true	426.764124	427.2449751
426.8032921	0.0	cv_transition	/intervals/trials	267	cv_transition_time	n/a	n/a	n/a	n/a	n/a	n/a	n/a	n/a	n/a	goo	426.8032921	267	true	426.764124	427.2449751
428.052505	0.6116893000000232	trials	/intervals/trials	268	start_time	n/a	n/a	n/a	n/a	n/a	n/a	n/a	n/a	n/a	poo	428.1225076	268	true	428.052505	428.6641943
428.1225076	0.0	cv_transition	/intervals/trials	268	cv_transition_time	n/a	n/a	n/a	n/a	n/a	n/a	n/a	n/a	n/a	poo	428.1225076	268	true	428.052505	428.6641943
429.4183889	0.5541870999999787	trials	/intervals/trials	269	start_time	n/a	n/a	n/a	n/a	n/a	n/a	n/a	n/a	n/a	too	429.4600571	269	true	429.4183889	429.972576
429.4600571	0.0	cv_transition	/intervals/trials	269	cv_transition_time	n/a	n/a	n/a	n/a	n/a	n/a	n/a	n/a	n/a	too	429.4600571	269	true	429.4183889	429.972576
430.8517752	0.6166895000000068	trials	/intervals/trials	270	start_time	n/a	n/a	n/a	n/a	n/a	n/a	n/a	n/a	n/a	koo	430.935945	270	true	430.8517752	431.4684647
430.935945	0.0	cv_transition	/intervals/trials	270	cv_transition_time	n/a	n/a	n/a	n/a	n/a	n/a	n/a	n/a	n/a	koo	430.935945	270	true	430.8517752	431.4684647
433.5777094	0.573354600000016	trials	/intervals/trials	271	start_time	n/a	n/a	n/a	n/a	n/a	n/a	n/a	n/a	n/a	moo	433.656879	271	true	433.5777094	434.151064
433.656879	0.0	cv_transition	/intervals/trials	271	cv_transition_time	n/a	n/a	n/a	n/a	n/a	n/a	n/a	n/a	n/a	moo	433.656879	271	true	433.5777094	434.151064
435.0302632	0.6533575000000269	trials	/intervals/trials	272	start_time	n/a	n/a	n/a	n/a	n/a	n/a	n/a	n/a	n/a	noo	435.0769316	272	true	435.0302632	435.6836207
435.0769316	0.0	cv_transition	/intervals/trials	272	cv_transition_time	n/a	n/a	n/a	n/a	n/a	n/a	n/a	n/a	n/a	noo	435.0769316	272	true	435.0302632	435.6836207
436.7511602	0.7383605999999645	trials	/intervals/trials	273	start_time	n/a	n/a	n/a	n/a	n/a	n/a	n/a	n/a	n/a	shoo	436.9203331	273	true	436.7511602	437.4895208
436.9203331	0.0	cv_transition	/intervals/trials	273	cv_transition_time	n/a	n/a	n/a	n/a	n/a	n/a	n/a	n/a	n/a	shoo	436.9203331	273	true	436.7511602	437.4895208
438.2845502	0.780862299999967	trials	/intervals/trials	274	start_time	n/a	n/a	n/a	n/a	n/a	n/a	n/a	n/a	n/a	soo	438.5270592	274	true	438.2845502	439.0654125
438.5270592	0.0	cv_transition	/intervals/trials	274	cv_transition_time	n/a	n/a	n/a	n/a	n/a	n/a	n/a	n/a	n/a	soo	438.5270592	274	true	438.2845502	439.0654125
441.9046842	0.628356599999961	trials	/intervals/trials	275	start_time	n/a	n/a	n/a	n/a	n/a	n/a	n/a	n/a	n/a	hoo	441.9996877	275	true	441.9046842	442.5330408
441.9996877	0.0	cv_transition	/intervals/trials	275	cv_transition_time	n/a	n/a	n/a	n/a	n/a	n/a	n/a	n/a	n/a	hoo	441.9996877	275	true	441.9046842	442.5330408
443.4189069	0.5925218999999515	trials	/intervals/trials	276	start_time	n/a	n/a	n/a	n/a	n/a	n/a	n/a	n/a	n/a	voo	443.5614122	276	true	443.4189069	444.0114288
443.5614122	0.0	cv_transition	/intervals/trials	276	cv_transition_time	n/a	n/a	n/a	n/a	n/a	n/a	n/a	n/a	n/a	voo	443.5614122	276	true	443.4189069	444.0114288
444.8556267	0.5758546999999794	trials	/intervals/trials	277	start_time	n/a	n/a	n/a	n/a	n/a	n/a	n/a	n/a	n/a	roo	445.0064656	277	true	444.8556267	445.4314814
445.0064656	0.0	cv_transition	/intervals/trials	277	cv_transition_time	n/a	n/a	n/a	n/a	n/a	n/a	n/a	n/a	n/a	roo	445.0064656	277	true	444.8556267	445.4314814
446.4056841	0.5633541000000264	trials	/intervals/trials	278	start_time	n/a	n/a	n/a	n/a	n/a	n/a	n/a	n/a	n/a	loo	446.504021	278	true	446.4056841	446.9690382
446.504021	0.0	cv_transition	/intervals/trials	278	cv_transition_time	n/a	n/a	n/a	n/a	n/a	n/a	n/a	n/a	n/a	loo	446.504021	278	true	446.4056841	446.9690382
447.7849018	0.6891921000000139	trials	/intervals/trials	279	start_time	n/a	n/a	n/a	n/a	n/a	n/a	n/a	n/a	n/a	yoo	447.9065729	279	true	447.7849018	448.4740939
447.9065729	0.0	cv_transition	/intervals/trials	279	cv_transition_time	n/a	n/a	n/a	n/a	n/a	n/a	n/a	n/a	n/a	yoo	447.9065729	279	true	447.7849018	448.4740939
449.4091285	0.6475239999999758	trials	/intervals/trials	280	start_time	n/a	n/a	n/a	n/a	n/a	n/a	n/a	n/a	n/a	woo	449.5166325	280	true	449.4091285	450.0566525
449.5166325	0.0	cv_transition	/intervals/trials	280	cv_transition_time	n/a	n/a	n/a	n/a	n/a	n/a	n/a	n/a	n/a	woo	449.5166325	280	true	449.4091285	450.0566525
451.2641972	0.5458534999999642	trials	/intervals/trials	281	start_time	n/a	n/a	n/a	n/a	n/a	n/a	n/a	n/a	n/a	baa	451.2875314	281	true	451.2641972	451.8100507
451.2875314	0.0	cv_transition	/intervals/trials	281	cv_transition_time	n/a	n/a	n/a	n/a	n/a	n/a	n/a	n/a	n/a	baa	451.2875314	281	true	451.2641972	451.8100507
452.7642527	0.5625208000000157	trials	/intervals/trials	282	start_time	n/a	n/a	n/a	n/a	n/a	n/a	n/a	n/a	n/a	daa	452.7950871	282	true	452.7642527	453.3267735
452.7950871	0.0	cv_transition	/intervals/trials	282	cv_transition_time	n/a	n/a	n/a	n/a	n/a	n/a	n/a	n/a	n/a	daa	452.7950871	282	true	452.7642527	453.3267735
454.265774	0.6135568999999919	trials	/intervals/trials	283	start_time	n/a	n/a	n/a	n/a	n/a	n/a	n/a	n/a	n/a	gaa	454.31431	283	true	454.265774	454.8793309
454.31431	0.0	cv_transition	/intervals/trials	283	cv_transition_time	n/a	n/a	n/a	n/a	n/a	n/a	n/a	n/a	n/a	gaa	454.31431	283	true	454.265774	454.8793309
455.8076986	0.6200230000000033	trials	/intervals/trials	284	start_time	n/a	n/a	n/a	n/a	n/a	n/a	n/a	n/a	n/a	paa	455.8618673	284	true	455.8076986	456.4277216
455.8618673	0.0	cv_transition	/intervals/trials	284	cv_transition_time	n/a	n/a	n/a	n/a	n/a	n/a	n/a	n/a	n/a	paa	455.8618673	284	true	455.8076986	456.4277216
457.4419257	0.6466905999999994	trials	/intervals/trials	285	start_time	n/a	n/a	n/a	n/a	n/a	n/a	n/a	n/a	n/a	taa	457.5060948	285	true	457.4419257	458.0886163
457.5060948	0.0	cv_transition	/intervals/trials	285	cv_transition_time	n/a	n/a	n/a	n/a	n/a	n/a	n/a	n/a	n/a	taa	457.5060948	285	true	457.4419257	458.0886163
459.1535308	0.6143142999999895	trials	/intervals/trials	286	start_time	n/a	n/a	n/a	n/a	n/a	n/a	n/a	n/a	n/a	kaa	459.2203249	286	true	459.1535308	459.7678451
459.2203249	0.0	cv_transition	/intervals/trials	286	cv_transition_time	n/a	n/a	n/a	n/a	n/a	n/a	n/a	n/a	n/a	kaa	459.2203249	286	true	459.1535308	459.7678451
460.6928794	0.6075223999999935	trials	/intervals/trials	287	start_time	n/a	n/a	n/a	n/a	n/a	n/a	n/a	n/a	n/a	maa	460.7978833	287	true	460.6928794	461.3004018
460.7978833	0.0	cv_transition	/intervals/trials	287	cv_transition_time	n/a	n/a	n/a	n/a	n/a	n/a	n/a	n/a	n/a	maa	460.7978833	287	true	460.6928794	461.3004018
462.170434	0.6316901000000144	trials	/intervals/trials	288	start_time	n/a	n/a	n/a	n/a	n/a	n/a	n/a	n/a	n/a	naa	462.2671043	288	true	462.170434	462.8021241
462.2671043	0.0	cv_transition	/intervals/trials	288	cv_transition_time	n/a	n/a	n/a	n/a	n/a	n/a	n/a	n/a	n/a	naa	462.2671043	288	true	462.170434	462.8021241
463.5038167	0.7100262999999813	trials	/intervals/trials	289	start_time	n/a	n/a	n/a	n/a	n/a	n/a	n/a	n/a	n/a	shaa	463.6788232	289	true	463.5038167	464.213843
463.6788232	0.0	cv_transition	/intervals/trials	289	cv_transition_time	n/a	n/a	n/a	n/a	n/a	n/a	n/a	n/a	n/a	shaa	463.6788232	289	true	463.5038167	464.213843
464.8863679	0.8141967999999906	trials	/intervals/trials	290	start_time	n/a	n/a	n/a	n/a	n/a	n/a	n/a	n/a	n/a	saa	465.1763786	290	true	464.8863679	465.7005647
465.1763786	0.0	cv_transition	/intervals/trials	290	cv_transition_time	n/a	n/a	n/a	n/a	n/a	n/a	n/a	n/a	n/a	saa	465.1763786	290	true	464.8863679	465.7005647
468.143155	0.5408534000000031	trials	/intervals/trials	291	start_time	n/a	n/a	n/a	n/a	n/a	n/a	n/a	n/a	n/a	haa	468.3298286	291	true	468.143155	468.6840084
468.3298286	0.0	cv_transition	/intervals/trials	291	cv_transition_time	n/a	n/a	n/a	n/a	n/a	n/a	n/a	n/a	n/a	haa	468.3298286	291	true	468.143155	468.6840084
470.0040572	0.6266899000000308	trials	/intervals/trials	292	start_time	n/a	n/a	n/a	n/a	n/a	n/a	n/a	n/a	n/a	vaa	470.1623964	292	true	470.0040572	470.6307471
470.1623964	0.0	cv_transition	/intervals/trials	292	cv_transition_time	n/a	n/a	n/a	n/a	n/a	n/a	n/a	n/a	n/a	vaa	470.1623964	292	true	470.0040572	470.6307471
471.6257839	0.6758583000000158	trials	/intervals/trials	293	start_time	n/a	n/a	n/a	n/a	n/a	n/a	n/a	n/a	n/a	raa	471.8282914	293	true	471.6257839	472.3016422
471.8282914	0.0	cv_transition	/intervals/trials	293	cv_transition_time	n/a	n/a	n/a	n/a	n/a	n/a	n/a	n/a	n/a	raa	471.8282914	293	true	471.6257839	472.3016422
473.5600221	0.6341901999999777	trials	/intervals/trials	294	start_time	n/a	n/a	n/a	n/a	n/a	n/a	n/a	n/a	n/a	laa	473.7008607	294	true	473.5600221	474.1942123
473.7008607	0.0	cv_transition	/intervals/trials	294	cv_transition_time	n/a	n/a	n/a	n/a	n/a	n/a	n/a	n/a	n/a	laa	473.7008607	294	true	473.5600221	474.1942123
475.6575997	0.5650209000000359	trials	/intervals/trials	295	start_time	n/a	n/a	n/a	n/a	n/a	n/a	n/a	n/a	n/a	yaa	475.7467697	295	true	475.6575997	476.2226206
475.7467697	0.0	cv_transition	/intervals/trials	295	cv_transition_time	n/a	n/a	n/a	n/a	n/a	n/a	n/a	n/a	n/a	yaa	475.7467697	295	true	475.6575997	476.2226206
477.4876675	0.5400199000000043	trials	/intervals/trials	296	start_time	n/a	n/a	n/a	n/a	n/a	n/a	n/a	n/a	n/a	waa	477.5893379	296	true	477.4876675	478.0276874
477.5893379	0.0	cv_transition	/intervals/trials	296	cv_transition_time	n/a	n/a	n/a	n/a	n/a	n/a	n/a	n/a	n/a	waa	477.5893379	296	true	477.4876675	478.0276874
479.0443917	0.49835179999996626	trials	/intervals/trials	297	start_time	n/a	n/a	n/a	n/a	n/a	n/a	n/a	n/a	n/a	bee	479.0660592	297	true	479.0443917	479.5427435
479.0660592	0.0	cv_transition	/intervals/trials	297	cv_transition_time	n/a	n/a	n/a	n/a	n/a	n/a	n/a	n/a	n/a	bee	479.0660592	297	true	479.0443917	479.5427435
480.5269466	0.5475202000000081	trials	/intervals/trials	298	start_time	n/a	n/a	n/a	n/a	n/a	n/a	n/a	n/a	n/a	dee	480.5802819	298	true	480.5269466	481.0744668
480.5802819	0.0	cv_transition	/intervals/trials	298	cv_transition_time	n/a	n/a	n/a	n/a	n/a	n/a	n/a	n/a	n/a	dee	480.5802819	298	true	480.5269466	481.0744668
482.0095014	0.5483537000000069	trials	/intervals/trials	299	start_time	n/a	n/a	n/a	n/a	n/a	n/a	n/a	n/a	n/a	gee	482.0745038	299	true	482.0095014	482.5578551
482.0745038	0.0	cv_transition	/intervals/trials	299	cv_transition_time	n/a	n/a	n/a	n/a	n/a	n/a	n/a	n/a	n/a	gee	482.0745038	299	true	482.0095014	482.5578551
483.5512251	0.5700210999999626	trials	/intervals/trials	300	start_time	n/a	n/a	n/a	n/a	n/a	n/a	n/a	n/a	n/a	pee	483.6245612	300	true	483.5512251	484.1212462
483.6245612	0.0	cv_transition	/intervals/trials	300	cv_transition_time	n/a	n/a	n/a	n/a	n/a	n/a	n/a	n/a	n/a	pee	483.6245612	300	true	483.5512251	484.1212462
485.0221129	0.563354199999992	trials	/intervals/trials	301	start_time	n/a	n/a	n/a	n/a	n/a	n/a	n/a	n/a	n/a	tee	485.0821151	301	true	485.0221129	485.5854671
485.0821151	0.0	cv_transition	/intervals/trials	301	cv_transition_time	n/a	n/a	n/a	n/a	n/a	n/a	n/a	n/a	n/a	tee	485.0821151	301	true	485.0221129	485.5854671
489.0939302	0.5200193000000013	trials	/intervals/trials	302	start_time	n/a	n/a	n/a	n/a	n/a	n/a	n/a	n/a	n/a	kee	489.168933	302	true	489.0939302	489.6139495
489.168933	0.0	cv_transition	/intervals/trials	302	cv_transition_time	n/a	n/a	n/a	n/a	n/a	n/a	n/a	n/a	n/a	kee	489.168933	302	true	489.0939302	489.6139495
490.4914819	0.5541872000000012	trials	/intervals/trials	303	start_time	n/a	n/a	n/a	n/a	n/a	n/a	n/a	n/a	n/a	mee	490.5498174	303	true	490.4914819	491.0456691
490.5498174	0.0	cv_transition	/intervals/trials	303	cv_transition_time	n/a	n/a	n/a	n/a	n/a	n/a	n/a	n/a	n/a	mee	490.5498174	303	true	490.4914819	491.0456691
491.9215349	0.5425200000000245	trials	/intervals/trials	304	start_time	n/a	n/a	n/a	n/a	n/a	n/a	n/a	n/a	n/a	nee	492.0040379	304	true	491.9215349	492.4640549
492.0040379	0.0	cv_transition	/intervals/trials	304	cv_transition_time	n/a	n/a	n/a	n/a	n/a	n/a	n/a	n/a	n/a	nee	492.0040379	304	true	491.9215349	492.4640549
493.1840816	0.656690900000001	trials	/intervals/trials	305	start_time	n/a	n/a	n/a	n/a	n/a	n/a	n/a	n/a	n/a	shee	493.3774221	305	true	493.1840816	493.8407725
493.3774221	0.0	cv_transition	/intervals/trials	305	cv_transition_time	n/a	n/a	n/a	n/a	n/a	n/a	n/a	n/a	n/a	shee	493.3774221	305	true	493.1840816	493.8407725
494.7391391	0.7125264000000016	trials	/intervals/trials	306	start_time	n/a	n/a	n/a	n/a	n/a	n/a	n/a	n/a	n/a	see	494.9574805	306	true	494.7391391	495.4516655
494.9574805	0.0	cv_transition	/intervals/trials	306	cv_transition_time	n/a	n/a	n/a	n/a	n/a	n/a	n/a	n/a	n/a	see	494.9574805	306	true	494.7391391	495.4516655
497.475907	0.66002450000002	trials	/intervals/trials	307	start_time	n/a	n/a	n/a	n/a	n/a	n/a	n/a	n/a	n/a	hee	497.6059118	307	true	497.475907	498.1359315
497.6059118	0.0	cv_transition	/intervals/trials	307	cv_transition_time	n/a	n/a	n/a	n/a	n/a	n/a	n/a	n/a	n/a	hee	497.6059118	307	true	497.475907	498.1359315
498.9067933	0.6166895000000068	trials	/intervals/trials	308	start_time	n/a	n/a	n/a	n/a	n/a	n/a	n/a	n/a	n/a	vee	499.034298	308	true	498.9067933	499.5234828
499.034298	0.0	cv_transition	/intervals/trials	308	cv_transition_time	n/a	n/a	n/a	n/a	n/a	n/a	n/a	n/a	n/a	vee	499.034298	308	true	498.9067933	499.5234828
500.2418427	0.6458571999999663	trials	/intervals/trials	309	start_time	n/a	n/a	n/a	n/a	n/a	n/a	n/a	n/a	n/a	ree	500.4135157	309	true	500.2418427	500.8876999
500.4135157	0.0	cv_transition	/intervals/trials	309	cv_transition_time	n/a	n/a	n/a	n/a	n/a	n/a	n/a	n/a	n/a	ree	500.4135157	309	true	500.2418427	500.8876999
501.6243939	0.6150227000000541	trials	/intervals/trials	310	start_time	n/a	n/a	n/a	n/a	n/a	n/a	n/a	n/a	n/a	lee	501.7385648	310	true	501.6243939	502.2394166
501.7385648	0.0	cv_transition	/intervals/trials	310	cv_transition_time	n/a	n/a	n/a	n/a	n/a	n/a	n/a	n/a	n/a	lee	501.7385648	310	true	501.6243939	502.2394166
503.0044449	0.5891884999999775	trials	/intervals/trials	311	start_time	n/a	n/a	n/a	n/a	n/a	n/a	n/a	n/a	n/a	yee	503.1077821	311	true	503.0044449	503.5936334
503.1077821	0.0	cv_transition	/intervals/trials	311	cv_transition_time	n/a	n/a	n/a	n/a	n/a	n/a	n/a	n/a	n/a	yee	503.1077821	311	true	503.0044449	503.5936334
504.3911629	0.5966888000000381	trials	/intervals/trials	312	start_time	n/a	n/a	n/a	n/a	n/a	n/a	n/a	n/a	n/a	wee	504.4911666	312	true	504.3911629	504.9878517
504.4911666	0.0	cv_transition	/intervals/trials	312	cv_transition_time	n/a	n/a	n/a	n/a	n/a	n/a	n/a	n/a	n/a	wee	504.4911666	312	true	504.3911629	504.9878517
505.8937185	0.47085080000005064	trials	/intervals/trials	313	start_time	n/a	n/a	n/a	n/a	n/a	n/a	n/a	n/a	n/a	boo	505.952054	313	true	505.8937185	506.3645693
505.952054	0.0	cv_transition	/intervals/trials	313	cv_transition_time	n/a	n/a	n/a	n/a	n/a	n/a	n/a	n/a	n/a	boo	505.952054	313	true	505.8937185	506.3645693
507.1670476	0.49090290000003733	trials	/intervals/trials	314	start_time	n/a	n/a	n/a	n/a	n/a	n/a	n/a	n/a	n/a	doo	507.1920999	314	true	507.1670476	507.6579505
507.1920999	0.0	cv_transition	/intervals/trials	314	cv_transition_time	n/a	n/a	n/a	n/a	n/a	n/a	n/a	n/a	n/a	doo	507.1920999	314	true	507.1670476	507.6579505
508.5121487	0.5108523000000105	trials	/intervals/trials	315	start_time	n/a	n/a	n/a	n/a	n/a	n/a	n/a	n/a	n/a	goo	508.5596505	315	true	508.5121487	509.023001
508.5596505	0.0	cv_transition	/intervals/trials	315	cv_transition_time	n/a	n/a	n/a	n/a	n/a	n/a	n/a	n/a	n/a	goo	508.5596505	315	true	508.5121487	509.023001
509.7221935	0.5891884999999775	trials	/intervals/trials	316	start_time	n/a	n/a	n/a	n/a	n/a	n/a	n/a	n/a	n/a	poo	509.8046965	316	true	509.7221935	510.311382
509.8046965	0.0	cv_transition	/intervals/trials	316	cv_transition_time	n/a	n/a	n/a	n/a	n/a	n/a	n/a	n/a	n/a	poo	509.8046965	316	true	509.7221935	510.311382
511.1114116	0.5658541999999898	trials	/intervals/trials	317	start_time	n/a	n/a	n/a	n/a	n/a	n/a	n/a	n/a	n/a	too	511.1522464	317	true	511.1114116	511.6772658
511.1522464	0.0	cv_transition	/intervals/trials	317	cv_transition_time	n/a	n/a	n/a	n/a	n/a	n/a	n/a	n/a	n/a	too	511.1522464	317	true	511.1114116	511.6772658
512.430627	0.6350234999999884	trials	/intervals/trials	318	start_time	n/a	n/a	n/a	n/a	n/a	n/a	n/a	n/a	n/a	koo	512.5231305	318	true	512.430627	513.0656505
512.5231305	0.0	cv_transition	/intervals/trials	318	cv_transition_time	n/a	n/a	n/a	n/a	n/a	n/a	n/a	n/a	n/a	koo	512.5231305	318	true	512.430627	513.0656505
513.7748434	0.61752290000004	trials	/intervals/trials	319	start_time	n/a	n/a	n/a	n/a	n/a	n/a	n/a	n/a	n/a	moo	513.9231152	319	true	513.7748434	514.3923663
513.9231152	0.0	cv_transition	/intervals/trials	319	cv_transition_time	n/a	n/a	n/a	n/a	n/a	n/a	n/a	n/a	n/a	moo	513.9231152	319	true	513.7748434	514.3923663
515.185729	0.5441867999999204	trials	/intervals/trials	320	start_time	n/a	n/a	n/a	n/a	n/a	n/a	n/a	n/a	n/a	noo	515.2940663	320	true	515.185729	515.7299158
515.2940663	0.0	cv_transition	/intervals/trials	320	cv_transition_time	n/a	n/a	n/a	n/a	n/a	n/a	n/a	n/a	n/a	noo	515.2940663	320	true	515.185729	515.7299158
516.4632763	0.7041927000000214	trials	/intervals/trials	321	start_time	n/a	n/a	n/a	n/a	n/a	n/a	n/a	n/a	n/a	shoo	516.6682838	321	true	516.4632763	517.167469
516.6682838	0.0	cv_transition	/intervals/trials	321	cv_transition_time	n/a	n/a	n/a	n/a	n/a	n/a	n/a	n/a	n/a	shoo	516.6682838	321	true	516.4632763	517.167469
517.8141596	0.7191932999999153	trials	/intervals/trials	322	start_time	n/a	n/a	n/a	n/a	n/a	n/a	n/a	n/a	n/a	soo	518.0608354	322	true	517.8141596	518.5333529
518.0608354	0.0	cv_transition	/intervals/trials	322	cv_transition_time	n/a	n/a	n/a	n/a	n/a	n/a	n/a	n/a	n/a	soo	518.0608354	322	true	517.8141596	518.5333529
520.7101001	0.5783546999999771	trials	/intervals/trials	323	start_time	n/a	n/a	n/a	n/a	n/a	n/a	n/a	n/a	n/a	hoo	520.833438	323	true	520.7101001	521.2884548
520.833438	0.0	cv_transition	/intervals/trials	323	cv_transition_time	n/a	n/a	n/a	n/a	n/a	n/a	n/a	n/a	n/a	hoo	520.833438	323	true	520.7101001	521.2884548
522.1384862	0.5858551000000034	trials	/intervals/trials	324	start_time	n/a	n/a	n/a	n/a	n/a	n/a	n/a	n/a	n/a	voo	522.275158	324	true	522.1384862	522.7243413
522.275158	0.0	cv_transition	/intervals/trials	324	cv_transition_time	n/a	n/a	n/a	n/a	n/a	n/a	n/a	n/a	n/a	voo	522.275158	324	true	522.1384862	522.7243413
523.538538	0.6008555999999317	trials	/intervals/trials	325	start_time	n/a	n/a	n/a	n/a	n/a	n/a	n/a	n/a	n/a	roo	523.7127112	325	true	523.538538	524.1393936
523.7127112	0.0	cv_transition	/intervals/trials	325	cv_transition_time	n/a	n/a	n/a	n/a	n/a	n/a	n/a	n/a	n/a	roo	523.7127112	325	true	523.538538	524.1393936
525.0002588	0.5916885999999977	trials	/intervals/trials	326	start_time	n/a	n/a	n/a	n/a	n/a	n/a	n/a	n/a	n/a	loo	525.1302636	326	true	525.0002588	525.5919474
525.1302636	0.0	cv_transition	/intervals/trials	326	cv_transition_time	n/a	n/a	n/a	n/a	n/a	n/a	n/a	n/a	n/a	loo	525.1302636	326	true	525.0002588	525.5919474
526.47448	0.6366901999999754	trials	/intervals/trials	327	start_time	n/a	n/a	n/a	n/a	n/a	n/a	n/a	n/a	n/a	yoo	526.5394824	327	true	526.47448	527.1111702
526.5394824	0.0	cv_transition	/intervals/trials	327	cv_transition_time	n/a	n/a	n/a	n/a	n/a	n/a	n/a	n/a	n/a	yoo	526.5394824	327	true	526.47448	527.1111702
528.1145407	0.5708544999999958	trials	/intervals/trials	328	start_time	n/a	n/a	n/a	n/a	n/a	n/a	n/a	n/a	n/a	woo	528.1720428	328	true	528.1145407	528.6853952
528.1720428	0.0	cv_transition	/intervals/trials	328	cv_transition_time	n/a	n/a	n/a	n/a	n/a	n/a	n/a	n/a	n/a	woo	528.1720428	328	true	528.1145407	528.6853952
529.879606	0.490018100000043	trials	/intervals/trials	329	start_time	n/a	n/a	n/a	n/a	n/a	n/a	n/a	n/a	n/a	baa	529.9054403	329	true	529.879606	530.3696241
529.9054403	0.0	cv_transition	/intervals/trials	329	cv_transition_time	n/a	n/a	n/a	n/a	n/a	n/a	n/a	n/a	n/a	baa	529.9054403	329	true	529.879606	530.3696241
531.4496641	0.5475203000000874	trials	/intervals/trials	330	start_time	n/a	n/a	n/a	n/a	n/a	n/a	n/a	n/a	n/a	daa	531.4688315	330	true	531.4496641	531.9971844
531.4688315	0.0	cv_transition	/intervals/trials	330	cv_transition_time	n/a	n/a	n/a	n/a	n/a	n/a	n/a	n/a	n/a	daa	531.4688315	330	true	531.4496641	531.9971844
532.9702502	0.5619910000000345	trials	/intervals/trials	331	start_time	n/a	n/a	n/a	n/a	n/a	n/a	n/a	n/a	n/a	gaa	533.0047216	331	true	532.9702502	533.5322412
533.0047216	0.0	cv_transition	/intervals/trials	331	cv_transition_time	n/a	n/a	n/a	n/a	n/a	n/a	n/a	n/a	n/a	gaa	533.0047216	331	true	532.9702502	533.5322412
534.6381154	0.5583540000000085	trials	/intervals/trials	332	start_time	n/a	n/a	n/a	n/a	n/a	n/a	n/a	n/a	n/a	paa	534.662283	332	true	534.6381154	535.1964694
534.662283	0.0	cv_transition	/intervals/trials	332	cv_transition_time	n/a	n/a	n/a	n/a	n/a	n/a	n/a	n/a	n/a	paa	534.662283	332	true	534.6381154	535.1964694
536.2265075	0.49168489999999565	trials	/intervals/trials	333	start_time	n/a	n/a	n/a	n/a	n/a	n/a	n/a	n/a	n/a	taa	536.2698424	333	true	536.2265075	536.7181924
536.2698424	0.0	cv_transition	/intervals/trials	333	cv_transition_time	n/a	n/a	n/a	n/a	n/a	n/a	n/a	n/a	n/a	taa	536.2698424	333	true	536.2265075	536.7181924
537.7121484	0.5127663999999186	trials	/intervals/trials	334	start_time	n/a	n/a	n/a	n/a	n/a	n/a	n/a	n/a	n/a	kaa	537.7682312	334	true	537.7121484	538.2249148
537.7682312	0.0	cv_transition	/intervals/trials	334	cv_transition_time	n/a	n/a	n/a	n/a	n/a	n/a	n/a	n/a	n/a	kaa	537.7682312	334	true	537.7121484	538.2249148
539.1282815	0.6225231000000804	trials	/intervals/trials	335	start_time	n/a	n/a	n/a	n/a	n/a	n/a	n/a	n/a	n/a	maa	539.2274519	335	true	539.1282815	539.7508046
539.2274519	0.0	cv_transition	/intervals/trials	335	cv_transition_time	n/a	n/a	n/a	n/a	n/a	n/a	n/a	n/a	n/a	maa	539.2274519	335	true	539.1282815	539.7508046
540.5783352	0.6433571000000029	trials	/intervals/trials	336	start_time	n/a	n/a	n/a	n/a	n/a	n/a	n/a	n/a	n/a	naa	540.7016731	336	true	540.5783352	541.2216923
540.7016731	0.0	cv_transition	/intervals/trials	336	cv_transition_time	n/a	n/a	n/a	n/a	n/a	n/a	n/a	n/a	n/a	naa	540.7016731	336	true	540.5783352	541.2216923
542.3800685	0.6566910000000235	trials	/intervals/trials	337	start_time	n/a	n/a	n/a	n/a	n/a	n/a	n/a	n/a	n/a	shaa	542.6117438	337	true	542.3800685	543.0367595
542.6117438	0.0	cv_transition	/intervals/trials	337	cv_transition_time	n/a	n/a	n/a	n/a	n/a	n/a	n/a	n/a	n/a	shaa	542.6117438	337	true	542.3800685	543.0367595
543.7626197	0.6125226999999995	trials	/intervals/trials	338	start_time	n/a	n/a	n/a	n/a	n/a	n/a	n/a	n/a	n/a	saa	543.9232576	338	true	543.7626197	544.3751424
543.9232576	0.0	cv_transition	/intervals/trials	338	cv_transition_time	n/a	n/a	n/a	n/a	n/a	n/a	n/a	n/a	n/a	saa	543.9232576	338	true	543.7626197	544.3751424
546.374383	0.5341864000000669	trials	/intervals/trials	339	start_time	n/a	n/a	n/a	n/a	n/a	n/a	n/a	n/a	n/a	haa	546.5343889	339	true	546.374383	546.9085694
546.5343889	0.0	cv_transition	/intervals/trials	339	cv_transition_time	n/a	n/a	n/a	n/a	n/a	n/a	n/a	n/a	n/a	haa	546.5343889	339	true	546.374383	546.9085694
547.8452707	0.5925220000000309	trials	/intervals/trials	340	start_time	n/a	n/a	n/a	n/a	n/a	n/a	n/a	n/a	n/a	vaa	547.9811091	340	true	547.8452707	548.4377927
547.9811091	0.0	cv_transition	/intervals/trials	340	cv_transition_time	n/a	n/a	n/a	n/a	n/a	n/a	n/a	n/a	n/a	vaa	547.9811091	340	true	547.8452707	548.4377927
552.7296181	0.6108560000000125	trials	/intervals/trials	341	start_time	n/a	n/a	n/a	n/a	n/a	n/a	n/a	n/a	n/a	raa	552.8312886	341	true	552.7296181	553.3404741
552.8312886	0.0	cv_transition	/intervals/trials	341	cv_transition_time	n/a	n/a	n/a	n/a	n/a	n/a	n/a	n/a	n/a	raa	552.8312886	341	true	552.7296181	553.3404741
554.0396666	0.6558575999999903	trials	/intervals/trials	342	start_time	n/a	n/a	n/a	n/a	n/a	n/a	n/a	n/a	n/a	laa	554.2221734	342	true	554.0396666	554.6955242
554.2221734	0.0	cv_transition	/intervals/trials	342	cv_transition_time	n/a	n/a	n/a	n/a	n/a	n/a	n/a	n/a	n/a	laa	554.2221734	342	true	554.0396666	554.6955242
555.4355516	0.6341900999999552	trials	/intervals/trials	343	start_time	n/a	n/a	n/a	n/a	n/a	n/a	n/a	n/a	n/a	yaa	555.564723	343	true	555.4355516	556.0697417
555.564723	0.0	cv_transition	/intervals/trials	343	cv_transition_time	n/a	n/a	n/a	n/a	n/a	n/a	n/a	n/a	n/a	yaa	555.564723	343	true	555.4355516	556.0697417
556.8206028	0.6300234000000273	trials	/intervals/trials	344	start_time	n/a	n/a	n/a	n/a	n/a	n/a	n/a	n/a	n/a	waa	556.9756086	344	true	556.8206028	557.4506262
556.9756086	0.0	cv_transition	/intervals/trials	344	cv_transition_time	n/a	n/a	n/a	n/a	n/a	n/a	n/a	n/a	n/a	waa	556.9756086	344	true	556.8206028	557.4506262
558.3698268	0.4983517999999094	trials	/intervals/trials	345	start_time	n/a	n/a	n/a	n/a	n/a	n/a	n/a	n/a	n/a	bee	558.3998279	345	true	558.3698268	558.8681786
558.3998279	0.0	cv_transition	/intervals/trials	345	cv_transition_time	n/a	n/a	n/a	n/a	n/a	n/a	n/a	n/a	n/a	bee	558.3998279	345	true	558.3698268	558.8681786
559.6840421	0.5091854999999441	trials	/intervals/trials	346	start_time	n/a	n/a	n/a	n/a	n/a	n/a	n/a	n/a	n/a	dee	559.7365441	346	true	559.6840421	560.1932276
559.7365441	0.0	cv_transition	/intervals/trials	346	cv_transition_time	n/a	n/a	n/a	n/a	n/a	n/a	n/a	n/a	n/a	dee	559.7365441	346	true	559.6840421	560.1932276
561.0018816	0.5963979999999083	trials	/intervals/trials	347	start_time	n/a	n/a	n/a	n/a	n/a	n/a	n/a	n/a	n/a	gee	561.0790937	347	true	561.0018816	561.5982796
561.0790937	0.0	cv_transition	/intervals/trials	347	cv_transition_time	n/a	n/a	n/a	n/a	n/a	n/a	n/a	n/a	n/a	gee	561.0790937	347	true	561.0018816	561.5982796
562.3208064	0.5575205999999753	trials	/intervals/trials	348	start_time	n/a	n/a	n/a	n/a	n/a	n/a	n/a	n/a	n/a	pee	562.3824753	348	true	562.3208064	562.878327
562.3824753	0.0	cv_transition	/intervals/trials	348	cv_transition_time	n/a	n/a	n/a	n/a	n/a	n/a	n/a	n/a	n/a	pee	562.3824753	348	true	562.3208064	562.878327
563.6658561	0.5358531999999059	trials	/intervals/trials	349	start_time	n/a	n/a	n/a	n/a	n/a	n/a	n/a	n/a	n/a	tee	563.7366921	349	true	563.6658561	564.2017093
563.7366921	0.0	cv_transition	/intervals/trials	349	cv_transition_time	n/a	n/a	n/a	n/a	n/a	n/a	n/a	n/a	n/a	tee	563.7366921	349	true	563.6658561	564.2017093
565.1105381	0.5770595000000185	trials	/intervals/trials	350	start_time	n/a	n/a	n/a	n/a	n/a	n/a	n/a	n/a	n/a	kee	565.1950794	350	true	565.1105381	565.6875976
565.1950794	0.0	cv_transition	/intervals/trials	350	cv_transition_time	n/a	n/a	n/a	n/a	n/a	n/a	n/a	n/a	n/a	kee	565.1950794	350	true	565.1105381	565.6875976
566.4176246	0.6533575000000837	trials	/intervals/trials	351	start_time	n/a	n/a	n/a	n/a	n/a	n/a	n/a	n/a	n/a	mee	566.5834641	351	true	566.4176246	567.0709821
566.5834641	0.0	cv_transition	/intervals/trials	351	cv_transition_time	n/a	n/a	n/a	n/a	n/a	n/a	n/a	n/a	n/a	mee	566.5834641	351	true	566.4176246	567.0709821
567.8835122	0.6591909999999643	trials	/intervals/trials	352	start_time	n/a	n/a	n/a	n/a	n/a	n/a	n/a	n/a	n/a	nee	568.0418514	352	true	567.8835122	568.5427032
568.0418514	0.0	cv_transition	/intervals/trials	352	cv_transition_time	n/a	n/a	n/a	n/a	n/a	n/a	n/a	n/a	n/a	nee	568.0418514	352	true	567.8835122	568.5427032
569.3318991	0.7616949000000659	trials	/intervals/trials	353	start_time	n/a	n/a	n/a	n/a	n/a	n/a	n/a	n/a	n/a	shee	569.5435736	353	true	569.3318991	570.093594
569.5435736	0.0	cv_transition	/intervals/trials	353	cv_transition_time	n/a	n/a	n/a	n/a	n/a	n/a	n/a	n/a	n/a	shee	569.5435736	353	true	569.3318991	570.093594
570.8802897	0.7216933999999355	trials	/intervals/trials	354	start_time	n/a	n/a	n/a	n/a	n/a	n/a	n/a	n/a	n/a	see	571.1036313	354	true	570.8802897	571.6019831
571.1036313	0.0	cv_transition	/intervals/trials	354	cv_transition_time	n/a	n/a	n/a	n/a	n/a	n/a	n/a	n/a	n/a	see	571.1036313	354	true	570.8802897	571.6019831
573.8395659	0.6658579999999574	trials	/intervals/trials	355	start_time	n/a	n/a	n/a	n/a	n/a	n/a	n/a	n/a	n/a	hee	573.9620704	355	true	573.8395659	574.5054239
573.9620704	0.0	cv_transition	/intervals/trials	355	cv_transition_time	n/a	n/a	n/a	n/a	n/a	n/a	n/a	n/a	n/a	hee	573.9620704	355	true	573.8395659	574.5054239
575.400457	0.6791918000000123	trials	/intervals/trials	356	start_time	n/a	n/a	n/a	n/a	n/a	n/a	n/a	n/a	n/a	vee	575.5846305	356	true	575.400457	576.0796488
575.5846305	0.0	cv_transition	/intervals/trials	356	cv_transition_time	n/a	n/a	n/a	n/a	n/a	n/a	n/a	n/a	n/a	vee	575.5846305	356	true	575.400457	576.0796488
576.9696817	0.80669649999993	trials	/intervals/trials	357	start_time	n/a	n/a	n/a	n/a	n/a	n/a	n/a	n/a	n/a	ree	577.2680261	357	true	576.9696817	577.7763782
577.2680261	0.0	cv_transition	/intervals/trials	357	cv_transition_time	n/a	n/a	n/a	n/a	n/a	n/a	n/a	n/a	n/a	ree	577.2680261	357	true	576.9696817	577.7763782
578.6580775	0.7025260000000344	trials	/intervals/trials	358	start_time	n/a	n/a	n/a	n/a	n/a	n/a	n/a	n/a	n/a	lee	578.8014162	358	true	578.6580775	579.3606035
578.8014162	0.0	cv_transition	/intervals/trials	358	cv_transition_time	n/a	n/a	n/a	n/a	n/a	n/a	n/a	n/a	n/a	lee	578.8014162	358	true	578.6580775	579.3606035
580.2164685	0.6800251999999318	trials	/intervals/trials	359	start_time	n/a	n/a	n/a	n/a	n/a	n/a	n/a	n/a	n/a	yee	580.3198057	359	true	580.2164685	580.8964937
580.3198057	0.0	cv_transition	/intervals/trials	359	cv_transition_time	n/a	n/a	n/a	n/a	n/a	n/a	n/a	n/a	n/a	yee	580.3198057	359	true	580.2164685	580.8964937
581.7098571	0.7200265999999829	trials	/intervals/trials	360	start_time	n/a	n/a	n/a	n/a	n/a	n/a	n/a	n/a	n/a	wee	581.8956973	360	true	581.7098571	582.4298837
581.8956973	0.0	cv_transition	/intervals/trials	360	cv_transition_time	n/a	n/a	n/a	n/a	n/a	n/a	n/a	n/a	n/a	wee	581.8956973	360	true	581.7098571	582.4298837
583.3331552	0.463445800000045	trials	/intervals/trials	361	start_time	n/a	n/a	n/a	n/a	n/a	n/a	n/a	n/a	n/a	boo	583.3482511	361	true	583.3331552	583.796601
583.3482511	0.0	cv_transition	/intervals/trials	361	cv_transition_time	n/a	n/a	n/a	n/a	n/a	n/a	n/a	n/a	n/a	boo	583.3482511	361	true	583.3331552	583.796601
584.7266354	0.519185900000025	trials	/intervals/trials	362	start_time	n/a	n/a	n/a	n/a	n/a	n/a	n/a	n/a	n/a	doo	584.7841375	362	true	584.7266354	585.2458213
584.7841375	0.0	cv_transition	/intervals/trials	362	cv_transition_time	n/a	n/a	n/a	n/a	n/a	n/a	n/a	n/a	n/a	doo	584.7841375	362	true	584.7266354	585.2458213
586.2291865	0.5508581999999933	trials	/intervals/trials	363	start_time	n/a	n/a	n/a	n/a	n/a	n/a	n/a	n/a	n/a	goo	586.2908599	363	true	586.2291865	586.7800447
586.2908599	0.0	cv_transition	/intervals/trials	363	cv_transition_time	n/a	n/a	n/a	n/a	n/a	n/a	n/a	n/a	n/a	goo	586.2908599	363	true	586.2291865	586.7800447
588.3426025	0.49418500000001586	trials	/intervals/trials	364	start_time	n/a	n/a	n/a	n/a	n/a	n/a	n/a	n/a	n/a	poo	588.4492731	364	true	588.3426025	588.8367875
588.4492731	0.0	cv_transition	/intervals/trials	364	cv_transition_time	n/a	n/a	n/a	n/a	n/a	n/a	n/a	n/a	n/a	poo	588.4492731	364	true	588.3426025	588.8367875
589.6758886	0.5626174000000219	trials	/intervals/trials	365	start_time	n/a	n/a	n/a	n/a	n/a	n/a	n/a	n/a	n/a	too	589.732654	365	true	589.6758886	590.238506
589.732654	0.0	cv_transition	/intervals/trials	365	cv_transition_time	n/a	n/a	n/a	n/a	n/a	n/a	n/a	n/a	n/a	too	589.732654	365	true	589.6758886	590.238506
591.1602068	0.5391865999999936	trials	/intervals/trials	366	start_time	n/a	n/a	n/a	n/a	n/a	n/a	n/a	n/a	n/a	koo	591.2468766	366	true	591.1602068	591.6993934
591.2468766	0.0	cv_transition	/intervals/trials	366	cv_transition_time	n/a	n/a	n/a	n/a	n/a	n/a	n/a	n/a	n/a	koo	591.2468766	366	true	591.1602068	591.6993934
592.4844224	0.5791881000000103	trials	/intervals/trials	367	start_time	n/a	n/a	n/a	n/a	n/a	n/a	n/a	n/a	n/a	moo	592.6669292	367	true	592.4844224	593.0636105
592.6669292	0.0	cv_transition	/intervals/trials	367	cv_transition_time	n/a	n/a	n/a	n/a	n/a	n/a	n/a	n/a	n/a	moo	592.6669292	367	true	592.4844224	593.0636105
593.7569695	0.5558538999999882	trials	/intervals/trials	368	start_time	n/a	n/a	n/a	n/a	n/a	n/a	n/a	n/a	n/a	noo	593.9094752	368	true	593.7569695	594.3128234
593.9094752	0.0	cv_transition	/intervals/trials	368	cv_transition_time	n/a	n/a	n/a	n/a	n/a	n/a	n/a	n/a	n/a	noo	593.9094752	368	true	593.7569695	594.3128234
595.2353576	0.7366938999999775	trials	/intervals/trials	369	start_time	n/a	n/a	n/a	n/a	n/a	n/a	n/a	n/a	n/a	shoo	595.4420319	369	true	595.2353576	595.9720515
595.4420319	0.0	cv_transition	/intervals/trials	369	cv_transition_time	n/a	n/a	n/a	n/a	n/a	n/a	n/a	n/a	n/a	shoo	595.4420319	369	true	595.2353576	595.9720515
596.6454097	0.6808586000000787	trials	/intervals/trials	370	start_time	n/a	n/a	n/a	n/a	n/a	n/a	n/a	n/a	n/a	soo	596.8345834	370	true	596.6454097	597.3262683
596.8345834	0.0	cv_transition	/intervals/trials	370	cv_transition_time	n/a	n/a	n/a	n/a	n/a	n/a	n/a	n/a	n/a	soo	596.8345834	370	true	596.6454097	597.3262683
599.607186	0.5933553000000984	trials	/intervals/trials	371	start_time	n/a	n/a	n/a	n/a	n/a	n/a	n/a	n/a	n/a	hoo	599.7163567	371	true	599.607186	600.2005413
599.7163567	0.0	cv_transition	/intervals/trials	371	cv_transition_time	n/a	n/a	n/a	n/a	n/a	n/a	n/a	n/a	n/a	hoo	599.7163567	371	true	599.607186	600.2005413
600.9897371	0.6150228000000197	trials	/intervals/trials	372	start_time	n/a	n/a	n/a	n/a	n/a	n/a	n/a	n/a	n/a	voo	601.0730736	372	true	600.9897371	601.6047599
601.0730736	0.0	cv_transition	/intervals/trials	372	cv_transition_time	n/a	n/a	n/a	n/a	n/a	n/a	n/a	n/a	n/a	voo	601.0730736	372	true	600.9897371	601.6047599
602.4939595	0.61168930000008	trials	/intervals/trials	373	start_time	n/a	n/a	n/a	n/a	n/a	n/a	n/a	n/a	n/a	roo	602.616464	373	true	602.4939595	603.1056488
602.616464	0.0	cv_transition	/intervals/trials	373	cv_transition_time	n/a	n/a	n/a	n/a	n/a	n/a	n/a	n/a	n/a	roo	602.616464	373	true	602.4939595	603.1056488
603.8840109	0.6683580999999776	trials	/intervals/trials	374	start_time	n/a	n/a	n/a	n/a	n/a	n/a	n/a	n/a	n/a	loo	604.119853	374	true	603.8840109	604.552369
604.119853	0.0	cv_transition	/intervals/trials	374	cv_transition_time	n/a	n/a	n/a	n/a	n/a	n/a	n/a	n/a	n/a	loo	604.119853	374	true	603.8840109	604.552369
605.4607359	0.7633615999999392	trials	/intervals/trials	375	start_time	n/a	n/a	n/a	n/a	n/a	n/a	n/a	n/a	n/a	yoo	605.5924074	375	true	605.4607359	606.2240975
605.5924074	0.0	cv_transition	/intervals/trials	375	cv_transition_time	n/a	n/a	n/a	n/a	n/a	n/a	n/a	n/a	n/a	yoo	605.5924074	375	true	605.4607359	606.2240975
607.5458131	0.5091854999999441	trials	/intervals/trials	376	start_time	n/a	n/a	n/a	n/a	n/a	n/a	n/a	n/a	n/a	woo	607.6766512	376	true	607.5458131	608.0549986
607.6766512	0.0	cv_transition	/intervals/trials	376	cv_transition_time	n/a	n/a	n/a	n/a	n/a	n/a	n/a	n/a	n/a	woo	607.6766512	376	true	607.5458131	608.0549986
