onset	duration	trial_type	source_table	source_row	source_onset_column	nwb_epochs_id	nwb_epochs_label	nwb_epochs_start_time	nwb_epochs_stop_time	nwb_invalid_times_id	nwb_invalid_times_start_time	nwb_invalid_times_stop_time	nwb_invalid_times_tags	nwb_invalid_times_timeseries	nwb_trials_condition	nwb_trials_cv_transition_time	nwb_trials_id	nwb_trials_speak	nwb_trials_start_time	nwb_trials_stop_time
14.534210640138411	4.03650519031142	invalid_times	/intervals/invalid_times	0	start_time	n/a	n/a	n/a	n/a	0	14.534210640138411	18.57071583044983	"[""ECoG artifact""]"	"[{""idx_start"":44354,""count"":12319,""timeseries"":""/acquisition/ElectricalSeries""}]"	n/a	n/a	n/a	n/a	n/a	n/a
24.9580498866	0.47891156459999706	trials	/intervals/trials	0	start_time	n/a	n/a	n/a	n/a	n/a	n/a	n/a	n/a	n/a	fee	25.15980748960231	0	true	24.9580498866	25.4369614512
25.15980748960231	0.0	cv_transition	/intervals/trials	0	cv_transition_time	n/a	n/a	n/a	n/a	n/a	n/a	n/a	n/a	n/a	fee	25.15980748960231	0	true	24.9580498866	25.4369614512
27.71878237487814	0.38212465462186174	trials	/intervals/trials	1	start_time	n/a	n/a	n/a	n/a	n/a	n/a	n/a	n/a	n/a	zee	27.842060865317457	1	true	27.71878237487814	28.1009070295
27.842060865317457	0.0	cv_transition	/intervals/trials	1	cv_transition_time	n/a	n/a	n/a	n/a	n/a	n/a	n/a	n/a	n/a	zee	27.842060865317457	1	true	27.71878237487814	28.1009070295
30.37050879804978	0.3137997938455399	trials	/intervals/trials	2	start_time	n/a	n/a	n/a	n/a	n/a	n/a	n/a	n/a	n/a	daa	30.443977797402507	2	true	30.37050879804978	30.68430859189532
30.443977797402507	0.0	cv_transition	/intervals/trials	2	cv_transition_time	n/a	n/a	n/a	n/a	n/a	n/a	n/a	n/a	n/a	daa	30.443977797402507	2	true	30.37050879804978	30.68430859189532
33.2990929705	0.37913832200000286	trials	/intervals/trials	3	start_time	n/a	n/a	n/a	n/a	n/a	n/a	n/a	n/a	n/a	woo	33.4880319410866	3	true	33.2990929705	33.6782312925
33.4880319410866	0.0	cv_transition	/intervals/trials	3	cv_transition_time	n/a	n/a	n/a	n/a	n/a	n/a	n/a	n/a	n/a	woo	33.4880319410866	3	true	33.2990929705	33.6782312925
36.3920634921	0.37913832200000286	trials	/intervals/trials	4	start_time	n/a	n/a	n/a	n/a	n/a	n/a	n/a	n/a	n/a	too	36.4918367347	4	true	36.3920634921	36.7712018141
36.4918367347	0.0	cv_transition	/intervals/trials	4	cv_transition_time	n/a	n/a	n/a	n/a	n/a	n/a	n/a	n/a	n/a	too	36.4918367347	4	true	36.3920634921	36.7712018141
40.479056894394304	0.3636085635376176	trials	/intervals/trials	5	start_time	n/a	n/a	n/a	n/a	n/a	n/a	n/a	n/a	n/a	yoo	40.6623582766	5	true	40.479056894394304	40.84266545793192
40.6623582766	0.0	cv_transition	/intervals/trials	5	cv_transition_time	n/a	n/a	n/a	n/a	n/a	n/a	n/a	n/a	n/a	yoo	40.6623582766	5	true	40.479056894394304	40.84266545793192
43.08837219017312	0.3648537983442566	trials	/intervals/trials	6	start_time	n/a	n/a	n/a	n/a	n/a	n/a	n/a	n/a	n/a	mee	43.2265306122	6	true	43.08837219017312	43.453225988517374
43.2265306122	0.0	cv_transition	/intervals/trials	6	cv_transition_time	n/a	n/a	n/a	n/a	n/a	n/a	n/a	n/a	n/a	mee	43.2265306122	6	true	43.08837219017312	43.453225988517374
46.1299319728	0.42902494329999996	trials	/intervals/trials	7	start_time	n/a	n/a	n/a	n/a	n/a	n/a	n/a	n/a	n/a	see	46.298385179528424	7	true	46.1299319728	46.5589569161
46.298385179528424	0.0	cv_transition	/intervals/trials	7	cv_transition_time	n/a	n/a	n/a	n/a	n/a	n/a	n/a	n/a	n/a	see	46.298385179528424	7	true	46.1299319728	46.5589569161
46.302272923875435	0.47573096885813015	invalid_times	/intervals/invalid_times	5	start_time	n/a	n/a	n/a	n/a	5	46.302272923875435	46.778003892733565	"[""ECoG artifact""]"	"[{""idx_start"":141303,""count"":1452,""timeseries"":""/acquisition/ElectricalSeries""}]"	n/a	n/a	n/a	n/a	n/a	n/a
49.7916099773	0.3258246460600418	trials	/intervals/trials	8	start_time	n/a	n/a	n/a	n/a	n/a	n/a	n/a	n/a	n/a	noo	49.8714285714	8	true	49.7916099773	50.11743462336004
49.8714285714	0.0	cv_transition	/intervals/trials	8	cv_transition_time	n/a	n/a	n/a	n/a	n/a	n/a	n/a	n/a	n/a	noo	49.8714285714	8	true	49.7916099773	50.11743462336004
52.5779979930625	0.3337229281783678	trials	/intervals/trials	9	start_time	n/a	n/a	n/a	n/a	n/a	n/a	n/a	n/a	n/a	hee	52.639014498587656	9	true	52.5779979930625	52.91172092124087
52.639014498587656	0.0	cv_transition	/intervals/trials	9	cv_transition_time	n/a	n/a	n/a	n/a	n/a	n/a	n/a	n/a	n/a	hee	52.639014498587656	9	true	52.5779979930625	52.91172092124087
54.730573431007855	0.38726802486370104	trials	/intervals/trials	10	start_time	n/a	n/a	n/a	n/a	n/a	n/a	n/a	n/a	n/a	waa	54.8401360544	10	true	54.730573431007855	55.117841455871556
54.8401360544	0.0	cv_transition	/intervals/trials	10	cv_transition_time	n/a	n/a	n/a	n/a	n/a	n/a	n/a	n/a	n/a	waa	54.8401360544	10	true	54.730573431007855	55.117841455871556
58.10598021145437	0.35987285911771494	trials	/intervals/trials	11	start_time	n/a	n/a	n/a	n/a	n/a	n/a	n/a	n/a	n/a	taa	58.162585034	11	true	58.10598021145437	58.46585307057209
58.162585034	0.0	cv_transition	/intervals/trials	11	cv_transition_time	n/a	n/a	n/a	n/a	n/a	n/a	n/a	n/a	n/a	taa	58.162585034	11	true	58.10598021145437	58.46585307057209
61.20146861662737	0.37107997237743007	trials	/intervals/trials	12	start_time	n/a	n/a	n/a	n/a	n/a	n/a	n/a	n/a	n/a	pee	61.25501371331271	12	true	61.20146861662737	61.5725485890048
61.25501371331271	0.0	cv_transition	/intervals/trials	12	cv_transition_time	n/a	n/a	n/a	n/a	n/a	n/a	n/a	n/a	n/a	pee	61.25501371331271	12	true	61.20146861662737	61.5725485890048
64.04174701164085	0.4162553040236787	trials	/intervals/trials	13	start_time	n/a	n/a	n/a	n/a	n/a	n/a	n/a	n/a	n/a	foo	64.15816479763215	13	true	64.04174701164085	64.45800231566453
64.15816479763215	0.0	cv_transition	/intervals/trials	13	cv_transition_time	n/a	n/a	n/a	n/a	n/a	n/a	n/a	n/a	n/a	foo	64.15816479763215	13	true	64.04174701164085	64.45800231566453
67.02310119285778	0.40780765668739605	trials	/intervals/trials	14	start_time	n/a	n/a	n/a	n/a	n/a	n/a	n/a	n/a	n/a	lee	67.152154195	14	true	67.02310119285778	67.43090884954518
67.152154195	0.0	cv_transition	/intervals/trials	14	cv_transition_time	n/a	n/a	n/a	n/a	n/a	n/a	n/a	n/a	n/a	lee	67.152154195	14	true	67.02310119285778	67.43090884954518
69.27710423875433	0.34598615916954145	invalid_times	/intervals/invalid_times	1	start_time	n/a	n/a	n/a	n/a	1	69.27710423875433	69.62309039792387	"[""ECoG artifact""]"	"[{""idx_start"":211416,""count"":1056,""timeseries"":""/acquisition/ElectricalSeries""}]"	n/a	n/a	n/a	n/a	n/a	n/a
70.06426690993429	0.4632196894281151	trials	/intervals/trials	15	start_time	n/a	n/a	n/a	n/a	n/a	n/a	n/a	n/a	n/a	raa	70.23921950768873	15	true	70.06426690993429	70.5274865993624
70.23921950768873	0.0	cv_transition	/intervals/trials	15	cv_transition_time	n/a	n/a	n/a	n/a	n/a	n/a	n/a	n/a	n/a	raa	70.23921950768873	15	true	70.06426690993429	70.5274865993624
72.9217781272404	0.44267365481638876	trials	/intervals/trials	16	start_time	n/a	n/a	n/a	n/a	n/a	n/a	n/a	n/a	n/a	voo	73.0587301587	16	true	72.9217781272404	73.36445178205679
73.0587301587	0.0	cv_transition	/intervals/trials	16	cv_transition_time	n/a	n/a	n/a	n/a	n/a	n/a	n/a	n/a	n/a	voo	73.0587301587	16	true	72.9217781272404	73.36445178205679
76.51067127471818	0.3693740767818241	trials	/intervals/trials	17	start_time	n/a	n/a	n/a	n/a	n/a	n/a	n/a	n/a	n/a	wee	76.61900491176185	17	true	76.51067127471818	76.8800453515
76.61900491176185	0.0	cv_transition	/intervals/trials	17	cv_transition_time	n/a	n/a	n/a	n/a	n/a	n/a	n/a	n/a	n/a	wee	76.61900491176185	17	true	76.51067127471818	76.8800453515
79.92335507647647	0.4188217942235326	trials	/intervals/trials	18	start_time	n/a	n/a	n/a	n/a	n/a	n/a	n/a	n/a	n/a	doo	80.0528344671	18	true	79.92335507647647	80.3421768707
80.0528344671	0.0	cv_transition	/intervals/trials	18	cv_transition_time	n/a	n/a	n/a	n/a	n/a	n/a	n/a	n/a	n/a	doo	80.0528344671	18	true	79.92335507647647	80.3421768707
83.32784398989484	0.3106809476137471	trials	/intervals/trials	19	start_time	n/a	n/a	n/a	n/a	n/a	n/a	n/a	n/a	n/a	ree	83.38885948662059	19	true	83.32784398989484	83.63852493750859
83.38885948662059	0.0	cv_transition	/intervals/trials	19	cv_transition_time	n/a	n/a	n/a	n/a	n/a	n/a	n/a	n/a	n/a	ree	83.38885948662059	19	true	83.32784398989484	83.63852493750859
86.16594437332158	0.39210551327842325	trials	/intervals/trials	20	start_time	n/a	n/a	n/a	n/a	n/a	n/a	n/a	n/a	n/a	vee	86.2761458316936	20	true	86.16594437332158	86.5580498866
86.2761458316936	0.0	cv_transition	/intervals/trials	20	cv_transition_time	n/a	n/a	n/a	n/a	n/a	n/a	n/a	n/a	n/a	vee	86.2761458316936	20	true	86.16594437332158	86.5580498866
89.0424036281	0.41157738435231295	trials	/intervals/trials	21	start_time	n/a	n/a	n/a	n/a	n/a	n/a	n/a	n/a	n/a	nee	89.2319727891	21	true	89.0424036281	89.45398101245232
89.2319727891	0.0	cv_transition	/intervals/trials	21	cv_transition_time	n/a	n/a	n/a	n/a	n/a	n/a	n/a	n/a	n/a	nee	89.2319727891	21	true	89.0424036281	89.45398101245232
92.4066672438251	0.34243391019550984	trials	/intervals/trials	22	start_time	n/a	n/a	n/a	n/a	n/a	n/a	n/a	n/a	n/a	moo	92.5045351474	22	true	92.4066672438251	92.74910115402061
92.5045351474	0.0	cv_transition	/intervals/trials	22	cv_transition_time	n/a	n/a	n/a	n/a	n/a	n/a	n/a	n/a	n/a	moo	92.5045351474	22	true	92.4066672438251	92.74910115402061
95.62910704572073	0.4308441197369035	trials	/intervals/trials	23	start_time	n/a	n/a	n/a	n/a	n/a	n/a	n/a	n/a	n/a	raa	95.73557286143607	23	true	95.62910704572073	96.05995116545763
95.73557286143607	0.0	cv_transition	/intervals/trials	23	cv_transition_time	n/a	n/a	n/a	n/a	n/a	n/a	n/a	n/a	n/a	raa	95.73557286143607	23	true	95.62910704572073	96.05995116545763
98.82910314044925	0.3579990879316739	trials	/intervals/trials	24	start_time	n/a	n/a	n/a	n/a	n/a	n/a	n/a	n/a	n/a	haa	98.89260906561279	24	true	98.82910314044925	99.18710222838092
98.89260906561279	0.0	cv_transition	/intervals/trials	24	cv_transition_time	n/a	n/a	n/a	n/a	n/a	n/a	n/a	n/a	n/a	haa	98.89260906561279	24	true	98.82910314044925	99.18710222838092
102.26898729431701	0.3256235182404623	trials	/intervals/trials	25	start_time	n/a	n/a	n/a	n/a	n/a	n/a	n/a	n/a	n/a	paa	102.30447589955546	25	true	102.26898729431701	102.59461081255748
102.30447589955546	0.0	cv_transition	/intervals/trials	25	cv_transition_time	n/a	n/a	n/a	n/a	n/a	n/a	n/a	n/a	n/a	paa	102.30447589955546	25	true	102.26898729431701	102.59461081255748
105.83284856524178	0.30071152575823135	trials	/intervals/trials	26	start_time	n/a	n/a	n/a	n/a	n/a	n/a	n/a	n/a	n/a	thoo	105.86771456337077	26	true	105.83284856524178	106.133560091
105.86771456337077	0.0	cv_transition	/intervals/trials	26	cv_transition_time	n/a	n/a	n/a	n/a	n/a	n/a	n/a	n/a	n/a	thoo	105.86771456337077	26	true	105.83284856524178	106.133560091
109.02770859352712	0.363602551916685	trials	/intervals/trials	27	start_time	n/a	n/a	n/a	n/a	n/a	n/a	n/a	n/a	n/a	koo	109.10304405377013	27	true	109.02770859352712	109.39131114544381
109.10304405377013	0.0	cv_transition	/intervals/trials	27	cv_transition_time	n/a	n/a	n/a	n/a	n/a	n/a	n/a	n/a	n/a	koo	109.10304405377013	27	true	109.02770859352712	109.39131114544381
111.910430839	0.38746514693177403	trials	/intervals/trials	28	start_time	n/a	n/a	n/a	n/a	n/a	n/a	n/a	n/a	n/a	ree	111.990249433	28	true	111.910430839	112.29789598593177
111.990249433	0.0	cv_transition	/intervals/trials	28	cv_transition_time	n/a	n/a	n/a	n/a	n/a	n/a	n/a	n/a	n/a	ree	111.990249433	28	true	111.910430839	112.29789598593177
114.98179802564603	0.3708096843539721	trials	/intervals/trials	29	start_time	n/a	n/a	n/a	n/a	n/a	n/a	n/a	n/a	n/a	tee	115.04966220057568	29	true	114.98179802564603	115.35260771
115.04966220057568	0.0	cv_transition	/intervals/trials	29	cv_transition_time	n/a	n/a	n/a	n/a	n/a	n/a	n/a	n/a	n/a	tee	115.04966220057568	29	true	114.98179802564603	115.35260771
118.0529910736674	0.35675387371279044	trials	/intervals/trials	30	start_time	n/a	n/a	n/a	n/a	n/a	n/a	n/a	n/a	n/a	roo	118.17875770977558	30	true	118.0529910736674	118.40974494738019
118.17875770977558	0.0	cv_transition	/intervals/trials	30	cv_transition_time	n/a	n/a	n/a	n/a	n/a	n/a	n/a	n/a	n/a	roo	118.17875770977558	30	true	118.0529910736674	118.40974494738019
121.43702983343982	0.2910880805601721	trials	/intervals/trials	31	start_time	n/a	n/a	n/a	n/a	n/a	n/a	n/a	n/a	n/a	thee	121.46193411781768	31	true	121.43702983343982	121.728117914
121.46193411781768	0.0	cv_transition	/intervals/trials	31	cv_transition_time	n/a	n/a	n/a	n/a	n/a	n/a	n/a	n/a	n/a	thee	121.46193411781768	31	true	121.43702983343982	121.728117914
122.19961721453286	1.1965354671280295	invalid_times	/intervals/invalid_times	14	start_time	n/a	n/a	n/a	n/a	14	122.19961721453286	123.3961526816609	"[""ECoG artifact""]"	"[{""idx_start"":372923,""count"":3652,""timeseries"":""/acquisition/ElectricalSeries""}]"	n/a	n/a	n/a	n/a	n/a	n/a
124.02211663240095	0.42088240598575055	trials	/intervals/trials	32	start_time	n/a	n/a	n/a	n/a	n/a	n/a	n/a	n/a	n/a	goo	124.15260771	32	true	124.02211663240095	124.4429990383867
124.15260771	0.0	cv_transition	/intervals/trials	32	cv_transition_time	n/a	n/a	n/a	n/a	n/a	n/a	n/a	n/a	n/a	goo	124.15260771	32	true	124.02211663240095	124.4429990383867
127.42634311273864	0.4432962619258376	trials	/intervals/trials	33	start_time	n/a	n/a	n/a	n/a	n/a	n/a	n/a	n/a	n/a	yaa	127.56271740562278	33	true	127.42634311273864	127.86963937466447
127.56271740562278	0.0	cv_transition	/intervals/trials	33	cv_transition_time	n/a	n/a	n/a	n/a	n/a	n/a	n/a	n/a	n/a	yaa	127.56271740562278	33	true	127.42634311273864	127.86963937466447
130.41030282420195	0.3772255207980493	trials	/intervals/trials	34	start_time	n/a	n/a	n/a	n/a	n/a	n/a	n/a	n/a	n/a	kee	130.498185941	34	true	130.41030282420195	130.787528345
130.498185941	0.0	cv_transition	/intervals/trials	34	cv_transition_time	n/a	n/a	n/a	n/a	n/a	n/a	n/a	n/a	n/a	kee	130.498185941	34	true	130.41030282420195	130.787528345
133.51626651861218	0.4538769807549272	trials	/intervals/trials	35	start_time	n/a	n/a	n/a	n/a	n/a	n/a	n/a	n/a	n/a	zaa	133.611111111	35	true	133.51626651861218	133.9701434993671
133.611111111	0.0	cv_transition	/intervals/trials	35	cv_transition_time	n/a	n/a	n/a	n/a	n/a	n/a	n/a	n/a	n/a	zaa	133.611111111	35	true	133.51626651861218	133.9701434993671
136.73635988555816	0.4613482067755683	trials	/intervals/trials	36	start_time	n/a	n/a	n/a	n/a	n/a	n/a	n/a	n/a	n/a	shaa	136.88391659946615	36	true	136.73635988555816	137.19770809233373
136.88391659946615	0.0	cv_transition	/intervals/trials	36	cv_transition_time	n/a	n/a	n/a	n/a	n/a	n/a	n/a	n/a	n/a	shaa	136.88391659946615	36	true	136.73635988555816	137.19770809233373
140.072602048433	0.3797873227167372	trials	/intervals/trials	37	start_time	n/a	n/a	n/a	n/a	n/a	n/a	n/a	n/a	n/a	loo	140.17968962139574	37	true	140.072602048433	140.45238937114974
140.17968962139574	0.0	cv_transition	/intervals/trials	37	cv_transition_time	n/a	n/a	n/a	n/a	n/a	n/a	n/a	n/a	n/a	loo	140.17968962139574	37	true	140.072602048433	140.45238937114974
142.4399256084516	0.3791647205483457	trials	/intervals/trials	38	start_time	n/a	n/a	n/a	n/a	n/a	n/a	n/a	n/a	n/a	poo	142.510884354	38	true	142.4399256084516	142.81909032899995
142.510884354	0.0	cv_transition	/intervals/trials	38	cv_transition_time	n/a	n/a	n/a	n/a	n/a	n/a	n/a	n/a	n/a	poo	142.510884354	38	true	142.4399256084516	142.81909032899995
144.83381766646775	0.4308081835322355	trials	/intervals/trials	39	start_time	n/a	n/a	n/a	n/a	n/a	n/a	n/a	n/a	n/a	dee	144.98573259555445	39	true	144.83381766646775	145.26462585
144.98573259555445	0.0	cv_transition	/intervals/trials	39	cv_transition_time	n/a	n/a	n/a	n/a	n/a	n/a	n/a	n/a	n/a	dee	144.98573259555445	39	true	144.83381766646775	145.26462585
147.87731758551908	0.33433736442441386	trials	/intervals/trials	40	start_time	n/a	n/a	n/a	n/a	n/a	n/a	n/a	n/a	n/a	laa	147.938548753	40	true	147.87731758551908	148.2116549499435
147.938548753	0.0	cv_transition	/intervals/trials	40	cv_transition_time	n/a	n/a	n/a	n/a	n/a	n/a	n/a	n/a	n/a	laa	147.938548753	40	true	147.87731758551908	148.2116549499435
150.64998353806232	0.3698256880225017	trials	/intervals/trials	41	start_time	n/a	n/a	n/a	n/a	n/a	n/a	n/a	n/a	n/a	maa	150.73465743296308	41	true	150.64998353806232	151.01980922608482
150.73465743296308	0.0	cv_transition	/intervals/trials	41	cv_transition_time	n/a	n/a	n/a	n/a	n/a	n/a	n/a	n/a	n/a	maa	150.73465743296308	41	true	150.64998353806232	151.01980922608482
153.426077098	0.46893423999998163	trials	/intervals/trials	42	start_time	n/a	n/a	n/a	n/a	n/a	n/a	n/a	n/a	n/a	zoo	153.575736961	42	true	153.426077098	153.895011338
153.575736961	0.0	cv_transition	/intervals/trials	42	cv_transition_time	n/a	n/a	n/a	n/a	n/a	n/a	n/a	n/a	n/a	zoo	153.575736961	42	true	153.426077098	153.895011338
156.72826415583407	0.46632902412267185	trials	/intervals/trials	43	start_time	n/a	n/a	n/a	n/a	n/a	n/a	n/a	n/a	n/a	shoo	156.88578250443626	43	true	156.72826415583407	157.19459317995674
156.88578250443626	0.0	cv_transition	/intervals/trials	43	cv_transition_time	n/a	n/a	n/a	n/a	n/a	n/a	n/a	n/a	n/a	shoo	156.88578250443626	43	true	156.72826415583407	157.19459317995674
159.42717763974161	0.45422825625837504	trials	/intervals/trials	44	start_time	n/a	n/a	n/a	n/a	n/a	n/a	n/a	n/a	n/a	yee	159.6102226772477	44	true	159.42717763974161	159.881405896
159.6102226772477	0.0	cv_transition	/intervals/trials	44	cv_transition_time	n/a	n/a	n/a	n/a	n/a	n/a	n/a	n/a	n/a	yee	159.6102226772477	44	true	159.42717763974161	159.881405896
162.15510149999102	0.39099665000262007	trials	/intervals/trials	45	start_time	n/a	n/a	n/a	n/a	n/a	n/a	n/a	n/a	n/a	faa	162.21673911466144	45	true	162.15510149999102	162.54609814999364
162.21673911466144	0.0	cv_transition	/intervals/trials	45	cv_transition_time	n/a	n/a	n/a	n/a	n/a	n/a	n/a	n/a	n/a	faa	162.21673911466144	45	true	162.15510149999102	162.54609814999364
165.08809666803333	0.3716934945276762	trials	/intervals/trials	46	start_time	n/a	n/a	n/a	n/a	n/a	n/a	n/a	n/a	n/a	gee	165.15720550872442	46	true	165.08809666803333	165.459790162561
165.15720550872442	0.0	cv_transition	/intervals/trials	46	cv_transition_time	n/a	n/a	n/a	n/a	n/a	n/a	n/a	n/a	n/a	gee	165.15720550872442	46	true	165.08809666803333	165.459790162561
168.50952417149804	0.43519891570326763	trials	/intervals/trials	47	start_time	n/a	n/a	n/a	n/a	n/a	n/a	n/a	n/a	n/a	yaa	168.65023226155375	47	true	168.50952417149804	168.9447230872013
168.65023226155375	0.0	cv_transition	/intervals/trials	47	cv_transition_time	n/a	n/a	n/a	n/a	n/a	n/a	n/a	n/a	n/a	yaa	168.65023226155375	47	true	168.50952417149804	168.9447230872013
171.57603633811294	0.35737364465475707	trials	/intervals/trials	48	start_time	n/a	n/a	n/a	n/a	n/a	n/a	n/a	n/a	n/a	hoo	171.63144793109947	48	true	171.57603633811294	171.9334099827677
171.63144793109947	0.0	cv_transition	/intervals/trials	48	cv_transition_time	n/a	n/a	n/a	n/a	n/a	n/a	n/a	n/a	n/a	hoo	171.63144793109947	48	true	171.57603633811294	171.9334099827677
174.57723651687215	0.4470283569026492	trials	/intervals/trials	49	start_time	n/a	n/a	n/a	n/a	n/a	n/a	n/a	n/a	n/a	shee	174.7216802199382	49	true	174.57723651687215	175.0242648737748
174.7216802199382	0.0	cv_transition	/intervals/trials	49	cv_transition_time	n/a	n/a	n/a	n/a	n/a	n/a	n/a	n/a	n/a	shee	174.7216802199382	49	true	174.57723651687215	175.0242648737748
177.05783953287198	1.7587629757785237	invalid_times	/intervals/invalid_times	13	start_time	n/a	n/a	n/a	n/a	13	177.05783953287198	178.8166025086505	"[""ECoG artifact""]"	"[{""idx_start"":540337,""count"":5367,""timeseries"":""/acquisition/ElectricalSeries""}]"	n/a	n/a	n/a	n/a	n/a	n/a
177.4079364052525	0.44204753955554565	trials	/intervals/trials	50	start_time	n/a	n/a	n/a	n/a	n/a	n/a	n/a	n/a	n/a	saa	177.53743765627723	50	true	177.4079364052525	177.84998394480806
177.53743765627723	0.0	cv_transition	/intervals/trials	50	cv_transition_time	n/a	n/a	n/a	n/a	n/a	n/a	n/a	n/a	n/a	saa	177.53743765627723	50	true	177.4079364052525	177.84998394480806
180.8028490935603	0.39286196825290176	trials	/intervals/trials	51	start_time	n/a	n/a	n/a	n/a	n/a	n/a	n/a	n/a	n/a	naa	180.92985993591148	51	true	180.8028490935603	181.1957110618132
180.92985993591148	0.0	cv_transition	/intervals/trials	51	cv_transition_time	n/a	n/a	n/a	n/a	n/a	n/a	n/a	n/a	n/a	naa	180.92985993591148	51	true	180.8028490935603	181.1957110618132
183.71371257806052	0.36173185983349754	trials	/intervals/trials	52	start_time	n/a	n/a	n/a	n/a	n/a	n/a	n/a	n/a	n/a	daa	183.7878022360987	52	true	183.71371257806052	184.07544443789402
183.7878022360987	0.0	cv_transition	/intervals/trials	52	cv_transition_time	n/a	n/a	n/a	n/a	n/a	n/a	n/a	n/a	n/a	daa	183.7878022360987	52	true	183.71371257806052	184.07544443789402
186.89609045281625	0.356751042486394	trials	/intervals/trials	53	start_time	n/a	n/a	n/a	n/a	n/a	n/a	n/a	n/a	n/a	lee	186.979818594	53	true	186.89609045281625	187.25284149530265
186.979818594	0.0	cv_transition	/intervals/trials	53	cv_transition_time	n/a	n/a	n/a	n/a	n/a	n/a	n/a	n/a	n/a	lee	186.979818594	53	true	186.89609045281625	187.25284149530265
189.8851818225527	0.3617318598334691	trials	/intervals/trials	54	start_time	n/a	n/a	n/a	n/a	n/a	n/a	n/a	n/a	n/a	gee	189.95553586758055	54	true	189.8851818225527	190.24691368238618
189.95553586758055	0.0	cv_transition	/intervals/trials	54	cv_transition_time	n/a	n/a	n/a	n/a	n/a	n/a	n/a	n/a	n/a	gee	189.95553586758055	54	true	189.8851818225527	190.24691368238618
193.16061547603442	0.419011259325174	trials	/intervals/trials	55	start_time	n/a	n/a	n/a	n/a	n/a	n/a	n/a	n/a	n/a	raa	193.275510204	55	true	193.16061547603442	193.5796267353596
193.275510204	0.0	cv_transition	/intervals/trials	55	cv_transition_time	n/a	n/a	n/a	n/a	n/a	n/a	n/a	n/a	n/a	raa	193.275510204	55	true	193.16061547603442	193.5796267353596
196.10047662738066	0.4320859048613386	trials	/intervals/trials	56	start_time	n/a	n/a	n/a	n/a	n/a	n/a	n/a	n/a	n/a	saa	196.21441282419568	56	true	196.10047662738066	196.532562532242
196.21441282419568	0.0	cv_transition	/intervals/trials	56	cv_transition_time	n/a	n/a	n/a	n/a	n/a	n/a	n/a	n/a	n/a	saa	196.21441282419568	56	true	196.10047662738066	196.532562532242
199.7073798954637	0.36110925766510604	trials	/intervals/trials	57	start_time	n/a	n/a	n/a	n/a	n/a	n/a	n/a	n/a	n/a	thee	199.7553202624296	57	true	199.7073798954637	200.0684891531288
199.7553202624296	0.0	cv_transition	/intervals/trials	57	cv_transition_time	n/a	n/a	n/a	n/a	n/a	n/a	n/a	n/a	n/a	thee	199.7553202624296	57	true	199.7073798954637	200.0684891531288
202.52373590130432	0.3965975812631939	trials	/intervals/trials	58	start_time	n/a	n/a	n/a	n/a	n/a	n/a	n/a	n/a	n/a	yaa	202.63767209811934	58	true	202.52373590130432	202.92033348256751
202.63767209811934	0.0	cv_transition	/intervals/trials	58	cv_transition_time	n/a	n/a	n/a	n/a	n/a	n/a	n/a	n/a	n/a	yaa	202.63767209811934	58	true	202.52373590130432	202.92033348256751
205.6750811846329	0.39971059210515136	trials	/intervals/trials	59	start_time	n/a	n/a	n/a	n/a	n/a	n/a	n/a	n/a	n/a	loo	205.7641132947124	59	true	205.6750811846329	206.07479177673804
205.7641132947124	0.0	cv_transition	/intervals/trials	59	cv_transition_time	n/a	n/a	n/a	n/a	n/a	n/a	n/a	n/a	n/a	loo	205.7641132947124	59	true	205.6750811846329	206.07479177673804
209.1163156860554	0.40967222679935844	trials	/intervals/trials	60	start_time	n/a	n/a	n/a	n/a	n/a	n/a	n/a	n/a	n/a	saa	209.21032861348198	60	true	209.1163156860554	209.52598791285476
209.21032861348198	0.0	cv_transition	/intervals/trials	60	cv_transition_time	n/a	n/a	n/a	n/a	n/a	n/a	n/a	n/a	n/a	saa	209.21032861348198	60	true	209.1163156860554	209.52598791285476
212.511791383	0.34920634899998504	trials	/intervals/trials	61	start_time	n/a	n/a	n/a	n/a	n/a	n/a	n/a	n/a	n/a	ree	212.631519274	61	true	212.511791383	212.860997732
212.631519274	0.0	cv_transition	/intervals/trials	61	cv_transition_time	n/a	n/a	n/a	n/a	n/a	n/a	n/a	n/a	n/a	ree	212.631519274	61	true	212.511791383	212.860997732
215.475056689	0.3192743769999993	trials	/intervals/trials	62	start_time	n/a	n/a	n/a	n/a	n/a	n/a	n/a	n/a	n/a	nee	215.524943311	62	true	215.475056689	215.794331066
215.524943311	0.0	cv_transition	/intervals/trials	62	cv_transition_time	n/a	n/a	n/a	n/a	n/a	n/a	n/a	n/a	n/a	nee	215.524943311	62	true	215.475056689	215.794331066
218.69392302766136	0.3741839032012422	trials	/intervals/trials	63	start_time	n/a	n/a	n/a	n/a	n/a	n/a	n/a	n/a	n/a	vaa	218.77755102	63	true	218.69392302766136	219.0681069308626
218.77755102	0.0	cv_transition	/intervals/trials	63	cv_transition_time	n/a	n/a	n/a	n/a	n/a	n/a	n/a	n/a	n/a	vaa	218.77755102	63	true	218.69392302766136	219.0681069308626
221.85845643798322	0.31814970804632026	trials	/intervals/trials	64	start_time	n/a	n/a	n/a	n/a	n/a	n/a	n/a	n/a	n/a	hoo	221.89332215941295	64	true	221.85845643798322	222.17660614602954
221.89332215941295	0.0	cv_transition	/intervals/trials	64	cv_transition_time	n/a	n/a	n/a	n/a	n/a	n/a	n/a	n/a	n/a	hoo	221.89332215941295	64	true	221.85845643798322	222.17660614602954
225.2137468775102	0.34305379478183795	trials	/intervals/trials	65	start_time	n/a	n/a	n/a	n/a	n/a	n/a	n/a	n/a	n/a	haa	225.262811791	65	true	225.2137468775102	225.55680067229204
225.262811791	0.0	cv_transition	/intervals/trials	65	cv_transition_time	n/a	n/a	n/a	n/a	n/a	n/a	n/a	n/a	n/a	haa	225.262811791	65	true	225.2137468775102	225.55680067229204
228.17547444905782	0.43333110919812157	trials	/intervals/trials	66	start_time	n/a	n/a	n/a	n/a	n/a	n/a	n/a	n/a	n/a	yee	228.38890142147272	66	true	228.17547444905782	228.60880555825594
228.38890142147272	0.0	cv_transition	/intervals/trials	66	cv_transition_time	n/a	n/a	n/a	n/a	n/a	n/a	n/a	n/a	n/a	yee	228.38890142147272	66	true	228.17547444905782	228.60880555825594
231.83743770586202	0.413407839809679	trials	/intervals/trials	67	start_time	n/a	n/a	n/a	n/a	n/a	n/a	n/a	n/a	n/a	moo	231.90841435305825	67	true	231.83743770586202	232.2508455456717
231.90841435305825	0.0	cv_transition	/intervals/trials	67	cv_transition_time	n/a	n/a	n/a	n/a	n/a	n/a	n/a	n/a	n/a	moo	231.90841435305825	67	true	231.83743770586202	232.2508455456717
235.818820862	0.32969123259371713	trials	/intervals/trials	68	start_time	n/a	n/a	n/a	n/a	n/a	n/a	n/a	n/a	n/a	paa	235.848752834	68	true	235.818820862	236.1485120945937
235.848752834	0.0	cv_transition	/intervals/trials	68	cv_transition_time	n/a	n/a	n/a	n/a	n/a	n/a	n/a	n/a	n/a	paa	235.848752834	68	true	235.818820862	236.1485120945937
237.97109875440455	0.35301542947604503	trials	/intervals/trials	69	start_time	n/a	n/a	n/a	n/a	n/a	n/a	n/a	n/a	n/a	noo	238.083673469	69	true	237.97109875440455	238.3241141838806
238.083673469	0.0	cv_transition	/intervals/trials	69	cv_transition_time	n/a	n/a	n/a	n/a	n/a	n/a	n/a	n/a	n/a	noo	238.083673469	69	true	237.97109875440455	238.3241141838806
240.428344671	0.3993107118805881	trials	/intervals/trials	70	start_time	n/a	n/a	n/a	n/a	n/a	n/a	n/a	n/a	n/a	zaa	240.55184262228465	70	true	240.428344671	240.82765538288058
240.55184262228465	0.0	cv_transition	/intervals/trials	70	cv_transition_time	n/a	n/a	n/a	n/a	n/a	n/a	n/a	n/a	n/a	zaa	240.55184262228465	70	true	240.428344671	240.82765538288058
242.683219955	0.3448662595951646	trials	/intervals/trials	71	start_time	n/a	n/a	n/a	n/a	n/a	n/a	n/a	n/a	n/a	dhoo	242.733106576	71	true	242.683219955	243.02808621459516
242.733106576	0.0	cv_transition	/intervals/trials	71	cv_transition_time	n/a	n/a	n/a	n/a	n/a	n/a	n/a	n/a	n/a	dhoo	242.733106576	71	true	242.683219955	243.02808621459516
246.0481529824524	0.32562093406696135	trials	/intervals/trials	72	start_time	n/a	n/a	n/a	n/a	n/a	n/a	n/a	n/a	n/a	pee	246.0904899299028	72	true	246.0481529824524	246.37377391651935
246.0904899299028	0.0	cv_transition	/intervals/trials	72	cv_transition_time	n/a	n/a	n/a	n/a	n/a	n/a	n/a	n/a	n/a	pee	246.0904899299028	72	true	246.0481529824524	246.37377391651935
249.9982278750116	0.4551221850916818	trials	/intervals/trials	73	start_time	n/a	n/a	n/a	n/a	n/a	n/a	n/a	n/a	n/a	shee	250.1501428040983	73	true	249.9982278750116	250.45335006010328
250.1501428040983	0.0	cv_transition	/intervals/trials	73	cv_transition_time	n/a	n/a	n/a	n/a	n/a	n/a	n/a	n/a	n/a	shee	250.1501428040983	73	true	249.9982278750116	250.45335006010328
252.77674684766467	0.3953523769264393	trials	/intervals/trials	74	start_time	n/a	n/a	n/a	n/a	n/a	n/a	n/a	n/a	n/a	raa	252.919954649	74	true	252.77674684766467	253.1720992245911
252.919954649	0.0	cv_transition	/intervals/trials	74	cv_transition_time	n/a	n/a	n/a	n/a	n/a	n/a	n/a	n/a	n/a	raa	252.919954649	74	true	252.77674684766467	253.1720992245911
255.35934906752308	0.3903715595793358	trials	/intervals/trials	75	start_time	n/a	n/a	n/a	n/a	n/a	n/a	n/a	n/a	n/a	fee	255.47702087734845	75	true	255.35934906752308	255.74972062710242
255.47702087734845	0.0	cv_transition	/intervals/trials	75	cv_transition_time	n/a	n/a	n/a	n/a	n/a	n/a	n/a	n/a	n/a	fee	255.47702087734845	75	true	255.35934906752308	255.74972062710242
258.4591376125628	0.3274837024371777	trials	/intervals/trials	76	start_time	n/a	n/a	n/a	n/a	n/a	n/a	n/a	n/a	n/a	kee	258.5145486192104	76	true	258.4591376125628	258.786621315
258.5145486192104	0.0	cv_transition	/intervals/trials	76	cv_transition_time	n/a	n/a	n/a	n/a	n/a	n/a	n/a	n/a	n/a	kee	258.5145486192104	76	true	258.4591376125628	258.786621315
261.7178071520753	0.35135384592467744	trials	/intervals/trials	77	start_time	n/a	n/a	n/a	n/a	n/a	n/a	n/a	n/a	n/a	boo	261.829705215	77	true	261.7178071520753	262.069160998
261.829705215	0.0	cv_transition	/intervals/trials	77	cv_transition_time	n/a	n/a	n/a	n/a	n/a	n/a	n/a	n/a	n/a	boo	261.829705215	77	true	261.7178071520753	262.069160998
264.728971333717	0.41962942112922974	trials	/intervals/trials	78	start_time	n/a	n/a	n/a	n/a	n/a	n/a	n/a	n/a	n/a	soo	264.87839427299156	78	true	264.728971333717	265.14860075484626
264.87839427299156	0.0	cv_transition	/intervals/trials	78	cv_transition_time	n/a	n/a	n/a	n/a	n/a	n/a	n/a	n/a	n/a	soo	264.87839427299156	78	true	264.728971333717	265.14860075484626
268.285034014	0.3691609969999945	trials	/intervals/trials	79	start_time	n/a	n/a	n/a	n/a	n/a	n/a	n/a	n/a	n/a	naa	268.364852608	79	true	268.285034014	268.654195011
268.364852608	0.0	cv_transition	/intervals/trials	79	cv_transition_time	n/a	n/a	n/a	n/a	n/a	n/a	n/a	n/a	n/a	naa	268.364852608	79	true	268.285034014	268.654195011
271.208390023	0.393695152102282	trials	/intervals/trials	80	start_time	n/a	n/a	n/a	n/a	n/a	n/a	n/a	n/a	n/a	foo	271.3331238844082	80	true	271.208390023	271.6020851751023
271.3331238844082	0.0	cv_transition	/intervals/trials	80	cv_transition_time	n/a	n/a	n/a	n/a	n/a	n/a	n/a	n/a	n/a	foo	271.3331238844082	80	true	271.208390023	271.6020851751023
274.4392335486911	0.3809478573089109	trials	/intervals/trials	81	start_time	n/a	n/a	n/a	n/a	n/a	n/a	n/a	n/a	n/a	doo	274.560770975	81	true	274.4392335486911	274.820181406
274.560770975	0.0	cv_transition	/intervals/trials	81	cv_transition_time	n/a	n/a	n/a	n/a	n/a	n/a	n/a	n/a	n/a	doo	274.560770975	81	true	274.4392335486911	274.820181406
277.743537415	0.32841362840287047	trials	/intervals/trials	82	start_time	n/a	n/a	n/a	n/a	n/a	n/a	n/a	n/a	n/a	fee	277.783446712	82	true	277.743537415	278.07195104340286
277.783446712	0.0	cv_transition	/intervals/trials	82	cv_transition_time	n/a	n/a	n/a	n/a	n/a	n/a	n/a	n/a	n/a	fee	277.783446712	82	true	277.743537415	278.07195104340286
280.766666667	0.354198737530794	trials	/intervals/trials	83	start_time	n/a	n/a	n/a	n/a	n/a	n/a	n/a	n/a	n/a	zee	280.9079377160646	83	true	280.766666667	281.1208654045308
280.9079377160646	0.0	cv_transition	/intervals/trials	83	cv_transition_time	n/a	n/a	n/a	n/a	n/a	n/a	n/a	n/a	n/a	zee	280.9079377160646	83	true	280.766666667	281.1208654045308
283.6698519067459	0.36608620122251523	trials	/intervals/trials	84	start_time	n/a	n/a	n/a	n/a	n/a	n/a	n/a	n/a	n/a	kee	283.74954414102564	84	true	283.6698519067459	284.03593810796843
283.74954414102564	0.0	cv_transition	/intervals/trials	84	cv_transition_time	n/a	n/a	n/a	n/a	n/a	n/a	n/a	n/a	n/a	kee	283.74954414102564	84	true	283.6698519067459	284.03593810796843
287.2946147484625	0.3564056595375291	trials	/intervals/trials	85	start_time	n/a	n/a	n/a	n/a	n/a	n/a	n/a	n/a	n/a	woo	287.47392227559186	85	true	287.2946147484625	287.651020408
287.47392227559186	0.0	cv_transition	/intervals/trials	85	cv_transition_time	n/a	n/a	n/a	n/a	n/a	n/a	n/a	n/a	n/a	woo	287.47392227559186	85	true	287.2946147484625	287.651020408
290.295011338	0.34500513033771085	trials	/intervals/trials	86	start_time	n/a	n/a	n/a	n/a	n/a	n/a	n/a	n/a	n/a	hoo	290.32871867818255	86	true	290.295011338	290.6400164683377
290.32871867818255	0.0	cv_transition	/intervals/trials	86	cv_transition_time	n/a	n/a	n/a	n/a	n/a	n/a	n/a	n/a	n/a	hoo	290.32871867818255	86	true	290.295011338	290.6400164683377
292.5577960405629	0.37231215702558984	trials	/intervals/trials	87	start_time	n/a	n/a	n/a	n/a	n/a	n/a	n/a	n/a	n/a	bee	292.659637188	87	true	292.5577960405629	292.9301081975885
292.659637188	0.0	cv_transition	/intervals/trials	87	cv_transition_time	n/a	n/a	n/a	n/a	n/a	n/a	n/a	n/a	n/a	bee	292.659637188	87	true	292.5577960405629	292.9301081975885
296.2098028471869	0.37417994376653496	trials	/intervals/trials	88	start_time	n/a	n/a	n/a	n/a	n/a	n/a	n/a	n/a	n/a	koo	296.281405896	88	true	296.2098028471869	296.5839827909534
296.281405896	0.0	cv_transition	/intervals/trials	88	cv_transition_time	n/a	n/a	n/a	n/a	n/a	n/a	n/a	n/a	n/a	koo	296.281405896	88	true	296.2098028471869	296.5839827909534
299.3900196375856	0.34393627247038694	trials	/intervals/trials	89	start_time	n/a	n/a	n/a	n/a	n/a	n/a	n/a	n/a	n/a	nee	299.5048407365018	89	true	299.3900196375856	299.733955910056
299.5048407365018	0.0	cv_transition	/intervals/trials	89	cv_transition_time	n/a	n/a	n/a	n/a	n/a	n/a	n/a	n/a	n/a	nee	299.5048407365018	89	true	299.3900196375856	299.733955910056
302.158049887	0.3654158221567627	trials	/intervals/trials	90	start_time	n/a	n/a	n/a	n/a	n/a	n/a	n/a	n/a	n/a	hee	302.2277328085093	90	true	302.158049887	302.52346570915677
302.2277328085093	0.0	cv_transition	/intervals/trials	90	cv_transition_time	n/a	n/a	n/a	n/a	n/a	n/a	n/a	n/a	n/a	hee	302.2277328085093	90	true	302.158049887	302.52346570915677
305.85377096161375	0.3530116940359562	trials	/intervals/trials	91	start_time	n/a	n/a	n/a	n/a	n/a	n/a	n/a	n/a	n/a	kaa	305.90952381	91	true	305.85377096161375	306.2067826556497
305.90952381	0.0	cv_transition	/intervals/trials	91	cv_transition_time	n/a	n/a	n/a	n/a	n/a	n/a	n/a	n/a	n/a	kaa	305.90952381	91	true	305.85377096161375	306.2067826556497
307.80985942906574	3.7193512110726488	invalid_times	/intervals/invalid_times	4	start_time	n/a	n/a	n/a	n/a	4	307.80985942906574	311.5292106401384	"[""ECoG artifact""]"	"[{""idx_start"":939361,""count"":11350,""timeseries"":""/acquisition/ElectricalSeries""}]"	n/a	n/a	n/a	n/a	n/a	n/a
308.75140680384254	0.35674726751784647	trials	/intervals/trials	92	start_time	n/a	n/a	n/a	n/a	n/a	n/a	n/a	n/a	n/a	too	308.81428895745387	92	true	308.75140680384254	309.1081540713604
308.81428895745387	0.0	cv_transition	/intervals/trials	92	cv_transition_time	n/a	n/a	n/a	n/a	n/a	n/a	n/a	n/a	n/a	too	308.81428895745387	92	true	308.75140680384254	309.1081540713604
311.656462585	0.32489772031317443	trials	/intervals/trials	93	start_time	n/a	n/a	n/a	n/a	n/a	n/a	n/a	n/a	n/a	voo	311.736281179	93	true	311.656462585	311.98136030531316
311.736281179	0.0	cv_transition	/intervals/trials	93	cv_transition_time	n/a	n/a	n/a	n/a	n/a	n/a	n/a	n/a	n/a	voo	311.736281179	93	true	311.656462585	311.98136030531316
315.148526077	0.4281401759909613	trials	/intervals/trials	94	start_time	n/a	n/a	n/a	n/a	n/a	n/a	n/a	n/a	n/a	waa	315.278231293	94	true	315.148526077	315.57666625299095
315.278231293	0.0	cv_transition	/intervals/trials	94	cv_transition_time	n/a	n/a	n/a	n/a	n/a	n/a	n/a	n/a	n/a	waa	315.278231293	94	true	315.148526077	315.57666625299095
318.0	16.0	epochs	/intervals/epochs	0	start_time	0	rest_period	318.0	334.0	n/a	n/a	n/a	n/a	n/a	n/a	n/a	n/a	n/a	n/a	n/a
335.97087171203674	0.33557901778726773	trials	/intervals/trials	95	start_time	n/a	n/a	n/a	n/a	n/a	n/a	n/a	n/a	n/a	taa	336.0318860789071	95	true	335.97087171203674	336.306450729824
336.0318860789071	0.0	cv_transition	/intervals/trials	95	cv_transition_time	n/a	n/a	n/a	n/a	n/a	n/a	n/a	n/a	n/a	taa	336.0318860789071	95	true	335.97087171203674	336.306450729824
338.27493905328333	0.34865352497382673	trials	/intervals/trials	96	start_time	n/a	n/a	n/a	n/a	n/a	n/a	n/a	n/a	n/a	yoo	338.345804989	96	true	338.27493905328333	338.62359257825716
338.345804989	0.0	cv_transition	/intervals/trials	96	cv_transition_time	n/a	n/a	n/a	n/a	n/a	n/a	n/a	n/a	n/a	yoo	338.345804989	96	true	338.27493905328333	338.62359257825716
341.0470222210777	0.36795398796346035	trials	/intervals/trials	97	start_time	n/a	n/a	n/a	n/a	n/a	n/a	n/a	n/a	n/a	daa	341.1404115581243	97	true	341.0470222210777	341.4149762090412
341.1404115581243	0.0	cv_transition	/intervals/trials	97	cv_transition_time	n/a	n/a	n/a	n/a	n/a	n/a	n/a	n/a	n/a	daa	341.1404115581243	97	true	341.0470222210777	341.4149762090412
344.192517007	0.35436704112868256	trials	/intervals/trials	98	start_time	n/a	n/a	n/a	n/a	n/a	n/a	n/a	n/a	n/a	laa	344.282312925	98	true	344.192517007	344.5468840481287
344.282312925	0.0	cv_transition	/intervals/trials	98	cv_transition_time	n/a	n/a	n/a	n/a	n/a	n/a	n/a	n/a	n/a	laa	344.282312925	98	true	344.192517007	344.5468840481287
347.075963719	0.38812188042066964	trials	/intervals/trials	99	start_time	n/a	n/a	n/a	n/a	n/a	n/a	n/a	n/a	n/a	faa	347.165759637	99	true	347.075963719	347.4640855994207
347.165759637	0.0	cv_transition	/intervals/trials	99	cv_transition_time	n/a	n/a	n/a	n/a	n/a	n/a	n/a	n/a	n/a	faa	347.165759637	99	true	347.075963719	347.4640855994207
350.6714385763087	0.34367276033128746	trials	/intervals/trials	100	start_time	n/a	n/a	n/a	n/a	n/a	n/a	n/a	n/a	n/a	wee	350.797505669	100	true	350.6714385763087	351.01511133663996
350.797505669	0.0	cv_transition	/intervals/trials	100	cv_transition_time	n/a	n/a	n/a	n/a	n/a	n/a	n/a	n/a	n/a	wee	350.797505669	100	true	350.6714385763087	351.01511133663996
353.790702948	0.3691609979999839	trials	/intervals/trials	101	start_time	n/a	n/a	n/a	n/a	n/a	n/a	n/a	n/a	n/a	roo	353.980272109	101	true	353.790702948	354.159863946
353.980272109	0.0	cv_transition	/intervals/trials	101	cv_transition_time	n/a	n/a	n/a	n/a	n/a	n/a	n/a	n/a	n/a	roo	353.980272109	101	true	353.790702948	354.159863946
356.893650794	0.326340004534984	trials	/intervals/trials	102	start_time	n/a	n/a	n/a	n/a	n/a	n/a	n/a	n/a	n/a	dhaa	356.953514739	102	true	356.893650794	357.219990798535
356.953514739	0.0	cv_transition	/intervals/trials	102	cv_transition_time	n/a	n/a	n/a	n/a	n/a	n/a	n/a	n/a	n/a	dhaa	356.953514739	102	true	356.893650794	357.219990798535
360.0069375460271	0.36608620122251523	trials	/intervals/trials	103	start_time	n/a	n/a	n/a	n/a	n/a	n/a	n/a	n/a	n/a	yee	360.18873545547774	103	true	360.0069375460271	360.3730237472496
360.18873545547774	0.0	cv_transition	/intervals/trials	103	cv_transition_time	n/a	n/a	n/a	n/a	n/a	n/a	n/a	n/a	n/a	yee	360.18873545547774	103	true	360.0069375460271	360.3730237472496
362.74060340366486	0.4047985387324502	trials	/intervals/trials	104	start_time	n/a	n/a	n/a	n/a	n/a	n/a	n/a	n/a	n/a	shee	362.8950071075818	104	true	362.74060340366486	363.1454019423973
362.8950071075818	0.0	cv_transition	/intervals/trials	104	cv_transition_time	n/a	n/a	n/a	n/a	n/a	n/a	n/a	n/a	n/a	shee	362.8950071075818	104	true	362.74060340366486	363.1454019423973
367.55180890365267	0.3511439072950111	trials	/intervals/trials	105	start_time	n/a	n/a	n/a	n/a	n/a	n/a	n/a	n/a	n/a	gaa	367.619274376	105	true	367.55180890365267	367.9029528109477
367.619274376	0.0	cv_transition	/intervals/trials	105	cv_transition_time	n/a	n/a	n/a	n/a	n/a	n/a	n/a	n/a	n/a	gaa	367.619274376	105	true	367.55180890365267	367.9029528109477
370.2923440157583	0.33010496424168423	trials	/intervals/trials	106	start_time	n/a	n/a	n/a	n/a	n/a	n/a	n/a	n/a	n/a	goo	370.382993197	106	true	370.2923440157583	370.62244898
370.382993197	0.0	cv_transition	/intervals/trials	106	cv_transition_time	n/a	n/a	n/a	n/a	n/a	n/a	n/a	n/a	n/a	goo	370.382993197	106	true	370.2923440157583	370.62244898
372.63088412481693	0.3362360561830542	trials	/intervals/trials	107	start_time	n/a	n/a	n/a	n/a	n/a	n/a	n/a	n/a	n/a	maa	372.737641723	107	true	372.63088412481693	372.967120181
372.737641723	0.0	cv_transition	/intervals/trials	107	cv_transition_time	n/a	n/a	n/a	n/a	n/a	n/a	n/a	n/a	n/a	maa	372.737641723	107	true	372.63088412481693	372.967120181
375.2339917813811	0.3586150542587916	trials	/intervals/trials	108	start_time	n/a	n/a	n/a	n/a	n/a	n/a	n/a	n/a	n/a	zoo	375.301814059	108	true	375.2339917813811	375.5926068356399
375.301814059	0.0	cv_transition	/intervals/trials	108	cv_transition_time	n/a	n/a	n/a	n/a	n/a	n/a	n/a	n/a	n/a	zoo	375.301814059	108	true	375.2339917813811	375.5926068356399
377.5852349810211	0.33682420894791676	trials	/intervals/trials	109	start_time	n/a	n/a	n/a	n/a	n/a	n/a	n/a	n/a	n/a	koo	377.666439909	109	true	377.5852349810211	377.922059189969
377.666439909	0.0	cv_transition	/intervals/trials	109	cv_transition_time	n/a	n/a	n/a	n/a	n/a	n/a	n/a	n/a	n/a	koo	377.666439909	109	true	377.5852349810211	377.922059189969
380.9599955726074	0.3411823780101031	trials	/intervals/trials	110	start_time	n/a	n/a	n/a	n/a	n/a	n/a	n/a	n/a	n/a	ree	381.048752834	110	true	380.9599955726074	381.3011779506175
381.048752834	0.0	cv_transition	/intervals/trials	110	cv_transition_time	n/a	n/a	n/a	n/a	n/a	n/a	n/a	n/a	n/a	ree	381.048752834	110	true	380.9599955726074	381.3011779506175
384.3056059223976	0.35176650287536404	trials	/intervals/trials	111	start_time	n/a	n/a	n/a	n/a	n/a	n/a	n/a	n/a	n/a	bee	384.38031739203484	111	true	384.3056059223976	384.65737242527297
384.38031739203484	0.0	cv_transition	/intervals/trials	111	cv_transition_time	n/a	n/a	n/a	n/a	n/a	n/a	n/a	n/a	n/a	bee	384.38031739203484	111	true	384.3056059223976	384.65737242527297
387.4725097075631	0.3561246719375504	trials	/intervals/trials	112	start_time	n/a	n/a	n/a	n/a	n/a	n/a	n/a	n/a	n/a	kee	387.5646538534491	112	true	387.4725097075631	387.82863437950067
387.5646538534491	0.0	cv_transition	/intervals/trials	112	cv_transition_time	n/a	n/a	n/a	n/a	n/a	n/a	n/a	n/a	n/a	kee	387.5646538534491	112	true	387.4725097075631	387.82863437950067
391.2296365538885	0.31939153269922826	trials	/intervals/trials	113	start_time	n/a	n/a	n/a	n/a	n/a	n/a	n/a	n/a	n/a	jee	391.275510204	113	true	391.2296365538885	391.5490280865877
391.275510204	0.0	cv_transition	/intervals/trials	113	cv_transition_time	n/a	n/a	n/a	n/a	n/a	n/a	n/a	n/a	n/a	jee	391.275510204	113	true	391.2296365538885	391.5490280865877
394.8336622207074	0.2666603474214071	trials	/intervals/trials	114	start_time	n/a	n/a	n/a	n/a	n/a	n/a	n/a	n/a	n/a	thoo	394.857369615	114	true	394.8336622207074	395.10032256812883
394.857369615	0.0	cv_transition	/intervals/trials	114	cv_transition_time	n/a	n/a	n/a	n/a	n/a	n/a	n/a	n/a	n/a	thoo	394.857369615	114	true	394.8336622207074	395.10032256812883
398.44108181686596	0.35733088113403255	trials	/intervals/trials	115	start_time	n/a	n/a	n/a	n/a	n/a	n/a	n/a	n/a	n/a	doo	398.529024943	115	true	398.44108181686596	398.798412698
398.529024943	0.0	cv_transition	/intervals/trials	115	cv_transition_time	n/a	n/a	n/a	n/a	n/a	n/a	n/a	n/a	n/a	doo	398.529024943	115	true	398.44108181686596	398.798412698
400.6598430904283	0.29697809180805734	trials	/intervals/trials	116	start_time	n/a	n/a	n/a	n/a	n/a	n/a	n/a	n/a	n/a	mee	400.724036281	116	true	400.6598430904283	400.95682118223635
400.724036281	0.0	cv_transition	/intervals/trials	116	cv_transition_time	n/a	n/a	n/a	n/a	n/a	n/a	n/a	n/a	n/a	mee	400.724036281	116	true	400.6598430904283	400.95682118223635
401.6541890138408	0.4613148788927788	invalid_times	/intervals/invalid_times	3	start_time	n/a	n/a	n/a	n/a	3	401.6541890138408	402.11550389273356	"[""ECoG artifact""]"	"[{""idx_start"":1225751,""count"":1408,""timeseries"":""/acquisition/ElectricalSeries""}]"	n/a	n/a	n/a	n/a	n/a	n/a
403.47262510788573	0.37231215702558984	trials	/intervals/trials	117	start_time	n/a	n/a	n/a	n/a	n/a	n/a	n/a	n/a	n/a	lee	403.547619048	117	true	403.47262510788573	403.8449372649113
403.547619048	0.0	cv_transition	/intervals/trials	117	cv_transition_time	n/a	n/a	n/a	n/a	n/a	n/a	n/a	n/a	n/a	lee	403.547619048	117	true	403.47262510788573	403.8449372649113
406.9964687373554	0.39036742885463127	trials	/intervals/trials	118	start_time	n/a	n/a	n/a	n/a	n/a	n/a	n/a	n/a	n/a	gaa	407.159410431	118	true	406.9964687373554	407.38683616621006
407.159410431	0.0	cv_transition	/intervals/trials	118	cv_transition_time	n/a	n/a	n/a	n/a	n/a	n/a	n/a	n/a	n/a	gaa	407.159410431	118	true	406.9964687373554	407.38683616621006
409.7900047090519	0.33993718684945406	trials	/intervals/trials	119	start_time	n/a	n/a	n/a	n/a	n/a	n/a	n/a	n/a	n/a	haa	409.85973541404667	119	true	409.7900047090519	410.12994189590137
409.85973541404667	0.0	cv_transition	/intervals/trials	119	cv_transition_time	n/a	n/a	n/a	n/a	n/a	n/a	n/a	n/a	n/a	haa	409.85973541404667	119	true	409.7900047090519	410.12994189590137
413.4215780769997	0.42263961000031713	trials	/intervals/trials	120	start_time	n/a	n/a	n/a	n/a	n/a	n/a	n/a	n/a	n/a	soo	413.5822077367198	120	true	413.4215780769997	413.844217687
413.5822077367198	0.0	cv_transition	/intervals/trials	120	cv_transition_time	n/a	n/a	n/a	n/a	n/a	n/a	n/a	n/a	n/a	soo	413.5822077367198	120	true	413.4215780769997	413.844217687
416.16820296256435	0.3479761732170914	trials	/intervals/trials	121	start_time	n/a	n/a	n/a	n/a	n/a	n/a	n/a	n/a	n/a	taa	416.228798186	121	true	416.16820296256435	416.51617913578144
416.228798186	0.0	cv_transition	/intervals/trials	121	cv_transition_time	n/a	n/a	n/a	n/a	n/a	n/a	n/a	n/a	n/a	taa	416.228798186	121	true	416.16820296256435	416.51617913578144
418.7430839	0.3400618806959983	trials	/intervals/trials	122	start_time	n/a	n/a	n/a	n/a	n/a	n/a	n/a	n/a	n/a	roo	418.832879819	122	true	418.7430839	419.083145780696
418.832879819	0.0	cv_transition	/intervals/trials	122	cv_transition_time	n/a	n/a	n/a	n/a	n/a	n/a	n/a	n/a	n/a	roo	418.832879819	122	true	418.7430839	419.083145780696
422.17596639779924	0.3094300034142634	trials	/intervals/trials	123	start_time	n/a	n/a	n/a	n/a	n/a	n/a	n/a	n/a	n/a	yoo	422.2986177271204	123	true	422.17596639779924	422.4853964012135
422.2986177271204	0.0	cv_transition	/intervals/trials	123	cv_transition_time	n/a	n/a	n/a	n/a	n/a	n/a	n/a	n/a	n/a	yoo	422.2986177271204	123	true	422.17596639779924	422.4853964012135
425.6693404039903	0.3474083338131777	trials	/intervals/trials	124	start_time	n/a	n/a	n/a	n/a	n/a	n/a	n/a	n/a	n/a	voo	425.767120181	124	true	425.6693404039903	426.0167487378035
425.767120181	0.0	cv_transition	/intervals/trials	124	cv_transition_time	n/a	n/a	n/a	n/a	n/a	n/a	n/a	n/a	n/a	voo	425.767120181	124	true	425.6693404039903	426.0167487378035
429.319047619	0.33922902500000873	trials	/intervals/trials	125	start_time	n/a	n/a	n/a	n/a	n/a	n/a	n/a	n/a	n/a	roo	429.43877551	125	true	429.319047619	429.658276644
429.43877551	0.0	cv_transition	/intervals/trials	125	cv_transition_time	n/a	n/a	n/a	n/a	n/a	n/a	n/a	n/a	n/a	roo	429.43877551	125	true	429.319047619	429.658276644
432.4495505264384	0.37044437028470156	trials	/intervals/trials	126	start_time	n/a	n/a	n/a	n/a	n/a	n/a	n/a	n/a	n/a	dhaa	432.55041101044867	126	true	432.4495505264384	432.8199948967231
432.55041101044867	0.0	cv_transition	/intervals/trials	126	cv_transition_time	n/a	n/a	n/a	n/a	n/a	n/a	n/a	n/a	n/a	dhaa	432.55041101044867	126	true	432.4495505264384	432.8199948967231
435.09777008395184	0.4762856189374247	trials	/intervals/trials	127	start_time	n/a	n/a	n/a	n/a	n/a	n/a	n/a	n/a	n/a	goo	435.26553288	127	true	435.09777008395184	435.57405570288927
435.26553288	0.0	cv_transition	/intervals/trials	127	cv_transition_time	n/a	n/a	n/a	n/a	n/a	n/a	n/a	n/a	n/a	goo	435.26553288	127	true	435.09777008395184	435.57405570288927
438.0403890935316	0.3492761205541228	trials	/intervals/trials	128	start_time	n/a	n/a	n/a	n/a	n/a	n/a	n/a	n/a	n/a	yaa	438.1543240847284	128	true	438.0403890935316	438.3896652140857
438.1543240847284	0.0	cv_transition	/intervals/trials	128	cv_transition_time	n/a	n/a	n/a	n/a	n/a	n/a	n/a	n/a	n/a	yaa	438.1543240847284	128	true	438.0403890935316	438.3896652140857
441.012471655	0.3768650711236887	trials	/intervals/trials	129	start_time	n/a	n/a	n/a	n/a	n/a	n/a	n/a	n/a	n/a	fee	441.1153946707871	129	true	441.012471655	441.3893367261237
441.1153946707871	0.0	cv_transition	/intervals/trials	129	cv_transition_time	n/a	n/a	n/a	n/a	n/a	n/a	n/a	n/a	n/a	fee	441.1153946707871	129	true	441.012471655	441.3893367261237
444.324943311	0.41904761899996856	trials	/intervals/trials	130	start_time	n/a	n/a	n/a	n/a	n/a	n/a	n/a	n/a	n/a	see	444.47767753273143	130	true	444.324943311	444.74399093
444.47767753273143	0.0	cv_transition	/intervals/trials	130	cv_transition_time	n/a	n/a	n/a	n/a	n/a	n/a	n/a	n/a	n/a	see	444.47767753273143	130	true	444.324943311	444.74399093
447.3943894070017	0.3013362608702437	trials	/intervals/trials	131	start_time	n/a	n/a	n/a	n/a	n/a	n/a	n/a	n/a	n/a	pee	447.4367259064628	131	true	447.3943894070017	447.69572566787195
447.4367259064628	0.0	cv_transition	/intervals/trials	131	cv_transition_time	n/a	n/a	n/a	n/a	n/a	n/a	n/a	n/a	n/a	pee	447.4367259064628	131	true	447.3943894070017	447.69572566787195
451.348979592	0.39457634696844934	trials	/intervals/trials	132	start_time	n/a	n/a	n/a	n/a	n/a	n/a	n/a	n/a	n/a	laa	451.4316355532329	132	true	451.348979592	451.7435559389684
451.4316355532329	0.0	cv_transition	/intervals/trials	132	cv_transition_time	n/a	n/a	n/a	n/a	n/a	n/a	n/a	n/a	n/a	laa	451.4316355532329	132	true	451.348979592	451.7435559389684
454.142630385	0.412926021943008	trials	/intervals/trials	133	start_time	n/a	n/a	n/a	n/a	n/a	n/a	n/a	n/a	n/a	daa	454.2791239692852	133	true	454.142630385	454.555556406943
454.2791239692852	0.0	cv_transition	/intervals/trials	133	cv_transition_time	n/a	n/a	n/a	n/a	n/a	n/a	n/a	n/a	n/a	daa	454.2791239692852	133	true	454.142630385	454.555556406943
457.3558854100715	0.37542012007122594	trials	/intervals/trials	134	start_time	n/a	n/a	n/a	n/a	n/a	n/a	n/a	n/a	n/a	raa	457.4869588051223	134	true	457.3558854100715	457.7313055301427
457.4869588051223	0.0	cv_transition	/intervals/trials	134	cv_transition_time	n/a	n/a	n/a	n/a	n/a	n/a	n/a	n/a	n/a	raa	457.4869588051223	134	true	457.3558854100715	457.7313055301427
460.6640586480754	0.32348069718688066	trials	/intervals/trials	135	start_time	n/a	n/a	n/a	n/a	n/a	n/a	n/a	n/a	n/a	tee	460.717687075	135	true	460.6640586480754	460.9875393452623
460.717687075	0.0	cv_transition	/intervals/trials	135	cv_transition_time	n/a	n/a	n/a	n/a	n/a	n/a	n/a	n/a	n/a	tee	460.717687075	135	true	460.6640586480754	460.9875393452623
463.9507682923683	0.3000888462333364	trials	/intervals/trials	136	start_time	n/a	n/a	n/a	n/a	n/a	n/a	n/a	n/a	n/a	nee	464.0075752344536	136	true	463.9507682923683	464.25085713860165
464.0075752344536	0.0	cv_transition	/intervals/trials	136	cv_transition_time	n/a	n/a	n/a	n/a	n/a	n/a	n/a	n/a	n/a	nee	464.0075752344536	136	true	463.9507682923683	464.25085713860165
467.113151927	0.411816675228863	trials	/intervals/trials	137	start_time	n/a	n/a	n/a	n/a	n/a	n/a	n/a	n/a	n/a	saa	467.2520482935146	137	true	467.113151927	467.52496860222885
467.2520482935146	0.0	cv_transition	/intervals/trials	137	cv_transition_time	n/a	n/a	n/a	n/a	n/a	n/a	n/a	n/a	n/a	saa	467.2520482935146	137	true	467.113151927	467.52496860222885
469.7729051725902	0.4155551306893699	trials	/intervals/trials	138	start_time	n/a	n/a	n/a	n/a	n/a	n/a	n/a	n/a	n/a	foo	469.9155399945653	138	true	469.7729051725902	470.18846030327956
469.9155399945653	0.0	cv_transition	/intervals/trials	138	cv_transition_time	n/a	n/a	n/a	n/a	n/a	n/a	n/a	n/a	n/a	foo	469.9155399945653	138	true	469.7729051725902	470.18846030327956
473.16997954184274	0.3680101900310433	trials	/intervals/trials	139	start_time	n/a	n/a	n/a	n/a	n/a	n/a	n/a	n/a	n/a	raa	473.319047619	139	true	473.16997954184274	473.5379897318738
473.319047619	0.0	cv_transition	/intervals/trials	139	cv_transition_time	n/a	n/a	n/a	n/a	n/a	n/a	n/a	n/a	n/a	raa	473.319047619	139	true	473.16997954184274	473.5379897318738
475.97227038277856	0.374184857649027	trials	/intervals/trials	140	start_time	n/a	n/a	n/a	n/a	n/a	n/a	n/a	n/a	n/a	waa	476.10070346923237	140	true	475.97227038277856	476.3464552404276
476.10070346923237	0.0	cv_transition	/intervals/trials	140	cv_transition_time	n/a	n/a	n/a	n/a	n/a	n/a	n/a	n/a	n/a	waa	476.10070346923237	140	true	475.97227038277856	476.3464552404276
478.916326531	0.2793650790000015	trials	/intervals/trials	141	start_time	n/a	n/a	n/a	n/a	n/a	n/a	n/a	n/a	n/a	dhee	478.94758323639417	141	true	478.916326531	479.19569161
478.94758323639417	0.0	cv_transition	/intervals/trials	141	cv_transition_time	n/a	n/a	n/a	n/a	n/a	n/a	n/a	n/a	n/a	dhee	478.94758323639417	141	true	478.916326531	479.19569161
482.3523585187227	0.2945316453772193	trials	/intervals/trials	142	start_time	n/a	n/a	n/a	n/a	n/a	n/a	n/a	n/a	n/a	kaa	482.39311132500137	142	true	482.3523585187227	482.64689016409994
482.39311132500137	0.0	cv_transition	/intervals/trials	142	cv_transition_time	n/a	n/a	n/a	n/a	n/a	n/a	n/a	n/a	n/a	kaa	482.39311132500137	142	true	482.3523585187227	482.64689016409994
485.062358277	0.3538712103270427	trials	/intervals/trials	143	start_time	n/a	n/a	n/a	n/a	n/a	n/a	n/a	n/a	n/a	vaa	485.162131519	143	true	485.062358277	485.41622948732703
485.162131519	0.0	cv_transition	/intervals/trials	143	cv_transition_time	n/a	n/a	n/a	n/a	n/a	n/a	n/a	n/a	n/a	vaa	485.162131519	143	true	485.062358277	485.41622948732703
488.28797361591694	0.31715397923875344	invalid_times	/intervals/invalid_times	10	start_time	n/a	n/a	n/a	n/a	10	488.28797361591694	488.6051275951557	"[""ECoG artifact""]"	"[{""idx_start"":1490136,""count"":968,""timeseries"":""/acquisition/ElectricalSeries""}]"	n/a	n/a	n/a	n/a	n/a	n/a
488.3600540657439	0.8793814878893045	invalid_times	/intervals/invalid_times	9	start_time	n/a	n/a	n/a	n/a	9	488.3600540657439	489.2394355536332	"[""ECoG artifact""]"	"[{""idx_start"":1490356,""count"":2684,""timeseries"":""/acquisition/ElectricalSeries""}]"	n/a	n/a	n/a	n/a	n/a	n/a
490.96173939828134	0.35640119171864626	trials	/intervals/trials	144	start_time	n/a	n/a	n/a	n/a	n/a	n/a	n/a	n/a	n/a	faa	491.03877551	144	true	490.96173939828134	491.31814059
491.03877551	0.0	cv_transition	/intervals/trials	144	cv_transition_time	n/a	n/a	n/a	n/a	n/a	n/a	n/a	n/a	n/a	faa	491.03877551	144	true	490.96173939828134	491.31814059
492.92995458477503	0.3748183391003863	invalid_times	/intervals/invalid_times	11	start_time	n/a	n/a	n/a	n/a	11	492.92995458477503	493.3047729238754	"[""ECoG artifact""]"	"[{""idx_start"":1504302,""count"":1144,""timeseries"":""/acquisition/ElectricalSeries""}]"	n/a	n/a	n/a	n/a	n/a	n/a
494.1557884760593	0.3488687204152825	trials	/intervals/trials	145	start_time	n/a	n/a	n/a	n/a	n/a	n/a	n/a	n/a	n/a	yee	494.329623255947	145	true	494.1557884760593	494.50465719647457
494.329623255947	0.0	cv_transition	/intervals/trials	145	cv_transition_time	n/a	n/a	n/a	n/a	n/a	n/a	n/a	n/a	n/a	yee	494.329623255947	145	true	494.1557884760593	494.50465719647457
495.55368295847745	1.2686159169550706	invalid_times	/intervals/invalid_times	12	start_time	n/a	n/a	n/a	n/a	12	495.55368295847745	496.8222988754325	"[""ECoG artifact""]"	"[{""idx_start"":1512309,""count"":3872,""timeseries"":""/acquisition/ElectricalSeries""}]"	n/a	n/a	n/a	n/a	n/a	n/a
497.0554563148789	4.670813148788966	invalid_times	/intervals/invalid_times	8	start_time	n/a	n/a	n/a	n/a	8	497.0554563148789	501.72626946366785	"[""ECoG artifact""]"	"[{""idx_start"":1516892,""count"":14255,""timeseries"":""/acquisition/ElectricalSeries""}]"	n/a	n/a	n/a	n/a	n/a	n/a
497.7367379887992	0.31609647820084774	trials	/intervals/trials	146	start_time	n/a	n/a	n/a	n/a	n/a	n/a	n/a	n/a	n/a	hoo	497.7849003962193	146	true	497.7367379887992	498.052834467
497.7849003962193	0.0	cv_transition	/intervals/trials	146	cv_transition_time	n/a	n/a	n/a	n/a	n/a	n/a	n/a	n/a	n/a	hoo	497.7849003962193	146	true	497.7367379887992	498.052834467
501.0477740165442	0.3075547814557922	trials	/intervals/trials	147	start_time	n/a	n/a	n/a	n/a	n/a	n/a	n/a	n/a	n/a	hee	501.09593642396436	147	true	501.0477740165442	501.355328798
501.09593642396436	0.0	cv_transition	/intervals/trials	147	cv_transition_time	n/a	n/a	n/a	n/a	n/a	n/a	n/a	n/a	n/a	hee	501.09593642396436	147	true	501.0477740165442	501.355328798
504.50853652595464	0.3118207147075509	trials	/intervals/trials	148	start_time	n/a	n/a	n/a	n/a	n/a	n/a	n/a	n/a	n/a	moo	504.5641085345164	148	true	504.50853652595464	504.8203572406622
504.5641085345164	0.0	cv_transition	/intervals/trials	148	cv_transition_time	n/a	n/a	n/a	n/a	n/a	n/a	n/a	n/a	n/a	moo	504.5641085345164	148	true	504.50853652595464	504.8203572406622
505.43015787197237	15.828866782006912	invalid_times	/intervals/invalid_times	15	start_time	n/a	n/a	n/a	n/a	15	505.43015787197237	521.2590246539793	"[""ECoG artifact""]"	"[{""idx_start"":1542450,""count"":48306,""timeseries"":""/acquisition/ElectricalSeries""}]"	n/a	n/a	n/a	n/a	n/a	n/a
507.5024172167772	0.32170018289627933	trials	/intervals/trials	149	start_time	n/a	n/a	n/a	n/a	n/a	n/a	n/a	n/a	n/a	woo	507.66357604160623	149	true	507.5024172167772	507.82411739967347
507.66357604160623	0.0	cv_transition	/intervals/trials	149	cv_transition_time	n/a	n/a	n/a	n/a	n/a	n/a	n/a	n/a	n/a	woo	507.66357604160623	149	true	507.5024172167772	507.82411739967347
510.1884967070833	0.40444072897707883	trials	/intervals/trials	150	start_time	n/a	n/a	n/a	n/a	n/a	n/a	n/a	n/a	n/a	shee	510.31724866497933	150	true	510.1884967070833	510.59293743606037
510.31724866497933	0.0	cv_transition	/intervals/trials	150	cv_transition_time	n/a	n/a	n/a	n/a	n/a	n/a	n/a	n/a	n/a	shee	510.31724866497933	150	true	510.1884967070833	510.59293743606037
513.0078141680037	0.3402583939962369	trials	/intervals/trials	151	start_time	n/a	n/a	n/a	n/a	n/a	n/a	n/a	n/a	n/a	mee	513.098639456	151	true	513.0078141680037	513.348072562
513.098639456	0.0	cv_transition	/intervals/trials	151	cv_transition_time	n/a	n/a	n/a	n/a	n/a	n/a	n/a	n/a	n/a	mee	513.098639456	151	true	513.0078141680037	513.348072562
516.4964772948234	0.4056734983171282	trials	/intervals/trials	152	start_time	n/a	n/a	n/a	n/a	n/a	n/a	n/a	n/a	n/a	soo	516.6477558444242	152	true	516.4964772948234	516.9021507931405
516.6477558444242	0.0	cv_transition	/intervals/trials	152	cv_transition_time	n/a	n/a	n/a	n/a	n/a	n/a	n/a	n/a	n/a	soo	516.6477558444242	152	true	516.4964772948234	516.9021507931405
520.4920447994637	0.39394169242962107	trials	/intervals/trials	153	start_time	n/a	n/a	n/a	n/a	n/a	n/a	n/a	n/a	n/a	zoo	520.5970135889825	153	true	520.4920447994637	520.8859864918933
520.5970135889825	0.0	cv_transition	/intervals/trials	153	cv_transition_time	n/a	n/a	n/a	n/a	n/a	n/a	n/a	n/a	n/a	zoo	520.5970135889825	153	true	520.4920447994637	520.8859864918933
522.8681882580661	0.35010178621894283	trials	/intervals/trials	154	start_time	n/a	n/a	n/a	n/a	n/a	n/a	n/a	n/a	n/a	too	522.936281179	154	true	522.8681882580661	523.218290044285
522.936281179	0.0	cv_transition	/intervals/trials	154	cv_transition_time	n/a	n/a	n/a	n/a	n/a	n/a	n/a	n/a	n/a	too	522.936281179	154	true	522.8681882580661	523.218290044285
526.019274376	0.2983901584927935	trials	/intervals/trials	155	start_time	n/a	n/a	n/a	n/a	n/a	n/a	n/a	n/a	n/a	noo	526.0892030514224	155	true	526.019274376	526.3176645344928
526.0892030514224	0.0	cv_transition	/intervals/trials	155	cv_transition_time	n/a	n/a	n/a	n/a	n/a	n/a	n/a	n/a	n/a	noo	526.0892030514224	155	true	526.019274376	526.3176645344928
529.481405896	0.3525511535201531	trials	/intervals/trials	156	start_time	n/a	n/a	n/a	n/a	n/a	n/a	n/a	n/a	n/a	naa	529.5653604410453	156	true	529.481405896	529.8339570495201
529.5653604410453	0.0	cv_transition	/intervals/trials	156	cv_transition_time	n/a	n/a	n/a	n/a	n/a	n/a	n/a	n/a	n/a	naa	529.5653604410453	156	true	529.481405896	529.8339570495201
532.3300232091533	0.36677329984831886	trials	/intervals/trials	157	start_time	n/a	n/a	n/a	n/a	n/a	n/a	n/a	n/a	n/a	daa	532.4183204850427	157	true	532.3300232091533	532.6967965090016
532.4183204850427	0.0	cv_transition	/intervals/trials	157	cv_transition_time	n/a	n/a	n/a	n/a	n/a	n/a	n/a	n/a	n/a	daa	532.4183204850427	157	true	532.3300232091533	532.6967965090016
535.5746483629716	0.3022223850283581	trials	/intervals/trials	158	start_time	n/a	n/a	n/a	n/a	n/a	n/a	n/a	n/a	n/a	wee	535.677324263	158	true	535.5746483629716	535.876870748
535.677324263	0.0	cv_transition	/intervals/trials	158	cv_transition_time	n/a	n/a	n/a	n/a	n/a	n/a	n/a	n/a	n/a	wee	535.677324263	158	true	535.5746483629716	535.876870748
538.9	0.37913832200001707	trials	/intervals/trials	159	start_time	n/a	n/a	n/a	n/a	n/a	n/a	n/a	n/a	n/a	shaa	538.999773243	159	true	538.9	539.279138322
538.999773243	0.0	cv_transition	/intervals/trials	159	cv_transition_time	n/a	n/a	n/a	n/a	n/a	n/a	n/a	n/a	n/a	shaa	538.999773243	159	true	538.9	539.279138322
542.4316575518617	0.33343027258933944	trials	/intervals/trials	160	start_time	n/a	n/a	n/a	n/a	n/a	n/a	n/a	n/a	n/a	loo	542.521768707	160	true	542.4316575518617	542.765087824451
542.521768707	0.0	cv_transition	/intervals/trials	160	cv_transition_time	n/a	n/a	n/a	n/a	n/a	n/a	n/a	n/a	n/a	loo	542.521768707	160	true	542.4316575518617	542.765087824451
545.0807056235866	0.28460049841339696	trials	/intervals/trials	161	start_time	n/a	n/a	n/a	n/a	n/a	n/a	n/a	n/a	n/a	haa	545.115873016	161	true	545.0807056235866	545.365306122
545.115873016	0.0	cv_transition	/intervals/trials	161	cv_transition_time	n/a	n/a	n/a	n/a	n/a	n/a	n/a	n/a	n/a	haa	545.115873016	161	true	545.0807056235866	545.365306122
548.1849208609277	0.3914718385586866	trials	/intervals/trials	162	start_time	n/a	n/a	n/a	n/a	n/a	n/a	n/a	n/a	n/a	zaa	548.2997690659307	162	true	548.1849208609277	548.5763926994864
548.2997690659307	0.0	cv_transition	/intervals/trials	162	cv_transition_time	n/a	n/a	n/a	n/a	n/a	n/a	n/a	n/a	n/a	zaa	548.2997690659307	162	true	548.1849208609277	548.5763926994864
551.5866486136599	0.3538065670254582	trials	/intervals/trials	163	start_time	n/a	n/a	n/a	n/a	n/a	n/a	n/a	n/a	n/a	maa	551.700907029	163	true	551.5866486136599	551.9404551806854
551.700907029	0.0	cv_transition	/intervals/trials	163	cv_transition_time	n/a	n/a	n/a	n/a	n/a	n/a	n/a	n/a	n/a	maa	551.700907029	163	true	551.5866486136599	551.9404551806854
554.60045377079	0.382992941210091	trials	/intervals/trials	164	start_time	n/a	n/a	n/a	n/a	n/a	n/a	n/a	n/a	n/a	see	554.7301210990191	164	true	554.60045377079	554.983446712
554.7301210990191	0.0	cv_transition	/intervals/trials	164	cv_transition_time	n/a	n/a	n/a	n/a	n/a	n/a	n/a	n/a	n/a	see	554.7301210990191	164	true	554.60045377079	554.983446712
557.6982348895261	0.40937827912375724	trials	/intervals/trials	165	start_time	n/a	n/a	n/a	n/a	n/a	n/a	n/a	n/a	n/a	saa	557.8451911948526	165	true	557.6982348895261	558.1076131686499
557.8451911948526	0.0	cv_transition	/intervals/trials	165	cv_transition_time	n/a	n/a	n/a	n/a	n/a	n/a	n/a	n/a	n/a	saa	557.8451911948526	165	true	557.6982348895261	558.1076131686499
562.3751714898439	0.33072420215614784	trials	/intervals/trials	166	start_time	n/a	n/a	n/a	n/a	n/a	n/a	n/a	n/a	n/a	tee	562.4350654462164	166	true	562.3751714898439	562.705895692
562.4350654462164	0.0	cv_transition	/intervals/trials	166	cv_transition_time	n/a	n/a	n/a	n/a	n/a	n/a	n/a	n/a	n/a	tee	562.4350654462164	166	true	562.3751714898439	562.705895692
565.4601722178384	0.34454461500911293	trials	/intervals/trials	167	start_time	n/a	n/a	n/a	n/a	n/a	n/a	n/a	n/a	n/a	laa	565.5268582723563	167	true	565.4601722178384	565.8047168328475
565.5268582723563	0.0	cv_transition	/intervals/trials	167	cv_transition_time	n/a	n/a	n/a	n/a	n/a	n/a	n/a	n/a	n/a	laa	565.5268582723563	167	true	565.4601722178384	565.8047168328475
568.5731847373578	0.42666725622098056	trials	/intervals/trials	168	start_time	n/a	n/a	n/a	n/a	n/a	n/a	n/a	n/a	n/a	soo	568.7368125563138	168	true	568.5731847373578	568.9998519935788
568.7368125563138	0.0	cv_transition	/intervals/trials	168	cv_transition_time	n/a	n/a	n/a	n/a	n/a	n/a	n/a	n/a	n/a	soo	568.7368125563138	168	true	568.5731847373578	568.9998519935788
571.0942797822493	0.37319271383103114	trials	/intervals/trials	169	start_time	n/a	n/a	n/a	n/a	n/a	n/a	n/a	n/a	n/a	foo	571.1883790086536	169	true	571.0942797822493	571.4674724960803
571.1883790086536	0.0	cv_transition	/intervals/trials	169	cv_transition_time	n/a	n/a	n/a	n/a	n/a	n/a	n/a	n/a	n/a	foo	571.1883790086536	169	true	571.0942797822493	571.4674724960803
574.5523145149862	0.3957940828330493	trials	/intervals/trials	170	start_time	n/a	n/a	n/a	n/a	n/a	n/a	n/a	n/a	n/a	goo	574.678684807	170	true	574.5523145149862	574.9481085978192
574.678684807	0.0	cv_transition	/intervals/trials	170	cv_transition_time	n/a	n/a	n/a	n/a	n/a	n/a	n/a	n/a	n/a	goo	574.678684807	170	true	574.5523145149862	574.9481085978192
578.1241060652615	0.27612069173858345	trials	/intervals/trials	171	start_time	n/a	n/a	n/a	n/a	n/a	n/a	n/a	n/a	n/a	thee	578.1494220674396	171	true	578.1241060652615	578.400226757
578.1494220674396	0.0	cv_transition	/intervals/trials	171	cv_transition_time	n/a	n/a	n/a	n/a	n/a	n/a	n/a	n/a	n/a	thee	578.1494220674396	171	true	578.1241060652615	578.400226757
581.5130000592271	0.34577954194458016	trials	/intervals/trials	172	start_time	n/a	n/a	n/a	n/a	n/a	n/a	n/a	n/a	n/a	voo	581.6340228989077	172	true	581.5130000592271	581.8587796011717
581.6340228989077	0.0	cv_transition	/intervals/trials	172	cv_transition_time	n/a	n/a	n/a	n/a	n/a	n/a	n/a	n/a	n/a	voo	581.6340228989077	172	true	581.5130000592271	581.8587796011717
584.845578231	0.3799214423098647	trials	/intervals/trials	173	start_time	n/a	n/a	n/a	n/a	n/a	n/a	n/a	n/a	n/a	noo	584.965306122	173	true	584.845578231	585.2254996733099
584.965306122	0.0	cv_transition	/intervals/trials	173	cv_transition_time	n/a	n/a	n/a	n/a	n/a	n/a	n/a	n/a	n/a	noo	584.965306122	173	true	584.845578231	585.2254996733099
587.7859104034433	0.3488668592833619	trials	/intervals/trials	174	start_time	n/a	n/a	n/a	n/a	n/a	n/a	n/a	n/a	n/a	nee	587.888662132	174	true	587.7859104034433	588.1347772627266
587.888662132	0.0	cv_transition	/intervals/trials	174	cv_transition_time	n/a	n/a	n/a	n/a	n/a	n/a	n/a	n/a	n/a	nee	587.888662132	174	true	587.7859104034433	588.1347772627266
591.2325257172494	0.32972549178293775	trials	/intervals/trials	175	start_time	n/a	n/a	n/a	n/a	n/a	n/a	n/a	n/a	n/a	kaa	591.2782180138635	175	true	591.2325257172494	591.5622512090323
591.2782180138635	0.0	cv_transition	/intervals/trials	175	cv_transition_time	n/a	n/a	n/a	n/a	n/a	n/a	n/a	n/a	n/a	kaa	591.2782180138635	175	true	591.2325257172494	591.5622512090323
594.144444444	0.3181293389259281	trials	/intervals/trials	176	start_time	n/a	n/a	n/a	n/a	n/a	n/a	n/a	n/a	n/a	taa	594.184353741	176	true	594.144444444	594.4625737829259
594.184353741	0.0	cv_transition	/intervals/trials	176	cv_transition_time	n/a	n/a	n/a	n/a	n/a	n/a	n/a	n/a	n/a	taa	594.184353741	176	true	594.144444444	594.4625737829259
597.067800454	0.3548393905401781	trials	/intervals/trials	177	start_time	n/a	n/a	n/a	n/a	n/a	n/a	n/a	n/a	n/a	ree	597.187528345	177	true	597.067800454	597.4226398445402
597.187528345	0.0	cv_transition	/intervals/trials	177	cv_transition_time	n/a	n/a	n/a	n/a	n/a	n/a	n/a	n/a	n/a	ree	597.187528345	177	true	597.067800454	597.4226398445402
600.021088435	0.2938308587440588	trials	/intervals/trials	178	start_time	n/a	n/a	n/a	n/a	n/a	n/a	n/a	n/a	n/a	dhoo	600.060997732	178	true	600.021088435	600.3149192937441
600.060997732	0.0	cv_transition	/intervals/trials	178	cv_transition_time	n/a	n/a	n/a	n/a	n/a	n/a	n/a	n/a	n/a	dhoo	600.060997732	178	true	600.021088435	600.3149192937441
603.6453769387791	0.30379202613710277	trials	/intervals/trials	179	start_time	n/a	n/a	n/a	n/a	n/a	n/a	n/a	n/a	n/a	raa	603.7089756759582	179	true	603.6453769387791	603.9491689649162
603.7089756759582	0.0	cv_transition	/intervals/trials	179	cv_transition_time	n/a	n/a	n/a	n/a	n/a	n/a	n/a	n/a	n/a	raa	603.7089756759582	179	true	603.6453769387791	603.9491689649162
606.5720259012975	0.35337092370252776	trials	/intervals/trials	180	start_time	n/a	n/a	n/a	n/a	n/a	n/a	n/a	n/a	n/a	vaa	606.675963719	180	true	606.5720259012975	606.925396825
606.675963719	0.0	cv_transition	/intervals/trials	180	cv_transition_time	n/a	n/a	n/a	n/a	n/a	n/a	n/a	n/a	n/a	vaa	606.675963719	180	true	606.5720259012975	606.925396825
612.1135553989211	0.33927906807889485	trials	/intervals/trials	181	start_time	n/a	n/a	n/a	n/a	n/a	n/a	n/a	n/a	n/a	waa	612.1950605766652	181	true	612.1135553989211	612.452834467
612.1950605766652	0.0	cv_transition	/intervals/trials	181	cv_transition_time	n/a	n/a	n/a	n/a	n/a	n/a	n/a	n/a	n/a	waa	612.1950605766652	181	true	612.1135553989211	612.452834467
614.9637525566686	0.35071924968667645	trials	/intervals/trials	182	start_time	n/a	n/a	n/a	n/a	n/a	n/a	n/a	n/a	n/a	wee	615.086848073	182	true	614.9637525566686	615.3144718063553
615.086848073	0.0	cv_transition	/intervals/trials	182	cv_transition_time	n/a	n/a	n/a	n/a	n/a	n/a	n/a	n/a	n/a	wee	615.086848073	182	true	614.9637525566686	615.3144718063553
617.9514558656625	0.4241974023499324	trials	/intervals/trials	183	start_time	n/a	n/a	n/a	n/a	n/a	n/a	n/a	n/a	n/a	zaa	618.1169360750217	183	true	617.9514558656625	618.3756532680125
618.1169360750217	0.0	cv_transition	/intervals/trials	183	cv_transition_time	n/a	n/a	n/a	n/a	n/a	n/a	n/a	n/a	n/a	zaa	618.1169360750217	183	true	617.9514558656625	618.3756532680125
621.0242154095864	0.35504149396092544	trials	/intervals/trials	184	start_time	n/a	n/a	n/a	n/a	n/a	n/a	n/a	n/a	n/a	vee	621.113151927	184	true	621.0242154095864	621.3792569035473
621.113151927	0.0	cv_transition	/intervals/trials	184	cv_transition_time	n/a	n/a	n/a	n/a	n/a	n/a	n/a	n/a	n/a	vee	621.113151927	184	true	621.0242154095864	621.3792569035473
624.1811989493903	0.3118190512178671	trials	/intervals/trials	185	start_time	n/a	n/a	n/a	n/a	n/a	n/a	n/a	n/a	n/a	taa	624.226077098	185	true	624.1811989493903	624.4930180006081
624.226077098	0.0	cv_transition	/intervals/trials	185	cv_transition_time	n/a	n/a	n/a	n/a	n/a	n/a	n/a	n/a	n/a	taa	624.226077098	185	true	624.1811989493903	624.4930180006081
627.7459195630151	0.4180227676722552	trials	/intervals/trials	186	start_time	n/a	n/a	n/a	n/a	n/a	n/a	n/a	n/a	n/a	soo	627.9002854299547	186	true	627.7459195630151	628.1639423306874
627.9002854299547	0.0	cv_transition	/intervals/trials	186	cv_transition_time	n/a	n/a	n/a	n/a	n/a	n/a	n/a	n/a	n/a	soo	627.9002854299547	186	true	627.7459195630151	628.1639423306874
631.2344869841947	0.4062909617848618	trials	/intervals/trials	187	start_time	n/a	n/a	n/a	n/a	n/a	n/a	n/a	n/a	n/a	vee	631.3252541139552	187	true	631.2344869841947	631.6407779459796
631.3252541139552	0.0	cv_transition	/intervals/trials	187	cv_transition_time	n/a	n/a	n/a	n/a	n/a	n/a	n/a	n/a	n/a	vee	631.3252541139552	187	true	631.2344869841947	631.6407779459796
635.7297172225369	0.31243651468571443	trials	/intervals/trials	188	start_time	n/a	n/a	n/a	n/a	n/a	n/a	n/a	n/a	n/a	vee	635.8149271810876	188	true	635.7297172225369	636.0421537372226
635.8149271810876	0.0	cv_transition	/intervals/trials	188	cv_transition_time	n/a	n/a	n/a	n/a	n/a	n/a	n/a	n/a	n/a	vee	635.8149271810876	188	true	635.7297172225369	636.0421537372226
638.004761905	0.3426930952981593	trials	/intervals/trials	189	start_time	n/a	n/a	n/a	n/a	n/a	n/a	n/a	n/a	n/a	roo	638.174376417	189	true	638.004761905	638.3474550002982
638.174376417	0.0	cv_transition	/intervals/trials	189	cv_transition_time	n/a	n/a	n/a	n/a	n/a	n/a	n/a	n/a	n/a	roo	638.174376417	189	true	638.004761905	638.3474550002982
640.8691224647996	0.31861114936327795	trials	/intervals/trials	190	start_time	n/a	n/a	n/a	n/a	n/a	n/a	n/a	n/a	n/a	noo	640.968027211	190	true	640.8691224647996	641.1877336141629
640.968027211	0.0	cv_transition	/intervals/trials	190	cv_transition_time	n/a	n/a	n/a	n/a	n/a	n/a	n/a	n/a	n/a	noo	640.968027211	190	true	640.8691224647996	641.1877336141629
642.5779160261337	0.20749807840127232	invalid_times	/intervals/invalid_times	16	start_time	n/a	n/a	n/a	n/a	16	642.5779160261337	642.785414104535	"[""ECoG artifact""]"	"[{""idx_start"":1960992,""count"":633,""timeseries"":""/acquisition/ElectricalSeries""}]"	n/a	n/a	n/a	n/a	n/a	n/a
643.7207762999981	0.321698466701946	trials	/intervals/trials	191	start_time	n/a	n/a	n/a	n/a	n/a	n/a	n/a	n/a	n/a	woo	643.8819342650829	191	true	643.7207762999981	644.0424747667
643.8819342650829	0.0	cv_transition	/intervals/trials	191	cv_transition_time	n/a	n/a	n/a	n/a	n/a	n/a	n/a	n/a	n/a	woo	643.8819342650829	191	true	643.7207762999981	644.0424747667
661.2117129341983	0.2895903663785475	trials	/intervals/trials	192	start_time	n/a	n/a	n/a	n/a	n/a	n/a	n/a	n/a	n/a	ree	661.241950113	192	true	661.2117129341983	661.5013033005769
661.241950113	0.0	cv_transition	/intervals/trials	192	cv_transition_time	n/a	n/a	n/a	n/a	n/a	n/a	n/a	n/a	n/a	ree	661.241950113	192	true	661.2117129341983	661.5013033005769
664.2946762599532	0.39394169242973476	trials	/intervals/trials	193	start_time	n/a	n/a	n/a	n/a	n/a	n/a	n/a	n/a	n/a	faa	664.3984101225366	193	true	664.2946762599532	664.688617952383
664.3984101225366	0.0	cv_transition	/intervals/trials	193	cv_transition_time	n/a	n/a	n/a	n/a	n/a	n/a	n/a	n/a	n/a	faa	664.3984101225366	193	true	664.2946762599532	664.688617952383
671.97755102	0.35232086547398467	trials	/intervals/trials	194	start_time	n/a	n/a	n/a	n/a	n/a	n/a	n/a	n/a	n/a	raa	672.107256236	194	true	671.97755102	672.329871885474
672.107256236	0.0	cv_transition	/intervals/trials	194	cv_transition_time	n/a	n/a	n/a	n/a	n/a	n/a	n/a	n/a	n/a	raa	672.107256236	194	true	671.97755102	672.329871885474
673.8422336464962	0.38961944815548577	trials	/intervals/trials	195	start_time	n/a	n/a	n/a	n/a	n/a	n/a	n/a	n/a	n/a	fee	673.9441151186763	195	true	673.8422336464962	674.2318530946517
673.9441151186763	0.0	cv_transition	/intervals/trials	195	cv_transition_time	n/a	n/a	n/a	n/a	n/a	n/a	n/a	n/a	n/a	fee	673.9441151186763	195	true	673.8422336464962	674.2318530946517
677.5993778565772	0.2932951471851766	trials	/intervals/trials	196	start_time	n/a	n/a	n/a	n/a	n/a	n/a	n/a	n/a	n/a	poo	677.65371464174	196	true	677.5993778565772	677.8926730037624
677.65371464174	0.0	cv_transition	/intervals/trials	196	cv_transition_time	n/a	n/a	n/a	n/a	n/a	n/a	n/a	n/a	n/a	poo	677.65371464174	196	true	677.5993778565772	677.8926730037624
679.651800215602	0.37745148539806905	trials	/intervals/trials	197	start_time	n/a	n/a	n/a	n/a	n/a	n/a	n/a	n/a	n/a	yaa	679.7573864685886	197	true	679.651800215602	680.029251701
679.7573864685886	0.0	cv_transition	/intervals/trials	197	cv_transition_time	n/a	n/a	n/a	n/a	n/a	n/a	n/a	n/a	n/a	yaa	679.7573864685886	197	true	679.651800215602	680.029251701
682.1964753274729	0.3044094896048364	trials	/intervals/trials	198	start_time	n/a	n/a	n/a	n/a	n/a	n/a	n/a	n/a	n/a	koo	682.2582216742487	198	true	682.1964753274729	682.5008848170777
682.2582216742487	0.0	cv_transition	/intervals/trials	198	cv_transition_time	n/a	n/a	n/a	n/a	n/a	n/a	n/a	n/a	n/a	koo	682.2582216742487	198	true	682.1964753274729	682.5008848170777
685.6465722765836	0.4235799388821988	trials	/intervals/trials	199	start_time	n/a	n/a	n/a	n/a	n/a	n/a	n/a	n/a	n/a	kee	685.7237552100534	199	true	685.6465722765836	686.0701522154658
685.7237552100534	0.0	cv_transition	/intervals/trials	199	cv_transition_time	n/a	n/a	n/a	n/a	n/a	n/a	n/a	n/a	n/a	kee	685.7237552100534	199	true	685.6465722765836	686.0701522154658
688.4315948202758	0.43160696396296316	trials	/intervals/trials	200	start_time	n/a	n/a	n/a	n/a	n/a	n/a	n/a	n/a	n/a	shee	688.5729939543925	200	true	688.4315948202758	688.8632017842388
688.5729939543925	0.0	cv_transition	/intervals/trials	200	cv_transition_time	n/a	n/a	n/a	n/a	n/a	n/a	n/a	n/a	n/a	shee	688.5729939543925	200	true	688.4315948202758	688.8632017842388
691.0460635428199	0.28218080476551677	trials	/intervals/trials	201	start_time	n/a	n/a	n/a	n/a	n/a	n/a	n/a	n/a	n/a	haa	691.0905209124985	201	true	691.0460635428199	691.3282443475854
691.0905209124985	0.0	cv_transition	/intervals/trials	201	cv_transition_time	n/a	n/a	n/a	n/a	n/a	n/a	n/a	n/a	n/a	haa	691.0905209124985	201	true	691.0460635428199	691.3282443475854
694.506349206	0.4174544501552191	trials	/intervals/trials	202	start_time	n/a	n/a	n/a	n/a	n/a	n/a	n/a	n/a	n/a	saa	694.6595292919548	202	true	694.506349206	694.9238036561552
694.6595292919548	0.0	cv_transition	/intervals/trials	202	cv_transition_time	n/a	n/a	n/a	n/a	n/a	n/a	n/a	n/a	n/a	saa	694.6595292919548	202	true	694.506349206	694.9238036561552
697.7508008252623	0.3274304677377131	trials	/intervals/trials	203	start_time	n/a	n/a	n/a	n/a	n/a	n/a	n/a	n/a	n/a	maa	697.858730159	203	true	697.7508008252623	698.078231293
697.858730159	0.0	cv_transition	/intervals/trials	203	cv_transition_time	n/a	n/a	n/a	n/a	n/a	n/a	n/a	n/a	n/a	maa	697.858730159	203	true	697.7508008252623	698.078231293
700.452834467	0.3695599778890255	trials	/intervals/trials	204	start_time	n/a	n/a	n/a	n/a	n/a	n/a	n/a	n/a	n/a	soo	700.5932055530842	204	true	700.452834467	700.822394444889
700.5932055530842	0.0	cv_transition	/intervals/trials	204	cv_transition_time	n/a	n/a	n/a	n/a	n/a	n/a	n/a	n/a	n/a	soo	700.5932055530842	204	true	700.452834467	700.822394444889
703.1005884968273	0.3254032475085751	trials	/intervals/trials	205	start_time	n/a	n/a	n/a	n/a	n/a	n/a	n/a	n/a	n/a	yoo	703.236507937	205	true	703.1005884968273	703.4259917443359
703.236507937	0.0	cv_transition	/intervals/trials	205	cv_transition_time	n/a	n/a	n/a	n/a	n/a	n/a	n/a	n/a	n/a	yoo	703.236507937	205	true	703.1005884968273	703.4259917443359
706.080045351	0.2757199416095091	trials	/intervals/trials	206	start_time	n/a	n/a	n/a	n/a	n/a	n/a	n/a	n/a	n/a	hee	706.1131021497805	206	true	706.080045351	706.3557652926095
706.1131021497805	0.0	cv_transition	/intervals/trials	206	cv_transition_time	n/a	n/a	n/a	n/a	n/a	n/a	n/a	n/a	n/a	hee	706.1131021497805	206	true	706.080045351	706.3557652926095
709.8237903160881	0.330960418718405	trials	/intervals/trials	207	start_time	n/a	n/a	n/a	n/a	n/a	n/a	n/a	n/a	n/a	yaa	709.9213495439939	207	true	709.8237903160881	710.1547507348065
709.9213495439939	0.0	cv_transition	/intervals/trials	207	cv_transition_time	n/a	n/a	n/a	n/a	n/a	n/a	n/a	n/a	n/a	yaa	709.9213495439939	207	true	709.8237903160881	710.1547507348065
713.0573161764706	0.6919723183391397	invalid_times	/intervals/invalid_times	7	start_time	n/a	n/a	n/a	n/a	7	713.0573161764706	713.7492884948098	"[""ECoG artifact""]"	"[{""idx_start"":2176078,""count"":2111,""timeseries"":""/acquisition/ElectricalSeries""}]"	n/a	n/a	n/a	n/a	n/a	n/a
713.0986509410101	0.2972276776969238	trials	/intervals/trials	208	start_time	n/a	n/a	n/a	n/a	n/a	n/a	n/a	n/a	n/a	too	713.163945578	208	true	713.0986509410101	713.395878618707
713.163945578	0.0	cv_transition	/intervals/trials	208	cv_transition_time	n/a	n/a	n/a	n/a	n/a	n/a	n/a	n/a	n/a	too	713.163945578	208	true	713.0986509410101	713.395878618707
717.4923774605335	0.37603525186466413	trials	/intervals/trials	209	start_time	n/a	n/a	n/a	n/a	n/a	n/a	n/a	n/a	n/a	naa	717.583900227	209	true	717.4923774605335	717.8684127123981
717.583900227	0.0	cv_transition	/intervals/trials	209	cv_transition_time	n/a	n/a	n/a	n/a	n/a	n/a	n/a	n/a	n/a	naa	717.583900227	209	true	717.4923774605335	717.8684127123981
720.3097901522705	0.37171300759041515	trials	/intervals/trials	210	start_time	n/a	n/a	n/a	n/a	n/a	n/a	n/a	n/a	n/a	zee	720.4487194325161	210	true	720.3097901522705	720.6815031598609
720.4487194325161	0.0	cv_transition	/intervals/trials	210	cv_transition_time	n/a	n/a	n/a	n/a	n/a	n/a	n/a	n/a	n/a	zee	720.4487194325161	210	true	720.3097901522705	720.6815031598609
723.1942606526972	0.29402948510016813	trials	/intervals/trials	211	start_time	n/a	n/a	n/a	n/a	n/a	n/a	n/a	n/a	n/a	hee	723.2467450474567	211	true	723.1942606526972	723.4882901377973
723.2467450474567	0.0	cv_transition	/intervals/trials	211	cv_transition_time	n/a	n/a	n/a	n/a	n/a	n/a	n/a	n/a	n/a	hee	723.2467450474567	211	true	723.1942606526972	723.4882901377973
725.7911413208224	0.29144275678186204	trials	/intervals/trials	212	start_time	n/a	n/a	n/a	n/a	n/a	n/a	n/a	n/a	n/a	hoo	725.8343637635655	212	true	725.7911413208224	726.0825840776042
725.8343637635655	0.0	cv_transition	/intervals/trials	212	cv_transition_time	n/a	n/a	n/a	n/a	n/a	n/a	n/a	n/a	n/a	hoo	725.8343637635655	212	true	725.7911413208224	726.0825840776042
732.0130322718974	0.3704780806549479	trials	/intervals/trials	213	start_time	n/a	n/a	n/a	n/a	n/a	n/a	n/a	n/a	n/a	see	732.151961552143	213	true	732.0130322718974	732.3835103525523
732.151961552143	0.0	cv_transition	/intervals/trials	213	cv_transition_time	n/a	n/a	n/a	n/a	n/a	n/a	n/a	n/a	n/a	see	732.151961552143	213	true	732.0130322718974	732.3835103525523
736.1912511317914	0.807642215827741	trials	/intervals/trials	214	start_time	n/a	n/a	n/a	n/a	n/a	n/a	n/a	n/a	n/a	n/a	736.7123902985794	214	false	736.1912511317914	736.9988933476192
736.7123902985794	0.0	cv_transition	/intervals/trials	214	cv_transition_time	n/a	n/a	n/a	n/a	n/a	n/a	n/a	n/a	n/a	n/a	736.7123902985794	214	false	736.1912511317914	736.9988933476192
739.933106576	0.40051894162058943	trials	/intervals/trials	215	start_time	n/a	n/a	n/a	n/a	n/a	n/a	n/a	n/a	n/a	haa	740.042857143	215	true	739.933106576	740.3336255176206
740.042857143	0.0	cv_transition	/intervals/trials	215	cv_transition_time	n/a	n/a	n/a	n/a	n/a	n/a	n/a	n/a	n/a	haa	740.042857143	215	true	739.933106576	740.3336255176206
741.9250426660956	0.3496333964162659	trials	/intervals/trials	216	start_time	n/a	n/a	n/a	n/a	n/a	n/a	n/a	n/a	n/a	gaa	742.008390023	216	true	741.9250426660956	742.2746760625118
742.008390023	0.0	cv_transition	/intervals/trials	216	cv_transition_time	n/a	n/a	n/a	n/a	n/a	n/a	n/a	n/a	n/a	gaa	742.008390023	216	true	741.9250426660956	742.2746760625118
744.9668289707948	0.3865321308165903	trials	/intervals/trials	217	start_time	n/a	n/a	n/a	n/a	n/a	n/a	n/a	n/a	n/a	doo	745.071428571	217	true	744.9668289707948	745.3533611016114
745.071428571	0.0	cv_transition	/intervals/trials	217	cv_transition_time	n/a	n/a	n/a	n/a	n/a	n/a	n/a	n/a	n/a	doo	745.071428571	217	true	744.9668289707948	745.3533611016114
747.944897959	0.26913067456302997	trials	/intervals/trials	218	start_time	n/a	n/a	n/a	n/a	n/a	n/a	n/a	n/a	n/a	thee	747.9892719312991	218	true	747.944897959	748.214028633563
747.9892719312991	0.0	cv_transition	/intervals/trials	218	cv_transition_time	n/a	n/a	n/a	n/a	n/a	n/a	n/a	n/a	n/a	thee	747.9892719312991	218	true	747.944897959	748.214028633563
751.5242903460426	0.3852972038811231	trials	/intervals/trials	219	start_time	n/a	n/a	n/a	n/a	n/a	n/a	n/a	n/a	n/a	doo	751.6360512337068	219	true	751.5242903460426	751.9095875499237
751.6360512337068	0.0	cv_transition	/intervals/trials	219	cv_transition_time	n/a	n/a	n/a	n/a	n/a	n/a	n/a	n/a	n/a	doo	751.6360512337068	219	true	751.5242903460426	751.9095875499237
754.051020408	0.4489795920000006	trials	/intervals/trials	220	start_time	n/a	n/a	n/a	n/a	n/a	n/a	n/a	n/a	n/a	vaa	754.200680272	220	true	754.051020408	754.5
754.200680272	0.0	cv_transition	/intervals/trials	220	cv_transition_time	n/a	n/a	n/a	n/a	n/a	n/a	n/a	n/a	n/a	vaa	754.200680272	220	true	754.051020408	754.5
757.2392497055473	0.39363011345267296	trials	/intervals/trials	221	start_time	n/a	n/a	n/a	n/a	n/a	n/a	n/a	n/a	n/a	maa	757.343537415	221	true	757.2392497055473	757.632879819
757.343537415	0.0	cv_transition	/intervals/trials	221	cv_transition_time	n/a	n/a	n/a	n/a	n/a	n/a	n/a	n/a	n/a	maa	757.343537415	221	true	757.2392497055473	757.632879819
760.236961451	0.3333182812148152	trials	/intervals/trials	222	start_time	n/a	n/a	n/a	n/a	n/a	n/a	n/a	n/a	n/a	nee	760.316780045	222	true	760.236961451	760.5702797322148
760.316780045	0.0	cv_transition	/intervals/trials	222	cv_transition_time	n/a	n/a	n/a	n/a	n/a	n/a	n/a	n/a	n/a	nee	760.316780045	222	true	760.236961451	760.5702797322148
763.3220581635043	0.33712550949576325	trials	/intervals/trials	223	start_time	n/a	n/a	n/a	n/a	n/a	n/a	n/a	n/a	n/a	bee	763.429705215	223	true	763.3220581635043	763.659183673
763.429705215	0.0	cv_transition	/intervals/trials	223	cv_transition_time	n/a	n/a	n/a	n/a	n/a	n/a	n/a	n/a	n/a	bee	763.429705215	223	true	763.3220581635043	763.659183673
766.3610491387295	0.35119575927046753	trials	/intervals/trials	224	start_time	n/a	n/a	n/a	n/a	n/a	n/a	n/a	n/a	n/a	fee	766.4573734396997	224	true	766.3610491387295	766.712244898
766.4573734396997	0.0	cv_transition	/intervals/trials	224	cv_transition_time	n/a	n/a	n/a	n/a	n/a	n/a	n/a	n/a	n/a	fee	766.4573734396997	224	true	766.3610491387295	766.712244898
770.074603175	0.32925169999998616	trials	/intervals/trials	225	start_time	n/a	n/a	n/a	n/a	n/a	n/a	n/a	n/a	n/a	foo	770.164399093	225	true	770.074603175	770.403854875
770.164399093	0.0	cv_transition	/intervals/trials	225	cv_transition_time	n/a	n/a	n/a	n/a	n/a	n/a	n/a	n/a	n/a	foo	770.164399093	225	true	770.074603175	770.403854875
772.987981859	0.2494331069999589	trials	/intervals/trials	226	start_time	n/a	n/a	n/a	n/a	n/a	n/a	n/a	n/a	n/a	voo	773.037868481	226	true	772.987981859	773.237414966
773.037868481	0.0	cv_transition	/intervals/trials	226	cv_transition_time	n/a	n/a	n/a	n/a	n/a	n/a	n/a	n/a	n/a	voo	773.037868481	226	true	772.987981859	773.237414966
775.691836735	0.3691609969999945	trials	/intervals/trials	227	start_time	n/a	n/a	n/a	n/a	n/a	n/a	n/a	n/a	n/a	moo	775.7819451351065	227	true	775.691836735	776.060997732
775.7819451351065	0.0	cv_transition	/intervals/trials	227	cv_transition_time	n/a	n/a	n/a	n/a	n/a	n/a	n/a	n/a	n/a	moo	775.7819451351065	227	true	775.691836735	776.060997732
779.0883624083627	0.28570448672678594	trials	/intervals/trials	228	start_time	n/a	n/a	n/a	n/a	n/a	n/a	n/a	n/a	n/a	poo	779.1387039311957	228	true	779.0883624083627	779.3740668950895
779.1387039311957	0.0	cv_transition	/intervals/trials	228	cv_transition_time	n/a	n/a	n/a	n/a	n/a	n/a	n/a	n/a	n/a	poo	779.1387039311957	228	true	779.0883624083627	779.3740668950895
782.7896205335073	0.4334601251713366	trials	/intervals/trials	229	start_time	n/a	n/a	n/a	n/a	n/a	n/a	n/a	n/a	n/a	shee	782.9347610279086	229	true	782.7896205335073	783.2230806586787
782.9347610279086	0.0	cv_transition	/intervals/trials	229	cv_transition_time	n/a	n/a	n/a	n/a	n/a	n/a	n/a	n/a	n/a	shee	782.9347610279086	229	true	782.7896205335073	783.2230806586787
786.0521995819257	0.399463252608939	trials	/intervals/trials	230	start_time	n/a	n/a	n/a	n/a	n/a	n/a	n/a	n/a	n/a	raa	786.172496207916	230	true	786.0521995819257	786.4516628345347
786.172496207916	0.0	cv_transition	/intervals/trials	230	cv_transition_time	n/a	n/a	n/a	n/a	n/a	n/a	n/a	n/a	n/a	raa	786.172496207916	230	true	786.0521995819257	786.4516628345347
788.971655329	0.4016802957027039	trials	/intervals/trials	231	start_time	n/a	n/a	n/a	n/a	n/a	n/a	n/a	n/a	n/a	nee	789.0640948415864	231	true	788.971655329	789.3733356247027
789.0640948415864	0.0	cv_transition	/intervals/trials	231	cv_transition_time	n/a	n/a	n/a	n/a	n/a	n/a	n/a	n/a	n/a	nee	789.0640948415864	231	true	788.971655329	789.3733356247027
791.5798602355345	0.38769510441420607	trials	/intervals/trials	232	start_time	n/a	n/a	n/a	n/a	n/a	n/a	n/a	n/a	n/a	dhaa	791.685487528	232	true	791.5798602355345	791.9675553399487
791.685487528	0.0	cv_transition	/intervals/trials	232	cv_transition_time	n/a	n/a	n/a	n/a	n/a	n/a	n/a	n/a	n/a	dhaa	791.685487528	232	true	791.5798602355345	791.9675553399487
794.4364516831511	0.35108308780843345	trials	/intervals/trials	233	start_time	n/a	n/a	n/a	n/a	n/a	n/a	n/a	n/a	n/a	kee	794.5175211484923	233	true	794.4364516831511	794.7875347709595
794.5175211484923	0.0	cv_transition	/intervals/trials	233	cv_transition_time	n/a	n/a	n/a	n/a	n/a	n/a	n/a	n/a	n/a	kee	794.5175211484923	233	true	794.4364516831511	794.7875347709595
797.517575794494	0.3072794250837205	trials	/intervals/trials	234	start_time	n/a	n/a	n/a	n/a	n/a	n/a	n/a	n/a	n/a	dhoo	797.5456885929591	234	true	797.517575794494	797.8248552195777
797.5456885929591	0.0	cv_transition	/intervals/trials	234	cv_transition_time	n/a	n/a	n/a	n/a	n/a	n/a	n/a	n/a	n/a	dhoo	797.5456885929591	234	true	797.517575794494	797.8248552195777
801.5035907663877	0.4347676971930241	trials	/intervals/trials	235	start_time	n/a	n/a	n/a	n/a	n/a	n/a	n/a	n/a	n/a	yoo	801.6232336063671	235	true	801.5035907663877	801.9383584635807
801.6232336063671	0.0	cv_transition	/intervals/trials	235	cv_transition_time	n/a	n/a	n/a	n/a	n/a	n/a	n/a	n/a	n/a	yoo	801.6232336063671	235	true	801.5035907663877	801.9383584635807
804.4355862037775	0.47987893193931086	trials	/intervals/trials	236	start_time	n/a	n/a	n/a	n/a	n/a	n/a	n/a	n/a	n/a	zee	804.5846494142436	236	true	804.4355862037775	804.9154651357168
804.5846494142436	0.0	cv_transition	/intervals/trials	236	cv_transition_time	n/a	n/a	n/a	n/a	n/a	n/a	n/a	n/a	n/a	zee	804.5846494142436	236	true	804.4355862037775	804.9154651357168
808.0354986623297	0.32623921939739375	trials	/intervals/trials	237	start_time	n/a	n/a	n/a	n/a	n/a	n/a	n/a	n/a	n/a	naa	808.088208617	237	true	808.0354986623297	808.3617378817271
808.088208617	0.0	cv_transition	/intervals/trials	237	cv_transition_time	n/a	n/a	n/a	n/a	n/a	n/a	n/a	n/a	n/a	naa	808.088208617	237	true	808.0354986623297	808.3617378817271
810.6397851887479	0.3380073675921267	trials	/intervals/trials	238	start_time	n/a	n/a	n/a	n/a	n/a	n/a	n/a	n/a	n/a	woo	810.8078081935276	238	true	810.6397851887479	810.97779255634
810.8078081935276	0.0	cv_transition	/intervals/trials	238	cv_transition_time	n/a	n/a	n/a	n/a	n/a	n/a	n/a	n/a	n/a	woo	810.8078081935276	238	true	810.6397851887479	810.97779255634
814.3490018535704	0.3504293017975897	trials	/intervals/trials	239	start_time	n/a	n/a	n/a	n/a	n/a	n/a	n/a	n/a	n/a	kaa	814.4065350225222	239	true	814.3490018535704	814.699431155368
814.4065350225222	0.0	cv_transition	/intervals/trials	239	cv_transition_time	n/a	n/a	n/a	n/a	n/a	n/a	n/a	n/a	n/a	kaa	814.4065350225222	239	true	814.3490018535704	814.699431155368
818.3041688004741	0.34912172977601585	trials	/intervals/trials	240	start_time	n/a	n/a	n/a	n/a	n/a	n/a	n/a	n/a	n/a	koo	818.3832769077829	240	true	818.3041688004741	818.6532905302502
818.3832769077829	0.0	cv_transition	/intervals/trials	240	cv_transition_time	n/a	n/a	n/a	n/a	n/a	n/a	n/a	n/a	n/a	koo	818.3832769077829	240	true	818.3041688004741	818.6532905302502
824.5318291417974	0.41842304692249854	trials	/intervals/trials	241	start_time	n/a	n/a	n/a	n/a	n/a	n/a	n/a	n/a	n/a	shoo	824.6730469201337	241	true	824.5318291417974	824.9502521887199
824.6730469201337	0.0	cv_transition	/intervals/trials	241	cv_transition_time	n/a	n/a	n/a	n/a	n/a	n/a	n/a	n/a	n/a	shoo	824.6730469201337	241	true	824.5318291417974	824.9502521887199
828.092743764	0.3621847146455366	trials	/intervals/trials	242	start_time	n/a	n/a	n/a	n/a	n/a	n/a	n/a	n/a	n/a	zaa	828.2097587245894	242	true	828.092743764	828.4549284786456
828.2097587245894	0.0	cv_transition	/intervals/trials	242	cv_transition_time	n/a	n/a	n/a	n/a	n/a	n/a	n/a	n/a	n/a	zaa	828.2097587245894	242	true	828.092743764	828.4549284786456
833.905726129593	0.4511123474633223	trials	/intervals/trials	243	start_time	n/a	n/a	n/a	n/a	n/a	n/a	n/a	n/a	n/a	saa	834.0495590519726	243	true	833.905726129593	834.3568384770563
834.0495590519726	0.0	cv_transition	/intervals/trials	243	cv_transition_time	n/a	n/a	n/a	n/a	n/a	n/a	n/a	n/a	n/a	saa	834.0495590519726	243	true	833.905726129593	834.3568384770563
836.3884460109208	0.36677395206800156	trials	/intervals/trials	244	start_time	n/a	n/a	n/a	n/a	n/a	n/a	n/a	n/a	n/a	kaa	836.4479405379051	244	true	836.3884460109208	836.7552199629888
836.4479405379051	0.0	cv_transition	/intervals/trials	244	cv_transition_time	n/a	n/a	n/a	n/a	n/a	n/a	n/a	n/a	n/a	kaa	836.4479405379051	244	true	836.3884460109208	836.7552199629888
839.1606148231939	0.43411391118218035	trials	/intervals/trials	245	start_time	n/a	n/a	n/a	n/a	n/a	n/a	n/a	n/a	n/a	raa	839.267346939	245	true	839.1606148231939	839.5947287343761
839.267346939	0.0	cv_transition	/intervals/trials	245	cv_transition_time	n/a	n/a	n/a	n/a	n/a	n/a	n/a	n/a	n/a	raa	839.267346939	245	true	839.1606148231939	839.5947287343761
842.3781437657988	0.43215255314964907	trials	/intervals/trials	246	start_time	n/a	n/a	n/a	n/a	n/a	n/a	n/a	n/a	n/a	saa	842.505632037908	246	true	842.3781437657988	842.8102963189484
842.505632037908	0.0	cv_transition	/intervals/trials	246	cv_transition_time	n/a	n/a	n/a	n/a	n/a	n/a	n/a	n/a	n/a	saa	842.505632037908	246	true	842.3781437657988	842.8102963189484
845.9363805395726	0.39488675053314637	trials	/intervals/trials	247	start_time	n/a	n/a	n/a	n/a	n/a	n/a	n/a	n/a	n/a	faa	846.0154886468814	247	true	845.9363805395726	846.3312672901058
846.0154886468814	0.0	cv_transition	/intervals/trials	247	cv_transition_time	n/a	n/a	n/a	n/a	n/a	n/a	n/a	n/a	n/a	faa	846.0154886468814	247	true	845.9363805395726	846.3312672901058
848.546258503	0.3392307281792455	trials	/intervals/trials	248	start_time	n/a	n/a	n/a	n/a	n/a	n/a	n/a	n/a	n/a	hoo	848.5814787361495	248	true	848.546258503	848.8854892311792
848.5814787361495	0.0	cv_transition	/intervals/trials	248	cv_transition_time	n/a	n/a	n/a	n/a	n/a	n/a	n/a	n/a	n/a	hoo	848.5814787361495	248	true	848.546258503	848.8854892311792
851.3190666905466	0.40649094020807297	trials	/intervals/trials	249	start_time	n/a	n/a	n/a	n/a	n/a	n/a	n/a	n/a	n/a	fee	851.3869707789279	249	true	851.3190666905466	851.7255576307547
851.3869707789279	0.0	cv_transition	/intervals/trials	249	cv_transition_time	n/a	n/a	n/a	n/a	n/a	n/a	n/a	n/a	n/a	fee	851.3869707789279	249	true	851.3190666905466	851.7255576307547
853.9752113216418	0.3595816265535632	trials	/intervals/trials	250	start_time	n/a	n/a	n/a	n/a	n/a	n/a	n/a	n/a	n/a	waa	854.073696145	250	true	853.9752113216418	854.3347929481954
854.073696145	0.0	cv_transition	/intervals/trials	250	cv_transition_time	n/a	n/a	n/a	n/a	n/a	n/a	n/a	n/a	n/a	waa	854.073696145	250	true	853.9752113216418	854.3347929481954
857.485941043	0.3715162022175491	trials	/intervals/trials	251	start_time	n/a	n/a	n/a	n/a	n/a	n/a	n/a	n/a	n/a	haa	857.5456019072793	251	true	857.485941043	857.8574572452176
857.5456019072793	0.0	cv_transition	/intervals/trials	251	cv_transition_time	n/a	n/a	n/a	n/a	n/a	n/a	n/a	n/a	n/a	haa	857.5456019072793	251	true	857.485941043	857.8574572452176
861.147619048	0.3492063489999282	trials	/intervals/trials	252	start_time	n/a	n/a	n/a	n/a	n/a	n/a	n/a	n/a	n/a	roo	861.327210884	252	true	861.147619048	861.496825397
861.327210884	0.0	cv_transition	/intervals/trials	252	cv_transition_time	n/a	n/a	n/a	n/a	n/a	n/a	n/a	n/a	n/a	roo	861.327210884	252	true	861.147619048	861.496825397
864.0115107441528	0.43672823006863837	trials	/intervals/trials	253	start_time	n/a	n/a	n/a	n/a	n/a	n/a	n/a	n/a	n/a	see	864.145536623141	253	true	864.0115107441528	864.4482389742215
864.145536623141	0.0	cv_transition	/intervals/trials	253	cv_transition_time	n/a	n/a	n/a	n/a	n/a	n/a	n/a	n/a	n/a	see	864.145536623141	253	true	864.0115107441528	864.4482389742215
867.223809524	0.3327515254319451	trials	/intervals/trials	254	start_time	n/a	n/a	n/a	n/a	n/a	n/a	n/a	n/a	n/a	nee	867.313605442	254	true	867.223809524	867.5565610494319
867.313605442	0.0	cv_transition	/intervals/trials	254	cv_transition_time	n/a	n/a	n/a	n/a	n/a	n/a	n/a	n/a	n/a	nee	867.313605442	254	true	867.223809524	867.5565610494319
870.4468306916428	0.38397253582832036	trials	/intervals/trials	255	start_time	n/a	n/a	n/a	n/a	n/a	n/a	n/a	n/a	n/a	too	870.5277831494132	255	true	870.4468306916428	870.8308032274712
870.5277831494132	0.0	cv_transition	/intervals/trials	255	cv_transition_time	n/a	n/a	n/a	n/a	n/a	n/a	n/a	n/a	n/a	too	870.5277831494132	255	true	870.4468306916428	870.8308032274712
873.5556450407805	0.4334593061909118	trials	/intervals/trials	256	start_time	n/a	n/a	n/a	n/a	n/a	n/a	n/a	n/a	n/a	gaa	873.679138322	256	true	873.5556450407805	873.9891043469714
873.679138322	0.0	cv_transition	/intervals/trials	256	cv_transition_time	n/a	n/a	n/a	n/a	n/a	n/a	n/a	n/a	n/a	gaa	873.679138322	256	true	873.5556450407805	873.9891043469714
876.5329141095765	0.4079616999445079	trials	/intervals/trials	257	start_time	n/a	n/a	n/a	n/a	n/a	n/a	n/a	n/a	n/a	bee	876.632426304	257	true	876.5329141095765	876.940875809521
876.632426304	0.0	cv_transition	/intervals/trials	257	cv_transition_time	n/a	n/a	n/a	n/a	n/a	n/a	n/a	n/a	n/a	bee	876.632426304	257	true	876.5329141095765	876.940875809521
880.3686667911624	0.4007700674133048	trials	/intervals/trials	258	start_time	n/a	n/a	n/a	n/a	n/a	n/a	n/a	n/a	n/a	daa	880.403854875	258	true	880.3686667911624	880.7694368585757
880.403854875	0.0	cv_transition	/intervals/trials	258	cv_transition_time	n/a	n/a	n/a	n/a	n/a	n/a	n/a	n/a	n/a	daa	880.403854875	258	true	880.3686667911624	880.7694368585757
882.4927054498271	0.41806660899646886	invalid_times	/intervals/invalid_times	2	start_time	n/a	n/a	n/a	n/a	2	882.4927054498271	882.9107720588236	"[""ECoG artifact""]"	"[{""idx_start"":2693153,""count"":1276,""timeseries"":""/acquisition/ElectricalSeries""}]"	n/a	n/a	n/a	n/a	n/a	n/a
883.397106174281	0.3098939836115733	trials	/intervals/trials	259	start_time	n/a	n/a	n/a	n/a	n/a	n/a	n/a	n/a	n/a	tee	883.436961451	259	true	883.397106174281	883.7070001578926
883.436961451	0.0	cv_transition	/intervals/trials	259	cv_transition_time	n/a	n/a	n/a	n/a	n/a	n/a	n/a	n/a	n/a	tee	883.436961451	259	true	883.397106174281	883.7070001578926
886.9598122985807	0.33081509642920537	trials	/intervals/trials	260	start_time	n/a	n/a	n/a	n/a	n/a	n/a	n/a	n/a	n/a	yee	887.1252198467953	260	true	886.9598122985807	887.2906273950099
887.1252198467953	0.0	cv_transition	/intervals/trials	260	cv_transition_time	n/a	n/a	n/a	n/a	n/a	n/a	n/a	n/a	n/a	yee	887.1252198467953	260	true	886.9598122985807	887.2906273950099
889.453626366939	0.36611947430913006	trials	/intervals/trials	261	start_time	n/a	n/a	n/a	n/a	n/a	n/a	n/a	n/a	n/a	zoo	889.573015873	261	true	889.453626366939	889.8197458412482
889.573015873	0.0	cv_transition	/intervals/trials	261	cv_transition_time	n/a	n/a	n/a	n/a	n/a	n/a	n/a	n/a	n/a	zoo	889.573015873	261	true	889.453626366939	889.8197458412482
892.5711997728167	0.41972982590436914	trials	/intervals/trials	262	start_time	n/a	n/a	n/a	n/a	n/a	n/a	n/a	n/a	n/a	noo	892.705895692	262	true	892.5711997728167	892.9909295987211
892.705895692	0.0	cv_transition	/intervals/trials	262	cv_transition_time	n/a	n/a	n/a	n/a	n/a	n/a	n/a	n/a	n/a	noo	892.705895692	262	true	892.5711997728167	892.9909295987211
895.8104957714436	0.4373500335564131	trials	/intervals/trials	263	start_time	n/a	n/a	n/a	n/a	n/a	n/a	n/a	n/a	n/a	soo	895.9732881805561	263	true	895.8104957714436	896.247845805
895.9732881805561	0.0	cv_transition	/intervals/trials	263	cv_transition_time	n/a	n/a	n/a	n/a	n/a	n/a	n/a	n/a	n/a	soo	895.9732881805561	263	true	895.8104957714436	896.247845805
899.0873530885849	0.34912107014474714	trials	/intervals/trials	264	start_time	n/a	n/a	n/a	n/a	n/a	n/a	n/a	n/a	n/a	moo	899.191156463	264	true	899.0873530885849	899.4364741587297
899.191156463	0.0	cv_transition	/intervals/trials	264	cv_transition_time	n/a	n/a	n/a	n/a	n/a	n/a	n/a	n/a	n/a	moo	899.191156463	264	true	899.0873530885849	899.4364741587297
902.3089136303139	0.418422256353324	trials	/intervals/trials	265	start_time	n/a	n/a	n/a	n/a	n/a	n/a	n/a	n/a	n/a	yaa	902.423809524	265	true	902.3089136303139	902.7273358866672
902.423809524	0.0	cv_transition	/intervals/trials	265	cv_transition_time	n/a	n/a	n/a	n/a	n/a	n/a	n/a	n/a	n/a	yaa	902.423809524	265	true	902.3089136303139	902.7273358866672
905.3166686846124	0.43999715394647865	trials	/intervals/trials	266	start_time	n/a	n/a	n/a	n/a	n/a	n/a	n/a	n/a	n/a	gee	905.425196957354	266	true	905.3166686846124	905.7566658385589
905.425196957354	0.0	cv_transition	/intervals/trials	266	cv_transition_time	n/a	n/a	n/a	n/a	n/a	n/a	n/a	n/a	n/a	gee	905.425196957354	266	true	905.3166686846124	905.7566658385589
908.0092535155417	0.32113197245837455	trials	/intervals/trials	267	start_time	n/a	n/a	n/a	n/a	n/a	n/a	n/a	n/a	n/a	paa	908.032135982686	267	true	908.0092535155417	908.330385488
908.032135982686	0.0	cv_transition	/intervals/trials	267	cv_transition_time	n/a	n/a	n/a	n/a	n/a	n/a	n/a	n/a	n/a	paa	908.032135982686	267	true	908.0092535155417	908.330385488
911.8281245574773	0.33996808328697625	trials	/intervals/trials	268	start_time	n/a	n/a	n/a	n/a	n/a	n/a	n/a	n/a	n/a	noo	911.8980795284614	268	true	911.8281245574773	912.1680926407643
911.8980795284614	0.0	cv_transition	/intervals/trials	268	cv_transition_time	n/a	n/a	n/a	n/a	n/a	n/a	n/a	n/a	n/a	noo	911.8980795284614	268	true	911.8281245574773	912.1680926407643
915.2831424555342	0.4158071172510063	trials	/intervals/trials	269	start_time	n/a	n/a	n/a	n/a	n/a	n/a	n/a	n/a	n/a	ree	915.3864404500714	269	true	915.2831424555342	915.6989495727852
915.3864404500714	0.0	cv_transition	/intervals/trials	269	cv_transition_time	n/a	n/a	n/a	n/a	n/a	n/a	n/a	n/a	n/a	ree	915.3864404500714	269	true	915.2831424555342	915.6989495727852
918.5319077730094	0.3275461725514788	trials	/intervals/trials	270	start_time	n/a	n/a	n/a	n/a	n/a	n/a	n/a	n/a	n/a	pee	918.5730962138691	270	true	918.5319077730094	918.8594539455609
918.5730962138691	0.0	cv_transition	/intervals/trials	270	cv_transition_time	n/a	n/a	n/a	n/a	n/a	n/a	n/a	n/a	n/a	pee	918.5730962138691	270	true	918.5319077730094	918.8594539455609
921.6577756985412	0.4007700674134185	trials	/intervals/trials	271	start_time	n/a	n/a	n/a	n/a	n/a	n/a	n/a	n/a	n/a	tee	921.759863946	271	true	921.6577756985412	922.0585457659546
921.759863946	0.0	cv_transition	/intervals/trials	271	cv_transition_time	n/a	n/a	n/a	n/a	n/a	n/a	n/a	n/a	n/a	tee	921.759863946	271	true	921.6577756985412	922.0585457659546
925.521315193	0.3891156460000502	trials	/intervals/trials	272	start_time	n/a	n/a	n/a	n/a	n/a	n/a	n/a	n/a	n/a	goo	925.63106576	272	true	925.521315193	925.910430839
925.63106576	0.0	cv_transition	/intervals/trials	272	cv_transition_time	n/a	n/a	n/a	n/a	n/a	n/a	n/a	n/a	n/a	goo	925.63106576	272	true	925.521315193	925.910430839
928.1066775653369	0.3641581199824486	trials	/intervals/trials	273	start_time	n/a	n/a	n/a	n/a	n/a	n/a	n/a	n/a	n/a	hee	928.1642106255855	273	true	928.1066775653369	928.4708356853193
928.1642106255855	0.0	cv_transition	/intervals/trials	273	cv_transition_time	n/a	n/a	n/a	n/a	n/a	n/a	n/a	n/a	n/a	hee	928.1642106255855	273	true	928.1066775653369	928.4708356853193
932.7233628892734	11.114805363321807	invalid_times	/intervals/invalid_times	6	start_time	n/a	n/a	n/a	n/a	6	932.7233628892734	943.8381682525952	"[""ECoG artifact""]"	"[{""idx_start"":2846445,""count"":33920,""timeseries"":""/acquisition/ElectricalSeries""}]"	n/a	n/a	n/a	n/a	n/a	n/a
