onset	duration	trial_type	source_table	source_row	source_onset_column	nwb_epochs_id	nwb_epochs_label	nwb_epochs_start_time	nwb_epochs_stop_time	nwb_invalid_times_id	nwb_invalid_times_start_time	nwb_invalid_times_stop_time	nwb_invalid_times_tags	nwb_invalid_times_timeseries	nwb_trials_condition	nwb_trials_cv_transition_time	nwb_trials_id	nwb_trials_speak	nwb_trials_start_time	nwb_trials_stop_time
19.975253997099536	2.999283984706654	invalid_times	/intervals/invalid_times	1	start_time	n/a	n/a	n/a	n/a	1	19.975253997099536	22.97453798180619	"[""ECoG artifact""]"	"[{""idx_start"":60959,""count"":9153,""timeseries"":""/acquisition/ElectricalSeries""}]"	n/a	n/a	n/a	n/a	n/a	n/a
25.2247174	0.36253380000000135	trials	/intervals/trials	0	start_time	n/a	n/a	n/a	n/a	n/a	n/a	n/a	n/a	n/a	raa	25.2794155	0	true	25.2247174	25.5872512
25.2794155	0.0	cv_transition	/intervals/trials	0	cv_transition_time	n/a	n/a	n/a	n/a	n/a	n/a	n/a	n/a	n/a	raa	25.2794155	0	true	25.2247174	25.5872512
26.005755	0.4693858999999989	trials	/intervals/trials	1	start_time	n/a	n/a	n/a	n/a	n/a	n/a	n/a	n/a	n/a	shee	26.1965623	1	true	26.005755	26.4751409
26.1965623	0.0	cv_transition	/intervals/trials	1	cv_transition_time	n/a	n/a	n/a	n/a	n/a	n/a	n/a	n/a	n/a	shee	26.1965623	1	true	26.005755	26.4751409
28.0410323	0.375254199999997	trials	/intervals/trials	2	start_time	n/a	n/a	n/a	n/a	n/a	n/a	n/a	n/a	n/a	baa	28.0575689	2	true	28.0410323	28.4162865
28.0575689	0.0	cv_transition	/intervals/trials	2	cv_transition_time	n/a	n/a	n/a	n/a	n/a	n/a	n/a	n/a	n/a	baa	28.0575689	2	true	28.0410323	28.4162865
31.6752742	0.43249640000000156	trials	/intervals/trials	3	start_time	n/a	n/a	n/a	n/a	n/a	n/a	n/a	n/a	n/a	raa	31.7566853	3	true	31.6752742	32.1077706
31.7566853	0.0	cv_transition	/intervals/trials	3	cv_transition_time	n/a	n/a	n/a	n/a	n/a	n/a	n/a	n/a	n/a	raa	31.7566853	3	true	31.6752742	32.1077706
32.4499516	0.6169434000000038	trials	/intervals/trials	4	start_time	n/a	n/a	n/a	n/a	n/a	n/a	n/a	n/a	n/a	shee	32.6611116	4	true	32.4499516	33.066895
32.6611116	0.0	cv_transition	/intervals/trials	4	cv_transition_time	n/a	n/a	n/a	n/a	n/a	n/a	n/a	n/a	n/a	shee	32.6611116	4	true	32.4499516	33.066895
33.409076	0.5024591000000029	trials	/intervals/trials	5	start_time	n/a	n/a	n/a	n/a	n/a	n/a	n/a	n/a	n/a	yoo	33.5261045	5	true	33.409076	33.9115351
33.5261045	0.0	cv_transition	/intervals/trials	5	cv_transition_time	n/a	n/a	n/a	n/a	n/a	n/a	n/a	n/a	n/a	yoo	33.5261045	5	true	33.409076	33.9115351
34.5971691	0.38161449999999775	trials	/intervals/trials	6	start_time	n/a	n/a	n/a	n/a	n/a	n/a	n/a	n/a	n/a	baa	34.6098896	6	true	34.5971691	34.9787836
34.6098896	0.0	cv_transition	/intervals/trials	6	cv_transition_time	n/a	n/a	n/a	n/a	n/a	n/a	n/a	n/a	n/a	baa	34.6098896	6	true	34.5971691	34.9787836
35.1963039	0.6983545000000007	trials	/intervals/trials	7	start_time	n/a	n/a	n/a	n/a	n/a	n/a	n/a	n/a	n/a	zee	35.5117718	7	true	35.1963039	35.8946584
35.5117718	0.0	cv_transition	/intervals/trials	7	cv_transition_time	n/a	n/a	n/a	n/a	n/a	n/a	n/a	n/a	n/a	zee	35.5117718	7	true	35.1963039	35.8946584
36.1935897	0.4019673000000026	trials	/intervals/trials	8	start_time	n/a	n/a	n/a	n/a	n/a	n/a	n/a	n/a	n/a	gee	36.2203027	8	true	36.1935897	36.595557
36.2203027	0.0	cv_transition	/intervals/trials	8	cv_transition_time	n/a	n/a	n/a	n/a	n/a	n/a	n/a	n/a	n/a	gee	36.2203027	8	true	36.1935897	36.595557
37.4554616	0.4604815000000002	trials	/intervals/trials	9	start_time	n/a	n/a	n/a	n/a	n/a	n/a	n/a	n/a	n/a	kee	37.5356007	9	true	37.4554616	37.9159431
37.5356007	0.0	cv_transition	/intervals/trials	9	cv_transition_time	n/a	n/a	n/a	n/a	n/a	n/a	n/a	n/a	n/a	kee	37.5356007	9	true	37.4554616	37.9159431
38.0863976	0.5011870000000016	trials	/intervals/trials	10	start_time	n/a	n/a	n/a	n/a	n/a	n/a	n/a	n/a	n/a	ree	38.2008819	10	true	38.0863976	38.5875846
38.2008819	0.0	cv_transition	/intervals/trials	10	cv_transition_time	n/a	n/a	n/a	n/a	n/a	n/a	n/a	n/a	n/a	ree	38.2008819	10	true	38.0863976	38.5875846
39.1282051	0.4986429000000001	trials	/intervals/trials	11	start_time	n/a	n/a	n/a	n/a	n/a	n/a	n/a	n/a	n/a	thee	39.2325131	11	true	39.1282051	39.626848
39.2325131	0.0	cv_transition	/intervals/trials	11	cv_transition_time	n/a	n/a	n/a	n/a	n/a	n/a	n/a	n/a	n/a	thee	39.2325131	11	true	39.1282051	39.626848
40.0924177	0.4299523000000036	trials	/intervals/trials	12	start_time	n/a	n/a	n/a	n/a	n/a	n/a	n/a	n/a	n/a	voo	40.1356673	12	true	40.0924177	40.52237
40.1356673	0.0	cv_transition	/intervals/trials	12	cv_transition_time	n/a	n/a	n/a	n/a	n/a	n/a	n/a	n/a	n/a	voo	40.1356673	12	true	40.0924177	40.52237
42.8387699	0.4401286999999954	trials	/intervals/trials	13	start_time	n/a	n/a	n/a	n/a	n/a	n/a	n/a	n/a	n/a	noo	42.9100046	13	true	42.8387699	43.2788986
42.9100046	0.0	cv_transition	/intervals/trials	13	cv_transition_time	n/a	n/a	n/a	n/a	n/a	n/a	n/a	n/a	n/a	noo	42.9100046	13	true	42.8387699	43.2788986
44.1362592	0.41977590000000475	trials	/intervals/trials	14	start_time	n/a	n/a	n/a	n/a	n/a	n/a	n/a	n/a	n/a	dee	44.1820529	14	true	44.1362592	44.5560351
44.1820529	0.0	cv_transition	/intervals/trials	14	cv_transition_time	n/a	n/a	n/a	n/a	n/a	n/a	n/a	n/a	n/a	dee	44.1820529	14	true	44.1362592	44.5560351
45.0216048	0.5431646000000043	trials	/intervals/trials	15	start_time	n/a	n/a	n/a	n/a	n/a	n/a	n/a	n/a	n/a	yee	45.0902954	15	true	45.0216048	45.5647694
45.0902954	0.0	cv_transition	/intervals/trials	15	cv_transition_time	n/a	n/a	n/a	n/a	n/a	n/a	n/a	n/a	n/a	yee	45.0902954	15	true	45.0216048	45.5647694
46.0125304	0.487194499999994	trials	/intervals/trials	16	start_time	n/a	n/a	n/a	n/a	n/a	n/a	n/a	n/a	n/a	koo	46.0964856	16	true	46.0125304	46.4997249
46.0964856	0.0	cv_transition	/intervals/trials	16	cv_transition_time	n/a	n/a	n/a	n/a	n/a	n/a	n/a	n/a	n/a	koo	46.0964856	16	true	46.0125304	46.4997249
46.9423977	0.42613620000000196	trials	/intervals/trials	17	start_time	n/a	n/a	n/a	n/a	n/a	n/a	n/a	n/a	n/a	fee	46.9894635	17	true	46.9423977	47.3685339
46.9894635	0.0	cv_transition	/intervals/trials	17	cv_transition_time	n/a	n/a	n/a	n/a	n/a	n/a	n/a	n/a	n/a	fee	46.9894635	17	true	46.9423977	47.3685339
48.0465356	0.4414008000000038	trials	/intervals/trials	18	start_time	n/a	n/a	n/a	n/a	n/a	n/a	n/a	n/a	n/a	hee	48.1406672	18	true	48.0465356	48.4879364
48.1406672	0.0	cv_transition	/intervals/trials	18	cv_transition_time	n/a	n/a	n/a	n/a	n/a	n/a	n/a	n/a	n/a	hee	48.1406672	18	true	48.0465356	48.4879364
48.9891234	0.43376840000000527	trials	/intervals/trials	19	start_time	n/a	n/a	n/a	n/a	n/a	n/a	n/a	n/a	n/a	vaa	49.032373	19	true	48.9891234	49.4228918
49.032373	0.0	cv_transition	/intervals/trials	19	cv_transition_time	n/a	n/a	n/a	n/a	n/a	n/a	n/a	n/a	n/a	vaa	49.032373	19	true	48.9891234	49.4228918
49.8910056	0.449033	trials	/intervals/trials	20	start_time	n/a	n/a	n/a	n/a	n/a	n/a	n/a	n/a	n/a	loo	49.9711446	20	true	49.8910056	50.3400386
49.9711446	0.0	cv_transition	/intervals/trials	20	cv_transition_time	n/a	n/a	n/a	n/a	n/a	n/a	n/a	n/a	n/a	loo	49.9711446	20	true	49.8910056	50.3400386
50.7407339	0.35362939999999554	trials	/intervals/trials	21	start_time	n/a	n/a	n/a	n/a	n/a	n/a	n/a	n/a	n/a	hoo	50.796704	21	true	50.7407339	51.0943633
50.796704	0.0	cv_transition	/intervals/trials	21	cv_transition_time	n/a	n/a	n/a	n/a	n/a	n/a	n/a	n/a	n/a	hoo	50.796704	21	true	50.7407339	51.0943633
52.14421791219512	0.47790788767304093	invalid_times	/intervals/invalid_times	2	start_time	n/a	n/a	n/a	n/a	2	52.14421791219512	52.62212579986816	"[""ECoG artifact""]"	"[{""idx_start"":159131,""count"":1458,""timeseries"":""/acquisition/ElectricalSeries""}]"	n/a	n/a	n/a	n/a	n/a	n/a
53.1563535	0.4274082999999962	trials	/intervals/trials	22	start_time	n/a	n/a	n/a	n/a	n/a	n/a	n/a	n/a	n/a	kaa	53.2237721	22	true	53.1563535	53.5837618
53.2237721	0.0	cv_transition	/intervals/trials	22	cv_transition_time	n/a	n/a	n/a	n/a	n/a	n/a	n/a	n/a	n/a	kaa	53.2237721	22	true	53.1563535	53.5837618
53.9946334	0.43631249999999966	trials	/intervals/trials	23	start_time	n/a	n/a	n/a	n/a	n/a	n/a	n/a	n/a	n/a	poo	54.0735004	23	true	53.9946334	54.4309459
54.0735004	0.0	cv_transition	/intervals/trials	23	cv_transition_time	n/a	n/a	n/a	n/a	n/a	n/a	n/a	n/a	n/a	poo	54.0735004	23	true	53.9946334	54.4309459
54.907964	0.3549014999999969	trials	/intervals/trials	24	start_time	n/a	n/a	n/a	n/a	n/a	n/a	n/a	n/a	n/a	bee	54.9308609	24	true	54.907964	55.2628655
54.9308609	0.0	cv_transition	/intervals/trials	24	cv_transition_time	n/a	n/a	n/a	n/a	n/a	n/a	n/a	n/a	n/a	bee	54.9308609	24	true	54.907964	55.2628655
56.1761962	0.46175350000000037	trials	/intervals/trials	25	start_time	n/a	n/a	n/a	n/a	n/a	n/a	n/a	n/a	n/a	paa	56.2550632	25	true	56.1761962	56.6379497
56.2550632	0.0	cv_transition	/intervals/trials	25	cv_transition_time	n/a	n/a	n/a	n/a	n/a	n/a	n/a	n/a	n/a	paa	56.2550632	25	true	56.1761962	56.6379497
57.0437331	0.47192990000000634	trials	/intervals/trials	26	start_time	n/a	n/a	n/a	n/a	n/a	n/a	n/a	n/a	n/a	taa	57.1594895	26	true	57.0437331	57.515663
57.1594895	0.0	cv_transition	/intervals/trials	26	cv_transition_time	n/a	n/a	n/a	n/a	n/a	n/a	n/a	n/a	n/a	taa	57.1594895	26	true	57.0437331	57.515663
59.0357607	0.5597011999999992	trials	/intervals/trials	27	start_time	n/a	n/a	n/a	n/a	n/a	n/a	n/a	n/a	n/a	saa	59.1833183	27	true	59.0357607	59.5954619
59.1833183	0.0	cv_transition	/intervals/trials	27	cv_transition_time	n/a	n/a	n/a	n/a	n/a	n/a	n/a	n/a	n/a	saa	59.1833183	27	true	59.0357607	59.5954619
60.8013637	0.5711496999999994	trials	/intervals/trials	28	start_time	n/a	n/a	n/a	n/a	n/a	n/a	n/a	n/a	n/a	shoo	60.9807225	28	true	60.8013637	61.3725134
60.9807225	0.0	cv_transition	/intervals/trials	28	cv_transition_time	n/a	n/a	n/a	n/a	n/a	n/a	n/a	n/a	n/a	shoo	60.9807225	28	true	60.8013637	61.3725134
61.9258544	0.5609733000000006	trials	/intervals/trials	29	start_time	n/a	n/a	n/a	n/a	n/a	n/a	n/a	n/a	n/a	foo	62.0632356	29	true	61.9258544	62.4868277
62.0632356	0.0	cv_transition	/intervals/trials	29	cv_transition_time	n/a	n/a	n/a	n/a	n/a	n/a	n/a	n/a	n/a	foo	62.0632356	29	true	61.9258544	62.4868277
63.1902704	0.4744739999999936	trials	/intervals/trials	30	start_time	n/a	n/a	n/a	n/a	n/a	n/a	n/a	n/a	n/a	daa	63.2182554	30	true	63.1902704	63.6647444
63.2182554	0.0	cv_transition	/intervals/trials	30	cv_transition_time	n/a	n/a	n/a	n/a	n/a	n/a	n/a	n/a	n/a	daa	63.2182554	30	true	63.1902704	63.6647444
64.0285502	0.552068900000009	trials	/intervals/trials	31	start_time	n/a	n/a	n/a	n/a	n/a	n/a	n/a	n/a	n/a	faa	64.1621153	31	true	64.0285502	64.5806191
64.1621153	0.0	cv_transition	/intervals/trials	31	cv_transition_time	n/a	n/a	n/a	n/a	n/a	n/a	n/a	n/a	n/a	faa	64.1621153	31	true	64.0285502	64.5806191
65.0347404	0.4375845999999939	trials	/intervals/trials	32	start_time	n/a	n/a	n/a	n/a	n/a	n/a	n/a	n/a	n/a	goo	65.0678136	32	true	65.0347404	65.472325
65.0678136	0.0	cv_transition	/intervals/trials	32	cv_transition_time	n/a	n/a	n/a	n/a	n/a	n/a	n/a	n/a	n/a	goo	65.0678136	32	true	65.0347404	65.472325
66.1401503	0.4884665999999953	trials	/intervals/trials	33	start_time	n/a	n/a	n/a	n/a	n/a	n/a	n/a	n/a	n/a	mee	66.2050248	33	true	66.1401503	66.6286169
66.2050248	0.0	cv_transition	/intervals/trials	33	cv_transition_time	n/a	n/a	n/a	n/a	n/a	n/a	n/a	n/a	n/a	mee	66.2050248	33	true	66.1401503	66.6286169
67.2264796	0.5546129999999891	trials	/intervals/trials	34	start_time	n/a	n/a	n/a	n/a	n/a	n/a	n/a	n/a	n/a	zaa	67.3676769	34	true	67.2264796	67.7810926
67.3676769	0.0	cv_transition	/intervals/trials	34	cv_transition_time	n/a	n/a	n/a	n/a	n/a	n/a	n/a	n/a	n/a	zaa	67.3676769	34	true	67.2264796	67.7810926
68.1398102	0.6423843999999974	trials	/intervals/trials	35	start_time	n/a	n/a	n/a	n/a	n/a	n/a	n/a	n/a	n/a	see	68.3598746	35	true	68.1398102	68.7821946
68.3598746	0.0	cv_transition	/intervals/trials	35	cv_transition_time	n/a	n/a	n/a	n/a	n/a	n/a	n/a	n/a	n/a	see	68.3598746	35	true	68.1398102	68.7821946
69.3380797	0.6054950000000048	trials	/intervals/trials	36	start_time	n/a	n/a	n/a	n/a	n/a	n/a	n/a	n/a	n/a	zoo	69.582313	36	true	69.3380797	69.9435747
69.582313	0.0	cv_transition	/intervals/trials	36	cv_transition_time	n/a	n/a	n/a	n/a	n/a	n/a	n/a	n/a	n/a	zoo	69.582313	36	true	69.3380797	69.9435747
70.3760711	0.508819299999999	trials	/intervals/trials	37	start_time	n/a	n/a	n/a	n/a	n/a	n/a	n/a	n/a	n/a	too	70.4676586	37	true	70.3760711	70.8848904
70.4676586	0.0	cv_transition	/intervals/trials	37	cv_transition_time	n/a	n/a	n/a	n/a	n/a	n/a	n/a	n/a	n/a	too	70.4676586	37	true	70.3760711	70.8848904
71.3568203	0.4846504000000067	trials	/intervals/trials	38	start_time	n/a	n/a	n/a	n/a	n/a	n/a	n/a	n/a	n/a	vee	71.4293271	38	true	71.3568203	71.8414707
71.4293271	0.0	cv_transition	/intervals/trials	38	cv_transition_time	n/a	n/a	n/a	n/a	n/a	n/a	n/a	n/a	n/a	vee	71.4293271	38	true	71.3568203	71.8414707
72.4227968	0.4363125999999937	trials	/intervals/trials	39	start_time	n/a	n/a	n/a	n/a	n/a	n/a	n/a	n/a	n/a	thaa	72.5092961	39	true	72.4227968	72.8591094
72.5092961	0.0	cv_transition	/intervals/trials	39	cv_transition_time	n/a	n/a	n/a	n/a	n/a	n/a	n/a	n/a	n/a	thaa	72.5092961	39	true	72.4227968	72.8591094
73.5740005	0.42613620000000196	trials	/intervals/trials	40	start_time	n/a	n/a	n/a	n/a	n/a	n/a	n/a	n/a	n/a	moo	73.6223383	40	true	73.5740005	74.0001367
73.6223383	0.0	cv_transition	/intervals/trials	40	cv_transition_time	n/a	n/a	n/a	n/a	n/a	n/a	n/a	n/a	n/a	moo	73.6223383	40	true	73.5740005	74.0001367
74.5967273	0.4490331000000083	trials	/intervals/trials	41	start_time	n/a	n/a	n/a	n/a	n/a	n/a	n/a	n/a	n/a	thoo	74.6234403	41	true	74.5967273	75.0457604
74.6234403	0.0	cv_transition	/intervals/trials	41	cv_transition_time	n/a	n/a	n/a	n/a	n/a	n/a	n/a	n/a	n/a	thoo	74.6234403	41	true	74.5967273	75.0457604
75.5787486	0.4757460000000009	trials	/intervals/trials	42	start_time	n/a	n/a	n/a	n/a	n/a	n/a	n/a	n/a	n/a	nee	75.6461671	42	true	75.5787486	76.0544946
75.6461671	0.0	cv_transition	/intervals/trials	42	cv_transition_time	n/a	n/a	n/a	n/a	n/a	n/a	n/a	n/a	n/a	nee	75.6461671	42	true	75.5787486	76.0544946
76.6052915	0.4744740999999948	trials	/intervals/trials	43	start_time	n/a	n/a	n/a	n/a	n/a	n/a	n/a	n/a	n/a	boo	76.6294605	43	true	76.6052915	77.0797656
76.6294605	0.0	cv_transition	/intervals/trials	43	cv_transition_time	n/a	n/a	n/a	n/a	n/a	n/a	n/a	n/a	n/a	boo	76.6294605	43	true	76.6052915	77.0797656
77.5237104	0.4986429000000072	trials	/intervals/trials	44	start_time	n/a	n/a	n/a	n/a	n/a	n/a	n/a	n/a	n/a	laa	77.6076656	44	true	77.5237104	78.0223533
77.6076656	0.0	cv_transition	/intervals/trials	44	cv_transition_time	n/a	n/a	n/a	n/a	n/a	n/a	n/a	n/a	n/a	laa	77.6076656	44	true	77.5237104	78.0223533
78.5477093	0.46048140000000615	trials	/intervals/trials	45	start_time	n/a	n/a	n/a	n/a	n/a	n/a	n/a	n/a	n/a	maa	78.5845987	45	true	78.5477093	79.0081907
78.5845987	0.0	cv_transition	/intervals/trials	45	cv_transition_time	n/a	n/a	n/a	n/a	n/a	n/a	n/a	n/a	n/a	maa	78.5845987	45	true	78.5477093	79.0081907
79.5589877	0.6042228999999963	trials	/intervals/trials	46	start_time	n/a	n/a	n/a	n/a	n/a	n/a	n/a	n/a	n/a	soo	79.7599713	46	true	79.5589877	80.1632106
79.7599713	0.0	cv_transition	/intervals/trials	46	cv_transition_time	n/a	n/a	n/a	n/a	n/a	n/a	n/a	n/a	n/a	soo	79.7599713	46	true	79.5589877	80.1632106
80.6872945	0.5342603000000139	trials	/intervals/trials	47	start_time	n/a	n/a	n/a	n/a	n/a	n/a	n/a	n/a	n/a	roo	80.8043229	47	true	80.6872945	81.2215548
80.8043229	0.0	cv_transition	/intervals/trials	47	cv_transition_time	n/a	n/a	n/a	n/a	n/a	n/a	n/a	n/a	n/a	roo	80.8043229	47	true	80.6872945	81.2215548
81.7710796	0.49991500000000144	trials	/intervals/trials	48	start_time	n/a	n/a	n/a	n/a	n/a	n/a	n/a	n/a	n/a	tee	81.8575789	48	true	81.7710796	82.2709946
81.8575789	0.0	cv_transition	/intervals/trials	48	cv_transition_time	n/a	n/a	n/a	n/a	n/a	n/a	n/a	n/a	n/a	tee	81.8575789	48	true	81.7710796	82.2709946
82.7276599	0.5279000999999965	trials	/intervals/trials	49	start_time	n/a	n/a	n/a	n/a	n/a	n/a	n/a	n/a	n/a	haa	82.8306958	49	true	82.7276599	83.25556
82.8306958	0.0	cv_transition	/intervals/trials	49	cv_transition_time	n/a	n/a	n/a	n/a	n/a	n/a	n/a	n/a	n/a	haa	82.8306958	49	true	82.7276599	83.25556
83.7796438	0.4681137999999976	trials	/intervals/trials	50	start_time	n/a	n/a	n/a	n/a	n/a	n/a	n/a	n/a	n/a	waa	83.8470624	50	true	83.7796438	84.2477576
83.8470624	0.0	cv_transition	/intervals/trials	50	cv_transition_time	n/a	n/a	n/a	n/a	n/a	n/a	n/a	n/a	n/a	waa	83.8470624	50	true	83.7796438	84.2477576
84.7756576	0.5050032000000044	trials	/intervals/trials	51	start_time	n/a	n/a	n/a	n/a	n/a	n/a	n/a	n/a	n/a	pee	84.863429	51	true	84.7756576	85.2806608
84.863429	0.0	cv_transition	/intervals/trials	51	cv_transition_time	n/a	n/a	n/a	n/a	n/a	n/a	n/a	n/a	n/a	pee	84.863429	51	true	84.7756576	85.2806608
85.813649	0.48083429999999794	trials	/intervals/trials	52	start_time	n/a	n/a	n/a	n/a	n/a	n/a	n/a	n/a	n/a	lee	85.8899719	52	true	85.813649	86.2944833
85.8899719	0.0	cv_transition	/intervals/trials	52	cv_transition_time	n/a	n/a	n/a	n/a	n/a	n/a	n/a	n/a	n/a	lee	85.8899719	52	true	85.813649	86.2944833
86.8821696	0.4770181000000093	trials	/intervals/trials	53	start_time	n/a	n/a	n/a	n/a	n/a	n/a	n/a	n/a	n/a	wee	86.9228751	53	true	86.8821696	87.3591877
86.9228751	0.0	cv_transition	/intervals/trials	53	cv_transition_time	n/a	n/a	n/a	n/a	n/a	n/a	n/a	n/a	n/a	wee	86.9228751	53	true	86.8821696	87.3591877
87.9901237	0.5164515999999963	trials	/intervals/trials	54	start_time	n/a	n/a	n/a	n/a	n/a	n/a	n/a	n/a	n/a	yaa	88.0537261	54	true	87.9901237	88.5065753
88.0537261	0.0	cv_transition	/intervals/trials	54	cv_transition_time	n/a	n/a	n/a	n/a	n/a	n/a	n/a	n/a	n/a	yaa	88.0537261	54	true	87.9901237	88.5065753
89.0395635	0.49482679999999846	trials	/intervals/trials	55	start_time	n/a	n/a	n/a	n/a	n/a	n/a	n/a	n/a	n/a	gaa	89.0726367	55	true	89.0395635	89.5343903
89.0726367	0.0	cv_transition	/intervals/trials	55	cv_transition_time	n/a	n/a	n/a	n/a	n/a	n/a	n/a	n/a	n/a	gaa	89.0726367	55	true	89.0395635	89.5343903
90.027945	0.7326997999999918	trials	/intervals/trials	56	start_time	n/a	n/a	n/a	n/a	n/a	n/a	n/a	n/a	n/a	shaa	90.2518255	56	true	90.027945	90.7606448
90.2518255	0.0	cv_transition	/intervals/trials	56	cv_transition_time	n/a	n/a	n/a	n/a	n/a	n/a	n/a	n/a	n/a	shaa	90.2518255	56	true	90.027945	90.7606448
91.687968	0.459209400000006	trials	/intervals/trials	57	start_time	n/a	n/a	n/a	n/a	n/a	n/a	n/a	n/a	n/a	doo	91.7235854	57	true	91.687968	92.1471774
91.7235854	0.0	cv_transition	/intervals/trials	57	cv_transition_time	n/a	n/a	n/a	n/a	n/a	n/a	n/a	n/a	n/a	doo	91.7235854	57	true	91.687968	92.1471774
93.0973975	0.4045114000000041	trials	/intervals/trials	58	start_time	n/a	n/a	n/a	n/a	n/a	n/a	n/a	n/a	n/a	woo	93.1813527	58	true	93.0973975	93.5019089
93.1813527	0.0	cv_transition	/intervals/trials	58	cv_transition_time	n/a	n/a	n/a	n/a	n/a	n/a	n/a	n/a	n/a	woo	93.1813527	58	true	93.0973975	93.5019089
97.62001628272206	0.3632792005536345	invalid_times	/intervals/invalid_times	0	start_time	n/a	n/a	n/a	n/a	0	97.62001628272206	97.9832954832757	"[""ECoG artifact""]"	"[{""idx_start"":297912,""count"":1109,""timeseries"":""/acquisition/ElectricalSeries""}]"	n/a	n/a	n/a	n/a	n/a	n/a
98.7783651	0.4299522999999965	trials	/intervals/trials	59	start_time	n/a	n/a	n/a	n/a	n/a	n/a	n/a	n/a	n/a	kee	98.8661365	59	true	98.7783651	99.2083174
98.8661365	0.0	cv_transition	/intervals/trials	59	cv_transition_time	n/a	n/a	n/a	n/a	n/a	n/a	n/a	n/a	n/a	kee	98.8661365	59	true	98.7783651	99.2083174
99.9804507	0.5024590999999958	trials	/intervals/trials	60	start_time	n/a	n/a	n/a	n/a	n/a	n/a	n/a	n/a	n/a	fee	100.0974792	60	true	99.9804507	100.4829098
100.0974792	0.0	cv_transition	/intervals/trials	60	cv_transition_time	n/a	n/a	n/a	n/a	n/a	n/a	n/a	n/a	n/a	fee	100.0974792	60	true	99.9804507	100.4829098
101.358079	0.5291720999999967	trials	/intervals/trials	61	start_time	n/a	n/a	n/a	n/a	n/a	n/a	n/a	n/a	n/a	vaa	101.4572988	61	true	101.358079	101.8872511
101.4572988	0.0	cv_transition	/intervals/trials	61	cv_transition_time	n/a	n/a	n/a	n/a	n/a	n/a	n/a	n/a	n/a	vaa	101.4572988	61	true	101.358079	101.8872511
104.0013954	0.4630254999999863	trials	/intervals/trials	62	start_time	n/a	n/a	n/a	n/a	n/a	n/a	n/a	n/a	n/a	bee	104.0166599	62	true	104.0013954	104.4644209
104.0166599	0.0	cv_transition	/intervals/trials	62	cv_transition_time	n/a	n/a	n/a	n/a	n/a	n/a	n/a	n/a	n/a	bee	104.0166599	62	true	104.0013954	104.4644209
105.520221	0.6805457999999902	trials	/intervals/trials	63	start_time	n/a	n/a	n/a	n/a	n/a	n/a	n/a	n/a	n/a	zoo	105.7809909	63	true	105.520221	106.2007668
105.7809909	0.0	cv_transition	/intervals/trials	63	cv_transition_time	n/a	n/a	n/a	n/a	n/a	n/a	n/a	n/a	n/a	zoo	105.7809909	63	true	105.520221	106.2007668
109.1086692	0.6322080000000057	trials	/intervals/trials	64	start_time	n/a	n/a	n/a	n/a	n/a	n/a	n/a	n/a	n/a	shaa	109.286756	64	true	109.1086692	109.7408772
109.286756	0.0	cv_transition	/intervals/trials	64	cv_transition_time	n/a	n/a	n/a	n/a	n/a	n/a	n/a	n/a	n/a	shaa	109.286756	64	true	109.1086692	109.7408772
110.3629088	0.49101059999999563	trials	/intervals/trials	65	start_time	n/a	n/a	n/a	n/a	n/a	n/a	n/a	n/a	n/a	baa	110.3769013	65	true	110.3629088	110.8539194
110.3769013	0.0	cv_transition	/intervals/trials	65	cv_transition_time	n/a	n/a	n/a	n/a	n/a	n/a	n/a	n/a	n/a	baa	110.3769013	65	true	110.3629088	110.8539194
115.7029675	0.37525420000000054	trials	/intervals/trials	66	start_time	n/a	n/a	n/a	n/a	n/a	n/a	n/a	n/a	n/a	noo	115.8187239	66	true	115.7029675	116.0782217
115.8187239	0.0	cv_transition	/intervals/trials	66	cv_transition_time	n/a	n/a	n/a	n/a	n/a	n/a	n/a	n/a	n/a	noo	115.8187239	66	true	115.7029675	116.0782217
118.0269997	0.41723179999999616	trials	/intervals/trials	67	start_time	n/a	n/a	n/a	n/a	n/a	n/a	n/a	n/a	n/a	waa	118.0753375	67	true	118.0269997	118.4442315
118.0753375	0.0	cv_transition	/intervals/trials	67	cv_transition_time	n/a	n/a	n/a	n/a	n/a	n/a	n/a	n/a	n/a	waa	118.0753375	67	true	118.0269997	118.4442315
119.3931796	0.49228260000001	trials	/intervals/trials	68	start_time	n/a	n/a	n/a	n/a	n/a	n/a	n/a	n/a	n/a	woo	119.4873111	68	true	119.3931796	119.8854622
119.4873111	0.0	cv_transition	/intervals/trials	68	cv_transition_time	n/a	n/a	n/a	n/a	n/a	n/a	n/a	n/a	n/a	woo	119.4873111	68	true	119.3931796	119.8854622
121.7146677	0.415959799999996	trials	/intervals/trials	69	start_time	n/a	n/a	n/a	n/a	n/a	n/a	n/a	n/a	n/a	laa	121.7719098	69	true	121.7146677	122.1306275
121.7719098	0.0	cv_transition	/intervals/trials	69	cv_transition_time	n/a	n/a	n/a	n/a	n/a	n/a	n/a	n/a	n/a	laa	121.7719098	69	true	121.7146677	122.1306275
122.6000133	0.508819299999999	trials	/intervals/trials	70	start_time	n/a	n/a	n/a	n/a	n/a	n/a	n/a	n/a	n/a	roo	122.6941448	70	true	122.6000133	123.1088326
122.6941448	0.0	cv_transition	/intervals/trials	70	cv_transition_time	n/a	n/a	n/a	n/a	n/a	n/a	n/a	n/a	n/a	roo	122.6941448	70	true	122.6000133	123.1088326
123.3772348	0.5431645999999972	trials	/intervals/trials	71	start_time	n/a	n/a	n/a	n/a	n/a	n/a	n/a	n/a	n/a	yee	123.46119	71	true	123.3772348	123.9203994
123.46119	0.0	cv_transition	/intervals/trials	71	cv_transition_time	n/a	n/a	n/a	n/a	n/a	n/a	n/a	n/a	n/a	yee	123.46119	71	true	123.3772348	123.9203994
124.5093577	0.4515772000000027	trials	/intervals/trials	72	start_time	n/a	n/a	n/a	n/a	n/a	n/a	n/a	n/a	n/a	maa	124.543703	72	true	124.5093577	124.9609349
124.543703	0.0	cv_transition	/intervals/trials	72	cv_transition_time	n/a	n/a	n/a	n/a	n/a	n/a	n/a	n/a	n/a	maa	124.543703	72	true	124.5093577	124.9609349
125.3934313	0.5189956999999907	trials	/intervals/trials	73	start_time	n/a	n/a	n/a	n/a	n/a	n/a	n/a	n/a	n/a	moo	125.5257243	73	true	125.3934313	125.912427
125.5257243	0.0	cv_transition	/intervals/trials	73	cv_transition_time	n/a	n/a	n/a	n/a	n/a	n/a	n/a	n/a	n/a	moo	125.5257243	73	true	125.3934313	125.912427
126.5815244	0.46175350000000037	trials	/intervals/trials	74	start_time	n/a	n/a	n/a	n/a	n/a	n/a	n/a	n/a	n/a	nee	126.6298622	74	true	126.5815244	127.0432779
126.6298622	0.0	cv_transition	/intervals/trials	74	cv_transition_time	n/a	n/a	n/a	n/a	n/a	n/a	n/a	n/a	n/a	nee	126.6298622	74	true	126.5815244	127.0432779
127.5113917	0.4312242999999967	trials	/intervals/trials	75	start_time	n/a	n/a	n/a	n/a	n/a	n/a	n/a	n/a	n/a	hoo	127.5826264	75	true	127.5113917	127.942616
127.5826264	0.0	cv_transition	/intervals/trials	75	cv_transition_time	n/a	n/a	n/a	n/a	n/a	n/a	n/a	n/a	n/a	hoo	127.5826264	75	true	127.5113917	127.942616
128.4387149	0.43885659999997984	trials	/intervals/trials	76	start_time	n/a	n/a	n/a	n/a	n/a	n/a	n/a	n/a	n/a	goo	128.4641558	76	true	128.4387149	128.8775715
128.4641558	0.0	cv_transition	/intervals/trials	76	cv_transition_time	n/a	n/a	n/a	n/a	n/a	n/a	n/a	n/a	n/a	goo	128.4641558	76	true	128.4387149	128.8775715
129.3266046	0.5736937000000069	trials	/intervals/trials	77	start_time	n/a	n/a	n/a	n/a	n/a	n/a	n/a	n/a	n/a	loo	129.4652578	77	true	129.3266046	129.9002983
129.4652578	0.0	cv_transition	/intervals/trials	77	cv_transition_time	n/a	n/a	n/a	n/a	n/a	n/a	n/a	n/a	n/a	loo	129.4652578	77	true	129.3266046	129.9002983
130.4320145	0.45666539999999145	trials	/intervals/trials	78	start_time	n/a	n/a	n/a	n/a	n/a	n/a	n/a	n/a	n/a	hee	130.5057933	78	true	130.4320145	130.8886799
130.5057933	0.0	cv_transition	/intervals/trials	78	cv_transition_time	n/a	n/a	n/a	n/a	n/a	n/a	n/a	n/a	n/a	hee	130.5057933	78	true	130.4320145	130.8886799
131.2753825	0.4910107000000039	trials	/intervals/trials	79	start_time	n/a	n/a	n/a	n/a	n/a	n/a	n/a	n/a	n/a	tee	131.3758744	79	true	131.2753825	131.7663932
131.3758744	0.0	cv_transition	/intervals/trials	79	cv_transition_time	n/a	n/a	n/a	n/a	n/a	n/a	n/a	n/a	n/a	tee	131.3758744	79	true	131.2753825	131.7663932
132.2243306	0.4795622000000037	trials	/intervals/trials	80	start_time	n/a	n/a	n/a	n/a	n/a	n/a	n/a	n/a	n/a	vee	132.3108298	80	true	132.2243306	132.7038928
132.3108298	0.0	cv_transition	/intervals/trials	80	cv_transition_time	n/a	n/a	n/a	n/a	n/a	n/a	n/a	n/a	n/a	vee	132.3108298	80	true	132.2243306	132.7038928
133.0422576	0.6004068000000018	trials	/intervals/trials	81	start_time	n/a	n/a	n/a	n/a	n/a	n/a	n/a	n/a	n/a	zee	133.2470574	81	true	133.0422576	133.6426644
133.2470574	0.0	cv_transition	/intervals/trials	81	cv_transition_time	n/a	n/a	n/a	n/a	n/a	n/a	n/a	n/a	n/a	zee	133.2470574	81	true	133.0422576	133.6426644
134.1107782	0.4706577999999979	trials	/intervals/trials	82	start_time	n/a	n/a	n/a	n/a	n/a	n/a	n/a	n/a	n/a	haa	134.2163582	82	true	134.1107782	134.581436
134.2163582	0.0	cv_transition	/intervals/trials	82	cv_transition_time	n/a	n/a	n/a	n/a	n/a	n/a	n/a	n/a	n/a	haa	134.2163582	82	true	134.1107782	134.581436
135.0177486	0.4464888999999914	trials	/intervals/trials	83	start_time	n/a	n/a	n/a	n/a	n/a	n/a	n/a	n/a	n/a	gaa	135.0457336	83	true	135.0177486	135.4642375
135.0457336	0.0	cv_transition	/intervals/trials	83	cv_transition_time	n/a	n/a	n/a	n/a	n/a	n/a	n/a	n/a	n/a	gaa	135.0457336	83	true	135.0177486	135.4642375
136.0252108	0.518995700000005	trials	/intervals/trials	84	start_time	n/a	n/a	n/a	n/a	n/a	n/a	n/a	n/a	n/a	shee	136.2020255	84	true	136.0252108	136.5442065
136.2020255	0.0	cv_transition	/intervals/trials	84	cv_transition_time	n/a	n/a	n/a	n/a	n/a	n/a	n/a	n/a	n/a	shee	136.2020255	84	true	136.0252108	136.5442065
136.821513	0.5393484999999885	trials	/intervals/trials	85	start_time	n/a	n/a	n/a	n/a	n/a	n/a	n/a	n/a	n/a	shoo	137.0135923	85	true	136.821513	137.3608615
137.0135923	0.0	cv_transition	/intervals/trials	85	cv_transition_time	n/a	n/a	n/a	n/a	n/a	n/a	n/a	n/a	n/a	shoo	137.0135923	85	true	136.821513	137.3608615
137.8035343	0.37907040000001757	trials	/intervals/trials	86	start_time	n/a	n/a	n/a	n/a	n/a	n/a	n/a	n/a	n/a	pee	137.8531442	86	true	137.8035343	138.1826047
137.8531442	0.0	cv_transition	/intervals/trials	86	cv_transition_time	n/a	n/a	n/a	n/a	n/a	n/a	n/a	n/a	n/a	pee	137.8531442	86	true	137.8035343	138.1826047
138.5146093	0.42868030000002477	trials	/intervals/trials	87	start_time	n/a	n/a	n/a	n/a	n/a	n/a	n/a	n/a	n/a	kaa	138.6036527	87	true	138.5146093	138.9432896
138.6036527	0.0	cv_transition	/intervals/trials	87	cv_transition_time	n/a	n/a	n/a	n/a	n/a	n/a	n/a	n/a	n/a	kaa	138.6036527	87	true	138.5146093	138.9432896
139.3478009	0.4108715999999788	trials	/intervals/trials	88	start_time	n/a	n/a	n/a	n/a	n/a	n/a	n/a	n/a	n/a	wee	139.3808742	88	true	139.3478009	139.7586725
139.3808742	0.0	cv_transition	/intervals/trials	88	cv_transition_time	n/a	n/a	n/a	n/a	n/a	n/a	n/a	n/a	n/a	wee	139.3808742	88	true	139.3478009	139.7586725
140.2484111	0.5482528000000002	trials	/intervals/trials	89	start_time	n/a	n/a	n/a	n/a	n/a	n/a	n/a	n/a	n/a	foo	140.4392184	89	true	140.2484111	140.7966639
140.4392184	0.0	cv_transition	/intervals/trials	89	cv_transition_time	n/a	n/a	n/a	n/a	n/a	n/a	n/a	n/a	n/a	foo	140.4392184	89	true	140.2484111	140.7966639
141.4772097	0.46429770000000303	trials	/intervals/trials	90	start_time	n/a	n/a	n/a	n/a	n/a	n/a	n/a	n/a	n/a	gee	141.5064669	90	true	141.4772097	141.9415074
141.5064669	0.0	cv_transition	/intervals/trials	90	cv_transition_time	n/a	n/a	n/a	n/a	n/a	n/a	n/a	n/a	n/a	gee	141.5064669	90	true	141.4772097	141.9415074
142.3371144	0.5113634000000218	trials	/intervals/trials	91	start_time	n/a	n/a	n/a	n/a	n/a	n/a	n/a	n/a	n/a	raa	142.3879963	91	true	142.3371144	142.8484778
142.3879963	0.0	cv_transition	/intervals/trials	91	cv_transition_time	n/a	n/a	n/a	n/a	n/a	n/a	n/a	n/a	n/a	raa	142.3879963	91	true	142.3371144	142.8484778
143.3254959	0.47574610000000916	trials	/intervals/trials	92	start_time	n/a	n/a	n/a	n/a	n/a	n/a	n/a	n/a	n/a	ree	143.380194	92	true	143.3254959	143.801242
143.380194	0.0	cv_transition	/intervals/trials	92	cv_transition_time	n/a	n/a	n/a	n/a	n/a	n/a	n/a	n/a	n/a	ree	143.380194	92	true	143.3254959	143.801242
145.4065669	0.48846649999998704	trials	/intervals/trials	93	start_time	n/a	n/a	n/a	n/a	n/a	n/a	n/a	n/a	n/a	faa	145.5006985	93	true	145.4065669	145.8950334
145.5006985	0.0	cv_transition	/intervals/trials	93	cv_transition_time	n/a	n/a	n/a	n/a	n/a	n/a	n/a	n/a	n/a	faa	145.5006985	93	true	145.4065669	145.8950334
146.3555149	0.44521689999999126	trials	/intervals/trials	94	start_time	n/a	n/a	n/a	n/a	n/a	n/a	n/a	n/a	n/a	doo	146.3962204	94	true	146.3555149	146.8007318
146.3962204	0.0	cv_transition	/intervals/trials	94	cv_transition_time	n/a	n/a	n/a	n/a	n/a	n/a	n/a	n/a	n/a	doo	146.3962204	94	true	146.3555149	146.8007318
147.1721699	0.5507968999999946	trials	/intervals/trials	95	start_time	n/a	n/a	n/a	n/a	n/a	n/a	n/a	n/a	n/a	zaa	147.3095511	95	true	147.1721699	147.7229668
147.3095511	0.0	cv_transition	/intervals/trials	95	cv_transition_time	n/a	n/a	n/a	n/a	n/a	n/a	n/a	n/a	n/a	zaa	147.3095511	95	true	147.1721699	147.7229668
148.3233736	0.5050032000000044	trials	/intervals/trials	96	start_time	n/a	n/a	n/a	n/a	n/a	n/a	n/a	n/a	n/a	naa	148.3729835	96	true	148.3233736	148.8283768
148.3729835	0.0	cv_transition	/intervals/trials	96	cv_transition_time	n/a	n/a	n/a	n/a	n/a	n/a	n/a	n/a	n/a	naa	148.3729835	96	true	148.3233736	148.8283768
149.2201676	0.4223201000000074	trials	/intervals/trials	97	start_time	n/a	n/a	n/a	n/a	n/a	n/a	n/a	n/a	n/a	thoo	149.2532409	97	true	149.2201676	149.6424877
149.2532409	0.0	cv_transition	/intervals/trials	97	cv_transition_time	n/a	n/a	n/a	n/a	n/a	n/a	n/a	n/a	n/a	thoo	149.2532409	97	true	149.2201676	149.6424877
150.0139258	0.4681137000000035	trials	/intervals/trials	98	start_time	n/a	n/a	n/a	n/a	n/a	n/a	n/a	n/a	n/a	paa	150.0877046	98	true	150.0139258	150.4820395
150.0877046	0.0	cv_transition	/intervals/trials	98	cv_transition_time	n/a	n/a	n/a	n/a	n/a	n/a	n/a	n/a	n/a	paa	150.0877046	98	true	150.0139258	150.4820395
151.0124837	0.4185037999999963	trials	/intervals/trials	99	start_time	n/a	n/a	n/a	n/a	n/a	n/a	n/a	n/a	n/a	mee	151.0519172	99	true	151.0124837	151.4309875
151.0519172	0.0	cv_transition	/intervals/trials	99	cv_transition_time	n/a	n/a	n/a	n/a	n/a	n/a	n/a	n/a	n/a	mee	151.0519172	99	true	151.0124837	151.4309875
151.8444032	0.46175360000000865	trials	/intervals/trials	100	start_time	n/a	n/a	n/a	n/a	n/a	n/a	n/a	n/a	n/a	taa	151.918182	100	true	151.8444032	152.3061568
151.918182	0.0	cv_transition	/intervals/trials	100	cv_transition_time	n/a	n/a	n/a	n/a	n/a	n/a	n/a	n/a	n/a	taa	151.918182	100	true	151.8444032	152.3061568
152.8073438	0.5202676999999767	trials	/intervals/trials	101	start_time	n/a	n/a	n/a	n/a	n/a	n/a	n/a	n/a	n/a	yoo	152.8938431	101	true	152.8073438	153.3276115
152.8938431	0.0	cv_transition	/intervals/trials	101	cv_transition_time	n/a	n/a	n/a	n/a	n/a	n/a	n/a	n/a	n/a	yoo	152.8938431	101	true	152.8073438	153.3276115
154.3897718	0.5100913999999932	trials	/intervals/trials	102	start_time	n/a	n/a	n/a	n/a	n/a	n/a	n/a	n/a	n/a	voo	154.4228451	102	true	154.3897718	154.8998632
154.4228451	0.0	cv_transition	/intervals/trials	102	cv_transition_time	n/a	n/a	n/a	n/a	n/a	n/a	n/a	n/a	n/a	voo	154.4228451	102	true	154.3897718	154.8998632
155.1657213	0.6322079999999914	trials	/intervals/trials	103	start_time	n/a	n/a	n/a	n/a	n/a	n/a	n/a	n/a	n/a	shaa	155.3387199	103	true	155.1657213	155.7979293
155.3387199	0.0	cv_transition	/intervals/trials	103	cv_transition_time	n/a	n/a	n/a	n/a	n/a	n/a	n/a	n/a	n/a	shaa	155.3387199	103	true	155.1657213	155.7979293
156.2571387	0.40578339999999	trials	/intervals/trials	104	start_time	n/a	n/a	n/a	n/a	n/a	n/a	n/a	n/a	n/a	thaa	156.3054766	104	true	156.2571387	156.6629221
156.3054766	0.0	cv_transition	/intervals/trials	104	cv_transition_time	n/a	n/a	n/a	n/a	n/a	n/a	n/a	n/a	n/a	thaa	156.3054766	104	true	156.2571387	156.6629221
157.2340718	0.553340999999989	trials	/intervals/trials	105	start_time	n/a	n/a	n/a	n/a	n/a	n/a	n/a	n/a	n/a	soo	157.4045263	105	true	157.2340718	157.7874128
157.4045263	0.0	cv_transition	/intervals/trials	105	cv_transition_time	n/a	n/a	n/a	n/a	n/a	n/a	n/a	n/a	n/a	soo	157.4045263	105	true	157.2340718	157.7874128
158.3229451	0.5482528000000002	trials	/intervals/trials	106	start_time	n/a	n/a	n/a	n/a	n/a	n/a	n/a	n/a	n/a	yaa	158.4552381	106	true	158.3229451	158.8711979
158.4552381	0.0	cv_transition	/intervals/trials	106	cv_transition_time	n/a	n/a	n/a	n/a	n/a	n/a	n/a	n/a	n/a	yaa	158.4552381	106	true	158.3229451	158.8711979
159.2629888	0.42995230000002493	trials	/intervals/trials	107	start_time	n/a	n/a	n/a	n/a	n/a	n/a	n/a	n/a	n/a	dee	159.3062384	107	true	159.2629888	159.6929411
159.3062384	0.0	cv_transition	/intervals/trials	107	cv_transition_time	n/a	n/a	n/a	n/a	n/a	n/a	n/a	n/a	n/a	dee	159.3062384	107	true	159.2629888	159.6929411
161.0044229	0.5011869999999874	trials	/intervals/trials	108	start_time	n/a	n/a	n/a	n/a	n/a	n/a	n/a	n/a	n/a	lee	161.0756576	108	true	161.0044229	161.5056099
161.0756576	0.0	cv_transition	/intervals/trials	108	cv_transition_time	n/a	n/a	n/a	n/a	n/a	n/a	n/a	n/a	n/a	lee	161.0756576	108	true	161.0044229	161.5056099
161.954643	0.4744739999999865	trials	/intervals/trials	109	start_time	n/a	n/a	n/a	n/a	n/a	n/a	n/a	n/a	n/a	koo	162.034782	109	true	161.954643	162.429117
162.034782	0.0	cv_transition	/intervals/trials	109	cv_transition_time	n/a	n/a	n/a	n/a	n/a	n/a	n/a	n/a	n/a	koo	162.034782	109	true	161.954643	162.429117
162.7802023	0.5800539999999899	trials	/intervals/trials	110	start_time	n/a	n/a	n/a	n/a	n/a	n/a	n/a	n/a	n/a	see	162.9608332	110	true	162.7802023	163.3602563
162.9608332	0.0	cv_transition	/intervals/trials	110	cv_transition_time	n/a	n/a	n/a	n/a	n/a	n/a	n/a	n/a	n/a	see	162.9608332	110	true	162.7802023	163.3602563
163.7533192	0.4960989000000211	trials	/intervals/trials	111	start_time	n/a	n/a	n/a	n/a	n/a	n/a	n/a	n/a	n/a	too	163.853811	111	true	163.7533192	164.2494181
163.853811	0.0	cv_transition	/intervals/trials	111	cv_transition_time	n/a	n/a	n/a	n/a	n/a	n/a	n/a	n/a	n/a	too	163.853811	111	true	163.7533192	164.2494181
164.6971791	0.4274082000000021	trials	/intervals/trials	112	start_time	n/a	n/a	n/a	n/a	n/a	n/a	n/a	n/a	n/a	daa	164.721348	112	true	164.6971791	165.1245873
164.721348	0.0	cv_transition	/intervals/trials	112	cv_transition_time	n/a	n/a	n/a	n/a	n/a	n/a	n/a	n/a	n/a	daa	164.721348	112	true	164.6971791	165.1245873
169.8197175	0.49482679999999846	trials	/intervals/trials	113	start_time	n/a	n/a	n/a	n/a	n/a	n/a	n/a	n/a	n/a	wee	169.8540628	113	true	169.8197175	170.3145443
169.8540628	0.0	cv_transition	/intervals/trials	113	cv_transition_time	n/a	n/a	n/a	n/a	n/a	n/a	n/a	n/a	n/a	wee	169.8540628	113	true	169.8197175	170.3145443
170.9887299	0.6194874999999911	trials	/intervals/trials	114	start_time	n/a	n/a	n/a	n/a	n/a	n/a	n/a	n/a	n/a	shee	171.1897135	114	true	170.9887299	171.6082174
171.1897135	0.0	cv_transition	/intervals/trials	114	cv_transition_time	n/a	n/a	n/a	n/a	n/a	n/a	n/a	n/a	n/a	shee	171.1897135	114	true	170.9887299	171.6082174
172.4579456	0.41468780000002425	trials	/intervals/trials	115	start_time	n/a	n/a	n/a	n/a	n/a	n/a	n/a	n/a	n/a	poo	172.5100996	115	true	172.4579456	172.8726334
172.5100996	0.0	cv_transition	/intervals/trials	115	cv_transition_time	n/a	n/a	n/a	n/a	n/a	n/a	n/a	n/a	n/a	poo	172.5100996	115	true	172.4579456	172.8726334
173.3191223	0.5762378999999953	trials	/intervals/trials	116	start_time	n/a	n/a	n/a	n/a	n/a	n/a	n/a	n/a	n/a	shaa	173.467952	116	true	173.3191223	173.8953602
173.467952	0.0	cv_transition	/intervals/trials	116	cv_transition_time	n/a	n/a	n/a	n/a	n/a	n/a	n/a	n/a	n/a	shaa	173.467952	116	true	173.3191223	173.8953602
174.495767	0.5940464999999904	trials	/intervals/trials	117	start_time	n/a	n/a	n/a	n/a	n/a	n/a	n/a	n/a	n/a	ree	174.5428327	117	true	174.495767	175.0898135
174.5428327	0.0	cv_transition	/intervals/trials	117	cv_transition_time	n/a	n/a	n/a	n/a	n/a	n/a	n/a	n/a	n/a	ree	174.5428327	117	true	174.495767	175.0898135
176.0934596	0.5520690000000172	trials	/intervals/trials	118	start_time	n/a	n/a	n/a	n/a	n/a	n/a	n/a	n/a	n/a	vaa	176.1710545	118	true	176.0934596	176.6455286
176.1710545	0.0	cv_transition	/intervals/trials	118	cv_transition_time	n/a	n/a	n/a	n/a	n/a	n/a	n/a	n/a	n/a	vaa	176.1710545	118	true	176.0934596	176.6455286
178.0753108	0.515179599999982	trials	/intervals/trials	119	start_time	n/a	n/a	n/a	n/a	n/a	n/a	n/a	n/a	n/a	loo	178.1719865	119	true	178.0753108	178.5904904
178.1719865	0.0	cv_transition	/intervals/trials	119	cv_transition_time	n/a	n/a	n/a	n/a	n/a	n/a	n/a	n/a	n/a	loo	178.1719865	119	true	178.0753108	178.5904904
180.0622502	0.4490331000000083	trials	/intervals/trials	120	start_time	n/a	n/a	n/a	n/a	n/a	n/a	n/a	n/a	n/a	laa	180.1105881	120	true	180.0622502	180.5112833
180.1105881	0.0	cv_transition	/intervals/trials	120	cv_transition_time	n/a	n/a	n/a	n/a	n/a	n/a	n/a	n/a	n/a	laa	180.1105881	120	true	180.0622502	180.5112833
182.4193557	0.4744739999999865	trials	/intervals/trials	121	start_time	n/a	n/a	n/a	n/a	n/a	n/a	n/a	n/a	n/a	taa	182.5020388	121	true	182.4193557	182.8938297
182.5020388	0.0	cv_transition	/intervals/trials	121	cv_transition_time	n/a	n/a	n/a	n/a	n/a	n/a	n/a	n/a	n/a	taa	182.5020388	121	true	182.4193557	182.8938297
183.877123	0.5342602999999997	trials	/intervals/trials	122	start_time	n/a	n/a	n/a	n/a	n/a	n/a	n/a	n/a	n/a	zoo	184.0641141	122	true	183.877123	184.4113833
184.0641141	0.0	cv_transition	/intervals/trials	122	cv_transition_time	n/a	n/a	n/a	n/a	n/a	n/a	n/a	n/a	n/a	zoo	184.0641141	122	true	183.877123	184.4113833
186.4097712	0.43885660000000826	trials	/intervals/trials	123	start_time	n/a	n/a	n/a	n/a	n/a	n/a	n/a	n/a	n/a	zoo	186.5458803	123	true	186.4097712	186.8486278
186.5458803	0.0	cv_transition	/intervals/trials	123	cv_transition_time	n/a	n/a	n/a	n/a	n/a	n/a	n/a	n/a	n/a	zoo	186.5458803	123	true	186.4097712	186.8486278
187.2162498	0.5113633999999934	trials	/intervals/trials	124	start_time	n/a	n/a	n/a	n/a	n/a	n/a	n/a	n/a	n/a	hee	187.3052931	124	true	187.2162498	187.7276132
187.3052931	0.0	cv_transition	/intervals/trials	124	cv_transition_time	n/a	n/a	n/a	n/a	n/a	n/a	n/a	n/a	n/a	hee	187.3052931	124	true	187.2162498	187.7276132
188.0748824	0.4960987999999986	trials	/intervals/trials	125	start_time	n/a	n/a	n/a	n/a	n/a	n/a	n/a	n/a	n/a	faa	188.1613816	125	true	188.0748824	188.5709812
188.1613816	0.0	cv_transition	/intervals/trials	125	cv_transition_time	n/a	n/a	n/a	n/a	n/a	n/a	n/a	n/a	n/a	faa	188.1613816	125	true	188.0748824	188.5709812
189.4029008	0.4286802000000023	trials	/intervals/trials	126	start_time	n/a	n/a	n/a	n/a	n/a	n/a	n/a	n/a	n/a	gee	189.4448784	126	true	189.4029008	189.831581
189.4448784	0.0	cv_transition	/intervals/trials	126	cv_transition_time	n/a	n/a	n/a	n/a	n/a	n/a	n/a	n/a	n/a	gee	189.4448784	126	true	189.4029008	189.831581
190.3340401	0.41977589999999054	trials	/intervals/trials	127	start_time	n/a	n/a	n/a	n/a	n/a	n/a	n/a	n/a	n/a	tee	190.4256276	127	true	190.3340401	190.753816
190.4256276	0.0	cv_transition	/intervals/trials	127	cv_transition_time	n/a	n/a	n/a	n/a	n/a	n/a	n/a	n/a	n/a	tee	190.4256276	127	true	190.3340401	190.753816
193.4047647	0.5660614000000237	trials	/intervals/trials	128	start_time	n/a	n/a	n/a	n/a	n/a	n/a	n/a	n/a	n/a	fee	193.5421459	128	true	193.4047647	193.9708261
193.5421459	0.0	cv_transition	/intervals/trials	128	cv_transition_time	n/a	n/a	n/a	n/a	n/a	n/a	n/a	n/a	n/a	fee	193.5421459	128	true	193.4047647	193.9708261
194.3282717	0.6105832000000078	trials	/intervals/trials	129	start_time	n/a	n/a	n/a	n/a	n/a	n/a	n/a	n/a	n/a	shoo	194.5356156	129	true	194.3282717	194.9388549
194.5356156	0.0	cv_transition	/intervals/trials	129	cv_transition_time	n/a	n/a	n/a	n/a	n/a	n/a	n/a	n/a	n/a	shoo	194.5356156	129	true	194.3282717	194.9388549
195.5888715	0.5075472999999988	trials	/intervals/trials	130	start_time	n/a	n/a	n/a	n/a	n/a	n/a	n/a	n/a	n/a	maa	195.6664665	130	true	195.5888715	196.0964188
195.6664665	0.0	cv_transition	/intervals/trials	130	cv_transition_time	n/a	n/a	n/a	n/a	n/a	n/a	n/a	n/a	n/a	maa	195.6664665	130	true	195.5888715	196.0964188
196.5632605	0.4910106999999755	trials	/intervals/trials	131	start_time	n/a	n/a	n/a	n/a	n/a	n/a	n/a	n/a	n/a	roo	196.6230468	131	true	196.5632605	197.0542712
196.6230468	0.0	cv_transition	/intervals/trials	131	cv_transition_time	n/a	n/a	n/a	n/a	n/a	n/a	n/a	n/a	n/a	roo	196.6230468	131	true	196.5632605	197.0542712
197.419349	0.515179599999982	trials	/intervals/trials	132	start_time	n/a	n/a	n/a	n/a	n/a	n/a	n/a	n/a	n/a	lee	197.5198408	132	true	197.419349	197.9345286
197.5198408	0.0	cv_transition	/intervals/trials	132	cv_transition_time	n/a	n/a	n/a	n/a	n/a	n/a	n/a	n/a	n/a	lee	197.5198408	132	true	197.419349	197.9345286
198.2042028	0.5609733000000006	trials	/intervals/trials	133	start_time	n/a	n/a	n/a	n/a	n/a	n/a	n/a	n/a	n/a	yee	198.286886	133	true	198.2042028	198.7651761
198.286886	0.0	cv_transition	/intervals/trials	133	cv_transition_time	n/a	n/a	n/a	n/a	n/a	n/a	n/a	n/a	n/a	yee	198.286886	133	true	198.2042028	198.7651761
199.2472824	0.44648890000001984	trials	/intervals/trials	134	start_time	n/a	n/a	n/a	n/a	n/a	n/a	n/a	n/a	n/a	raa	199.2790836	134	true	199.2472824	199.6937713
199.2790836	0.0	cv_transition	/intervals/trials	134	cv_transition_time	n/a	n/a	n/a	n/a	n/a	n/a	n/a	n/a	n/a	raa	199.2790836	134	true	199.2472824	199.6937713
199.9952468	0.5546130000000176	trials	/intervals/trials	135	start_time	n/a	n/a	n/a	n/a	n/a	n/a	n/a	n/a	n/a	soo	200.1885981	135	true	199.9952468	200.5498598
200.1885981	0.0	cv_transition	/intervals/trials	135	cv_transition_time	n/a	n/a	n/a	n/a	n/a	n/a	n/a	n/a	n/a	soo	200.1885981	135	true	199.9952468	200.5498598
201.8282684	0.4375845999999797	trials	/intervals/trials	136	start_time	n/a	n/a	n/a	n/a	n/a	n/a	n/a	n/a	n/a	bee	201.8638857	136	true	201.8282684	202.265853
201.8638857	0.0	cv_transition	/intervals/trials	136	cv_transition_time	n/a	n/a	n/a	n/a	n/a	n/a	n/a	n/a	n/a	bee	201.8638857	136	true	201.8282684	202.265853
203.3267412	0.3256444000000158	trials	/intervals/trials	137	start_time	n/a	n/a	n/a	n/a	n/a	n/a	n/a	n/a	n/a	doo	203.3776232	137	true	203.3267412	203.6523856
203.3776232	0.0	cv_transition	/intervals/trials	137	cv_transition_time	n/a	n/a	n/a	n/a	n/a	n/a	n/a	n/a	n/a	doo	203.3776232	137	true	203.3267412	203.6523856
206.5844569	0.3917909000000179	trials	/intervals/trials	138	start_time	n/a	n/a	n/a	n/a	n/a	n/a	n/a	n/a	n/a	bee	206.6111699	138	true	206.5844569	206.9762478
206.6111699	0.0	cv_transition	/intervals/trials	138	cv_transition_time	n/a	n/a	n/a	n/a	n/a	n/a	n/a	n/a	n/a	bee	206.6111699	138	true	206.5844569	206.9762478
207.3425977	0.5558851000000118	trials	/intervals/trials	139	start_time	n/a	n/a	n/a	n/a	n/a	n/a	n/a	n/a	n/a	yaa	207.4596261	139	true	207.3425977	207.8984828
207.4596261	0.0	cv_transition	/intervals/trials	139	cv_transition_time	n/a	n/a	n/a	n/a	n/a	n/a	n/a	n/a	n/a	yaa	207.4596261	139	true	207.3425977	207.8984828
208.5243305	0.42232000000001335	trials	/intervals/trials	140	start_time	n/a	n/a	n/a	n/a	n/a	n/a	n/a	n/a	n/a	baa	208.5497715	140	true	208.5243305	208.9466505
208.5497715	0.0	cv_transition	/intervals/trials	140	cv_transition_time	n/a	n/a	n/a	n/a	n/a	n/a	n/a	n/a	n/a	baa	208.5497715	140	true	208.5243305	208.9466505
209.3727867	0.44903309999997987	trials	/intervals/trials	141	start_time	n/a	n/a	n/a	n/a	n/a	n/a	n/a	n/a	n/a	nee	209.4249407	141	true	209.3727867	209.8218198
209.4249407	0.0	cv_transition	/intervals/trials	141	cv_transition_time	n/a	n/a	n/a	n/a	n/a	n/a	n/a	n/a	n/a	nee	209.4249407	141	true	209.3727867	209.8218198
210.881436	0.47829009999998107	trials	/intervals/trials	142	start_time	n/a	n/a	n/a	n/a	n/a	n/a	n/a	n/a	n/a	noo	210.9323179	142	true	210.881436	211.3597261
210.9323179	0.0	cv_transition	/intervals/trials	142	cv_transition_time	n/a	n/a	n/a	n/a	n/a	n/a	n/a	n/a	n/a	noo	210.9323179	142	true	210.881436	211.3597261
211.7667816	0.557157100000012	trials	/intervals/trials	143	start_time	n/a	n/a	n/a	n/a	n/a	n/a	n/a	n/a	n/a	kee	211.8901703	143	true	211.7667816	212.3239387
211.8901703	0.0	cv_transition	/intervals/trials	143	cv_transition_time	n/a	n/a	n/a	n/a	n/a	n/a	n/a	n/a	n/a	kee	211.8901703	143	true	211.7667816	212.3239387
212.7678836	0.4795622000000037	trials	/intervals/trials	144	start_time	n/a	n/a	n/a	n/a	n/a	n/a	n/a	n/a	n/a	too	212.8645592	144	true	212.7678836	213.2474458
212.8645592	0.0	cv_transition	/intervals/trials	144	cv_transition_time	n/a	n/a	n/a	n/a	n/a	n/a	n/a	n/a	n/a	too	212.8645592	144	true	212.7678836	213.2474458
214.017035	0.44140070000000264	trials	/intervals/trials	145	start_time	n/a	n/a	n/a	n/a	n/a	n/a	n/a	n/a	n/a	thoo	214.0615567	145	true	214.017035	214.4584357
214.0615567	0.0	cv_transition	/intervals/trials	145	cv_transition_time	n/a	n/a	n/a	n/a	n/a	n/a	n/a	n/a	n/a	thoo	214.0615567	145	true	214.017035	214.4584357
214.7268379	0.5355323999999939	trials	/intervals/trials	146	start_time	n/a	n/a	n/a	n/a	n/a	n/a	n/a	n/a	n/a	saa	214.887116	146	true	214.7268379	215.2623703
214.887116	0.0	cv_transition	/intervals/trials	146	cv_transition_time	n/a	n/a	n/a	n/a	n/a	n/a	n/a	n/a	n/a	saa	214.887116	146	true	214.7268379	215.2623703
216.0141508	0.48846649999998704	trials	/intervals/trials	147	start_time	n/a	n/a	n/a	n/a	n/a	n/a	n/a	n/a	n/a	thaa	216.0828414	147	true	216.0141508	216.5026173
216.0828414	0.0	cv_transition	/intervals/trials	147	cv_transition_time	n/a	n/a	n/a	n/a	n/a	n/a	n/a	n/a	n/a	thaa	216.0828414	147	true	216.0141508	216.5026173
218.2122502	0.40705550000001267	trials	/intervals/trials	148	start_time	n/a	n/a	n/a	n/a	n/a	n/a	n/a	n/a	n/a	goo	218.2504117	148	true	218.2122502	218.6193057
218.2504117	0.0	cv_transition	/intervals/trials	148	cv_transition_time	n/a	n/a	n/a	n/a	n/a	n/a	n/a	n/a	n/a	goo	218.2504117	148	true	218.2122502	218.6193057
220.3706615731048	1.1041320163480748	invalid_times	/intervals/invalid_times	3	start_time	n/a	n/a	n/a	n/a	3	220.3706615731048	221.47479358945287	"[""ECoG artifact""]"	"[{""idx_start"":672517,""count"":3370,""timeseries"":""/acquisition/ElectricalSeries""}]"	n/a	n/a	n/a	n/a	n/a	n/a
220.9000882	0.32946050000001037	trials	/intervals/trials	149	start_time	n/a	n/a	n/a	n/a	n/a	n/a	n/a	n/a	n/a	boo	220.9293453	149	true	220.9000882	221.2295487
220.9293453	0.0	cv_transition	/intervals/trials	149	cv_transition_time	n/a	n/a	n/a	n/a	n/a	n/a	n/a	n/a	n/a	boo	220.9293453	149	true	220.9000882	221.2295487
221.5475608	0.5062751999999762	trials	/intervals/trials	150	start_time	n/a	n/a	n/a	n/a	n/a	n/a	n/a	n/a	n/a	woo	221.6556849	150	true	221.5475608	222.053836
221.6556849	0.0	cv_transition	/intervals/trials	150	cv_transition_time	n/a	n/a	n/a	n/a	n/a	n/a	n/a	n/a	n/a	woo	221.6556849	150	true	221.5475608	222.053836
223.1147243	0.4579373999999916	trials	/intervals/trials	151	start_time	n/a	n/a	n/a	n/a	n/a	n/a	n/a	n/a	n/a	naa	223.1821428	151	true	223.1147243	223.5726617
223.1821428	0.0	cv_transition	/intervals/trials	151	cv_transition_time	n/a	n/a	n/a	n/a	n/a	n/a	n/a	n/a	n/a	naa	223.1821428	151	true	223.1147243	223.5726617
223.95046	0.5584292000000062	trials	/intervals/trials	152	start_time	n/a	n/a	n/a	n/a	n/a	n/a	n/a	n/a	n/a	waa	224.0318711	152	true	223.95046	224.5088892
224.0318711	0.0	cv_transition	/intervals/trials	152	cv_transition_time	n/a	n/a	n/a	n/a	n/a	n/a	n/a	n/a	n/a	waa	224.0318711	152	true	223.95046	224.5088892
224.898136	0.4515771000000086	trials	/intervals/trials	153	start_time	n/a	n/a	n/a	n/a	n/a	n/a	n/a	n/a	n/a	gaa	224.9324813	153	true	224.898136	225.3497131
224.9324813	0.0	cv_transition	/intervals/trials	153	cv_transition_time	n/a	n/a	n/a	n/a	n/a	n/a	n/a	n/a	n/a	gaa	224.9324813	153	true	224.898136	225.3497131
225.8648927	0.5622453000000007	trials	/intervals/trials	154	start_time	n/a	n/a	n/a	n/a	n/a	n/a	n/a	n/a	n/a	zee	226.0264428	154	true	225.8648927	226.427138
226.0264428	0.0	cv_transition	/intervals/trials	154	cv_transition_time	n/a	n/a	n/a	n/a	n/a	n/a	n/a	n/a	n/a	zee	226.0264428	154	true	225.8648927	226.427138
230.2242021	0.38797479999999496	trials	/intervals/trials	155	start_time	n/a	n/a	n/a	n/a	n/a	n/a	n/a	n/a	n/a	mee	230.2661797	155	true	230.2242021	230.6121769
230.2661797	0.0	cv_transition	/intervals/trials	155	cv_transition_time	n/a	n/a	n/a	n/a	n/a	n/a	n/a	n/a	n/a	mee	230.2661797	155	true	230.2242021	230.6121769
231.1375328	0.6220315999999855	trials	/intervals/trials	156	start_time	n/a	n/a	n/a	n/a	n/a	n/a	n/a	n/a	n/a	zaa	231.3652294	156	true	231.1375328	231.7595644
231.3652294	0.0	cv_transition	/intervals/trials	156	cv_transition_time	n/a	n/a	n/a	n/a	n/a	n/a	n/a	n/a	n/a	zaa	231.3652294	156	true	231.1375328	231.7595644
232.3230818	0.4553932999999972	trials	/intervals/trials	157	start_time	n/a	n/a	n/a	n/a	n/a	n/a	n/a	n/a	n/a	hoo	232.381596	157	true	232.3230818	232.7784751
232.381596	0.0	cv_transition	/intervals/trials	157	cv_transition_time	n/a	n/a	n/a	n/a	n/a	n/a	n/a	n/a	n/a	hoo	232.381596	157	true	232.3230818	232.7784751
233.1651778	0.45030499999998597	trials	/intervals/trials	158	start_time	n/a	n/a	n/a	n/a	n/a	n/a	n/a	n/a	n/a	daa	233.1918908	158	true	233.1651778	233.6154828
233.1918908	0.0	cv_transition	/intervals/trials	158	cv_transition_time	n/a	n/a	n/a	n/a	n/a	n/a	n/a	n/a	n/a	daa	233.1918908	158	true	233.1651778	233.6154828
234.041619	0.4871945000000153	trials	/intervals/trials	159	start_time	n/a	n/a	n/a	n/a	n/a	n/a	n/a	n/a	n/a	foo	234.1510152	159	true	234.041619	234.5288135
234.1510152	0.0	cv_transition	/intervals/trials	159	cv_transition_time	n/a	n/a	n/a	n/a	n/a	n/a	n/a	n/a	n/a	foo	234.1510152	159	true	234.041619	234.5288135
234.9931111	0.6423843999999974	trials	/intervals/trials	160	start_time	n/a	n/a	n/a	n/a	n/a	n/a	n/a	n/a	n/a	see	235.2233519	160	true	234.9931111	235.6354955
235.2233519	0.0	cv_transition	/intervals/trials	160	cv_transition_time	n/a	n/a	n/a	n/a	n/a	n/a	n/a	n/a	n/a	see	235.2233519	160	true	234.9931111	235.6354955
236.3287618	0.4884666000000095	trials	/intervals/trials	161	start_time	n/a	n/a	n/a	n/a	n/a	n/a	n/a	n/a	n/a	pee	236.3987245	161	true	236.3287618	236.8172284
236.3987245	0.0	cv_transition	/intervals/trials	161	cv_transition_time	n/a	n/a	n/a	n/a	n/a	n/a	n/a	n/a	n/a	pee	236.3987245	161	true	236.3287618	236.8172284
237.1619534	0.38415860000000634	trials	/intervals/trials	162	start_time	n/a	n/a	n/a	n/a	n/a	n/a	n/a	n/a	n/a	kaa	237.2573571	162	true	237.1619534	237.546112
237.2573571	0.0	cv_transition	/intervals/trials	162	cv_transition_time	n/a	n/a	n/a	n/a	n/a	n/a	n/a	n/a	n/a	kaa	237.2573571	162	true	237.1619534	237.546112
237.26264306499672	2.043468209360583	invalid_times	/intervals/invalid_times	4	start_time	n/a	n/a	n/a	n/a	4	237.26264306499672	239.3061112743573	"[""ECoG artifact""]"	"[{""idx_start"":724068,""count"":6236,""timeseries"":""/acquisition/ElectricalSeries""}]"	n/a	n/a	n/a	n/a	n/a	n/a
239.679337	0.41468770000000177	trials	/intervals/trials	163	start_time	n/a	n/a	n/a	n/a	n/a	n/a	n/a	n/a	n/a	yoo	239.732763	163	true	239.679337	240.0940247
239.732763	0.0	cv_transition	/intervals/trials	163	cv_transition_time	n/a	n/a	n/a	n/a	n/a	n/a	n/a	n/a	n/a	yoo	239.732763	163	true	239.679337	240.0940247
241.1765378	0.601678899999996	trials	/intervals/trials	164	start_time	n/a	n/a	n/a	n/a	n/a	n/a	n/a	n/a	n/a	thee	241.287206	164	true	241.1765378	241.7782167
241.287206	0.0	cv_transition	/intervals/trials	164	cv_transition_time	n/a	n/a	n/a	n/a	n/a	n/a	n/a	n/a	n/a	thee	241.287206	164	true	241.1765378	241.7782167
242.9103396	0.4910107000000039	trials	/intervals/trials	165	start_time	n/a	n/a	n/a	n/a	n/a	n/a	n/a	n/a	n/a	voo	242.973942	165	true	242.9103396	243.4013503
242.973942	0.0	cv_transition	/intervals/trials	165	cv_transition_time	n/a	n/a	n/a	n/a	n/a	n/a	n/a	n/a	n/a	voo	242.973942	165	true	242.9103396	243.4013503
243.8872727	0.47574609999998074	trials	/intervals/trials	166	start_time	n/a	n/a	n/a	n/a	n/a	n/a	n/a	n/a	n/a	vee	243.9597795	166	true	243.8872727	244.3630188
243.9597795	0.0	cv_transition	/intervals/trials	166	cv_transition_time	n/a	n/a	n/a	n/a	n/a	n/a	n/a	n/a	n/a	vee	243.9597795	166	true	243.8872727	244.3630188
244.791699	0.41468779999999583	trials	/intervals/trials	167	start_time	n/a	n/a	n/a	n/a	n/a	n/a	n/a	n/a	n/a	haa	244.8781983	167	true	244.791699	245.2063868
244.8781983	0.0	cv_transition	/intervals/trials	167	cv_transition_time	n/a	n/a	n/a	n/a	n/a	n/a	n/a	n/a	n/a	haa	244.8781983	167	true	244.791699	245.2063868
246.75488248912328	0.5273466346737052	invalid_times	/intervals/invalid_times	5	start_time	n/a	n/a	n/a	n/a	5	246.75488248912328	247.28222912379698	"[""ECoG artifact""]"	"[{""idx_start"":753036,""count"":1609,""timeseries"":""/acquisition/ElectricalSeries""}]"	n/a	n/a	n/a	n/a	n/a	n/a
248.8164736	0.34972920000001295	trials	/intervals/trials	168	start_time	n/a	n/a	n/a	n/a	n/a	n/a	n/a	n/a	n/a	hee	248.8864194	168	true	248.8164736	249.1662028
248.8864194	0.0	cv_transition	/intervals/trials	168	cv_transition_time	n/a	n/a	n/a	n/a	n/a	n/a	n/a	n/a	n/a	hee	248.8864194	168	true	248.8164736	249.1662028
249.6621825	0.4311208000000022	trials	/intervals/trials	169	start_time	n/a	n/a	n/a	n/a	n/a	n/a	n/a	n/a	n/a	thaa	249.6888891	169	true	249.6621825	250.0933033
249.6888891	0.0	cv_transition	/intervals/trials	169	cv_transition_time	n/a	n/a	n/a	n/a	n/a	n/a	n/a	n/a	n/a	thaa	249.6888891	169	true	249.6621825	250.0933033
250.7965771	0.41204460000000154	trials	/intervals/trials	170	start_time	n/a	n/a	n/a	n/a	n/a	n/a	n/a	n/a	n/a	tee	250.8779686	170	true	250.7965771	251.2086217
250.8779686	0.0	cv_transition	/intervals/trials	170	cv_transition_time	n/a	n/a	n/a	n/a	n/a	n/a	n/a	n/a	n/a	tee	250.8779686	170	true	250.7965771	251.2086217
251.6232099	0.39296849999999495	trials	/intervals/trials	171	start_time	n/a	n/a	n/a	n/a	n/a	n/a	n/a	n/a	n/a	vee	251.6435577	171	true	251.6232099	252.0161784
251.6435577	0.0	cv_transition	/intervals/trials	171	cv_transition_time	n/a	n/a	n/a	n/a	n/a	n/a	n/a	n/a	n/a	vee	251.6435577	171	true	251.6232099	252.0161784
252.388799	0.4336643000000038	trials	/intervals/trials	172	start_time	n/a	n/a	n/a	n/a	n/a	n/a	n/a	n/a	n/a	lee	252.4511144	172	true	252.388799	252.8224633
252.4511144	0.0	cv_transition	/intervals/trials	172	cv_transition_time	n/a	n/a	n/a	n/a	n/a	n/a	n/a	n/a	n/a	lee	252.4511144	172	true	252.388799	252.8224633
253.2039861	0.5201428000000021	trials	/intervals/trials	173	start_time	n/a	n/a	n/a	n/a	n/a	n/a	n/a	n/a	n/a	yaa	253.3209865	173	true	253.2039861	253.7241289
253.3209865	0.0	cv_transition	/intervals/trials	173	cv_transition_time	n/a	n/a	n/a	n/a	n/a	n/a	n/a	n/a	n/a	yaa	253.3209865	173	true	253.2039861	253.7241289
254.2964132	0.548121100000003	trials	/intervals/trials	174	start_time	n/a	n/a	n/a	n/a	n/a	n/a	n/a	n/a	n/a	zoo	254.4579245	174	true	254.2964132	254.8445343
254.4579245	0.0	cv_transition	/intervals/trials	174	cv_transition_time	n/a	n/a	n/a	n/a	n/a	n/a	n/a	n/a	n/a	zoo	254.4579245	174	true	254.2964132	254.8445343
255.4168185	0.5303168000000085	trials	/intervals/trials	175	start_time	n/a	n/a	n/a	n/a	n/a	n/a	n/a	n/a	n/a	noo	255.4918514	175	true	255.4168185	255.9471353
255.4918514	0.0	cv_transition	/intervals/trials	175	cv_transition_time	n/a	n/a	n/a	n/a	n/a	n/a	n/a	n/a	n/a	noo	255.4918514	175	true	255.4168185	255.9471353
256.3261146	0.4362078000000338	trials	/intervals/trials	176	start_time	n/a	n/a	n/a	n/a	n/a	n/a	n/a	n/a	n/a	haa	256.4189519	176	true	256.3261146	256.7623224
256.4189519	0.0	cv_transition	/intervals/trials	176	cv_transition_time	n/a	n/a	n/a	n/a	n/a	n/a	n/a	n/a	n/a	haa	256.4189519	176	true	256.3261146	256.7623224
257.1603779	0.43366429999997536	trials	/intervals/trials	177	start_time	n/a	n/a	n/a	n/a	n/a	n/a	n/a	n/a	n/a	woo	257.2532151	177	true	257.1603779	257.5940422
257.2532151	0.0	cv_transition	/intervals/trials	177	cv_transition_time	n/a	n/a	n/a	n/a	n/a	n/a	n/a	n/a	n/a	woo	257.2532151	177	true	257.1603779	257.5940422
258.1319894	0.4285772999999722	trials	/intervals/trials	178	start_time	n/a	n/a	n/a	n/a	n/a	n/a	n/a	n/a	n/a	fee	258.1993917	178	true	258.1319894	258.5605667
258.1993917	0.0	cv_transition	/intervals/trials	178	cv_transition_time	n/a	n/a	n/a	n/a	n/a	n/a	n/a	n/a	n/a	fee	258.1993917	178	true	258.1319894	258.5605667
258.9993179	0.41585989999998674	trials	/intervals/trials	179	start_time	n/a	n/a	n/a	n/a	n/a	n/a	n/a	n/a	n/a	baa	259.0247528	179	true	258.9993179	259.4151778
259.0247528	0.0	cv_transition	/intervals/trials	179	cv_transition_time	n/a	n/a	n/a	n/a	n/a	n/a	n/a	n/a	n/a	baa	259.0247528	179	true	258.9993179	259.4151778
259.948038	0.46800139999999146	trials	/intervals/trials	180	start_time	n/a	n/a	n/a	n/a	n/a	n/a	n/a	n/a	n/a	gee	259.9950925	180	true	259.948038	260.4160394
259.9950925	0.0	cv_transition	/intervals/trials	180	cv_transition_time	n/a	n/a	n/a	n/a	n/a	n/a	n/a	n/a	n/a	gee	259.9950925	180	true	259.948038	260.4160394
261.7024648353329	0.5108754225444727	invalid_times	/intervals/invalid_times	6	start_time	n/a	n/a	n/a	n/a	6	261.7024648353329	262.21334025787735	"[""ECoG artifact""]"	"[{""idx_start"":798652,""count"":1559,""timeseries"":""/acquisition/ElectricalSeries""}]"	n/a	n/a	n/a	n/a	n/a	n/a
262.0413267	0.3026747000000114	trials	/intervals/trials	181	start_time	n/a	n/a	n/a	n/a	n/a	n/a	n/a	n/a	n/a	boo	262.0629463	181	true	262.0413267	262.3440014
262.0629463	0.0	cv_transition	/intervals/trials	181	cv_transition_time	n/a	n/a	n/a	n/a	n/a	n/a	n/a	n/a	n/a	boo	262.0629463	181	true	262.0413267	262.3440014
265.1405638	0.4476533999999788	trials	/intervals/trials	182	start_time	n/a	n/a	n/a	n/a	n/a	n/a	n/a	n/a	n/a	bee	265.1710856	182	true	265.1405638	265.5882172
265.1710856	0.0	cv_transition	/intervals/trials	182	cv_transition_time	n/a	n/a	n/a	n/a	n/a	n/a	n/a	n/a	n/a	bee	265.1710856	182	true	265.1405638	265.5882172
266.1452406	0.33701179999997066	trials	/intervals/trials	183	start_time	n/a	n/a	n/a	n/a	n/a	n/a	n/a	n/a	n/a	maa	266.1961103	183	true	266.1452406	266.4822524
266.1961103	0.0	cv_transition	/intervals/trials	183	cv_transition_time	n/a	n/a	n/a	n/a	n/a	n/a	n/a	n/a	n/a	maa	266.1961103	183	true	266.1452406	266.4822524
266.6539377	0.4222186000000079	trials	/intervals/trials	184	start_time	n/a	n/a	n/a	n/a	n/a	n/a	n/a	n/a	n/a	maa	266.7251553	184	true	266.6539377	267.0761563
266.7251553	0.0	cv_transition	/intervals/trials	184	cv_transition_time	n/a	n/a	n/a	n/a	n/a	n/a	n/a	n/a	n/a	maa	266.7251553	184	true	266.6539377	267.0761563
267.5416141	0.4603708999999867	trials	/intervals/trials	185	start_time	n/a	n/a	n/a	n/a	n/a	n/a	n/a	n/a	n/a	bee	267.5708642	185	true	267.5416141	268.001985
267.5708642	0.0	cv_transition	/intervals/trials	185	cv_transition_time	n/a	n/a	n/a	n/a	n/a	n/a	n/a	n/a	n/a	bee	267.5708642	185	true	267.5416141	268.001985
270.9727761	0.39042510000001585	trials	/intervals/trials	186	start_time	n/a	n/a	n/a	n/a	n/a	n/a	n/a	n/a	n/a	koo	271.0643416	186	true	270.9727761	271.3632012
271.0643416	0.0	cv_transition	/intervals/trials	186	cv_transition_time	n/a	n/a	n/a	n/a	n/a	n/a	n/a	n/a	n/a	koo	271.0643416	186	true	270.9727761	271.3632012
272.5675416	0.39551199999999653	trials	/intervals/trials	187	start_time	n/a	n/a	n/a	n/a	n/a	n/a	n/a	n/a	n/a	vaa	272.590433	187	true	272.5675416	272.9630536
272.590433	0.0	cv_transition	/intervals/trials	187	cv_transition_time	n/a	n/a	n/a	n/a	n/a	n/a	n/a	n/a	n/a	vaa	272.590433	187	true	272.5675416	272.9630536
273.326772	0.5799147000000175	trials	/intervals/trials	188	start_time	n/a	n/a	n/a	n/a	n/a	n/a	n/a	n/a	n/a	yee	273.4564898	188	true	273.326772	273.9066867
273.4564898	0.0	cv_transition	/intervals/trials	188	cv_transition_time	n/a	n/a	n/a	n/a	n/a	n/a	n/a	n/a	n/a	yee	273.4564898	188	true	273.326772	273.9066867
275.6960288	0.4654578999999899	trials	/intervals/trials	189	start_time	n/a	n/a	n/a	n/a	n/a	n/a	n/a	n/a	n/a	thoo	275.7825073	189	true	275.6960288	276.1614867
275.7825073	0.0	cv_transition	/intervals/trials	189	cv_transition_time	n/a	n/a	n/a	n/a	n/a	n/a	n/a	n/a	n/a	thoo	275.7825073	189	true	275.6960288	276.1614867
276.5480965	0.5150558000000274	trials	/intervals/trials	190	start_time	n/a	n/a	n/a	n/a	n/a	n/a	n/a	n/a	n/a	nee	276.6829012	190	true	276.5480965	277.0631523
276.6829012	0.0	cv_transition	/intervals/trials	190	cv_transition_time	n/a	n/a	n/a	n/a	n/a	n/a	n/a	n/a	n/a	nee	276.6829012	190	true	276.5480965	277.0631523
278.3552429	0.330653199999972	trials	/intervals/trials	191	start_time	n/a	n/a	n/a	n/a	n/a	n/a	n/a	n/a	n/a	goo	278.3959387	191	true	278.3552429	278.6858961
278.3959387	0.0	cv_transition	/intervals/trials	191	cv_transition_time	n/a	n/a	n/a	n/a	n/a	n/a	n/a	n/a	n/a	goo	278.3959387	191	true	278.3552429	278.6858961
281.3349363	0.48453399999999647	trials	/intervals/trials	192	start_time	n/a	n/a	n/a	n/a	n/a	n/a	n/a	n/a	n/a	see	281.5104368	192	true	281.3349363	281.8194703
281.5104368	0.0	cv_transition	/intervals/trials	192	cv_transition_time	n/a	n/a	n/a	n/a	n/a	n/a	n/a	n/a	n/a	see	281.5104368	192	true	281.3349363	281.8194703
282.4540699	0.44765350000000126	trials	/intervals/trials	193	start_time	n/a	n/a	n/a	n/a	n/a	n/a	n/a	n/a	n/a	wee	282.5112983	193	true	282.4540699	282.9017234
282.5112983	0.0	cv_transition	/intervals/trials	193	cv_transition_time	n/a	n/a	n/a	n/a	n/a	n/a	n/a	n/a	n/a	wee	282.5112983	193	true	282.4540699	282.9017234
284.7508373	0.5354037999999832	trials	/intervals/trials	194	start_time	n/a	n/a	n/a	n/a	n/a	n/a	n/a	n/a	n/a	saa	284.9110769	194	true	284.7508373	285.2862411
284.9110769	0.0	cv_transition	/intervals/trials	194	cv_transition_time	n/a	n/a	n/a	n/a	n/a	n/a	n/a	n/a	n/a	saa	284.9110769	194	true	284.7508373	285.2862411
285.6168942	0.47817530000003217	trials	/intervals/trials	195	start_time	n/a	n/a	n/a	n/a	n/a	n/a	n/a	n/a	n/a	faa	285.7389815	195	true	285.6168942	286.0950695
285.7389815	0.0	cv_transition	/intervals/trials	195	cv_transition_time	n/a	n/a	n/a	n/a	n/a	n/a	n/a	n/a	n/a	faa	285.7389815	195	true	285.6168942	286.0950695
287.0336156	0.41077289999998357	trials	/intervals/trials	196	start_time	n/a	n/a	n/a	n/a	n/a	n/a	n/a	n/a	n/a	moo	287.0819419	196	true	287.0336156	287.4443885
287.0819419	0.0	cv_transition	/intervals/trials	196	cv_transition_time	n/a	n/a	n/a	n/a	n/a	n/a	n/a	n/a	n/a	moo	287.0819419	196	true	287.0336156	287.4443885
288.6309246	0.3459139999999934	trials	/intervals/trials	197	start_time	n/a	n/a	n/a	n/a	n/a	n/a	n/a	n/a	n/a	daa	288.6563594	197	true	288.6309246	288.9768386
288.6563594	0.0	cv_transition	/intervals/trials	197	cv_transition_time	n/a	n/a	n/a	n/a	n/a	n/a	n/a	n/a	n/a	daa	288.6563594	197	true	288.6309246	288.9768386
289.8111018	0.471816600000011	trials	/intervals/trials	198	start_time	n/a	n/a	n/a	n/a	n/a	n/a	n/a	n/a	n/a	dee	289.8543411	198	true	289.8111018	290.2829184
289.8543411	0.0	cv_transition	/intervals/trials	198	cv_transition_time	n/a	n/a	n/a	n/a	n/a	n/a	n/a	n/a	n/a	dee	289.8543411	198	true	289.8111018	290.2829184
291.8904013	0.546849399999985	trials	/intervals/trials	199	start_time	n/a	n/a	n/a	n/a	n/a	n/a	n/a	n/a	n/a	zaa	292.0926084	199	true	291.8904013	292.4372507
292.0926084	0.0	cv_transition	/intervals/trials	199	cv_transition_time	n/a	n/a	n/a	n/a	n/a	n/a	n/a	n/a	n/a	zaa	292.0926084	199	true	291.8904013	292.4372507
293.4406557	0.39042499999999336	trials	/intervals/trials	200	start_time	n/a	n/a	n/a	n/a	n/a	n/a	n/a	n/a	n/a	shoo	293.5919931	200	true	293.4406557	293.8310807
293.5919931	0.0	cv_transition	/intervals/trials	200	cv_transition_time	n/a	n/a	n/a	n/a	n/a	n/a	n/a	n/a	n/a	shoo	293.5919931	200	true	293.4406557	293.8310807
294.9909102	0.44638170000001764	trials	/intervals/trials	201	start_time	n/a	n/a	n/a	n/a	n/a	n/a	n/a	n/a	n/a	shoo	295.1422475	201	true	294.9909102	295.4372919
295.1422475	0.0	cv_transition	/intervals/trials	201	cv_transition_time	n/a	n/a	n/a	n/a	n/a	n/a	n/a	n/a	n/a	shoo	295.1422475	201	true	294.9909102	295.4372919
295.6013467	0.5430341999999655	trials	/intervals/trials	202	start_time	n/a	n/a	n/a	n/a	n/a	n/a	n/a	n/a	n/a	zaa	295.7844776	202	true	295.6013467	296.1443809
295.7844776	0.0	cv_transition	/intervals/trials	202	cv_transition_time	n/a	n/a	n/a	n/a	n/a	n/a	n/a	n/a	n/a	zaa	295.7844776	202	true	295.6013467	296.1443809
296.7255673	0.4781752999999753	trials	/intervals/trials	203	start_time	n/a	n/a	n/a	n/a	n/a	n/a	n/a	n/a	n/a	laa	296.8501981	203	true	296.7255673	297.2037426
296.8501981	0.0	cv_transition	/intervals/trials	203	cv_transition_time	n/a	n/a	n/a	n/a	n/a	n/a	n/a	n/a	n/a	laa	296.8501981	203	true	296.7255673	297.2037426
297.4377433	0.4654577999999674	trials	/intervals/trials	204	start_time	n/a	n/a	n/a	n/a	n/a	n/a	n/a	n/a	n/a	naa	297.5153196	204	true	297.4377433	297.9032011
297.5153196	0.0	cv_transition	/intervals/trials	204	cv_transition_time	n/a	n/a	n/a	n/a	n/a	n/a	n/a	n/a	n/a	naa	297.5153196	204	true	297.4377433	297.9032011
298.4449635	0.4540122000000224	trials	/intervals/trials	205	start_time	n/a	n/a	n/a	n/a	n/a	n/a	n/a	n/a	n/a	ree	298.5606921	205	true	298.4449635	298.8989757
298.5606921	0.0	cv_transition	/intervals/trials	205	cv_transition_time	n/a	n/a	n/a	n/a	n/a	n/a	n/a	n/a	n/a	ree	298.5606921	205	true	298.4449635	298.8989757
299.8019131	0.5252297000000112	trials	/intervals/trials	206	start_time	n/a	n/a	n/a	n/a	n/a	n/a	n/a	n/a	n/a	loo	299.9125547	206	true	299.8019131	300.3271428
299.9125547	0.0	cv_transition	/intervals/trials	206	cv_transition_time	n/a	n/a	n/a	n/a	n/a	n/a	n/a	n/a	n/a	loo	299.9125547	206	true	299.8019131	300.3271428
301.0151557	0.46291430000002265	trials	/intervals/trials	207	start_time	n/a	n/a	n/a	n/a	n/a	n/a	n/a	n/a	n/a	hoo	301.0647536	207	true	301.0151557	301.47807
301.0647536	0.0	cv_transition	/intervals/trials	207	cv_transition_time	n/a	n/a	n/a	n/a	n/a	n/a	n/a	n/a	n/a	hoo	301.0647536	207	true	301.0151557	301.47807
302.0350934	0.5010666000000015	trials	/intervals/trials	208	start_time	n/a	n/a	n/a	n/a	n/a	n/a	n/a	n/a	n/a	too	302.1393763	208	true	302.0350934	302.53616
302.1393763	0.0	cv_transition	/intervals/trials	208	cv_transition_time	n/a	n/a	n/a	n/a	n/a	n/a	n/a	n/a	n/a	too	302.1393763	208	true	302.0350934	302.53616
302.892248	0.5392188999999803	trials	/intervals/trials	209	start_time	n/a	n/a	n/a	n/a	n/a	n/a	n/a	n/a	n/a	soo	303.0842812	209	true	302.892248	303.4314669
303.0842812	0.0	cv_transition	/intervals/trials	209	cv_transition_time	n/a	n/a	n/a	n/a	n/a	n/a	n/a	n/a	n/a	soo	303.0842812	209	true	302.892248	303.4314669
303.811718	0.4336643000000322	trials	/intervals/trials	210	start_time	n/a	n/a	n/a	n/a	n/a	n/a	n/a	n/a	n/a	roo	303.8753052	210	true	303.811718	304.2453823
303.8753052	0.0	cv_transition	/intervals/trials	210	cv_transition_time	n/a	n/a	n/a	n/a	n/a	n/a	n/a	n/a	n/a	roo	303.8753052	210	true	303.811718	304.2453823
304.8074926	0.45274050000000443	trials	/intervals/trials	211	start_time	n/a	n/a	n/a	n/a	n/a	n/a	n/a	n/a	n/a	raa	304.8520036	211	true	304.8074926	305.2602331
304.8520036	0.0	cv_transition	/intervals/trials	211	cv_transition_time	n/a	n/a	n/a	n/a	n/a	n/a	n/a	n/a	n/a	raa	304.8520036	211	true	304.8074926	305.2602331
305.7307779	0.4985230999999999	trials	/intervals/trials	212	start_time	n/a	n/a	n/a	n/a	n/a	n/a	n/a	n/a	n/a	shee	305.8999197	212	true	305.7307779	306.229301
305.8999197	0.0	cv_transition	/intervals/trials	212	cv_transition_time	n/a	n/a	n/a	n/a	n/a	n/a	n/a	n/a	n/a	shee	305.8999197	212	true	305.7307779	306.229301
307.2835758	0.41585989999998674	trials	/intervals/trials	213	start_time	n/a	n/a	n/a	n/a	n/a	n/a	n/a	n/a	n/a	kee	307.3560651	213	true	307.2835758	307.6994357
307.3560651	0.0	cv_transition	/intervals/trials	213	cv_transition_time	n/a	n/a	n/a	n/a	n/a	n/a	n/a	n/a	n/a	kee	307.3560651	213	true	307.2835758	307.6994357
308.1000347	0.46291430000002265	trials	/intervals/trials	214	start_time	n/a	n/a	n/a	n/a	n/a	n/a	n/a	n/a	n/a	foo	308.2157633	214	true	308.1000347	308.562949
308.2157633	0.0	cv_transition	/intervals/trials	214	cv_transition_time	n/a	n/a	n/a	n/a	n/a	n/a	n/a	n/a	n/a	foo	308.2157633	214	true	308.1000347	308.562949
309.2611358	0.5099689000000467	trials	/intervals/trials	215	start_time	n/a	n/a	n/a	n/a	n/a	n/a	n/a	n/a	n/a	zee	309.4518972	215	true	309.2611358	309.7711047
309.4518972	0.0	cv_transition	/intervals/trials	215	cv_transition_time	n/a	n/a	n/a	n/a	n/a	n/a	n/a	n/a	n/a	zee	309.4518972	215	true	309.2611358	309.7711047
310.8113903	0.41713159999994787	trials	/intervals/trials	216	start_time	n/a	n/a	n/a	n/a	n/a	n/a	n/a	n/a	n/a	voo	310.8762491	216	true	310.8113903	311.2285219
310.8762491	0.0	cv_transition	/intervals/trials	216	cv_transition_time	n/a	n/a	n/a	n/a	n/a	n/a	n/a	n/a	n/a	voo	310.8762491	216	true	310.8113903	311.2285219
312.2853401	0.46164270000002716	trials	/intervals/trials	217	start_time	n/a	n/a	n/a	n/a	n/a	n/a	n/a	n/a	n/a	poo	312.3680034	217	true	312.2853401	312.7469828
312.3680034	0.0	cv_transition	/intervals/trials	217	cv_transition_time	n/a	n/a	n/a	n/a	n/a	n/a	n/a	n/a	n/a	poo	312.3680034	217	true	312.2853401	312.7469828
313.1615709	0.4120446999999672	trials	/intervals/trials	218	start_time	n/a	n/a	n/a	n/a	n/a	n/a	n/a	n/a	n/a	taa	313.225158	218	true	313.1615709	313.5736156
313.225158	0.0	cv_transition	/intervals/trials	218	cv_transition_time	n/a	n/a	n/a	n/a	n/a	n/a	n/a	n/a	n/a	taa	313.225158	218	true	313.1615709	313.5736156
313.9106274	0.3878814999999918	trials	/intervals/trials	219	start_time	n/a	n/a	n/a	n/a	n/a	n/a	n/a	n/a	n/a	kaa	313.981845	219	true	313.9106274	314.2985089
313.981845	0.0	cv_transition	/intervals/trials	219	cv_transition_time	n/a	n/a	n/a	n/a	n/a	n/a	n/a	n/a	n/a	kaa	313.981845	219	true	313.9106274	314.2985089
314.9585434	0.45019700000000284	trials	/intervals/trials	220	start_time	n/a	n/a	n/a	n/a	n/a	n/a	n/a	n/a	n/a	waa	315.0234023	220	true	314.9585434	315.4087404
315.0234023	0.0	cv_transition	/intervals/trials	220	cv_transition_time	n/a	n/a	n/a	n/a	n/a	n/a	n/a	n/a	n/a	waa	315.0234023	220	true	314.9585434	315.4087404
315.658002	0.5366753999999787	trials	/intervals/trials	221	start_time	n/a	n/a	n/a	n/a	n/a	n/a	n/a	n/a	n/a	shaa	315.825872	221	true	315.658002	316.1946774
315.825872	0.0	cv_transition	/intervals/trials	221	cv_transition_time	n/a	n/a	n/a	n/a	n/a	n/a	n/a	n/a	n/a	shaa	315.825872	221	true	315.658002	316.1946774
318.332477	0.4018707000000177	trials	/intervals/trials	222	start_time	n/a	n/a	n/a	n/a	n/a	n/a	n/a	n/a	n/a	paa	318.4125968	222	true	318.332477	318.7343477
318.4125968	0.0	cv_transition	/intervals/trials	222	cv_transition_time	n/a	n/a	n/a	n/a	n/a	n/a	n/a	n/a	n/a	paa	318.4125968	222	true	318.332477	318.7343477
319.0128594	0.3878814999999918	trials	/intervals/trials	223	start_time	n/a	n/a	n/a	n/a	n/a	n/a	n/a	n/a	n/a	gaa	319.0484682	223	true	319.0128594	319.4007409
319.0484682	0.0	cv_transition	/intervals/trials	223	cv_transition_time	n/a	n/a	n/a	n/a	n/a	n/a	n/a	n/a	n/a	gaa	319.0484682	223	true	319.0128594	319.4007409
320.3583633	0.41840329999996584	trials	/intervals/trials	224	start_time	n/a	n/a	n/a	n/a	n/a	n/a	n/a	n/a	n/a	doo	320.3888851	224	true	320.3583633	320.7767666
320.3888851	0.0	cv_transition	/intervals/trials	224	cv_transition_time	n/a	n/a	n/a	n/a	n/a	n/a	n/a	n/a	n/a	doo	320.3888851	224	true	320.3583633	320.7767666
321.2511267	0.4184033999999883	trials	/intervals/trials	225	start_time	n/a	n/a	n/a	n/a	n/a	n/a	n/a	n/a	n/a	mee	321.2981812	225	true	321.2511267	321.6695301
321.2981812	0.0	cv_transition	/intervals/trials	225	cv_transition_time	n/a	n/a	n/a	n/a	n/a	n/a	n/a	n/a	n/a	mee	321.2981812	225	true	321.2511267	321.6695301
321.8780959	0.3064899999999966	trials	/intervals/trials	226	start_time	n/a	n/a	n/a	n/a	n/a	n/a	n/a	n/a	n/a	pee	321.9607591	226	true	321.8780959	322.1845859
321.9607591	0.0	cv_transition	/intervals/trials	226	cv_transition_time	n/a	n/a	n/a	n/a	n/a	n/a	n/a	n/a	n/a	pee	321.9607591	226	true	321.8780959	322.1845859
323.0240279288069	0.3955099760052576	invalid_times	/intervals/invalid_times	7	start_time	n/a	n/a	n/a	n/a	7	323.0240279288069	323.41953790481216	"[""ECoG artifact""]"	"[{""idx_start"":985791,""count"":1207,""timeseries"":""/acquisition/ElectricalSeries""}]"	n/a	n/a	n/a	n/a	n/a	n/a
326.2567062	0.45019700000000284	trials	/intervals/trials	227	start_time	n/a	n/a	n/a	n/a	n/a	n/a	n/a	n/a	n/a	see	326.4525546	227	true	326.2567062	326.7069032
326.4525546	0.0	cv_transition	/intervals/trials	227	cv_transition_time	n/a	n/a	n/a	n/a	n/a	n/a	n/a	n/a	n/a	see	326.4525546	227	true	326.2567062	326.7069032
327.2588395	0.4629143999999883	trials	/intervals/trials	228	start_time	n/a	n/a	n/a	n/a	n/a	n/a	n/a	n/a	n/a	hee	327.394916	228	true	327.2588395	327.7217539
327.394916	0.0	cv_transition	/intervals/trials	228	cv_transition_time	n/a	n/a	n/a	n/a	n/a	n/a	n/a	n/a	n/a	hee	327.394916	228	true	327.2588395	327.7217539
328.2927664	0.41458819999996877	trials	/intervals/trials	229	start_time	n/a	n/a	n/a	n/a	n/a	n/a	n/a	n/a	n/a	naa	328.3360057	229	true	328.2927664	328.7073546
328.3360057	0.0	cv_transition	/intervals/trials	229	cv_transition_time	n/a	n/a	n/a	n/a	n/a	n/a	n/a	n/a	n/a	naa	328.3360057	229	true	328.2927664	328.7073546
329.026562	0.5303167000000144	trials	/intervals/trials	230	start_time	n/a	n/a	n/a	n/a	n/a	n/a	n/a	n/a	n/a	saa	329.1906168	230	true	329.026562	329.5568787
329.1906168	0.0	cv_transition	/intervals/trials	230	cv_transition_time	n/a	n/a	n/a	n/a	n/a	n/a	n/a	n/a	n/a	saa	329.1906168	230	true	329.026562	329.5568787
329.9384016	0.3942401999999561	trials	/intervals/trials	231	start_time	n/a	n/a	n/a	n/a	n/a	n/a	n/a	n/a	n/a	gaa	329.9701951	231	true	329.9384016	330.3326418
329.9701951	0.0	cv_transition	/intervals/trials	231	cv_transition_time	n/a	n/a	n/a	n/a	n/a	n/a	n/a	n/a	n/a	gaa	329.9701951	231	true	329.9384016	330.3326418
330.8782195	0.37134889999998677	trials	/intervals/trials	232	start_time	n/a	n/a	n/a	n/a	n/a	n/a	n/a	n/a	n/a	doo	330.910013	232	true	330.8782195	331.2495684
330.910013	0.0	cv_transition	/intervals/trials	232	cv_transition_time	n/a	n/a	n/a	n/a	n/a	n/a	n/a	n/a	n/a	doo	330.910013	232	true	330.8782195	331.2495684
331.7480915	0.456555700000024	trials	/intervals/trials	233	start_time	n/a	n/a	n/a	n/a	n/a	n/a	n/a	n/a	n/a	roo	331.8027765	233	true	331.7480915	332.2046472
331.8027765	0.0	cv_transition	/intervals/trials	233	cv_transition_time	n/a	n/a	n/a	n/a	n/a	n/a	n/a	n/a	n/a	roo	331.8027765	233	true	331.7480915	332.2046472
332.5085937	0.4616426000000047	trials	/intervals/trials	234	start_time	n/a	n/a	n/a	n/a	n/a	n/a	n/a	n/a	n/a	pee	332.5976157	234	true	332.5085937	332.9702363
332.5976157	0.0	cv_transition	/intervals/trials	234	cv_transition_time	n/a	n/a	n/a	n/a	n/a	n/a	n/a	n/a	n/a	pee	332.5976157	234	true	332.5085937	332.9702363
333.4293355	0.6193387000000143	trials	/intervals/trials	235	start_time	n/a	n/a	n/a	n/a	n/a	n/a	n/a	n/a	n/a	shee	333.6022925	235	true	333.4293355	334.0486742
333.6022925	0.0	cv_transition	/intervals/trials	235	cv_transition_time	n/a	n/a	n/a	n/a	n/a	n/a	n/a	n/a	n/a	shee	333.6022925	235	true	333.4293355	334.0486742
335.0762424	0.4222186000000079	trials	/intervals/trials	236	start_time	n/a	n/a	n/a	n/a	n/a	n/a	n/a	n/a	n/a	foo	335.1487317	236	true	335.0762424	335.498461
335.1487317	0.0	cv_transition	/intervals/trials	236	cv_transition_time	n/a	n/a	n/a	n/a	n/a	n/a	n/a	n/a	n/a	foo	335.1487317	236	true	335.0762424	335.498461
335.9486579	0.5175992999999721	trials	/intervals/trials	237	start_time	n/a	n/a	n/a	n/a	n/a	n/a	n/a	n/a	n/a	too	336.0364082	237	true	335.9486579	336.4662572
336.0364082	0.0	cv_transition	/intervals/trials	237	cv_transition_time	n/a	n/a	n/a	n/a	n/a	n/a	n/a	n/a	n/a	too	336.0364082	237	true	335.9486579	336.4662572
336.892291	0.499795000000006	trials	/intervals/trials	238	start_time	n/a	n/a	n/a	n/a	n/a	n/a	n/a	n/a	n/a	yaa	336.9762261	238	true	336.892291	337.392086
336.9762261	0.0	cv_transition	/intervals/trials	238	cv_transition_time	n/a	n/a	n/a	n/a	n/a	n/a	n/a	n/a	n/a	yaa	336.9762261	238	true	336.892291	337.392086
337.7214673	0.41840340000004517	trials	/intervals/trials	239	start_time	n/a	n/a	n/a	n/a	n/a	n/a	n/a	n/a	n/a	nee	337.7469022	239	true	337.7214673	338.1398707
337.7469022	0.0	cv_transition	/intervals/trials	239	cv_transition_time	n/a	n/a	n/a	n/a	n/a	n/a	n/a	n/a	n/a	nee	337.7469022	239	true	337.7214673	338.1398707
338.3547952	0.5290449999999964	trials	/intervals/trials	240	start_time	n/a	n/a	n/a	n/a	n/a	n/a	n/a	n/a	n/a	lee	338.4832413	240	true	338.3547952	338.8838402
338.4832413	0.0	cv_transition	/intervals/trials	240	cv_transition_time	n/a	n/a	n/a	n/a	n/a	n/a	n/a	n/a	n/a	lee	338.4832413	240	true	338.3547952	338.8838402
339.2526456	0.5354037000000176	trials	/intervals/trials	241	start_time	n/a	n/a	n/a	n/a	n/a	n/a	n/a	n/a	n/a	zoo	339.4217874	241	true	339.2526456	339.7880493
339.4217874	0.0	cv_transition	/intervals/trials	241	cv_transition_time	n/a	n/a	n/a	n/a	n/a	n/a	n/a	n/a	n/a	zoo	339.4217874	241	true	339.2526456	339.7880493
340.16067	0.4145881000000031	trials	/intervals/trials	242	start_time	n/a	n/a	n/a	n/a	n/a	n/a	n/a	n/a	n/a	gee	340.1848331	242	true	340.16067	340.5752581
340.1848331	0.0	cv_transition	/intervals/trials	242	cv_transition_time	n/a	n/a	n/a	n/a	n/a	n/a	n/a	n/a	n/a	gee	340.1848331	242	true	340.16067	340.5752581
341.0000202	0.5290449999999964	trials	/intervals/trials	243	start_time	n/a	n/a	n/a	n/a	n/a	n/a	n/a	n/a	n/a	fee	341.1424554	243	true	341.0000202	341.5290652
341.1424554	0.0	cv_transition	/intervals/trials	243	cv_transition_time	n/a	n/a	n/a	n/a	n/a	n/a	n/a	n/a	n/a	fee	341.1424554	243	true	341.0000202	341.5290652
341.7961312	0.5900886000000014	trials	/intervals/trials	244	start_time	n/a	n/a	n/a	n/a	n/a	n/a	n/a	n/a	n/a	soo	342.0225014	244	true	341.7961312	342.3862198
342.0225014	0.0	cv_transition	/intervals/trials	244	cv_transition_time	n/a	n/a	n/a	n/a	n/a	n/a	n/a	n/a	n/a	soo	342.0225014	244	true	341.7961312	342.3862198
342.8707538	0.44129480000003696	trials	/intervals/trials	245	start_time	n/a	n/a	n/a	n/a	n/a	n/a	n/a	n/a	n/a	waa	342.9228953	245	true	342.8707538	343.3120486
342.9228953	0.0	cv_transition	/intervals/trials	245	cv_transition_time	n/a	n/a	n/a	n/a	n/a	n/a	n/a	n/a	n/a	waa	342.9228953	245	true	342.8707538	343.3120486
343.6121799	0.47181649999998854	trials	/intervals/trials	246	start_time	n/a	n/a	n/a	n/a	n/a	n/a	n/a	n/a	n/a	kee	343.7037453	246	true	343.6121799	344.0839964
343.7037453	0.0	cv_transition	/intervals/trials	246	cv_transition_time	n/a	n/a	n/a	n/a	n/a	n/a	n/a	n/a	n/a	kee	343.7037453	246	true	343.6121799	344.0839964
344.4260952	0.4196751000000063	trials	/intervals/trials	247	start_time	n/a	n/a	n/a	n/a	n/a	n/a	n/a	n/a	n/a	mee	344.4769649	247	true	344.4260952	344.8457703
344.4769649	0.0	cv_transition	/intervals/trials	247	cv_transition_time	n/a	n/a	n/a	n/a	n/a	n/a	n/a	n/a	n/a	mee	344.4769649	247	true	344.4260952	344.8457703
345.4981744	0.488349200000016	trials	/intervals/trials	248	start_time	n/a	n/a	n/a	n/a	n/a	n/a	n/a	n/a	n/a	laa	345.5871964	248	true	345.4981744	345.9865236
345.5871964	0.0	cv_transition	/intervals/trials	248	cv_transition_time	n/a	n/a	n/a	n/a	n/a	n/a	n/a	n/a	n/a	laa	345.5871964	248	true	345.4981744	345.9865236
346.2866549	0.44383820000001606	trials	/intervals/trials	249	start_time	n/a	n/a	n/a	n/a	n/a	n/a	n/a	n/a	n/a	ree	346.3362529	249	true	346.2866549	346.7304931
346.3362529	0.0	cv_transition	/intervals/trials	249	cv_transition_time	n/a	n/a	n/a	n/a	n/a	n/a	n/a	n/a	n/a	ree	346.3362529	249	true	346.2866549	346.7304931
347.2620816	0.4603708999999867	trials	/intervals/trials	250	start_time	n/a	n/a	n/a	n/a	n/a	n/a	n/a	n/a	n/a	loo	347.3332992	250	true	347.2620816	347.7224525
347.3332992	0.0	cv_transition	/intervals/trials	250	cv_transition_time	n/a	n/a	n/a	n/a	n/a	n/a	n/a	n/a	n/a	loo	347.3332992	250	true	347.2620816	347.7224525
348.0696383	0.41585989999998674	trials	/intervals/trials	251	start_time	n/a	n/a	n/a	n/a	n/a	n/a	n/a	n/a	n/a	goo	348.1090623	251	true	348.0696383	348.4854982
348.1090623	0.0	cv_transition	/intervals/trials	251	cv_transition_time	n/a	n/a	n/a	n/a	n/a	n/a	n/a	n/a	n/a	goo	348.1090623	251	true	348.0696383	348.4854982
348.8848254	0.42984910000001264	trials	/intervals/trials	252	start_time	n/a	n/a	n/a	n/a	n/a	n/a	n/a	n/a	n/a	maa	348.9229777	252	true	348.8848254	349.3146745
348.9229777	0.0	cv_transition	/intervals/trials	252	cv_transition_time	n/a	n/a	n/a	n/a	n/a	n/a	n/a	n/a	n/a	maa	348.9229777	252	true	348.8848254	349.3146745
350.0548287	0.4362078000000338	trials	/intervals/trials	253	start_time	n/a	n/a	n/a	n/a	n/a	n/a	n/a	n/a	n/a	thee	350.1018832	253	true	350.0548287	350.4910365
350.1018832	0.0	cv_transition	/intervals/trials	253	cv_transition_time	n/a	n/a	n/a	n/a	n/a	n/a	n/a	n/a	n/a	thee	350.1018832	253	true	350.0548287	350.4910365
350.9323313	0.42349030000002585	trials	/intervals/trials	254	start_time	n/a	n/a	n/a	n/a	n/a	n/a	n/a	n/a	n/a	koo	351.0251685	254	true	350.9323313	351.3558216
351.0251685	0.0	cv_transition	/intervals/trials	254	cv_transition_time	n/a	n/a	n/a	n/a	n/a	n/a	n/a	n/a	n/a	koo	351.0251685	254	true	350.9323313	351.3558216
351.6572246	0.4031425000000013	trials	/intervals/trials	255	start_time	n/a	n/a	n/a	n/a	n/a	n/a	n/a	n/a	n/a	haa	351.7424314	255	true	351.6572246	352.0603671
351.7424314	0.0	cv_transition	/intervals/trials	255	cv_transition_time	n/a	n/a	n/a	n/a	n/a	n/a	n/a	n/a	n/a	haa	351.7424314	255	true	351.6572246	352.0603671
352.5296402	0.43112079999997377	trials	/intervals/trials	256	start_time	n/a	n/a	n/a	n/a	n/a	n/a	n/a	n/a	n/a	kaa	352.6148469	256	true	352.5296402	352.960761
352.6148469	0.0	cv_transition	/intervals/trials	256	cv_transition_time	n/a	n/a	n/a	n/a	n/a	n/a	n/a	n/a	n/a	kaa	352.6148469	256	true	352.5296402	352.960761
353.3537295	0.43875130000003537	trials	/intervals/trials	257	start_time	n/a	n/a	n/a	n/a	n/a	n/a	n/a	n/a	n/a	vee	353.3829796	257	true	353.3537295	353.7924808
353.3829796	0.0	cv_transition	/intervals/trials	257	cv_transition_time	n/a	n/a	n/a	n/a	n/a	n/a	n/a	n/a	n/a	vee	353.3829796	257	true	353.3537295	353.7924808
354.1651014	0.4654577999999674	trials	/intervals/trials	258	start_time	n/a	n/a	n/a	n/a	n/a	n/a	n/a	n/a	n/a	paa	354.2744713	258	true	354.1651014	354.6305592
354.2744713	0.0	cv_transition	/intervals/trials	258	cv_transition_time	n/a	n/a	n/a	n/a	n/a	n/a	n/a	n/a	n/a	paa	354.2744713	258	true	354.1651014	354.6305592
354.9052557	0.5557516000000078	trials	/intervals/trials	259	start_time	n/a	n/a	n/a	n/a	n/a	n/a	n/a	n/a	n/a	wee	355.0502344	259	true	354.9052557	355.4610073
355.0502344	0.0	cv_transition	/intervals/trials	259	cv_transition_time	n/a	n/a	n/a	n/a	n/a	n/a	n/a	n/a	n/a	wee	355.0502344	259	true	354.9052557	355.4610073
355.8844976	0.42476210000000947	trials	/intervals/trials	260	start_time	n/a	n/a	n/a	n/a	n/a	n/a	n/a	n/a	n/a	baa	355.902302	260	true	355.8844976	356.3092597
355.902302	0.0	cv_transition	/intervals/trials	260	cv_transition_time	n/a	n/a	n/a	n/a	n/a	n/a	n/a	n/a	n/a	baa	355.902302	260	true	355.8844976	356.3092597
356.5674235	0.5328601999999591	trials	/intervals/trials	261	start_time	n/a	n/a	n/a	n/a	n/a	n/a	n/a	n/a	n/a	yee	356.6729781	261	true	356.5674235	357.1002837
356.6729781	0.0	cv_transition	/intervals/trials	261	cv_transition_time	n/a	n/a	n/a	n/a	n/a	n/a	n/a	n/a	n/a	yee	356.6729781	261	true	356.5674235	357.1002837
357.5517524	0.4031425000000013	trials	/intervals/trials	262	start_time	n/a	n/a	n/a	n/a	n/a	n/a	n/a	n/a	n/a	boo	357.5708285	262	true	357.5517524	357.9548949
357.5708285	0.0	cv_transition	/intervals/trials	262	cv_transition_time	n/a	n/a	n/a	n/a	n/a	n/a	n/a	n/a	n/a	boo	357.5708285	262	true	357.5517524	357.9548949
358.369483	0.47563179999997374	trials	/intervals/trials	263	start_time	n/a	n/a	n/a	n/a	n/a	n/a	n/a	n/a	n/a	yoo	358.448331	263	true	358.369483	358.8451148
358.448331	0.0	cv_transition	/intervals/trials	263	cv_transition_time	n/a	n/a	n/a	n/a	n/a	n/a	n/a	n/a	n/a	yoo	358.448331	263	true	358.369483	358.8451148
359.2533442	0.4425664999999981	trials	/intervals/trials	264	start_time	n/a	n/a	n/a	n/a	n/a	n/a	n/a	n/a	n/a	poo	359.3461814	264	true	359.2533442	359.6959107
359.3461814	0.0	cv_transition	/intervals/trials	264	cv_transition_time	n/a	n/a	n/a	n/a	n/a	n/a	n/a	n/a	n/a	poo	359.3461814	264	true	359.2533442	359.6959107
360.1715425	0.4323926000000142	trials	/intervals/trials	265	start_time	n/a	n/a	n/a	n/a	n/a	n/a	n/a	n/a	n/a	taa	360.2758254	265	true	360.1715425	360.6039351
360.2758254	0.0	cv_transition	/intervals/trials	265	cv_transition_time	n/a	n/a	n/a	n/a	n/a	n/a	n/a	n/a	n/a	taa	360.2758254	265	true	360.1715425	360.6039351
361.1291648	0.4769036000000142	trials	/intervals/trials	266	start_time	n/a	n/a	n/a	n/a	n/a	n/a	n/a	n/a	n/a	zaa	361.2423499	266	true	361.1291648	361.6060684
361.2423499	0.0	cv_transition	/intervals/trials	266	cv_transition_time	n/a	n/a	n/a	n/a	n/a	n/a	n/a	n/a	n/a	zaa	361.2423499	266	true	361.1291648	361.6060684
362.1783526	0.40441420000001926	trials	/intervals/trials	267	start_time	n/a	n/a	n/a	n/a	n/a	n/a	n/a	n/a	n/a	dee	362.2088744	267	true	362.1783526	362.5827668
362.2088744	0.0	cv_transition	/intervals/trials	267	cv_transition_time	n/a	n/a	n/a	n/a	n/a	n/a	n/a	n/a	n/a	dee	362.2088744	267	true	362.1783526	362.5827668
363.1118118	0.43620779999997694	trials	/intervals/trials	268	start_time	n/a	n/a	n/a	n/a	n/a	n/a	n/a	n/a	n/a	moo	363.1741272	268	true	363.1118118	363.5480196
363.1741272	0.0	cv_transition	/intervals/trials	268	cv_transition_time	n/a	n/a	n/a	n/a	n/a	n/a	n/a	n/a	n/a	moo	363.1741272	268	true	363.1118118	363.5480196
364.0935972	0.45782740000004196	trials	/intervals/trials	269	start_time	n/a	n/a	n/a	n/a	n/a	n/a	n/a	n/a	n/a	faa	364.1520974	269	true	364.0935972	364.5514246
364.1520974	0.0	cv_transition	/intervals/trials	269	cv_transition_time	n/a	n/a	n/a	n/a	n/a	n/a	n/a	n/a	n/a	faa	364.1520974	269	true	364.0935972	364.5514246
365.2432527	0.4145880999999463	trials	/intervals/trials	270	start_time	n/a	n/a	n/a	n/a	n/a	n/a	n/a	n/a	n/a	thoo	365.2801332	270	true	365.2432527	365.6578408
365.2801332	0.0	cv_transition	/intervals/trials	270	cv_transition_time	n/a	n/a	n/a	n/a	n/a	n/a	n/a	n/a	n/a	thoo	365.2801332	270	true	365.2432527	365.6578408
366.1271139	0.5582951000000094	trials	/intervals/trials	271	start_time	n/a	n/a	n/a	n/a	n/a	n/a	n/a	n/a	n/a	shoo	366.3051579	271	true	366.1271139	366.685409
366.3051579	0.0	cv_transition	/intervals/trials	271	cv_transition_time	n/a	n/a	n/a	n/a	n/a	n/a	n/a	n/a	n/a	shoo	366.3051579	271	true	366.1271139	366.685409
367.214454	0.5417624000000387	trials	/intervals/trials	272	start_time	n/a	n/a	n/a	n/a	n/a	n/a	n/a	n/a	n/a	zee	367.4014002	272	true	367.214454	367.7562164
367.4014002	0.0	cv_transition	/intervals/trials	272	cv_transition_time	n/a	n/a	n/a	n/a	n/a	n/a	n/a	n/a	n/a	zee	367.4014002	272	true	367.214454	367.7562164
368.1059457	0.423490299999969	trials	/intervals/trials	273	start_time	n/a	n/a	n/a	n/a	n/a	n/a	n/a	n/a	n/a	daa	368.139011	273	true	368.1059457	368.529436
368.139011	0.0	cv_transition	/intervals/trials	273	cv_transition_time	n/a	n/a	n/a	n/a	n/a	n/a	n/a	n/a	n/a	daa	368.139011	273	true	368.1059457	368.529436
369.0305027	0.42984899999999016	trials	/intervals/trials	274	start_time	n/a	n/a	n/a	n/a	n/a	n/a	n/a	n/a	n/a	voo	369.0699267	274	true	369.0305027	369.4603517
369.0699267	0.0	cv_transition	/intervals/trials	274	cv_transition_time	n/a	n/a	n/a	n/a	n/a	n/a	n/a	n/a	n/a	voo	369.0699267	274	true	369.0305027	369.4603517
370.1903321	0.4908927000000176	trials	/intervals/trials	275	start_time	n/a	n/a	n/a	n/a	n/a	n/a	n/a	n/a	n/a	noo	370.294615	275	true	370.1903321	370.6812248
370.294615	0.0	cv_transition	/intervals/trials	275	cv_transition_time	n/a	n/a	n/a	n/a	n/a	n/a	n/a	n/a	n/a	noo	370.294615	275	true	370.1903321	370.6812248
373.9089079	0.4908928000000401	trials	/intervals/trials	276	start_time	n/a	n/a	n/a	n/a	n/a	n/a	n/a	n/a	n/a	vaa	373.9699516	276	true	373.9089079	374.3998007
373.9699516	0.0	cv_transition	/intervals/trials	276	cv_transition_time	n/a	n/a	n/a	n/a	n/a	n/a	n/a	n/a	n/a	vaa	373.9699516	276	true	373.9089079	374.3998007
374.6808558	0.5430341999999655	trials	/intervals/trials	277	start_time	n/a	n/a	n/a	n/a	n/a	n/a	n/a	n/a	n/a	raa	374.7889539	277	true	374.6808558	375.22389
374.7889539	0.0	cv_transition	/intervals/trials	277	cv_transition_time	n/a	n/a	n/a	n/a	n/a	n/a	n/a	n/a	n/a	raa	374.7889539	277	true	374.6808558	375.22389
375.446445	0.5989908000000241	trials	/intervals/trials	278	start_time	n/a	n/a	n/a	n/a	n/a	n/a	n/a	n/a	n/a	shaa	375.6333911	278	true	375.446445	376.0454358
375.6333911	0.0	cv_transition	/intervals/trials	278	cv_transition_time	n/a	n/a	n/a	n/a	n/a	n/a	n/a	n/a	n/a	shaa	375.6333911	278	true	375.446445	376.0454358
376.4930893	0.4540120999999999	trials	/intervals/trials	279	start_time	n/a	n/a	n/a	n/a	n/a	n/a	n/a	n/a	n/a	thaa	376.5236111	279	true	376.4930893	376.9471014
376.5236111	0.0	cv_transition	/intervals/trials	279	cv_transition_time	n/a	n/a	n/a	n/a	n/a	n/a	n/a	n/a	n/a	thaa	376.5236111	279	true	376.4930893	376.9471014
377.6045924	0.4451099999999997	trials	/intervals/trials	280	start_time	n/a	n/a	n/a	n/a	n/a	n/a	n/a	n/a	n/a	woo	377.6287556	280	true	377.6045924	378.0497024
377.6287556	0.0	cv_transition	/intervals/trials	280	cv_transition_time	n/a	n/a	n/a	n/a	n/a	n/a	n/a	n/a	n/a	woo	377.6287556	280	true	377.6045924	378.0497024
378.4528449	0.41077289999998357	trials	/intervals/trials	281	start_time	n/a	n/a	n/a	n/a	n/a	n/a	n/a	n/a	n/a	hoo	378.5138885	281	true	378.4528449	378.8636178
378.5138885	0.0	cv_transition	/intervals/trials	281	cv_transition_time	n/a	n/a	n/a	n/a	n/a	n/a	n/a	n/a	n/a	hoo	378.5138885	281	true	378.4528449	378.8636178
379.3214452	0.37389239999998836	trials	/intervals/trials	282	start_time	n/a	n/a	n/a	n/a	n/a	n/a	n/a	n/a	n/a	bee	379.3494235	282	true	379.3214452	379.6953376
379.3494235	0.0	cv_transition	/intervals/trials	282	cv_transition_time	n/a	n/a	n/a	n/a	n/a	n/a	n/a	n/a	n/a	bee	379.3494235	282	true	379.3214452	379.6953376
383.4732494	0.5053819000000317	trials	/intervals/trials	283	start_time	n/a	n/a	n/a	n/a	n/a	n/a	n/a	n/a	n/a	zee	383.6665103	283	true	383.4732494	383.9786313
383.6665103	0.0	cv_transition	/intervals/trials	283	cv_transition_time	n/a	n/a	n/a	n/a	n/a	n/a	n/a	n/a	n/a	zee	383.6665103	283	true	383.4732494	383.9786313
384.3542652	0.42573479999998654	trials	/intervals/trials	284	start_time	n/a	n/a	n/a	n/a	n/a	n/a	n/a	n/a	n/a	poo	384.444998	284	true	384.3542652	384.78
384.444998	0.0	cv_transition	/intervals/trials	284	cv_transition_time	n/a	n/a	n/a	n/a	n/a	n/a	n/a	n/a	n/a	poo	384.444998	284	true	384.3542652	384.78
385.1808413	0.5471190000000092	trials	/intervals/trials	285	start_time	n/a	n/a	n/a	n/a	n/a	n/a	n/a	n/a	n/a	shoo	385.4022294	285	true	385.1808413	385.7279603
385.4022294	0.0	cv_transition	/intervals/trials	285	cv_transition_time	n/a	n/a	n/a	n/a	n/a	n/a	n/a	n/a	n/a	shoo	385.4022294	285	true	385.1808413	385.7279603
386.2034003	0.4618302000000085	trials	/intervals/trials	286	start_time	n/a	n/a	n/a	n/a	n/a	n/a	n/a	n/a	n/a	hoo	386.2496741	286	true	386.2034003	386.6652305
386.2496741	0.0	cv_transition	/intervals/trials	286	cv_transition_time	n/a	n/a	n/a	n/a	n/a	n/a	n/a	n/a	n/a	hoo	386.2496741	286	true	386.2034003	386.6652305
387.2486426	0.4282590000000255	trials	/intervals/trials	287	start_time	n/a	n/a	n/a	n/a	n/a	n/a	n/a	n/a	n/a	thoo	387.2903797	287	true	387.2486426	387.6769016
387.2903797	0.0	cv_transition	/intervals/trials	287	cv_transition_time	n/a	n/a	n/a	n/a	n/a	n/a	n/a	n/a	n/a	thoo	387.2903797	287	true	387.2486426	387.6769016
387.9618027	0.516269799999975	trials	/intervals/trials	288	start_time	n/a	n/a	n/a	n/a	n/a	n/a	n/a	n/a	n/a	faa	388.0960873	288	true	387.9618027	388.4780725
388.0960873	0.0	cv_transition	/intervals/trials	288	cv_transition_time	n/a	n/a	n/a	n/a	n/a	n/a	n/a	n/a	n/a	faa	388.0960873	288	true	387.9618027	388.4780725
389.4271379	0.5090112000000317	trials	/intervals/trials	289	start_time	n/a	n/a	n/a	n/a	n/a	n/a	n/a	n/a	n/a	noo	389.5369247	289	true	389.4271379	389.9361491
389.5369247	0.0	cv_transition	/intervals/trials	289	cv_transition_time	n/a	n/a	n/a	n/a	n/a	n/a	n/a	n/a	n/a	noo	389.5369247	289	true	389.4271379	389.9361491
390.1502786	0.4881427000000258	trials	/intervals/trials	290	start_time	n/a	n/a	n/a	n/a	n/a	n/a	n/a	n/a	n/a	hee	390.2509921	290	true	390.1502786	390.6384213
390.2509921	0.0	cv_transition	/intervals/trials	290	cv_transition_time	n/a	n/a	n/a	n/a	n/a	n/a	n/a	n/a	n/a	hee	390.2509921	290	true	390.1502786	390.6384213
390.8888439	0.43823960000003126	trials	/intervals/trials	291	start_time	n/a	n/a	n/a	n/a	n/a	n/a	n/a	n/a	n/a	kaa	390.9750401	291	true	390.8888439	391.3270835
390.9750401	0.0	cv_transition	/intervals/trials	291	cv_transition_time	n/a	n/a	n/a	n/a	n/a	n/a	n/a	n/a	n/a	kaa	390.9750401	291	true	390.8888439	391.3270835
391.8052455	0.4790694000000144	trials	/intervals/trials	292	start_time	n/a	n/a	n/a	n/a	n/a	n/a	n/a	n/a	n/a	wee	391.8669438	292	true	391.8052455	392.2843149
391.8669438	0.0	cv_transition	/intervals/trials	292	cv_transition_time	n/a	n/a	n/a	n/a	n/a	n/a	n/a	n/a	n/a	wee	391.8669438	292	true	391.8052455	392.2843149
392.3850283	0.6305932000000212	trials	/intervals/trials	293	start_time	n/a	n/a	n/a	n/a	n/a	n/a	n/a	n/a	n/a	see	392.6354509	293	true	392.3850283	393.0156215
392.6354509	0.0	cv_transition	/intervals/trials	293	cv_transition_time	n/a	n/a	n/a	n/a	n/a	n/a	n/a	n/a	n/a	see	392.6354509	293	true	392.3850283	393.0156215
393.3395377	0.5734315000000265	trials	/intervals/trials	294	start_time	n/a	n/a	n/a	n/a	n/a	n/a	n/a	n/a	n/a	shee	393.5554819	294	true	393.3395377	393.9129692
393.5554819	0.0	cv_transition	/intervals/trials	294	cv_transition_time	n/a	n/a	n/a	n/a	n/a	n/a	n/a	n/a	n/a	shee	393.5554819	294	true	393.3395377	393.9129692
394.2595687	0.42372230000000854	trials	/intervals/trials	295	start_time	n/a	n/a	n/a	n/a	n/a	n/a	n/a	n/a	n/a	vaa	394.3067497	295	true	394.2595687	394.683291
394.3067497	0.0	cv_transition	/intervals/trials	295	cv_transition_time	n/a	n/a	n/a	n/a	n/a	n/a	n/a	n/a	n/a	vaa	394.3067497	295	true	394.2595687	394.683291
395.8238027	0.45003489999999147	trials	/intervals/trials	296	start_time	n/a	n/a	n/a	n/a	n/a	n/a	n/a	n/a	n/a	maa	395.8709838	296	true	395.8238027	396.2738376
395.8709838	0.0	cv_transition	/intervals/trials	296	cv_transition_time	n/a	n/a	n/a	n/a	n/a	n/a	n/a	n/a	n/a	maa	395.8709838	296	true	395.8238027	396.2738376
396.6358616	0.4436835000000201	trials	/intervals/trials	297	start_time	n/a	n/a	n/a	n/a	n/a	n/a	n/a	n/a	n/a	ree	396.7102625	297	true	396.6358616	397.0795451
396.7102625	0.0	cv_transition	/intervals/trials	297	cv_transition_time	n/a	n/a	n/a	n/a	n/a	n/a	n/a	n/a	n/a	ree	396.7102625	297	true	396.6358616	397.0795451
397.5468192	0.5235284999999976	trials	/intervals/trials	298	start_time	n/a	n/a	n/a	n/a	n/a	n/a	n/a	n/a	n/a	shaa	397.7046944	298	true	397.5468192	398.0703477
397.7046944	0.0	cv_transition	/intervals/trials	298	cv_transition_time	n/a	n/a	n/a	n/a	n/a	n/a	n/a	n/a	n/a	shaa	397.7046944	298	true	397.5468192	398.0703477
398.4641282	0.41646370000000843	trials	/intervals/trials	299	start_time	n/a	n/a	n/a	n/a	n/a	n/a	n/a	n/a	n/a	doo	398.502236	299	true	398.4641282	398.8805919
398.502236	0.0	cv_transition	/intervals/trials	299	cv_transition_time	n/a	n/a	n/a	n/a	n/a	n/a	n/a	n/a	n/a	doo	398.502236	299	true	398.4641282	398.8805919
399.2462452	0.39922450000000254	trials	/intervals/trials	300	start_time	n/a	n/a	n/a	n/a	n/a	n/a	n/a	n/a	n/a	lee	399.3387927	300	true	399.2462452	399.6454697
399.3387927	0.0	cv_transition	/intervals/trials	300	cv_transition_time	n/a	n/a	n/a	n/a	n/a	n/a	n/a	n/a	n/a	lee	399.3387927	300	true	399.2462452	399.6454697
400.7133951	0.43551769999999124	trials	/intervals/trials	301	start_time	n/a	n/a	n/a	n/a	n/a	n/a	n/a	n/a	n/a	gee	400.7442443	301	true	400.7133951	401.1489128
400.7442443	0.0	cv_transition	/intervals/trials	301	cv_transition_time	n/a	n/a	n/a	n/a	n/a	n/a	n/a	n/a	n/a	gee	400.7442443	301	true	400.7133951	401.1489128
401.4319992	0.5362309999999866	trials	/intervals/trials	302	start_time	n/a	n/a	n/a	n/a	n/a	n/a	n/a	n/a	n/a	vee	401.5399713	302	true	401.4319992	401.9682302
401.5399713	0.0	cv_transition	/intervals/trials	302	cv_transition_time	n/a	n/a	n/a	n/a	n/a	n/a	n/a	n/a	n/a	vee	401.5399713	302	true	401.4319992	401.9682302
402.1233834	0.6160758999999985	trials	/intervals/trials	303	start_time	n/a	n/a	n/a	n/a	n/a	n/a	n/a	n/a	n/a	soo	402.4110065	303	true	402.1233834	402.7394593
402.4110065	0.0	cv_transition	/intervals/trials	303	cv_transition_time	n/a	n/a	n/a	n/a	n/a	n/a	n/a	n/a	n/a	soo	402.4110065	303	true	402.1233834	402.7394593
403.1432204	0.3847073000000023	trials	/intervals/trials	304	start_time	n/a	n/a	n/a	n/a	n/a	n/a	n/a	n/a	n/a	thee	403.1758843	304	true	403.1432204	403.5279277
403.1758843	0.0	cv_transition	/intervals/trials	304	cv_transition_time	n/a	n/a	n/a	n/a	n/a	n/a	n/a	n/a	n/a	thee	403.1758843	304	true	403.1432204	403.5279277
403.8890443	0.44459089999998014	trials	/intervals/trials	305	start_time	n/a	n/a	n/a	n/a	n/a	n/a	n/a	n/a	n/a	taa	403.9879431	305	true	403.8890443	404.3336352
403.9879431	0.0	cv_transition	/intervals/trials	305	cv_transition_time	n/a	n/a	n/a	n/a	n/a	n/a	n/a	n/a	n/a	taa	403.9879431	305	true	403.8890443	404.3336352
404.6847713	0.34932139999995115	trials	/intervals/trials	306	start_time	n/a	n/a	n/a	n/a	n/a	n/a	n/a	n/a	n/a	bee	404.7092692	306	true	404.6847713	405.0340927
404.7092692	0.0	cv_transition	/intervals/trials	306	cv_transition_time	n/a	n/a	n/a	n/a	n/a	n/a	n/a	n/a	n/a	bee	404.7092692	306	true	404.6847713	405.0340927
405.4614443	0.44822020000003704	trials	/intervals/trials	307	start_time	n/a	n/a	n/a	n/a	n/a	n/a	n/a	n/a	n/a	raa	405.5258647	307	true	405.4614443	405.9096645
405.5258647	0.0	cv_transition	/intervals/trials	307	cv_transition_time	n/a	n/a	n/a	n/a	n/a	n/a	n/a	n/a	n/a	raa	405.5258647	307	true	405.4614443	405.9096645
406.2698739	0.38289259999999103	trials	/intervals/trials	308	start_time	n/a	n/a	n/a	n/a	n/a	n/a	n/a	n/a	n/a	gaa	406.2970937	308	true	406.2698739	406.6527665
406.2970937	0.0	cv_transition	/intervals/trials	308	cv_transition_time	n/a	n/a	n/a	n/a	n/a	n/a	n/a	n/a	n/a	gaa	406.2970937	308	true	406.2698739	406.6527665
406.8469347	0.45910820000000285	trials	/intervals/trials	309	start_time	n/a	n/a	n/a	n/a	n/a	n/a	n/a	n/a	n/a	fee	407.0057172	309	true	406.8469347	407.3060429
407.0057172	0.0	cv_transition	/intervals/trials	309	cv_transition_time	n/a	n/a	n/a	n/a	n/a	n/a	n/a	n/a	n/a	fee	407.0057172	309	true	406.8469347	407.3060429
407.8459032	0.43642499999998563	trials	/intervals/trials	310	start_time	n/a	n/a	n/a	n/a	n/a	n/a	n/a	n/a	n/a	thaa	407.8967136	310	true	407.8459032	408.2823282
407.8967136	0.0	cv_transition	/intervals/trials	310	cv_transition_time	n/a	n/a	n/a	n/a	n/a	n/a	n/a	n/a	n/a	thaa	407.8967136	310	true	407.8459032	408.2823282
408.8911455	0.469996100000003	trials	/intervals/trials	311	start_time	n/a	n/a	n/a	n/a	n/a	n/a	n/a	n/a	n/a	waa	408.9464925	311	true	408.8911455	409.3611416
408.9464925	0.0	cv_transition	/intervals/trials	311	cv_transition_time	n/a	n/a	n/a	n/a	n/a	n/a	n/a	n/a	n/a	waa	408.9464925	311	true	408.8911455	409.3611416
410.0053447	0.5017524999999523	trials	/intervals/trials	312	start_time	n/a	n/a	n/a	n/a	n/a	n/a	n/a	n/a	n/a	voo	410.1242047	312	true	410.0053447	410.5070972
410.1242047	0.0	cv_transition	/intervals/trials	312	cv_transition_time	n/a	n/a	n/a	n/a	n/a	n/a	n/a	n/a	n/a	voo	410.1242047	312	true	410.0053447	410.5070972
410.9444295	0.46092279999999164	trials	/intervals/trials	313	start_time	n/a	n/a	n/a	n/a	n/a	n/a	n/a	n/a	n/a	roo	411.0043132	313	true	410.9444295	411.4053523
411.0043132	0.0	cv_transition	/intervals/trials	313	cv_transition_time	n/a	n/a	n/a	n/a	n/a	n/a	n/a	n/a	n/a	roo	411.0043132	313	true	410.9444295	411.4053523
411.7773569	0.44822020000003704	trials	/intervals/trials	314	start_time	n/a	n/a	n/a	n/a	n/a	n/a	n/a	n/a	n/a	naa	411.8399626	314	true	411.7773569	412.2255771
411.8399626	0.0	cv_transition	/intervals/trials	314	cv_transition_time	n/a	n/a	n/a	n/a	n/a	n/a	n/a	n/a	n/a	naa	411.8399626	314	true	411.7773569	412.2255771
412.4614825	0.5707095000000209	trials	/intervals/trials	315	start_time	n/a	n/a	n/a	n/a	n/a	n/a	n/a	n/a	n/a	saa	412.6592801	315	true	412.4614825	413.032192
412.6592801	0.0	cv_transition	/intervals/trials	315	cv_transition_time	n/a	n/a	n/a	n/a	n/a	n/a	n/a	n/a	n/a	saa	412.6592801	315	true	412.4614825	413.032192
413.3679035	0.3783558999999741	trials	/intervals/trials	316	start_time	n/a	n/a	n/a	n/a	n/a	n/a	n/a	n/a	n/a	daa	413.3978453	316	true	413.3679035	413.7462594
413.3978453	0.0	cv_transition	/intervals/trials	316	cv_transition_time	n/a	n/a	n/a	n/a	n/a	n/a	n/a	n/a	n/a	daa	413.3978453	316	true	413.3679035	413.7462594
414.2670659	0.4899573000000146	trials	/intervals/trials	317	start_time	n/a	n/a	n/a	n/a	n/a	n/a	n/a	n/a	n/a	paa	414.3904625	317	true	414.2670659	414.7570232
414.3904625	0.0	cv_transition	/intervals/trials	317	cv_transition_time	n/a	n/a	n/a	n/a	n/a	n/a	n/a	n/a	n/a	paa	414.3904625	317	true	414.2670659	414.7570232
415.3050495	0.5062892000000261	trials	/intervals/trials	318	start_time	n/a	n/a	n/a	n/a	n/a	n/a	n/a	n/a	n/a	nee	415.4121142	318	true	415.3050495	415.8113387
415.4121142	0.0	cv_transition	/intervals/trials	318	cv_transition_time	n/a	n/a	n/a	n/a	n/a	n/a	n/a	n/a	n/a	nee	415.4121142	318	true	415.3050495	415.8113387
417.503398459064	0.7415933553065202	invalid_times	/intervals/invalid_times	8	start_time	n/a	n/a	n/a	n/a	8	417.503398459064	418.2449918143705	"[""ECoG artifact""]"	"[{""idx_start"":1274119,""count"":2263,""timeseries"":""/acquisition/ElectricalSeries""}]"	n/a	n/a	n/a	n/a	n/a	n/a
417.9762241	0.35839469999996254	trials	/intervals/trials	319	start_time	n/a	n/a	n/a	n/a	n/a	n/a	n/a	n/a	n/a	laa	418.0306638	319	true	417.9762241	418.3346188
418.0306638	0.0	cv_transition	/intervals/trials	319	cv_transition_time	n/a	n/a	n/a	n/a	n/a	n/a	n/a	n/a	n/a	laa	418.0306638	319	true	417.9762241	418.3346188
420.3643123	0.3420628000000079	trials	/intervals/trials	320	start_time	n/a	n/a	n/a	n/a	n/a	n/a	n/a	n/a	n/a	baa	420.3869955	320	true	420.3643123	420.7063751
420.3869955	0.0	cv_transition	/intervals/trials	320	cv_transition_time	n/a	n/a	n/a	n/a	n/a	n/a	n/a	n/a	n/a	baa	420.3869955	320	true	420.3643123	420.7063751
421.1055996	0.48451330000000326	trials	/intervals/trials	321	start_time	n/a	n/a	n/a	n/a	n/a	n/a	n/a	n/a	n/a	mee	421.2380695	321	true	421.1055996	421.5901129
421.2380695	0.0	cv_transition	/intervals/trials	321	cv_transition_time	n/a	n/a	n/a	n/a	n/a	n/a	n/a	n/a	n/a	mee	421.2380695	321	true	421.1055996	421.5901129
422.1118267	0.5507483000000093	trials	/intervals/trials	322	start_time	n/a	n/a	n/a	n/a	n/a	n/a	n/a	n/a	n/a	moo	422.247926	322	true	422.1118267	422.662575
422.247926	0.0	cv_transition	/intervals/trials	322	cv_transition_time	n/a	n/a	n/a	n/a	n/a	n/a	n/a	n/a	n/a	moo	422.247926	322	true	422.1118267	422.662575
423.0917413	0.43733229999998	trials	/intervals/trials	323	start_time	n/a	n/a	n/a	n/a	n/a	n/a	n/a	n/a	n/a	woo	423.1316638	323	true	423.0917413	423.5290736
423.1316638	0.0	cv_transition	/intervals/trials	323	cv_transition_time	n/a	n/a	n/a	n/a	n/a	n/a	n/a	n/a	n/a	woo	423.1316638	323	true	423.0917413	423.5290736
423.7577203	0.41646370000000843	trials	/intervals/trials	324	start_time	n/a	n/a	n/a	n/a	n/a	n/a	n/a	n/a	n/a	foo	423.8375652	324	true	423.7577203	424.174184
423.8375652	0.0	cv_transition	/intervals/trials	324	cv_transition_time	n/a	n/a	n/a	n/a	n/a	n/a	n/a	n/a	n/a	foo	423.8375652	324	true	423.7577203	424.174184
424.533486	0.6015586999999982	trials	/intervals/trials	325	start_time	n/a	n/a	n/a	n/a	n/a	n/a	n/a	n/a	n/a	zoo	424.7712061	325	true	424.533486	425.1350447
424.7712061	0.0	cv_transition	/intervals/trials	325	cv_transition_time	n/a	n/a	n/a	n/a	n/a	n/a	n/a	n/a	n/a	zoo	424.7712061	325	true	424.533486	425.1350447
425.4879955	0.5208063999999695	trials	/intervals/trials	326	start_time	n/a	n/a	n/a	n/a	n/a	n/a	n/a	n/a	n/a	too	425.5986895	326	true	425.4879955	426.0088019
425.5986895	0.0	cv_transition	/intervals/trials	326	cv_transition_time	n/a	n/a	n/a	n/a	n/a	n/a	n/a	n/a	n/a	too	425.5986895	326	true	425.4879955	426.0088019
426.5205351	0.46818139999999175	trials	/intervals/trials	327	start_time	n/a	n/a	n/a	n/a	n/a	n/a	n/a	n/a	n/a	yaa	426.594936	327	true	426.5205351	426.9887165
426.594936	0.0	cv_transition	/intervals/trials	327	cv_transition_time	n/a	n/a	n/a	n/a	n/a	n/a	n/a	n/a	n/a	yaa	426.594936	327	true	426.5205351	426.9887165
427.4877471	0.46636680000000297	trials	/intervals/trials	328	start_time	n/a	n/a	n/a	n/a	n/a	n/a	n/a	n/a	n/a	tee	427.5857386	328	true	427.4877471	427.9541139
427.5857386	0.0	cv_transition	/intervals/trials	328	cv_transition_time	n/a	n/a	n/a	n/a	n/a	n/a	n/a	n/a	n/a	tee	427.5857386	328	true	427.4877471	427.9541139
428.3587823	0.44005430000004253	trials	/intervals/trials	329	start_time	n/a	n/a	n/a	n/a	n/a	n/a	n/a	n/a	n/a	dee	428.4023341	329	true	428.3587823	428.7988366
428.4023341	0.0	cv_transition	/intervals/trials	329	cv_transition_time	n/a	n/a	n/a	n/a	n/a	n/a	n/a	n/a	n/a	dee	428.4023341	329	true	428.3587823	428.7988366
429.9956026	0.4799767000000088	trials	/intervals/trials	330	start_time	n/a	n/a	n/a	n/a	n/a	n/a	n/a	n/a	n/a	yoo	430.176161	330	true	429.9956026	430.4755793
430.176161	0.0	cv_transition	/intervals/trials	330	cv_transition_time	n/a	n/a	n/a	n/a	n/a	n/a	n/a	n/a	n/a	yoo	430.176161	330	true	429.9956026	430.4755793
431.6605501	0.3983171999999513	trials	/intervals/trials	331	start_time	n/a	n/a	n/a	n/a	n/a	n/a	n/a	n/a	n/a	haa	431.7186192	331	true	431.6605501	432.0588673
431.7186192	0.0	cv_transition	/intervals/trials	331	cv_transition_time	n/a	n/a	n/a	n/a	n/a	n/a	n/a	n/a	n/a	haa	431.7186192	331	true	431.6605501	432.0588673
433.4271184	0.3801706000000422	trials	/intervals/trials	332	start_time	n/a	n/a	n/a	n/a	n/a	n/a	n/a	n/a	n/a	koo	433.5105926	332	true	433.4271184	433.807289
433.5105926	0.0	cv_transition	/intervals/trials	332	cv_transition_time	n/a	n/a	n/a	n/a	n/a	n/a	n/a	n/a	n/a	koo	433.5105926	332	true	433.4271184	433.807289
434.23827	0.5062892000000261	trials	/intervals/trials	333	start_time	n/a	n/a	n/a	n/a	n/a	n/a	n/a	n/a	n/a	kee	434.3208368	333	true	434.23827	434.7445592
434.3208368	0.0	cv_transition	/intervals/trials	333	cv_transition_time	n/a	n/a	n/a	n/a	n/a	n/a	n/a	n/a	n/a	kee	434.3208368	333	true	434.23827	434.7445592
434.8597899	0.4200930000000085	trials	/intervals/trials	334	start_time	n/a	n/a	n/a	n/a	n/a	n/a	n/a	n/a	n/a	pee	434.9223955	334	true	434.8597899	435.2798829
434.9223955	0.0	cv_transition	/intervals/trials	334	cv_transition_time	n/a	n/a	n/a	n/a	n/a	n/a	n/a	n/a	n/a	pee	434.9223955	334	true	434.8597899	435.2798829
435.7680255	0.5326017999999522	trials	/intervals/trials	335	start_time	n/a	n/a	n/a	n/a	n/a	n/a	n/a	n/a	n/a	yee	435.8288165	335	true	435.7680255	436.3006273
435.8288165	0.0	cv_transition	/intervals/trials	335	cv_transition_time	n/a	n/a	n/a	n/a	n/a	n/a	n/a	n/a	n/a	yee	435.8288165	335	true	435.7680255	436.3006273
436.4875369	0.5035671999999636	trials	/intervals/trials	336	start_time	n/a	n/a	n/a	n/a	n/a	n/a	n/a	n/a	n/a	loo	436.5574012	336	true	436.4875369	436.9911041
436.5574012	0.0	cv_transition	/intervals/trials	336	cv_transition_time	n/a	n/a	n/a	n/a	n/a	n/a	n/a	n/a	n/a	loo	436.5574012	336	true	436.4875369	436.9911041
437.1607745	0.4572934999999916	trials	/intervals/trials	337	start_time	n/a	n/a	n/a	n/a	n/a	n/a	n/a	n/a	n/a	goo	437.1780138	337	true	437.1607745	437.618068
437.1780138	0.0	cv_transition	/intervals/trials	337	cv_transition_time	n/a	n/a	n/a	n/a	n/a	n/a	n/a	n/a	n/a	goo	437.1780138	337	true	437.1607745	437.618068
442.5131044	0.35204340000001366	trials	/intervals/trials	338	start_time	n/a	n/a	n/a	n/a	n/a	n/a	n/a	n/a	n/a	mee	442.5929493	338	true	442.5131044	442.8651478
442.5929493	0.0	cv_transition	/intervals/trials	338	cv_transition_time	n/a	n/a	n/a	n/a	n/a	n/a	n/a	n/a	n/a	mee	442.5929493	338	true	442.5131044	442.8651478
443.2988508	0.4790692999999919	trials	/intervals/trials	339	start_time	n/a	n/a	n/a	n/a	n/a	n/a	n/a	n/a	n/a	wee	443.3913983	339	true	443.2988508	443.7779201
443.3913983	0.0	cv_transition	/intervals/trials	339	cv_transition_time	n/a	n/a	n/a	n/a	n/a	n/a	n/a	n/a	n/a	wee	443.3913983	339	true	443.2988508	443.7779201
445.3330809	0.5189917999999807	trials	/intervals/trials	340	start_time	n/a	n/a	n/a	n/a	n/a	n/a	n/a	n/a	n/a	kee	445.4610142	340	true	445.3330809	445.8520727
445.4610142	0.0	cv_transition	/intervals/trials	340	cv_transition_time	n/a	n/a	n/a	n/a	n/a	n/a	n/a	n/a	n/a	kee	445.4610142	340	true	445.3330809	445.8520727
446.3955624	0.5834120999999755	trials	/intervals/trials	341	start_time	n/a	n/a	n/a	n/a	n/a	n/a	n/a	n/a	n/a	see	446.6178578	341	true	446.3955624	446.9789745
446.6178578	0.0	cv_transition	/intervals/trials	341	cv_transition_time	n/a	n/a	n/a	n/a	n/a	n/a	n/a	n/a	n/a	see	446.6178578	341	true	446.3955624	446.9789745
447.2811148	0.7476386000000161	trials	/intervals/trials	342	start_time	n/a	n/a	n/a	n/a	n/a	n/a	n/a	n/a	n/a	zoo	447.673988	342	true	447.2811148	448.0287534
447.673988	0.0	cv_transition	/intervals/trials	342	cv_transition_time	n/a	n/a	n/a	n/a	n/a	n/a	n/a	n/a	n/a	zoo	447.673988	342	true	447.2811148	448.0287534
448.472437	0.42372230000000854	trials	/intervals/trials	343	start_time	n/a	n/a	n/a	n/a	n/a	n/a	n/a	n/a	n/a	pee	448.5495599	343	true	448.472437	448.8961593
448.5495599	0.0	cv_transition	/intervals/trials	343	cv_transition_time	n/a	n/a	n/a	n/a	n/a	n/a	n/a	n/a	n/a	pee	448.5495599	343	true	448.472437	448.8961593
449.4677761	0.4128344000000084	trials	/intervals/trials	344	start_time	n/a	n/a	n/a	n/a	n/a	n/a	n/a	n/a	n/a	baa	449.4777568	344	true	449.4677761	449.8806105
449.4777568	0.0	cv_transition	/intervals/trials	344	cv_transition_time	n/a	n/a	n/a	n/a	n/a	n/a	n/a	n/a	n/a	baa	449.4777568	344	true	449.4677761	449.8806105
450.3070549	0.5208063999999695	trials	/intervals/trials	345	start_time	n/a	n/a	n/a	n/a	n/a	n/a	n/a	n/a	n/a	thoo	450.4123049	345	true	450.3070549	450.8278613
450.4123049	0.0	cv_transition	/intervals/trials	345	cv_transition_time	n/a	n/a	n/a	n/a	n/a	n/a	n/a	n/a	n/a	thoo	450.4123049	345	true	450.3070549	450.8278613
451.7723901	0.46636680000000297	trials	/intervals/trials	346	start_time	n/a	n/a	n/a	n/a	n/a	n/a	n/a	n/a	n/a	hoo	451.8213859	346	true	451.7723901	452.2387569
451.8213859	0.0	cv_transition	/intervals/trials	346	cv_transition_time	n/a	n/a	n/a	n/a	n/a	n/a	n/a	n/a	n/a	hoo	451.8213859	346	true	451.7723901	452.2387569
452.5708391	0.45275679999997465	trials	/intervals/trials	347	start_time	n/a	n/a	n/a	n/a	n/a	n/a	n/a	n/a	n/a	goo	452.6143908	347	true	452.5708391	453.0235959
452.6143908	0.0	cv_transition	/intervals/trials	347	cv_transition_time	n/a	n/a	n/a	n/a	n/a	n/a	n/a	n/a	n/a	goo	452.6143908	347	true	452.5708391	453.0235959
453.4264497	0.6097246000000496	trials	/intervals/trials	348	start_time	n/a	n/a	n/a	n/a	n/a	n/a	n/a	n/a	n/a	shoo	453.6423938	348	true	453.4264497	454.0361743
453.6423938	0.0	cv_transition	/intervals/trials	348	cv_transition_time	n/a	n/a	n/a	n/a	n/a	n/a	n/a	n/a	n/a	shoo	453.6423938	348	true	453.4264497	454.0361743
454.5669614	0.4563861999999972	trials	/intervals/trials	349	start_time	n/a	n/a	n/a	n/a	n/a	n/a	n/a	n/a	n/a	roo	454.6168645	349	true	454.5669614	455.0233476
454.6168645	0.0	cv_transition	/intervals/trials	349	cv_transition_time	n/a	n/a	n/a	n/a	n/a	n/a	n/a	n/a	n/a	roo	454.6168645	349	true	454.5669614	455.0233476
455.2973607	0.5498410000000149	trials	/intervals/trials	350	start_time	n/a	n/a	n/a	n/a	n/a	n/a	n/a	n/a	n/a	yee	455.3826496	350	true	455.2973607	455.8472017
455.3826496	0.0	cv_transition	/intervals/trials	350	cv_transition_time	n/a	n/a	n/a	n/a	n/a	n/a	n/a	n/a	n/a	yee	455.3826496	350	true	455.2973607	455.8472017
456.1683959	0.5008452999999804	trials	/intervals/trials	351	start_time	n/a	n/a	n/a	n/a	n/a	n/a	n/a	n/a	n/a	zaa	456.3008659	351	true	456.1683959	456.6692412
456.3008659	0.0	cv_transition	/intervals/trials	351	cv_transition_time	n/a	n/a	n/a	n/a	n/a	n/a	n/a	n/a	n/a	zaa	456.3008659	351	true	456.1683959	456.6692412
457.0122113	0.5743388000000209	trials	/intervals/trials	352	start_time	n/a	n/a	n/a	n/a	n/a	n/a	n/a	n/a	n/a	laa	457.1945843	352	true	457.0122113	457.5865501
457.1945843	0.0	cv_transition	/intervals/trials	352	cv_transition_time	n/a	n/a	n/a	n/a	n/a	n/a	n/a	n/a	n/a	laa	457.1945843	352	true	457.0122113	457.5865501
457.9494815	0.5162698000000319	trials	/intervals/trials	353	start_time	n/a	n/a	n/a	n/a	n/a	n/a	n/a	n/a	n/a	voo	458.0402143	353	true	457.9494815	458.4657513
458.0402143	0.0	cv_transition	/intervals/trials	353	cv_transition_time	n/a	n/a	n/a	n/a	n/a	n/a	n/a	n/a	n/a	voo	458.0402143	353	true	457.9494815	458.4657513
458.7116373	0.4101124000000027	trials	/intervals/trials	354	start_time	n/a	n/a	n/a	n/a	n/a	n/a	n/a	n/a	n/a	poo	458.7951115	354	true	458.7116373	459.1217497
458.7951115	0.0	cv_transition	/intervals/trials	354	cv_transition_time	n/a	n/a	n/a	n/a	n/a	n/a	n/a	n/a	n/a	poo	458.7951115	354	true	458.7116373	459.1217497
459.5091789	0.39650249999999687	trials	/intervals/trials	355	start_time	n/a	n/a	n/a	n/a	n/a	n/a	n/a	n/a	n/a	loo	459.5391207	355	true	459.5091789	459.9056814
459.5391207	0.0	cv_transition	/intervals/trials	355	cv_transition_time	n/a	n/a	n/a	n/a	n/a	n/a	n/a	n/a	n/a	loo	459.5391207	355	true	459.5091789	459.9056814
460.3393843	0.5371384000000035	trials	/intervals/trials	356	start_time	n/a	n/a	n/a	n/a	n/a	n/a	n/a	n/a	n/a	shaa	460.4990741	356	true	460.3393843	460.8765227
460.4990741	0.0	cv_transition	/intervals/trials	356	cv_transition_time	n/a	n/a	n/a	n/a	n/a	n/a	n/a	n/a	n/a	shaa	460.4990741	356	true	460.3393843	460.8765227
461.8301248	0.450034799999969	trials	/intervals/trials	357	start_time	n/a	n/a	n/a	n/a	n/a	n/a	n/a	n/a	n/a	thaa	461.8673252	357	true	461.8301248	462.2801596
461.8673252	0.0	cv_transition	/intervals/trials	357	cv_transition_time	n/a	n/a	n/a	n/a	n/a	n/a	n/a	n/a	n/a	thaa	461.8673252	357	true	461.8301248	462.2801596
462.518787	0.44005420000002005	trials	/intervals/trials	358	start_time	n/a	n/a	n/a	n/a	n/a	n/a	n/a	n/a	n/a	vaa	462.5496361	358	true	462.518787	462.9588412
462.5496361	0.0	cv_transition	/intervals/trials	358	cv_transition_time	n/a	n/a	n/a	n/a	n/a	n/a	n/a	n/a	n/a	vaa	462.5496361	358	true	462.518787	462.9588412
463.6166543	0.49177190000000337	trials	/intervals/trials	359	start_time	n/a	n/a	n/a	n/a	n/a	n/a	n/a	n/a	n/a	foo	463.7636415	359	true	463.6166543	464.1084262
463.7636415	0.0	cv_transition	/intervals/trials	359	cv_transition_time	n/a	n/a	n/a	n/a	n/a	n/a	n/a	n/a	n/a	foo	463.7636415	359	true	463.6166543	464.1084262
464.8370109	0.43098090000000866	trials	/intervals/trials	360	start_time	n/a	n/a	n/a	n/a	n/a	n/a	n/a	n/a	n/a	maa	464.88147	360	true	464.8370109	465.2679918
464.88147	0.0	cv_transition	/intervals/trials	360	cv_transition_time	n/a	n/a	n/a	n/a	n/a	n/a	n/a	n/a	n/a	maa	464.88147	360	true	464.8370109	465.2679918
465.4476429	0.5561921999999981	trials	/intervals/trials	361	start_time	n/a	n/a	n/a	n/a	n/a	n/a	n/a	n/a	n/a	saa	465.600074	361	true	465.4476429	466.0038351
465.600074	0.0	cv_transition	/intervals/trials	361	cv_transition_time	n/a	n/a	n/a	n/a	n/a	n/a	n/a	n/a	n/a	saa	465.600074	361	true	465.4476429	466.0038351
467.183362	0.42372230000000854	trials	/intervals/trials	362	start_time	n/a	n/a	n/a	n/a	n/a	n/a	n/a	n/a	n/a	too	467.2514116	362	true	467.183362	467.6070843
467.2514116	0.0	cv_transition	/intervals/trials	362	cv_transition_time	n/a	n/a	n/a	n/a	n/a	n/a	n/a	n/a	n/a	too	467.2514116	362	true	467.183362	467.6070843
467.8783755	0.5834120999999755	trials	/intervals/trials	363	start_time	n/a	n/a	n/a	n/a	n/a	n/a	n/a	n/a	n/a	shee	468.0879683	363	true	467.8783755	468.4617876
468.0879683	0.0	cv_transition	/intervals/trials	363	cv_transition_time	n/a	n/a	n/a	n/a	n/a	n/a	n/a	n/a	n/a	shee	468.0879683	363	true	467.8783755	468.4617876
468.7430594	0.4808840000000032	trials	/intervals/trials	364	start_time	n/a	n/a	n/a	n/a	n/a	n/a	n/a	n/a	n/a	zee	468.8809733	364	true	468.7430594	469.2239434
468.8809733	0.0	cv_transition	/intervals/trials	364	cv_transition_time	n/a	n/a	n/a	n/a	n/a	n/a	n/a	n/a	n/a	zee	468.8809733	364	true	468.7430594	469.2239434
469.5161031	0.40648310000000265	trials	/intervals/trials	365	start_time	n/a	n/a	n/a	n/a	n/a	n/a	n/a	n/a	n/a	dee	469.532435	365	true	469.5161031	469.9225862
469.532435	0.0	cv_transition	/intervals/trials	365	cv_transition_time	n/a	n/a	n/a	n/a	n/a	n/a	n/a	n/a	n/a	dee	469.532435	365	true	469.5161031	469.9225862
470.203858	0.4736254000000031	trials	/intervals/trials	366	start_time	n/a	n/a	n/a	n/a	n/a	n/a	n/a	n/a	n/a	lee	470.2891469	366	true	470.203858	470.6774834
470.2891469	0.0	cv_transition	/intervals/trials	366	cv_transition_time	n/a	n/a	n/a	n/a	n/a	n/a	n/a	n/a	n/a	lee	470.2891469	366	true	470.203858	470.6774834
471.2835787	0.5189917999999807	trials	/intervals/trials	367	start_time	n/a	n/a	n/a	n/a	n/a	n/a	n/a	n/a	n/a	yaa	471.3552577	367	true	471.2835787	471.8025705
471.3552577	0.0	cv_transition	/intervals/trials	367	cv_transition_time	n/a	n/a	n/a	n/a	n/a	n/a	n/a	n/a	n/a	yaa	471.3552577	367	true	471.2835787	471.8025705
472.1845558	0.4482201999999802	trials	/intervals/trials	368	start_time	n/a	n/a	n/a	n/a	n/a	n/a	n/a	n/a	n/a	gaa	472.2199416	368	true	472.1845558	472.632776
472.2199416	0.0	cv_transition	/intervals/trials	368	cv_transition_time	n/a	n/a	n/a	n/a	n/a	n/a	n/a	n/a	n/a	gaa	472.2199416	368	true	472.1845558	472.632776
473.4357616	0.4346102000000087	trials	/intervals/trials	369	start_time	n/a	n/a	n/a	n/a	n/a	n/a	n/a	n/a	n/a	doo	473.475684	369	true	473.4357616	473.8703718
473.475684	0.0	cv_transition	/intervals/trials	369	cv_transition_time	n/a	n/a	n/a	n/a	n/a	n/a	n/a	n/a	n/a	doo	473.475684	369	true	473.4357616	473.8703718
474.3231287	0.49449390000000903	trials	/intervals/trials	370	start_time	n/a	n/a	n/a	n/a	n/a	n/a	n/a	n/a	n/a	woo	474.3639584	370	true	474.3231287	474.8176226
474.3639584	0.0	cv_transition	/intervals/trials	370	cv_transition_time	n/a	n/a	n/a	n/a	n/a	n/a	n/a	n/a	n/a	woo	474.3639584	370	true	474.3231287	474.8176226
475.711341	0.4255370000000198	trials	/intervals/trials	371	start_time	n/a	n/a	n/a	n/a	n/a	n/a	n/a	n/a	n/a	taa	475.7893713	371	true	475.711341	476.136878
475.7893713	0.0	cv_transition	/intervals/trials	371	cv_transition_time	n/a	n/a	n/a	n/a	n/a	n/a	n/a	n/a	n/a	taa	475.7893713	371	true	475.711341	476.136878
476.3927446	0.5298798000000033	trials	/intervals/trials	372	start_time	n/a	n/a	n/a	n/a	n/a	n/a	n/a	n/a	n/a	tee	476.504346	372	true	476.3927446	476.9226244
476.504346	0.0	cv_transition	/intervals/trials	372	cv_transition_time	n/a	n/a	n/a	n/a	n/a	n/a	n/a	n/a	n/a	tee	476.504346	372	true	476.3927446	476.9226244
476.990674	0.5335091000000034	trials	/intervals/trials	373	start_time	n/a	n/a	n/a	n/a	n/a	n/a	n/a	n/a	n/a	ree	477.0505577	373	true	476.990674	477.5241831
477.0505577	0.0	cv_transition	/intervals/trials	373	cv_transition_time	n/a	n/a	n/a	n/a	n/a	n/a	n/a	n/a	n/a	ree	477.0505577	373	true	476.990674	477.5241831
477.9079829	0.4346103000000312	trials	/intervals/trials	374	start_time	n/a	n/a	n/a	n/a	n/a	n/a	n/a	n/a	n/a	koo	478.0032524	374	true	477.9079829	478.3425932
478.0032524	0.0	cv_transition	/intervals/trials	374	cv_transition_time	n/a	n/a	n/a	n/a	n/a	n/a	n/a	n/a	n/a	koo	478.0032524	374	true	477.9079829	478.3425932
479.2181651	0.5471188999999868	trials	/intervals/trials	375	start_time	n/a	n/a	n/a	n/a	n/a	n/a	n/a	n/a	n/a	hee	479.3188785	375	true	479.2181651	479.765284
479.3188785	0.0	cv_transition	/intervals/trials	375	cv_transition_time	n/a	n/a	n/a	n/a	n/a	n/a	n/a	n/a	n/a	hee	479.3188785	375	true	479.2181651	479.765284
479.9730622	0.48360600000000886	trials	/intervals/trials	376	start_time	n/a	n/a	n/a	n/a	n/a	n/a	n/a	n/a	n/a	vee	479.9921161	376	true	479.9730622	480.4566682
479.9921161	0.0	cv_transition	/intervals/trials	376	cv_transition_time	n/a	n/a	n/a	n/a	n/a	n/a	n/a	n/a	n/a	vee	479.9921161	376	true	479.9730622	480.4566682
480.8114336	0.5852267999999867	trials	/intervals/trials	377	start_time	n/a	n/a	n/a	n/a	n/a	n/a	n/a	n/a	n/a	fee	480.9620501	377	true	480.8114336	481.3966604
480.9620501	0.0	cv_transition	/intervals/trials	377	cv_transition_time	n/a	n/a	n/a	n/a	n/a	n/a	n/a	n/a	n/a	fee	480.9620501	377	true	480.8114336	481.3966604
482.3039887	0.4191857000000141	trials	/intervals/trials	378	start_time	n/a	n/a	n/a	n/a	n/a	n/a	n/a	n/a	n/a	bee	482.3275793	378	true	482.3039887	482.7231744
482.3275793	0.0	cv_transition	/intervals/trials	378	cv_transition_time	n/a	n/a	n/a	n/a	n/a	n/a	n/a	n/a	n/a	bee	482.3275793	378	true	482.3039887	482.7231744
482.8030193	0.43733229999998	trials	/intervals/trials	379	start_time	n/a	n/a	n/a	n/a	n/a	n/a	n/a	n/a	n/a	haa	482.9246013	379	true	482.8030193	483.2403516
482.9246013	0.0	cv_transition	/intervals/trials	379	cv_transition_time	n/a	n/a	n/a	n/a	n/a	n/a	n/a	n/a	n/a	haa	482.9246013	379	true	482.8030193	483.2403516
483.3973194	0.5353236999999922	trials	/intervals/trials	380	start_time	n/a	n/a	n/a	n/a	n/a	n/a	n/a	n/a	n/a	naa	483.5306967	380	true	483.3973194	483.9326431
483.5306967	0.0	cv_transition	/intervals/trials	380	cv_transition_time	n/a	n/a	n/a	n/a	n/a	n/a	n/a	n/a	n/a	naa	483.5306967	380	true	483.3973194	483.9326431
484.5895488	0.3865218999999911	trials	/intervals/trials	381	start_time	n/a	n/a	n/a	n/a	n/a	n/a	n/a	n/a	n/a	boo	484.6158614	381	true	484.5895488	484.9760707
484.6158614	0.0	cv_transition	/intervals/trials	381	cv_transition_time	n/a	n/a	n/a	n/a	n/a	n/a	n/a	n/a	n/a	boo	484.6158614	381	true	484.5895488	484.9760707
485.1384825	0.5607289000000151	trials	/intervals/trials	382	start_time	n/a	n/a	n/a	n/a	n/a	n/a	n/a	n/a	n/a	soo	485.3716659	382	true	485.1384825	485.6992114
485.3716659	0.0	cv_transition	/intervals/trials	382	cv_transition_time	n/a	n/a	n/a	n/a	n/a	n/a	n/a	n/a	n/a	soo	485.3716659	382	true	485.1384825	485.6992114
485.9160629	0.46092279999999164	trials	/intervals/trials	383	start_time	n/a	n/a	n/a	n/a	n/a	n/a	n/a	n/a	n/a	gee	485.9559853	383	true	485.9160629	486.3769857
485.9559853	0.0	cv_transition	/intervals/trials	383	cv_transition_time	n/a	n/a	n/a	n/a	n/a	n/a	n/a	n/a	n/a	gee	485.9559853	383	true	485.9160629	486.3769857
486.4105568	0.43823960000003126	trials	/intervals/trials	384	start_time	n/a	n/a	n/a	n/a	n/a	n/a	n/a	n/a	n/a	faa	486.5076409	384	true	486.4105568	486.8487964
486.5076409	0.0	cv_transition	/intervals/trials	384	cv_transition_time	n/a	n/a	n/a	n/a	n/a	n/a	n/a	n/a	n/a	faa	486.5076409	384	true	486.4105568	486.8487964
487.2670748	0.43279560000001993	trials	/intervals/trials	385	start_time	n/a	n/a	n/a	n/a	n/a	n/a	n/a	n/a	n/a	nee	487.3151632	385	true	487.2670748	487.6998704
487.3151632	0.0	cv_transition	/intervals/trials	385	cv_transition_time	n/a	n/a	n/a	n/a	n/a	n/a	n/a	n/a	n/a	nee	487.3151632	385	true	487.2670748	487.6998704
487.881336	0.5416751000000204	trials	/intervals/trials	386	start_time	n/a	n/a	n/a	n/a	n/a	n/a	n/a	n/a	n/a	raa	487.9684396	386	true	487.881336	488.4230111
487.9684396	0.0	cv_transition	/intervals/trials	386	cv_transition_time	n/a	n/a	n/a	n/a	n/a	n/a	n/a	n/a	n/a	raa	487.9684396	386	true	487.881336	488.4230111
489.4310528	0.46636680000000297	trials	/intervals/trials	387	start_time	n/a	n/a	n/a	n/a	n/a	n/a	n/a	n/a	n/a	noo	489.5154344	387	true	489.4310528	489.8974196
489.5154344	0.0	cv_transition	/intervals/trials	387	cv_transition_time	n/a	n/a	n/a	n/a	n/a	n/a	n/a	n/a	n/a	noo	489.5154344	387	true	489.4310528	489.8974196
490.2412971	0.502659900000026	trials	/intervals/trials	388	start_time	n/a	n/a	n/a	n/a	n/a	n/a	n/a	n/a	n/a	paa	490.3846549	388	true	490.2412971	490.743957
490.3846549	0.0	cv_transition	/intervals/trials	388	cv_transition_time	n/a	n/a	n/a	n/a	n/a	n/a	n/a	n/a	n/a	paa	490.3846549	388	true	490.2412971	490.743957
492.7663918	0.4999378999999635	trials	/intervals/trials	389	start_time	n/a	n/a	n/a	n/a	n/a	n/a	n/a	n/a	n/a	kaa	492.8661979	389	true	492.7663918	493.2663297
492.8661979	0.0	cv_transition	/intervals/trials	389	cv_transition_time	n/a	n/a	n/a	n/a	n/a	n/a	n/a	n/a	n/a	kaa	492.8661979	389	true	492.7663918	493.2663297
493.7535651	0.45910809999998037	trials	/intervals/trials	390	start_time	n/a	n/a	n/a	n/a	n/a	n/a	n/a	n/a	n/a	yoo	493.8697031	390	true	493.7535651	494.2126732
493.8697031	0.0	cv_transition	/intervals/trials	390	cv_transition_time	n/a	n/a	n/a	n/a	n/a	n/a	n/a	n/a	n/a	yoo	493.8697031	390	true	493.7535651	494.2126732
497.0299277	0.39922450000000254	trials	/intervals/trials	391	start_time	n/a	n/a	n/a	n/a	n/a	n/a	n/a	n/a	n/a	noo	497.1415291	391	true	497.0299277	497.4291522
497.1415291	0.0	cv_transition	/intervals/trials	391	cv_transition_time	n/a	n/a	n/a	n/a	n/a	n/a	n/a	n/a	n/a	noo	497.1415291	391	true	497.0299277	497.4291522
497.5380316	0.45275679999997465	trials	/intervals/trials	392	start_time	n/a	n/a	n/a	n/a	n/a	n/a	n/a	n/a	n/a	paa	497.6169691	392	true	497.5380316	497.9907884
497.6169691	0.0	cv_transition	/intervals/trials	392	cv_transition_time	n/a	n/a	n/a	n/a	n/a	n/a	n/a	n/a	n/a	paa	497.6169691	392	true	497.5380316	497.9907884
498.2566356	0.5171771999999919	trials	/intervals/trials	393	start_time	n/a	n/a	n/a	n/a	n/a	n/a	n/a	n/a	n/a	yoo	498.3673297	393	true	498.2566356	498.7738128
498.3673297	0.0	cv_transition	/intervals/trials	393	cv_transition_time	n/a	n/a	n/a	n/a	n/a	n/a	n/a	n/a	n/a	yoo	498.3673297	393	true	498.2566356	498.7738128
499.1467247	0.38924389999999676	trials	/intervals/trials	394	start_time	n/a	n/a	n/a	n/a	n/a	n/a	n/a	n/a	n/a	kaa	499.2211256	394	true	499.1467247	499.5359686
499.2211256	0.0	cv_transition	/intervals/trials	394	cv_transition_time	n/a	n/a	n/a	n/a	n/a	n/a	n/a	n/a	n/a	kaa	499.2211256	394	true	499.1467247	499.5359686
499.8644214	0.5933927999999469	trials	/intervals/trials	395	start_time	n/a	n/a	n/a	n/a	n/a	n/a	n/a	n/a	n/a	waa	499.9832814	395	true	499.8644214	500.4578142
499.9832814	0.0	cv_transition	/intervals/trials	395	cv_transition_time	n/a	n/a	n/a	n/a	n/a	n/a	n/a	n/a	n/a	waa	499.9832814	395	true	499.8644214	500.4578142
500.7481592	0.36111670000002505	trials	/intervals/trials	396	start_time	n/a	n/a	n/a	n/a	n/a	n/a	n/a	n/a	n/a	daa	500.7771937	396	true	500.7481592	501.1092759
500.7771937	0.0	cv_transition	/intervals/trials	396	cv_transition_time	n/a	n/a	n/a	n/a	n/a	n/a	n/a	n/a	n/a	daa	500.7771937	396	true	500.7481592	501.1092759
526.5674453305207	4.350609736058118	invalid_times	/intervals/invalid_times	9	start_time	n/a	n/a	n/a	n/a	9	526.5674453305207	530.9180550665789	"[""ECoG artifact""]"	"[{""idx_start"":1606956,""count"":13277,""timeseries"":""/acquisition/ElectricalSeries""}]"	n/a	n/a	n/a	n/a	n/a	n/a
533.0	61.0	epochs	/intervals/epochs	0	start_time	0	rest_period	533.0	594.0	n/a	n/a	n/a	n/a	n/a	n/a	n/a	n/a	n/a	n/a	n/a
538.0372346346737	1.4007644983520322	invalid_times	/intervals/invalid_times	10	start_time	n/a	n/a	n/a	n/a	10	538.0372346346737	539.4379991330258	"[""ECoG artifact""]"	"[{""idx_start"":1641959,""count"":4275,""timeseries"":""/acquisition/ElectricalSeries""}]"	n/a	n/a	n/a	n/a	n/a	n/a
