onset	duration	trial_type	source_table	source_row	source_onset_column	nwb_epochs_id	nwb_epochs_label	nwb_epochs_start_time	nwb_epochs_stop_time	nwb_invalid_times_id	nwb_invalid_times_start_time	nwb_invalid_times_stop_time	nwb_invalid_times_tags	nwb_invalid_times_timeseries	nwb_trials_condition	nwb_trials_cv_transition_time	nwb_trials_id	nwb_trials_speak	nwb_trials_start_time	nwb_trials_stop_time
17.935	0.5450000000000017	trials	/intervals/trials	0	start_time	n/a	n/a	n/a	n/a	n/a	n/a	n/a	n/a	n/a	raa	18.2225	0	true	17.935	18.48
18.2225	0.0	cv_transition	/intervals/trials	0	cv_transition_time	n/a	n/a	n/a	n/a	n/a	n/a	n/a	n/a	n/a	raa	18.2225	0	true	17.935	18.48
19.22	0.5975000000000001	trials	/intervals/trials	1	start_time	n/a	n/a	n/a	n/a	n/a	n/a	n/a	n/a	n/a	shee	19.4325	1	true	19.22	19.8175
19.4325	0.0	cv_transition	/intervals/trials	1	cv_transition_time	n/a	n/a	n/a	n/a	n/a	n/a	n/a	n/a	n/a	shee	19.4325	1	true	19.22	19.8175
21.0008136	0.4459149999999994	trials	/intervals/trials	2	start_time	n/a	n/a	n/a	n/a	n/a	n/a	n/a	n/a	n/a	yoo	21.2576607	2	true	21.0008136	21.4467286
21.2576607	0.0	cv_transition	/intervals/trials	2	cv_transition_time	n/a	n/a	n/a	n/a	n/a	n/a	n/a	n/a	n/a	yoo	21.2576607	2	true	21.0008136	21.4467286
23.9492038	0.47802090000000064	trials	/intervals/trials	3	start_time	n/a	n/a	n/a	n/a	n/a	n/a	n/a	n/a	n/a	zee	24.0972476	3	true	23.9492038	24.4272247
24.0972476	0.0	cv_transition	/intervals/trials	3	cv_transition_time	n/a	n/a	n/a	n/a	n/a	n/a	n/a	n/a	n/a	zee	24.0972476	3	true	23.9492038	24.4272247
27.2011436	0.528147299999997	trials	/intervals/trials	4	start_time	n/a	n/a	n/a	n/a	n/a	n/a	n/a	n/a	n/a	kee	27.3168985	4	true	27.2011436	27.7292909
27.3168985	0.0	cv_transition	/intervals/trials	4	cv_transition_time	n/a	n/a	n/a	n/a	n/a	n/a	n/a	n/a	n/a	kee	27.3168985	4	true	27.2011436	27.7292909
28.9804686	0.5366081000000023	trials	/intervals/trials	5	start_time	n/a	n/a	n/a	n/a	n/a	n/a	n/a	n/a	n/a	ree	29.1002881	5	true	28.9804686	29.5170767
29.1002881	0.0	cv_transition	/intervals/trials	5	cv_transition_time	n/a	n/a	n/a	n/a	n/a	n/a	n/a	n/a	n/a	ree	29.1002881	5	true	28.9804686	29.5170767
30.5911102	0.49584010000000234	trials	/intervals/trials	6	start_time	n/a	n/a	n/a	n/a	n/a	n/a	n/a	n/a	n/a	thee	30.6712483	6	true	30.5911102	31.0869503
30.6712483	0.0	cv_transition	/intervals/trials	6	cv_transition_time	n/a	n/a	n/a	n/a	n/a	n/a	n/a	n/a	n/a	thee	30.6712483	6	true	30.5911102	31.0869503
33.0690407	0.49393380000000064	trials	/intervals/trials	7	start_time	n/a	n/a	n/a	n/a	n/a	n/a	n/a	n/a	n/a	voo	33.1542558	7	true	33.0690407	33.5629745
33.1542558	0.0	cv_transition	/intervals/trials	7	cv_transition_time	n/a	n/a	n/a	n/a	n/a	n/a	n/a	n/a	n/a	voo	33.1542558	7	true	33.0690407	33.5629745
34.6171233	0.5257125999999985	trials	/intervals/trials	8	start_time	n/a	n/a	n/a	n/a	n/a	n/a	n/a	n/a	n/a	noo	34.7642138	8	true	34.6171233	35.1428359
34.7642138	0.0	cv_transition	/intervals/trials	8	cv_transition_time	n/a	n/a	n/a	n/a	n/a	n/a	n/a	n/a	n/a	noo	34.7642138	8	true	34.6171233	35.1428359
36.4621109	0.4412717000000015	trials	/intervals/trials	9	start_time	n/a	n/a	n/a	n/a	n/a	n/a	n/a	n/a	n/a	dee	36.4947977	9	true	36.4621109	36.9033826
36.4947977	0.0	cv_transition	/intervals/trials	9	cv_transition_time	n/a	n/a	n/a	n/a	n/a	n/a	n/a	n/a	n/a	dee	36.4947977	9	true	36.4621109	36.9033826
37.8849447	0.5683362000000045	trials	/intervals/trials	10	start_time	n/a	n/a	n/a	n/a	n/a	n/a	n/a	n/a	n/a	yee	37.9485464	10	true	37.8849447	38.4532809
37.9485464	0.0	cv_transition	/intervals/trials	10	cv_transition_time	n/a	n/a	n/a	n/a	n/a	n/a	n/a	n/a	n/a	yee	37.9485464	10	true	37.8849447	38.4532809
39.4101117	0.5202612000000002	trials	/intervals/trials	11	start_time	n/a	n/a	n/a	n/a	n/a	n/a	n/a	n/a	n/a	koo	39.5334989	11	true	39.4101117	39.9303729
39.5334989	0.0	cv_transition	/intervals/trials	11	cv_transition_time	n/a	n/a	n/a	n/a	n/a	n/a	n/a	n/a	n/a	koo	39.5334989	11	true	39.4101117	39.9303729
40.708857	0.6060080999999968	trials	/intervals/trials	12	start_time	n/a	n/a	n/a	n/a	n/a	n/a	n/a	n/a	n/a	fee	40.8869415	12	true	40.708857	41.3148651
40.8869415	0.0	cv_transition	/intervals/trials	12	cv_transition_time	n/a	n/a	n/a	n/a	n/a	n/a	n/a	n/a	n/a	fee	40.8869415	12	true	40.708857	41.3148651
42.2174875	0.6030566000000022	trials	/intervals/trials	13	start_time	n/a	n/a	n/a	n/a	n/a	n/a	n/a	n/a	n/a	hee	42.3612272	13	true	42.2174875	42.8205441
42.3612272	0.0	cv_transition	/intervals/trials	13	cv_transition_time	n/a	n/a	n/a	n/a	n/a	n/a	n/a	n/a	n/a	hee	42.3612272	13	true	42.2174875	42.8205441
43.7032215	0.5262512000000044	trials	/intervals/trials	14	start_time	n/a	n/a	n/a	n/a	n/a	n/a	n/a	n/a	n/a	vaa	43.8304247	14	true	43.7032215	44.2294727
43.8304247	0.0	cv_transition	/intervals/trials	14	cv_transition_time	n/a	n/a	n/a	n/a	n/a	n/a	n/a	n/a	n/a	vaa	43.8304247	14	true	43.7032215	44.2294727
45.2230778	0.506026900000002	trials	/intervals/trials	15	start_time	n/a	n/a	n/a	n/a	n/a	n/a	n/a	n/a	n/a	loo	45.3683121	15	true	45.2230778	45.7291047
45.3683121	0.0	cv_transition	/intervals/trials	15	cv_transition_time	n/a	n/a	n/a	n/a	n/a	n/a	n/a	n/a	n/a	loo	45.3683121	15	true	45.2230778	45.7291047
46.6639561	0.6107372999999967	trials	/intervals/trials	16	start_time	n/a	n/a	n/a	n/a	n/a	n/a	n/a	n/a	n/a	hoo	46.8804352	16	true	46.6639561	47.2746934
46.8804352	0.0	cv_transition	/intervals/trials	16	cv_transition_time	n/a	n/a	n/a	n/a	n/a	n/a	n/a	n/a	n/a	hoo	46.8804352	16	true	46.6639561	47.2746934
48.318389	0.6266109999999969	trials	/intervals/trials	17	start_time	n/a	n/a	n/a	n/a	n/a	n/a	n/a	n/a	n/a	faa	48.56	17	true	48.318389	48.945
48.56	0.0	cv_transition	/intervals/trials	17	cv_transition_time	n/a	n/a	n/a	n/a	n/a	n/a	n/a	n/a	n/a	faa	48.56	17	true	48.318389	48.945
53.0272199	0.5966145000000012	trials	/intervals/trials	18	start_time	n/a	n/a	n/a	n/a	n/a	n/a	n/a	n/a	n/a	poo	53.1315266	18	true	53.0272199	53.6238344
53.1315266	0.0	cv_transition	/intervals/trials	18	cv_transition_time	n/a	n/a	n/a	n/a	n/a	n/a	n/a	n/a	n/a	poo	53.1315266	18	true	53.0272199	53.6238344
54.6311421	0.5158881999999991	trials	/intervals/trials	19	start_time	n/a	n/a	n/a	n/a	n/a	n/a	n/a	n/a	n/a	bee	54.6579656	19	true	54.6311421	55.1470303
54.6579656	0.0	cv_transition	/intervals/trials	19	cv_transition_time	n/a	n/a	n/a	n/a	n/a	n/a	n/a	n/a	n/a	bee	54.6579656	19	true	54.6311421	55.1470303
56.0299538	0.4832628999999997	trials	/intervals/trials	20	start_time	n/a	n/a	n/a	n/a	n/a	n/a	n/a	n/a	n/a	paa	56.1449717	20	true	56.0299538	56.5132167
56.1449717	0.0	cv_transition	/intervals/trials	20	cv_transition_time	n/a	n/a	n/a	n/a	n/a	n/a	n/a	n/a	n/a	paa	56.1449717	20	true	56.0299538	56.5132167
57.5072639	0.5291487000000004	trials	/intervals/trials	21	start_time	n/a	n/a	n/a	n/a	n/a	n/a	n/a	n/a	n/a	taa	57.6265566	21	true	57.5072639	58.0364126
57.6265566	0.0	cv_transition	/intervals/trials	21	cv_transition_time	n/a	n/a	n/a	n/a	n/a	n/a	n/a	n/a	n/a	taa	57.6265566	21	true	57.5072639	58.0364126
58.8874738	0.6007667000000012	trials	/intervals/trials	22	start_time	n/a	n/a	n/a	n/a	n/a	n/a	n/a	n/a	n/a	naa	59.0401177	22	true	58.8874738	59.4882405
59.0401177	0.0	cv_transition	/intervals/trials	22	cv_transition_time	n/a	n/a	n/a	n/a	n/a	n/a	n/a	n/a	n/a	naa	59.0401177	22	true	58.8874738	59.4882405
60.2957178	0.6667805000000016	trials	/intervals/trials	23	start_time	n/a	n/a	n/a	n/a	n/a	n/a	n/a	n/a	n/a	saa	60.5546814	23	true	60.2957178	60.9624983
60.5546814	0.0	cv_transition	/intervals/trials	23	cv_transition_time	n/a	n/a	n/a	n/a	n/a	n/a	n/a	n/a	n/a	saa	60.5546814	23	true	60.2957178	60.9624983
61.7883274	0.699405800000001	trials	/intervals/trials	24	start_time	n/a	n/a	n/a	n/a	n/a	n/a	n/a	n/a	n/a	shoo	62.0636037	24	true	61.7883274	62.4877332
62.0636037	0.0	cv_transition	/intervals/trials	24	cv_transition_time	n/a	n/a	n/a	n/a	n/a	n/a	n/a	n/a	n/a	shoo	62.0636037	24	true	61.7883274	62.4877332
63.2227973	0.7412327999999988	trials	/intervals/trials	25	start_time	n/a	n/a	n/a	n/a	n/a	n/a	n/a	n/a	n/a	foo	63.523588	25	true	63.2227973	63.9640301
63.523588	0.0	cv_transition	/intervals/trials	25	cv_transition_time	n/a	n/a	n/a	n/a	n/a	n/a	n/a	n/a	n/a	foo	63.523588	25	true	63.2227973	63.9640301
65.1138402	0.4466599000000002	trials	/intervals/trials	26	start_time	n/a	n/a	n/a	n/a	n/a	n/a	n/a	n/a	n/a	daa	65.1560501	26	true	65.1138402	65.5605001
65.1560501	0.0	cv_transition	/intervals/trials	26	cv_transition_time	n/a	n/a	n/a	n/a	n/a	n/a	n/a	n/a	n/a	daa	65.1560501	26	true	65.1138402	65.5605001
66.5501977	0.6275485999999972	trials	/intervals/trials	27	start_time	n/a	n/a	n/a	n/a	n/a	n/a	n/a	n/a	n/a	faa	66.7346652	27	true	66.5501977	67.1777463
66.7346652	0.0	cv_transition	/intervals/trials	27	cv_transition_time	n/a	n/a	n/a	n/a	n/a	n/a	n/a	n/a	n/a	faa	66.7346652	27	true	66.5501977	67.1777463
68.1924021	0.5316973999999988	trials	/intervals/trials	28	start_time	n/a	n/a	n/a	n/a	n/a	n/a	n/a	n/a	n/a	goo	68.2572654	28	true	68.1924021	68.7240995
68.2572654	0.0	cv_transition	/intervals/trials	28	cv_transition_time	n/a	n/a	n/a	n/a	n/a	n/a	n/a	n/a	n/a	goo	68.2572654	28	true	68.1924021	68.7240995
69.7391832	0.5844392000000056	trials	/intervals/trials	29	start_time	n/a	n/a	n/a	n/a	n/a	n/a	n/a	n/a	n/a	mee	69.8894029	29	true	69.7391832	70.3236224
69.8894029	0.0	cv_transition	/intervals/trials	29	cv_transition_time	n/a	n/a	n/a	n/a	n/a	n/a	n/a	n/a	n/a	mee	69.8894029	29	true	69.7391832	70.3236224
71.2097845	0.6579755000000063	trials	/intervals/trials	30	start_time	n/a	n/a	n/a	n/a	n/a	n/a	n/a	n/a	n/a	zaa	71.4003094	30	true	71.2097845	71.86776
71.4003094	0.0	cv_transition	/intervals/trials	30	cv_transition_time	n/a	n/a	n/a	n/a	n/a	n/a	n/a	n/a	n/a	zaa	71.4003094	30	true	71.2097845	71.86776
72.6825063	0.698383199999995	trials	/intervals/trials	31	start_time	n/a	n/a	n/a	n/a	n/a	n/a	n/a	n/a	n/a	see	72.9277895	31	true	72.6825063	73.3808895
72.9277895	0.0	cv_transition	/intervals/trials	31	cv_transition_time	n/a	n/a	n/a	n/a	n/a	n/a	n/a	n/a	n/a	see	72.9277895	31	true	72.6825063	73.3808895
74.271098	0.6236789000000016	trials	/intervals/trials	32	start_time	n/a	n/a	n/a	n/a	n/a	n/a	n/a	n/a	n/a	zoo	74.4390114	32	true	74.271098	74.8947769
74.4390114	0.0	cv_transition	/intervals/trials	32	cv_transition_time	n/a	n/a	n/a	n/a	n/a	n/a	n/a	n/a	n/a	zoo	74.4390114	32	true	74.271098	74.8947769
75.82763	0.5943606999999957	trials	/intervals/trials	33	start_time	n/a	n/a	n/a	n/a	n/a	n/a	n/a	n/a	n/a	too	75.9608947	33	true	75.82763	76.4219907
75.9608947	0.0	cv_transition	/intervals/trials	33	cv_transition_time	n/a	n/a	n/a	n/a	n/a	n/a	n/a	n/a	n/a	too	75.9608947	33	true	75.82763	76.4219907
77.7413115	0.6663235000000043	trials	/intervals/trials	34	start_time	n/a	n/a	n/a	n/a	n/a	n/a	n/a	n/a	n/a	fee	77.9252168	34	true	77.7413115	78.407635
77.9252168	0.0	cv_transition	/intervals/trials	34	cv_transition_time	n/a	n/a	n/a	n/a	n/a	n/a	n/a	n/a	n/a	fee	77.9252168	34	true	77.7413115	78.407635
79.4104287	0.5537384000000003	trials	/intervals/trials	35	start_time	n/a	n/a	n/a	n/a	n/a	n/a	n/a	n/a	n/a	thaa	79.6070177	35	true	79.4104287	79.9641671
79.6070177	0.0	cv_transition	/intervals/trials	35	cv_transition_time	n/a	n/a	n/a	n/a	n/a	n/a	n/a	n/a	n/a	thaa	79.6070177	35	true	79.4104287	79.9641671
81.076625	0.5382093999999995	trials	/intervals/trials	36	start_time	n/a	n/a	n/a	n/a	n/a	n/a	n/a	n/a	n/a	moo	81.2397189	36	true	81.076625	81.6148344
81.2397189	0.0	cv_transition	/intervals/trials	36	cv_transition_time	n/a	n/a	n/a	n/a	n/a	n/a	n/a	n/a	n/a	moo	81.2397189	36	true	81.076625	81.6148344
82.790237	0.6007843999999949	trials	/intervals/trials	37	start_time	n/a	n/a	n/a	n/a	n/a	n/a	n/a	n/a	n/a	hoo	82.9314325	37	true	82.790237	83.3910214
82.9314325	0.0	cv_transition	/intervals/trials	37	cv_transition_time	n/a	n/a	n/a	n/a	n/a	n/a	n/a	n/a	n/a	hoo	82.9314325	37	true	82.790237	83.3910214
84.4201839	0.589925000000008	trials	/intervals/trials	38	start_time	n/a	n/a	n/a	n/a	n/a	n/a	n/a	n/a	n/a	nee	84.5965202	38	true	84.4201839	85.0101089
84.5965202	0.0	cv_transition	/intervals/trials	38	cv_transition_time	n/a	n/a	n/a	n/a	n/a	n/a	n/a	n/a	n/a	nee	84.5965202	38	true	84.4201839	85.0101089
86.1267783	0.4799751999999984	trials	/intervals/trials	39	start_time	n/a	n/a	n/a	n/a	n/a	n/a	n/a	n/a	n/a	boo	86.1674834	39	true	86.1267783	86.6067535
86.1674834	0.0	cv_transition	/intervals/trials	39	cv_transition_time	n/a	n/a	n/a	n/a	n/a	n/a	n/a	n/a	n/a	boo	86.1674834	39	true	86.1267783	86.6067535
87.5133771	0.5457461000000023	trials	/intervals/trials	40	start_time	n/a	n/a	n/a	n/a	n/a	n/a	n/a	n/a	n/a	laa	87.69042	40	true	87.5133771	88.0591232
87.69042	0.0	cv_transition	/intervals/trials	40	cv_transition_time	n/a	n/a	n/a	n/a	n/a	n/a	n/a	n/a	n/a	laa	87.69042	40	true	87.5133771	88.0591232
88.9440105	0.557863999999995	trials	/intervals/trials	41	start_time	n/a	n/a	n/a	n/a	n/a	n/a	n/a	n/a	n/a	maa	89.097904	41	true	88.9440105	89.5018745
89.097904	0.0	cv_transition	/intervals/trials	41	cv_transition_time	n/a	n/a	n/a	n/a	n/a	n/a	n/a	n/a	n/a	maa	89.097904	41	true	88.9440105	89.5018745
90.5118003	0.7277878999999956	trials	/intervals/trials	42	start_time	n/a	n/a	n/a	n/a	n/a	n/a	n/a	n/a	n/a	soo	90.7779078	42	true	90.5118003	91.2395882
90.7779078	0.0	cv_transition	/intervals/trials	42	cv_transition_time	n/a	n/a	n/a	n/a	n/a	n/a	n/a	n/a	n/a	soo	90.7779078	42	true	90.5118003	91.2395882
91.1553733713495	0.27680229425605773	invalid_times	/intervals/invalid_times	1	start_time	n/a	n/a	n/a	n/a	1	91.1553733713495	91.43217566560556	"[""ECoG artifact""]"	"[{""idx_start"":278184,""count"":844,""timeseries"":""/acquisition/ElectricalSeries""}]"	n/a	n/a	n/a	n/a	n/a	n/a
92.1789795	0.5322148999999996	trials	/intervals/trials	43	start_time	n/a	n/a	n/a	n/a	n/a	n/a	n/a	n/a	n/a	roo	92.3037683	43	true	92.1789795	92.7111944
92.3037683	0.0	cv_transition	/intervals/trials	43	cv_transition_time	n/a	n/a	n/a	n/a	n/a	n/a	n/a	n/a	n/a	roo	92.3037683	43	true	92.1789795	92.7111944
93.6794408	0.6476348999999999	trials	/intervals/trials	44	start_time	n/a	n/a	n/a	n/a	n/a	n/a	n/a	n/a	n/a	tee	93.8301282	44	true	93.6794408	94.3270757
93.8301282	0.0	cv_transition	/intervals/trials	44	cv_transition_time	n/a	n/a	n/a	n/a	n/a	n/a	n/a	n/a	n/a	tee	93.8301282	44	true	93.6794408	94.3270757
95.2600549	0.5610700000000008	trials	/intervals/trials	45	start_time	n/a	n/a	n/a	n/a	n/a	n/a	n/a	n/a	n/a	ha	95.375475	45	true	95.2600549	95.8211249
95.375475	0.0	cv_transition	/intervals/trials	45	cv_transition_time	n/a	n/a	n/a	n/a	n/a	n/a	n/a	n/a	n/a	ha	95.375475	45	true	95.2600549	95.8211249
96.9199743	0.5298563999999999	trials	/intervals/trials	46	start_time	n/a	n/a	n/a	n/a	n/a	n/a	n/a	n/a	n/a	waa	96.984848	46	true	96.9199743	97.4498307
96.984848	0.0	cv_transition	/intervals/trials	46	cv_transition_time	n/a	n/a	n/a	n/a	n/a	n/a	n/a	n/a	n/a	waa	96.984848	46	true	96.9199743	97.4498307
98.501436	0.5386270999999994	trials	/intervals/trials	47	start_time	n/a	n/a	n/a	n/a	n/a	n/a	n/a	n/a	n/a	pee	98.6104439	47	true	98.501436	99.0400631
98.6104439	0.0	cv_transition	/intervals/trials	47	cv_transition_time	n/a	n/a	n/a	n/a	n/a	n/a	n/a	n/a	n/a	pee	98.6104439	47	true	98.501436	99.0400631
99.9766685	0.5381761999999952	trials	/intervals/trials	48	start_time	n/a	n/a	n/a	n/a	n/a	n/a	n/a	n/a	n/a	lee	100.1038717	48	true	99.9766685	100.5148447
100.00439671584776	0.5363044451211039	invalid_times	/intervals/invalid_times	2	start_time	n/a	n/a	n/a	n/a	2	100.00439671584776	100.54070116096887	"[""ECoG artifact""]"	"[{""idx_start"":305189,""count"":1636,""timeseries"":""/acquisition/ElectricalSeries""}]"	n/a	n/a	n/a	n/a	n/a	n/a
100.02169685923877	0.5536045885121013	invalid_times	/intervals/invalid_times	0	start_time	n/a	n/a	n/a	n/a	0	100.02169685923877	100.57530144775087	"[""ECoG artifact""]"	"[{""idx_start"":305241,""count"":1690,""timeseries"":""/acquisition/ElectricalSeries""}]"	n/a	n/a	n/a	n/a	n/a	n/a
100.1038717	0.0	cv_transition	/intervals/trials	48	cv_transition_time	n/a	n/a	n/a	n/a	n/a	n/a	n/a	n/a	n/a	lee	100.1038717	48	true	99.9766685	100.5148447
101.4980194	0.5539873999999969	trials	/intervals/trials	49	start_time	n/a	n/a	n/a	n/a	n/a	n/a	n/a	n/a	n/a	wee	101.5463566	49	true	101.4980194	102.0520068
101.5463566	0.0	cv_transition	/intervals/trials	49	cv_transition_time	n/a	n/a	n/a	n/a	n/a	n/a	n/a	n/a	n/a	wee	101.5463566	49	true	101.4980194	102.0520068
101.67386055307959	0.19030157730104236	invalid_times	/intervals/invalid_times	3	start_time	n/a	n/a	n/a	n/a	3	101.67386055307959	101.86416213038063	"[""ECoG artifact""]"	"[{""idx_start"":310283,""count"":581,""timeseries"":""/acquisition/ElectricalSeries""}]"	n/a	n/a	n/a	n/a	n/a	n/a
102.9417762	0.4941339999999883	trials	/intervals/trials	50	start_time	n/a	n/a	n/a	n/a	n/a	n/a	n/a	n/a	n/a	yaa	103.0206422	50	true	102.9417762	103.4359102
103.0206422	0.0	cv_transition	/intervals/trials	50	cv_transition_time	n/a	n/a	n/a	n/a	n/a	n/a	n/a	n/a	n/a	yaa	103.0206422	50	true	102.9417762	103.4359102
104.5407454	0.46206359999999336	trials	/intervals/trials	51	start_time	n/a	n/a	n/a	n/a	n/a	n/a	n/a	n/a	n/a	gaa	104.5865142	51	true	104.5407454	105.002809
104.5865142	0.0	cv_transition	/intervals/trials	51	cv_transition_time	n/a	n/a	n/a	n/a	n/a	n/a	n/a	n/a	n/a	gaa	104.5865142	51	true	104.5407454	105.002809
105.8834747	0.6244721999999996	trials	/intervals/trials	52	start_time	n/a	n/a	n/a	n/a	n/a	n/a	n/a	n/a	n/a	shaa	106.1465307	52	true	105.8834747	106.5079469
106.1465307	0.0	cv_transition	/intervals/trials	52	cv_transition_time	n/a	n/a	n/a	n/a	n/a	n/a	n/a	n/a	n/a	shaa	106.1465307	52	true	105.8834747	106.5079469
107.5327216	0.41402730000000076	trials	/intervals/trials	53	start_time	n/a	n/a	n/a	n/a	n/a	n/a	n/a	n/a	n/a	doo	107.5796069	53	true	107.5327216	107.9467489
107.5796069	0.0	cv_transition	/intervals/trials	53	cv_transition_time	n/a	n/a	n/a	n/a	n/a	n/a	n/a	n/a	n/a	doo	107.5796069	53	true	107.5327216	107.9467489
109.5601615	0.4338493999999997	trials	/intervals/trials	54	start_time	n/a	n/a	n/a	n/a	n/a	n/a	n/a	n/a	n/a	woo	109.685206	54	true	109.5601615	109.9940109
109.685206	0.0	cv_transition	/intervals/trials	54	cv_transition_time	n/a	n/a	n/a	n/a	n/a	n/a	n/a	n/a	n/a	woo	109.685206	54	true	109.5601615	109.9940109
112.0965944	0.5073895999999962	trials	/intervals/trials	55	start_time	n/a	n/a	n/a	n/a	n/a	n/a	n/a	n/a	n/a	raa	112.2327019	55	true	112.0965944	112.603984
112.2327019	0.0	cv_transition	/intervals/trials	55	cv_transition_time	n/a	n/a	n/a	n/a	n/a	n/a	n/a	n/a	n/a	raa	112.2327019	55	true	112.0965944	112.603984
113.4309565	0.5889550000000128	trials	/intervals/trials	56	start_time	n/a	n/a	n/a	n/a	n/a	n/a	n/a	n/a	n/a	shee	113.6470582	56	true	113.4309565	114.0199115
113.6470582	0.0	cv_transition	/intervals/trials	56	cv_transition_time	n/a	n/a	n/a	n/a	n/a	n/a	n/a	n/a	n/a	shee	113.6470582	56	true	113.4309565	114.0199115
115.3797102	0.6566041999999896	trials	/intervals/trials	57	start_time	n/a	n/a	n/a	n/a	n/a	n/a	n/a	n/a	n/a	yoo	115.482745	57	true	115.3797102	116.0363144
115.482745	0.0	cv_transition	/intervals/trials	57	cv_transition_time	n/a	n/a	n/a	n/a	n/a	n/a	n/a	n/a	n/a	yoo	115.482745	57	true	115.3797102	116.0363144
116.9328621	0.4745717000000127	trials	/intervals/trials	58	start_time	n/a	n/a	n/a	n/a	n/a	n/a	n/a	n/a	n/a	baa	116.9633908	58	true	116.9328621	117.4074338
116.9633908	0.0	cv_transition	/intervals/trials	58	cv_transition_time	n/a	n/a	n/a	n/a	n/a	n/a	n/a	n/a	n/a	baa	116.9633908	58	true	116.9328621	117.4074338
118.7724594	0.7312635999999912	trials	/intervals/trials	59	start_time	n/a	n/a	n/a	n/a	n/a	n/a	n/a	n/a	n/a	zee	118.967463	59	true	118.7724594	119.503723
118.967463	0.0	cv_transition	/intervals/trials	59	cv_transition_time	n/a	n/a	n/a	n/a	n/a	n/a	n/a	n/a	n/a	zee	118.967463	59	true	118.7724594	119.503723
120.3934272	0.6002457000000021	trials	/intervals/trials	60	start_time	n/a	n/a	n/a	n/a	n/a	n/a	n/a	n/a	n/a	gee	120.451319	60	true	120.3934272	120.9936729
120.451319	0.0	cv_transition	/intervals/trials	60	cv_transition_time	n/a	n/a	n/a	n/a	n/a	n/a	n/a	n/a	n/a	gee	120.451319	60	true	120.3934272	120.9936729
121.9534565	0.548447699999997	trials	/intervals/trials	61	start_time	n/a	n/a	n/a	n/a	n/a	n/a	n/a	n/a	n/a	kee	122.1027561	61	true	121.9534565	122.5019042
122.1027561	0.0	cv_transition	/intervals/trials	61	cv_transition_time	n/a	n/a	n/a	n/a	n/a	n/a	n/a	n/a	n/a	kee	122.1027561	61	true	121.9534565	122.5019042
123.7127954	0.650784299999998	trials	/intervals/trials	62	start_time	n/a	n/a	n/a	n/a	n/a	n/a	n/a	n/a	n/a	ree	123.8005657	62	true	123.7127954	124.3635797
123.8005657	0.0	cv_transition	/intervals/trials	62	cv_transition_time	n/a	n/a	n/a	n/a	n/a	n/a	n/a	n/a	n/a	ree	123.8005657	62	true	123.7127954	124.3635797
125.376614	0.6536375000000021	trials	/intervals/trials	63	start_time	n/a	n/a	n/a	n/a	n/a	n/a	n/a	n/a	n/a	thee	125.5518832	63	true	125.376614	126.0302515
125.5518832	0.0	cv_transition	/intervals/trials	63	cv_transition_time	n/a	n/a	n/a	n/a	n/a	n/a	n/a	n/a	n/a	thee	125.5518832	63	true	125.376614	126.0302515
126.9272216	0.6176968999999985	trials	/intervals/trials	64	start_time	n/a	n/a	n/a	n/a	n/a	n/a	n/a	n/a	n/a	voo	127.0506088	64	true	126.9272216	127.5449185
127.0506088	0.0	cv_transition	/intervals/trials	64	cv_transition_time	n/a	n/a	n/a	n/a	n/a	n/a	n/a	n/a	n/a	voo	127.0506088	64	true	126.9272216	127.5449185
128.8233711	0.5113810000000001	trials	/intervals/trials	65	start_time	n/a	n/a	n/a	n/a	n/a	n/a	n/a	n/a	n/a	noo	128.9086012	65	true	128.8233711	129.3347521
128.9086012	0.0	cv_transition	/intervals/trials	65	cv_transition_time	n/a	n/a	n/a	n/a	n/a	n/a	n/a	n/a	n/a	noo	128.9086012	65	true	128.8233711	129.3347521
130.3250455	0.55602540000001	trials	/intervals/trials	66	start_time	n/a	n/a	n/a	n/a	n/a	n/a	n/a	n/a	n/a	dee	130.3604374	66	true	130.3250455	130.8810709
130.3604374	0.0	cv_transition	/intervals/trials	66	cv_transition_time	n/a	n/a	n/a	n/a	n/a	n/a	n/a	n/a	n/a	dee	130.3604374	66	true	130.3250455	130.8810709
131.7812976	0.6100162000000182	trials	/intervals/trials	67	start_time	n/a	n/a	n/a	n/a	n/a	n/a	n/a	n/a	n/a	yee	131.8614358	67	true	131.7812976	132.3913138
131.8614358	0.0	cv_transition	/intervals/trials	67	cv_transition_time	n/a	n/a	n/a	n/a	n/a	n/a	n/a	n/a	n/a	yee	131.8614358	67	true	131.7812976	132.3913138
133.3005629	0.5328085000000158	trials	/intervals/trials	68	start_time	n/a	n/a	n/a	n/a	n/a	n/a	n/a	n/a	n/a	koo	133.4279737	68	true	133.3005629	133.8333714
133.4279737	0.0	cv_transition	/intervals/trials	68	cv_transition_time	n/a	n/a	n/a	n/a	n/a	n/a	n/a	n/a	n/a	koo	133.4279737	68	true	133.3005629	133.8333714
134.6141142	0.6236707000000195	trials	/intervals/trials	69	start_time	n/a	n/a	n/a	n/a	n/a	n/a	n/a	n/a	n/a	fee	134.8063259	69	true	134.6141142	135.2377849
134.8063259	0.0	cv_transition	/intervals/trials	69	cv_transition_time	n/a	n/a	n/a	n/a	n/a	n/a	n/a	n/a	n/a	fee	134.8063259	69	true	134.6141142	135.2377849
136.0978072	0.6457407000000046	trials	/intervals/trials	70	start_time	n/a	n/a	n/a	n/a	n/a	n/a	n/a	n/a	n/a	hee	136.3005061	70	true	136.0978072	136.7435479
136.3005061	0.0	cv_transition	/intervals/trials	70	cv_transition_time	n/a	n/a	n/a	n/a	n/a	n/a	n/a	n/a	n/a	hee	136.3005061	70	true	136.0978072	136.7435479
137.6412143	0.5936180999999863	trials	/intervals/trials	71	start_time	n/a	n/a	n/a	n/a	n/a	n/a	n/a	n/a	n/a	vaa	137.7570421	71	true	137.6412143	138.2348324
137.7570421	0.0	cv_transition	/intervals/trials	71	cv_transition_time	n/a	n/a	n/a	n/a	n/a	n/a	n/a	n/a	n/a	vaa	137.7570421	71	true	137.6412143	138.2348324
139.0658977	0.5501825999999994	trials	/intervals/trials	72	start_time	n/a	n/a	n/a	n/a	n/a	n/a	n/a	n/a	n/a	loo	139.2251611	72	true	139.0658977	139.6160803
139.2251611	0.0	cv_transition	/intervals/trials	72	cv_transition_time	n/a	n/a	n/a	n/a	n/a	n/a	n/a	n/a	n/a	loo	139.2251611	72	true	139.0658977	139.6160803
140.4876854	0.5762440000000026	trials	/intervals/trials	73	start_time	n/a	n/a	n/a	n/a	n/a	n/a	n/a	n/a	n/a	hoo	140.6411574	73	true	140.4876854	141.0639294
140.6411574	0.0	cv_transition	/intervals/trials	73	cv_transition_time	n/a	n/a	n/a	n/a	n/a	n/a	n/a	n/a	n/a	hoo	140.6411574	73	true	140.4876854	141.0639294
142.0224054	0.5328083999999933	trials	/intervals/trials	74	start_time	n/a	n/a	n/a	n/a	n/a	n/a	n/a	n/a	n/a	kaa	142.1292823	74	true	142.0224054	142.5552138
142.1292823	0.0	cv_transition	/intervals/trials	74	cv_transition_time	n/a	n/a	n/a	n/a	n/a	n/a	n/a	n/a	n/a	kaa	142.1292823	74	true	142.0224054	142.5552138
143.5600211	0.4806858000000034	trials	/intervals/trials	75	start_time	n/a	n/a	n/a	n/a	n/a	n/a	n/a	n/a	n/a	poo	143.6787446	75	true	143.5600211	144.0407069
143.6787446	0.0	cv_transition	/intervals/trials	75	cv_transition_time	n/a	n/a	n/a	n/a	n/a	n/a	n/a	n/a	n/a	poo	143.6787446	75	true	143.5600211	144.0407069
145.065453	0.4665384000000188	trials	/intervals/trials	76	start_time	n/a	n/a	n/a	n/a	n/a	n/a	n/a	n/a	n/a	bee	145.0861116	76	true	145.065453	145.5319914
145.0861116	0.0	cv_transition	/intervals/trials	76	cv_transition_time	n/a	n/a	n/a	n/a	n/a	n/a	n/a	n/a	n/a	bee	145.0861116	76	true	145.065453	145.5319914
146.4289278	0.5123358000000167	trials	/intervals/trials	77	start_time	n/a	n/a	n/a	n/a	n/a	n/a	n/a	n/a	n/a	paa	146.5177602	77	true	146.4289278	146.9412636
146.5177602	0.0	cv_transition	/intervals/trials	77	cv_transition_time	n/a	n/a	n/a	n/a	n/a	n/a	n/a	n/a	n/a	paa	146.5177602	77	true	146.4289278	146.9412636
147.8330762	0.492321000000004	trials	/intervals/trials	78	start_time	n/a	n/a	n/a	n/a	n/a	n/a	n/a	n/a	n/a	taa	147.9259345	78	true	147.8330762	148.3253972
147.9259345	0.0	cv_transition	/intervals/trials	78	cv_transition_time	n/a	n/a	n/a	n/a	n/a	n/a	n/a	n/a	n/a	taa	147.9259345	78	true	147.8330762	148.3253972
149.2033923	0.5577852000000121	trials	/intervals/trials	79	start_time	n/a	n/a	n/a	n/a	n/a	n/a	n/a	n/a	n/a	naa	149.3872548	79	true	149.2033923	149.7611775
149.3872548	0.0	cv_transition	/intervals/trials	79	cv_transition_time	n/a	n/a	n/a	n/a	n/a	n/a	n/a	n/a	n/a	naa	149.3872548	79	true	149.2033923	149.7611775
150.552406	0.7085936000000004	trials	/intervals/trials	80	start_time	n/a	n/a	n/a	n/a	n/a	n/a	n/a	n/a	n/a	saa	150.8374961	80	true	150.552406	151.2609996
150.8374961	0.0	cv_transition	/intervals/trials	80	cv_transition_time	n/a	n/a	n/a	n/a	n/a	n/a	n/a	n/a	n/a	saa	150.8374961	80	true	150.552406	151.2609996
152.0336354	0.6714080999999794	trials	/intervals/trials	81	start_time	n/a	n/a	n/a	n/a	n/a	n/a	n/a	n/a	n/a	shoo	152.3021987	81	true	152.0336354	152.7050435
152.3021987	0.0	cv_transition	/intervals/trials	81	cv_transition_time	n/a	n/a	n/a	n/a	n/a	n/a	n/a	n/a	n/a	shoo	152.3021987	81	true	152.0336354	152.7050435
153.5541164	0.6114977999999951	trials	/intervals/trials	82	start_time	n/a	n/a	n/a	n/a	n/a	n/a	n/a	n/a	n/a	foo	153.768967	82	true	153.5541164	154.1656142
153.768967	0.0	cv_transition	/intervals/trials	82	cv_transition_time	n/a	n/a	n/a	n/a	n/a	n/a	n/a	n/a	n/a	foo	153.768967	82	true	153.5541164	154.1656142
155.5332206	0.4544917000000055	trials	/intervals/trials	83	start_time	n/a	n/a	n/a	n/a	n/a	n/a	n/a	n/a	n/a	daa	155.6323825	83	true	155.5332206	155.9877123
155.6323825	0.0	cv_transition	/intervals/trials	83	cv_transition_time	n/a	n/a	n/a	n/a	n/a	n/a	n/a	n/a	n/a	daa	155.6323825	83	true	155.5332206	155.9877123
156.7272941	0.679671500000012	trials	/intervals/trials	84	start_time	n/a	n/a	n/a	n/a	n/a	n/a	n/a	n/a	n/a	faa	156.9875938	84	true	156.7272941	157.4069656
156.9875938	0.0	cv_transition	/intervals/trials	84	cv_transition_time	n/a	n/a	n/a	n/a	n/a	n/a	n/a	n/a	n/a	faa	156.9875938	84	true	156.7272941	157.4069656
158.2415774	0.49167719999999804	trials	/intervals/trials	85	start_time	n/a	n/a	n/a	n/a	n/a	n/a	n/a	n/a	n/a	goo	158.3531345	85	true	158.2415774	158.7332546
158.3531345	0.0	cv_transition	/intervals/trials	85	cv_transition_time	n/a	n/a	n/a	n/a	n/a	n/a	n/a	n/a	n/a	goo	158.3531345	85	true	158.2415774	158.7332546
159.5014306	0.6200893000000178	trials	/intervals/trials	86	start_time	n/a	n/a	n/a	n/a	n/a	n/a	n/a	n/a	n/a	mee	159.7494769	86	true	159.5014306	160.1215199
159.7494769	0.0	cv_transition	/intervals/trials	86	cv_transition_time	n/a	n/a	n/a	n/a	n/a	n/a	n/a	n/a	n/a	mee	159.7494769	86	true	159.5014306	160.1215199
160.8776286	0.5598509999999806	trials	/intervals/trials	87	start_time	n/a	n/a	n/a	n/a	n/a	n/a	n/a	n/a	n/a	zaa	161.0676888	87	true	160.8776286	161.4374796
161.0676888	0.0	cv_transition	/intervals/trials	87	cv_transition_time	n/a	n/a	n/a	n/a	n/a	n/a	n/a	n/a	n/a	zaa	161.0676888	87	true	160.8776286	161.4374796
162.1759879	0.6999979999999937	trials	/intervals/trials	88	start_time	n/a	n/a	n/a	n/a	n/a	n/a	n/a	n/a	n/a	see	162.4215369	88	true	162.1759879	162.8759859
162.4215369	0.0	cv_transition	/intervals/trials	88	cv_transition_time	n/a	n/a	n/a	n/a	n/a	n/a	n/a	n/a	n/a	see	162.4215369	88	true	162.1759879	162.8759859
163.6492821	0.6120403000000181	trials	/intervals/trials	89	start_time	n/a	n/a	n/a	n/a	n/a	n/a	n/a	n/a	n/a	zoo	163.8581821	89	true	163.6492821	164.2613224
163.8581821	0.0	cv_transition	/intervals/trials	89	cv_transition_time	n/a	n/a	n/a	n/a	n/a	n/a	n/a	n/a	n/a	zoo	163.8581821	89	true	163.6492821	164.2613224
165.0566081	0.4544488999999885	trials	/intervals/trials	90	start_time	n/a	n/a	n/a	n/a	n/a	n/a	n/a	n/a	n/a	too	165.1628905	90	true	165.0566081	165.511057
165.1628905	0.0	cv_transition	/intervals/trials	90	cv_transition_time	n/a	n/a	n/a	n/a	n/a	n/a	n/a	n/a	n/a	too	165.1628905	90	true	165.0566081	165.511057
166.258699	0.5204173999999853	trials	/intervals/trials	91	start_time	n/a	n/a	n/a	n/a	n/a	n/a	n/a	n/a	n/a	vee	166.3793104	91	true	166.258699	166.7791164
166.3793104	0.0	cv_transition	/intervals/trials	91	cv_transition_time	n/a	n/a	n/a	n/a	n/a	n/a	n/a	n/a	n/a	vee	166.3793104	91	true	166.258699	166.7791164
167.4351355	0.6303646000000072	trials	/intervals/trials	92	start_time	n/a	n/a	n/a	n/a	n/a	n/a	n/a	n/a	n/a	thaa	167.6550302	92	true	167.4351355	168.0655001
167.6550302	0.0	cv_transition	/intervals/trials	92	cv_transition_time	n/a	n/a	n/a	n/a	n/a	n/a	n/a	n/a	n/a	thaa	167.6550302	92	true	167.4351355	168.0655001
169.10267	0.4361245999999994	trials	/intervals/trials	93	start_time	n/a	n/a	n/a	n/a	n/a	n/a	n/a	n/a	n/a	moo	169.2016227	93	true	169.10267	169.5387946
169.2016227	0.0	cv_transition	/intervals/trials	93	cv_transition_time	n/a	n/a	n/a	n/a	n/a	n/a	n/a	n/a	n/a	moo	169.2016227	93	true	169.10267	169.5387946
170.3963838	0.6230348999999933	trials	/intervals/trials	94	start_time	n/a	n/a	n/a	n/a	n/a	n/a	n/a	n/a	n/a	thoo	170.6382679	94	true	170.3963838	171.0194187
170.6382679	0.0	cv_transition	/intervals/trials	94	cv_transition_time	n/a	n/a	n/a	n/a	n/a	n/a	n/a	n/a	n/a	thoo	170.6382679	94	true	170.3963838	171.0194187
171.8403588	0.6413595000000214	trials	/intervals/trials	95	start_time	n/a	n/a	n/a	n/a	n/a	n/a	n/a	n/a	n/a	nee	172.0932376	95	true	171.8403588	172.4817183
172.0932376	0.0	cv_transition	/intervals/trials	95	cv_transition_time	n/a	n/a	n/a	n/a	n/a	n/a	n/a	n/a	n/a	nee	172.0932376	95	true	171.8403588	172.4817183
173.4619875	0.44904619999999795	trials	/intervals/trials	96	start_time	n/a	n/a	n/a	n/a	n/a	n/a	n/a	n/a	n/a	boo	173.4968987	96	true	173.4619875	173.9110337
173.4968987	0.0	cv_transition	/intervals/trials	96	cv_transition_time	n/a	n/a	n/a	n/a	n/a	n/a	n/a	n/a	n/a	boo	173.4968987	96	true	173.4619875	173.9110337
173.95864444899658	0.5622546602076284	invalid_times	/intervals/invalid_times	10	start_time	n/a	n/a	n/a	n/a	10	173.95864444899658	174.5208991092042	"[""ECoG artifact""]"	"[{""idx_start"":530879,""count"":1716,""timeseries"":""/acquisition/ElectricalSeries""}]"	n/a	n/a	n/a	n/a	n/a	n/a
174.8602457	0.538741999999985	trials	/intervals/trials	97	start_time	n/a	n/a	n/a	n/a	n/a	n/a	n/a	n/a	n/a	laa	175.0324965	97	true	174.8602457	175.3989877
175.0324965	0.0	cv_transition	/intervals/trials	97	cv_transition_time	n/a	n/a	n/a	n/a	n/a	n/a	n/a	n/a	n/a	laa	175.0324965	97	true	174.8602457	175.3989877
176.1942734	0.652354100000025	trials	/intervals/trials	98	start_time	n/a	n/a	n/a	n/a	n/a	n/a	n/a	n/a	n/a	maa	176.4508172	98	true	176.1942734	176.8466275
176.4508172	0.0	cv_transition	/intervals/trials	98	cv_transition_time	n/a	n/a	n/a	n/a	n/a	n/a	n/a	n/a	n/a	maa	176.4508172	98	true	176.1942734	176.8466275
177.5246362	0.7879558999999858	trials	/intervals/trials	99	start_time	n/a	n/a	n/a	n/a	n/a	n/a	n/a	n/a	n/a	soo	177.905787	99	true	177.5246362	178.3125921
177.905787	0.0	cv_transition	/intervals/trials	99	cv_transition_time	n/a	n/a	n/a	n/a	n/a	n/a	n/a	n/a	n/a	soo	177.905787	99	true	177.5246362	178.3125921
179.100548	0.5424069000000031	trials	/intervals/trials	100	start_time	n/a	n/a	n/a	n/a	n/a	n/a	n/a	n/a	n/a	roo	179.2727989	100	true	179.100548	179.6429549
179.2727989	0.0	cv_transition	/intervals/trials	100	cv_transition_time	n/a	n/a	n/a	n/a	n/a	n/a	n/a	n/a	n/a	roo	179.2727989	100	true	179.100548	179.6429549
180.4822196	0.5570664999999906	trials	/intervals/trials	101	start_time	n/a	n/a	n/a	n/a	n/a	n/a	n/a	n/a	n/a	tee	180.6214862	101	true	180.4822196	181.0392861
180.6214862	0.0	cv_transition	/intervals/trials	101	cv_transition_time	n/a	n/a	n/a	n/a	n/a	n/a	n/a	n/a	n/a	tee	180.6214862	101	true	180.4822196	181.0392861
181.7502789	0.5387418999999909	trials	/intervals/trials	102	start_time	n/a	n/a	n/a	n/a	n/a	n/a	n/a	n/a	n/a	ha	181.8638911	102	true	181.7502789	182.2890208
181.8638911	0.0	cv_transition	/intervals/trials	102	cv_transition_time	n/a	n/a	n/a	n/a	n/a	n/a	n/a	n/a	n/a	ha	181.8638911	102	true	181.7502789	182.2890208
183.2057566	0.4979199999999935	trials	/intervals/trials	103	start_time	n/a	n/a	n/a	n/a	n/a	n/a	n/a	n/a	n/a	waa	183.2693583	103	true	183.2057566	183.7036766
183.2693583	0.0	cv_transition	/intervals/trials	103	cv_transition_time	n/a	n/a	n/a	n/a	n/a	n/a	n/a	n/a	n/a	waa	183.2693583	103	true	183.2057566	183.7036766
184.5184943	0.515545000000003	trials	/intervals/trials	104	start_time	n/a	n/a	n/a	n/a	n/a	n/a	n/a	n/a	n/a	pee	184.6382289	104	true	184.5184943	185.0340393
184.6382289	0.0	cv_transition	/intervals/trials	104	cv_transition_time	n/a	n/a	n/a	n/a	n/a	n/a	n/a	n/a	n/a	pee	184.6382289	104	true	184.5184943	185.0340393
185.8210556	0.5836605000000077	trials	/intervals/trials	105	start_time	n/a	n/a	n/a	n/a	n/a	n/a	n/a	n/a	n/a	lee	185.9495309	105	true	185.8210556	186.4047161
185.9495309	0.0	cv_transition	/intervals/trials	105	cv_transition_time	n/a	n/a	n/a	n/a	n/a	n/a	n/a	n/a	n/a	lee	185.9495309	105	true	185.8210556	186.4047161
187.0994483	0.6136411999999893	trials	/intervals/trials	106	start_time	n/a	n/a	n/a	n/a	n/a	n/a	n/a	n/a	n/a	wee	187.1923066	106	true	187.0994483	187.7130895
187.1923066	0.0	cv_transition	/intervals/trials	106	cv_transition_time	n/a	n/a	n/a	n/a	n/a	n/a	n/a	n/a	n/a	wee	187.1923066	106	true	187.0994483	187.7130895
188.3740249	0.5814694999999972	trials	/intervals/trials	107	start_time	n/a	n/a	n/a	n/a	n/a	n/a	n/a	n/a	n/a	yaa	188.5203086	107	true	188.3740249	188.9554944
188.5203086	0.0	cv_transition	/intervals/trials	107	cv_transition_time	n/a	n/a	n/a	n/a	n/a	n/a	n/a	n/a	n/a	yaa	188.5203086	107	true	188.3740249	188.9554944
189.8241419	0.45072049999998853	trials	/intervals/trials	108	start_time	n/a	n/a	n/a	n/a	n/a	n/a	n/a	n/a	n/a	gaa	189.8863818	108	true	189.8241419	190.2748624
189.8863818	0.0	cv_transition	/intervals/trials	108	cv_transition_time	n/a	n/a	n/a	n/a	n/a	n/a	n/a	n/a	n/a	gaa	189.8863818	108	true	189.8241419	190.2748624
190.9308816	0.6450243000000171	trials	/intervals/trials	109	start_time	n/a	n/a	n/a	n/a	n/a	n/a	n/a	n/a	n/a	shaa	191.2460639	109	true	190.9308816	191.5759059
191.2460639	0.0	cv_transition	/intervals/trials	109	cv_transition_time	n/a	n/a	n/a	n/a	n/a	n/a	n/a	n/a	n/a	shaa	191.2460639	109	true	190.9308816	191.5759059
192.4921336	0.469108800000015	trials	/intervals/trials	110	start_time	n/a	n/a	n/a	n/a	n/a	n/a	n/a	n/a	n/a	doo	192.5507723	110	true	192.4921336	192.9612424
192.5507723	0.0	cv_transition	/intervals/trials	110	cv_transition_time	n/a	n/a	n/a	n/a	n/a	n/a	n/a	n/a	n/a	doo	192.5507723	110	true	192.4921336	192.9612424
193.700025	0.3936750000000018	trials	/intervals/trials	111	start_time	n/a	n/a	n/a	n/a	n/a	n/a	n/a	n/a	n/a	woo	193.7598105	111	true	193.700025	194.0937
193.7598105	0.0	cv_transition	/intervals/trials	111	cv_transition_time	n/a	n/a	n/a	n/a	n/a	n/a	n/a	n/a	n/a	woo	193.7598105	111	true	193.700025	194.0937
196.4568403	0.5321256000000005	trials	/intervals/trials	112	start_time	n/a	n/a	n/a	n/a	n/a	n/a	n/a	n/a	n/a	raa	196.5633703	112	true	196.4568403	196.9889659
196.5633703	0.0	cv_transition	/intervals/trials	112	cv_transition_time	n/a	n/a	n/a	n/a	n/a	n/a	n/a	n/a	n/a	raa	196.5633703	112	true	196.4568403	196.9889659
197.7407762	0.5907081999999946	trials	/intervals/trials	113	start_time	n/a	n/a	n/a	n/a	n/a	n/a	n/a	n/a	n/a	shee	197.9116422	113	true	197.7407762	198.3314844
197.9116422	0.0	cv_transition	/intervals/trials	113	cv_transition_time	n/a	n/a	n/a	n/a	n/a	n/a	n/a	n/a	n/a	shee	197.9116422	113	true	197.7407762	198.3314844
199.0527378	0.6700840000000028	trials	/intervals/trials	114	start_time	n/a	n/a	n/a	n/a	n/a	n/a	n/a	n/a	n/a	yoo	199.2015656	114	true	199.0527378	199.7228218
199.2015656	0.0	cv_transition	/intervals/trials	114	cv_transition_time	n/a	n/a	n/a	n/a	n/a	n/a	n/a	n/a	n/a	yoo	199.2015656	114	true	199.0527378	199.7228218
200.5917974	0.4784247999999991	trials	/intervals/trials	115	start_time	n/a	n/a	n/a	n/a	n/a	n/a	n/a	n/a	n/a	baa	200.6173379	115	true	200.5917974	201.0702222
200.6173379	0.0	cv_transition	/intervals/trials	115	cv_transition_time	n/a	n/a	n/a	n/a	n/a	n/a	n/a	n/a	n/a	baa	200.6173379	115	true	200.5917974	201.0702222
201.7780956	0.6053539000000114	trials	/intervals/trials	116	start_time	n/a	n/a	n/a	n/a	n/a	n/a	n/a	n/a	n/a	zee	202.0124261	116	true	201.7780956	202.3834495
202.0124261	0.0	cv_transition	/intervals/trials	116	cv_transition_time	n/a	n/a	n/a	n/a	n/a	n/a	n/a	n/a	n/a	zee	202.0124261	116	true	201.7780956	202.3834495
203.28479	0.5973983000000089	trials	/intervals/trials	117	start_time	n/a	n/a	n/a	n/a	n/a	n/a	n/a	n/a	n/a	gee	203.3611121	117	true	203.28479	203.8821883
203.3611121	0.0	cv_transition	/intervals/trials	117	cv_transition_time	n/a	n/a	n/a	n/a	n/a	n/a	n/a	n/a	n/a	gee	203.3611121	117	true	203.28479	203.8821883
204.5962556	0.6138054999999838	trials	/intervals/trials	118	start_time	n/a	n/a	n/a	n/a	n/a	n/a	n/a	n/a	n/a	kee	204.7316364	118	true	204.5962556	205.2100611
204.7316364	0.0	cv_transition	/intervals/trials	118	cv_transition_time	n/a	n/a	n/a	n/a	n/a	n/a	n/a	n/a	n/a	kee	204.7316364	118	true	204.5962556	205.2100611
205.9130526	0.6346453000000167	trials	/intervals/trials	119	start_time	n/a	n/a	n/a	n/a	n/a	n/a	n/a	n/a	n/a	ree	206.0425565	119	true	205.9130526	206.5476979
206.0425565	0.0	cv_transition	/intervals/trials	119	cv_transition_time	n/a	n/a	n/a	n/a	n/a	n/a	n/a	n/a	n/a	ree	206.0425565	119	true	205.9130526	206.5476979
207.2116343	0.7371647000000223	trials	/intervals/trials	120	start_time	n/a	n/a	n/a	n/a	n/a	n/a	n/a	n/a	n/a	thee	207.4264373	120	true	207.2116343	207.948799
207.4264373	0.0	cv_transition	/intervals/trials	120	cv_transition_time	n/a	n/a	n/a	n/a	n/a	n/a	n/a	n/a	n/a	thee	207.4264373	120	true	207.2116343	207.948799
208.6400471	0.5780421999999987	trials	/intervals/trials	121	start_time	n/a	n/a	n/a	n/a	n/a	n/a	n/a	n/a	n/a	voo	208.8128928	121	true	208.6400471	209.2180893
208.8128928	0.0	cv_transition	/intervals/trials	121	cv_transition_time	n/a	n/a	n/a	n/a	n/a	n/a	n/a	n/a	n/a	voo	208.8128928	121	true	208.6400471	209.2180893
210.0634515	0.5069200999999737	trials	/intervals/trials	122	start_time	n/a	n/a	n/a	n/a	n/a	n/a	n/a	n/a	n/a	noo	210.2097351	122	true	210.0634515	210.5703716
210.2097351	0.0	cv_transition	/intervals/trials	122	cv_transition_time	n/a	n/a	n/a	n/a	n/a	n/a	n/a	n/a	n/a	noo	210.2097351	122	true	210.0634515	210.5703716
211.5809862	0.4930061999999964	trials	/intervals/trials	123	start_time	n/a	n/a	n/a	n/a	n/a	n/a	n/a	n/a	n/a	dee	211.615331	123	true	211.5809862	212.0739924
211.615331	0.0	cv_transition	/intervals/trials	123	cv_transition_time	n/a	n/a	n/a	n/a	n/a	n/a	n/a	n/a	n/a	dee	211.615331	123	true	211.5809862	212.0739924
212.900084	0.5701277000000005	trials	/intervals/trials	124	start_time	n/a	n/a	n/a	n/a	n/a	n/a	n/a	n/a	n/a	yee	213.0056626	124	true	212.900084	213.4702117
213.0056626	0.0	cv_transition	/intervals/trials	124	cv_transition_time	n/a	n/a	n/a	n/a	n/a	n/a	n/a	n/a	n/a	yee	213.0056626	124	true	212.900084	213.4702117
214.2840554	0.5237928999999895	trials	/intervals/trials	125	start_time	n/a	n/a	n/a	n/a	n/a	n/a	n/a	n/a	n/a	koo	214.4221793	125	true	214.2840554	214.8078483
214.4221793	0.0	cv_transition	/intervals/trials	125	cv_transition_time	n/a	n/a	n/a	n/a	n/a	n/a	n/a	n/a	n/a	koo	214.4221793	125	true	214.2840554	214.8078483
215.4864304	0.6737001000000191	trials	/intervals/trials	126	start_time	n/a	n/a	n/a	n/a	n/a	n/a	n/a	n/a	n/a	fee	215.7354066	126	true	215.4864304	216.1601305
215.7354066	0.0	cv_transition	/intervals/trials	126	cv_transition_time	n/a	n/a	n/a	n/a	n/a	n/a	n/a	n/a	n/a	fee	215.7354066	126	true	215.4864304	216.1601305
216.9265867	0.6151174999999967	trials	/intervals/trials	127	start_time	n/a	n/a	n/a	n/a	n/a	n/a	n/a	n/a	n/a	hee	217.0779251	127	true	216.9265867	217.5417042
217.0779251	0.0	cv_transition	/intervals/trials	127	cv_transition_time	n/a	n/a	n/a	n/a	n/a	n/a	n/a	n/a	n/a	hee	217.0779251	127	true	216.9265867	217.5417042
218.16195192470593	0.28545236595155643	invalid_times	/intervals/invalid_times	4	start_time	n/a	n/a	n/a	n/a	4	218.16195192470593	218.4474042906575	"[""ECoG artifact""]"	"[{""idx_start"":665777,""count"":871,""timeseries"":""/acquisition/ElectricalSeries""}]"	n/a	n/a	n/a	n/a	n/a	n/a
218.3087663	0.5656926000000055	trials	/intervals/trials	128	start_time	n/a	n/a	n/a	n/a	n/a	n/a	n/a	n/a	n/a	vaa	218.4643806	128	true	218.3087663	218.8744589
218.4643806	0.0	cv_transition	/intervals/trials	128	cv_transition_time	n/a	n/a	n/a	n/a	n/a	n/a	n/a	n/a	n/a	vaa	218.4643806	128	true	218.3087663	218.8744589
219.7003699	0.6044816000000139	trials	/intervals/trials	129	start_time	n/a	n/a	n/a	n/a	n/a	n/a	n/a	n/a	n/a	loo	219.822485	129	true	219.7003699	220.3048515
219.822485	0.0	cv_transition	/intervals/trials	129	cv_transition_time	n/a	n/a	n/a	n/a	n/a	n/a	n/a	n/a	n/a	loo	219.822485	129	true	219.7003699	220.3048515
220.9199691	0.644408900000002	trials	/intervals/trials	130	start_time	n/a	n/a	n/a	n/a	n/a	n/a	n/a	n/a	n/a	hoo	221.1738271	130	true	220.9199691	221.564378
221.1738271	0.0	cv_transition	/intervals/trials	130	cv_transition_time	n/a	n/a	n/a	n/a	n/a	n/a	n/a	n/a	n/a	hoo	221.1738271	130	true	220.9199691	221.564378
222.3512857	0.46773690000000556	trials	/intervals/trials	131	start_time	n/a	n/a	n/a	n/a	n/a	n/a	n/a	n/a	n/a	kaa	222.4899372	131	true	222.3512857	222.8190226
222.4899372	0.0	cv_transition	/intervals/trials	131	cv_transition_time	n/a	n/a	n/a	n/a	n/a	n/a	n/a	n/a	n/a	kaa	222.4899372	131	true	222.3512857	222.8190226
223.5673488	0.5112003000000129	trials	/intervals/trials	132	start_time	n/a	n/a	n/a	n/a	n/a	n/a	n/a	n/a	n/a	poo	223.7098164	132	true	223.5673488	224.0785491
223.7098164	0.0	cv_transition	/intervals/trials	132	cv_transition_time	n/a	n/a	n/a	n/a	n/a	n/a	n/a	n/a	n/a	poo	223.7098164	132	true	223.5673488	224.0785491
224.9767608	0.4296611000000041	trials	/intervals/trials	133	start_time	n/a	n/a	n/a	n/a	n/a	n/a	n/a	n/a	n/a	bee	225.0009294	133	true	224.9767608	225.4064219
225.0009294	0.0	cv_transition	/intervals/trials	133	cv_transition_time	n/a	n/a	n/a	n/a	n/a	n/a	n/a	n/a	n/a	bee	225.0009294	133	true	224.9767608	225.4064219
226.1139579	0.4445890000000077	trials	/intervals/trials	134	start_time	n/a	n/a	n/a	n/a	n/a	n/a	n/a	n/a	n/a	paa	226.2042722	134	true	226.1139579	226.5585469
226.2042722	0.0	cv_transition	/intervals/trials	134	cv_transition_time	n/a	n/a	n/a	n/a	n/a	n/a	n/a	n/a	n/a	paa	226.2042722	134	true	226.1139579	226.5585469
228.5015374	0.5223617999999988	trials	/intervals/trials	135	start_time	n/a	n/a	n/a	n/a	n/a	n/a	n/a	n/a	n/a	naa	228.6626396	135	true	228.5015374	229.0238992
228.6626396	0.0	cv_transition	/intervals/trials	135	cv_transition_time	n/a	n/a	n/a	n/a	n/a	n/a	n/a	n/a	n/a	naa	228.6626396	135	true	228.5015374	229.0238992
229.7417946	0.6783239000000094	trials	/intervals/trials	136	start_time	n/a	n/a	n/a	n/a	n/a	n/a	n/a	n/a	n/a	saa	229.9856306	136	true	229.7417946	230.4201185
229.9856306	0.0	cv_transition	/intervals/trials	136	cv_transition_time	n/a	n/a	n/a	n/a	n/a	n/a	n/a	n/a	n/a	saa	229.9856306	136	true	229.7417946	230.4201185
231.0108265	0.6541727999999978	trials	/intervals/trials	137	start_time	n/a	n/a	n/a	n/a	n/a	n/a	n/a	n/a	n/a	shoo	231.2695665	137	true	231.0108265	231.6649993
231.2695665	0.0	cv_transition	/intervals/trials	137	cv_transition_time	n/a	n/a	n/a	n/a	n/a	n/a	n/a	n/a	n/a	shoo	231.2695665	137	true	231.0108265	231.6649993
232.3023961	0.5733108000000016	trials	/intervals/trials	138	start_time	n/a	n/a	n/a	n/a	n/a	n/a	n/a	n/a	n/a	foo	232.4830247	138	true	232.3023961	232.8757069
232.4830247	0.0	cv_transition	/intervals/trials	138	cv_transition_time	n/a	n/a	n/a	n/a	n/a	n/a	n/a	n/a	n/a	foo	232.4830247	138	true	232.3023961	232.8757069
233.7677776	0.3967470999999989	trials	/intervals/trials	139	start_time	n/a	n/a	n/a	n/a	n/a	n/a	n/a	n/a	n/a	daa	233.7944903	139	true	233.7677776	234.1645247
233.7944903	0.0	cv_transition	/intervals/trials	139	cv_transition_time	n/a	n/a	n/a	n/a	n/a	n/a	n/a	n/a	n/a	daa	233.7944903	139	true	233.7677776	234.1645247
234.8235645	0.5760773000000086	trials	/intervals/trials	140	start_time	n/a	n/a	n/a	n/a	n/a	n/a	n/a	n/a	n/a	faa	235.0220017	140	true	234.8235645	235.3996418
235.0220017	0.0	cv_transition	/intervals/trials	140	cv_transition_time	n/a	n/a	n/a	n/a	n/a	n/a	n/a	n/a	n/a	faa	235.0220017	140	true	234.8235645	235.3996418
236.207536	0.4028133999999852	trials	/intervals/trials	141	start_time	n/a	n/a	n/a	n/a	n/a	n/a	n/a	n/a	n/a	goo	236.2787698	141	true	236.207536	236.6103494
236.2787698	0.0	cv_transition	/intervals/trials	141	cv_transition_time	n/a	n/a	n/a	n/a	n/a	n/a	n/a	n/a	n/a	goo	236.2787698	141	true	236.207536	236.6103494
237.5126414	0.5573918000000049	trials	/intervals/trials	142	start_time	n/a	n/a	n/a	n/a	n/a	n/a	n/a	n/a	n/a	mee	237.7136555	142	true	237.5126414	238.0700332
237.7136555	0.0	cv_transition	/intervals/trials	142	cv_transition_time	n/a	n/a	n/a	n/a	n/a	n/a	n/a	n/a	n/a	mee	237.7136555	142	true	237.5126414	238.0700332
238.8804262	0.5858263000000079	trials	/intervals/trials	143	start_time	n/a	n/a	n/a	n/a	n/a	n/a	n/a	n/a	n/a	zaa	239.1001111	143	true	238.8804262	239.4662525
239.1001111	0.0	cv_transition	/intervals/trials	143	cv_transition_time	n/a	n/a	n/a	n/a	n/a	n/a	n/a	n/a	n/a	zaa	239.1001111	143	true	238.8804262	239.4662525
240.2034172	0.6737002000000132	trials	/intervals/trials	144	start_time	n/a	n/a	n/a	n/a	n/a	n/a	n/a	n/a	n/a	see	240.4719209	144	true	240.2034172	240.8771174
240.4719209	0.0	cv_transition	/intervals/trials	144	cv_transition_time	n/a	n/a	n/a	n/a	n/a	n/a	n/a	n/a	n/a	see	240.4719209	144	true	240.2034172	240.8771174
241.536172	0.6248812999999984	trials	/intervals/trials	145	start_time	n/a	n/a	n/a	n/a	n/a	n/a	n/a	n/a	n/a	zoo	241.8290851	145	true	241.536172	242.1610533
241.8290851	0.0	cv_transition	/intervals/trials	145	cv_transition_time	n/a	n/a	n/a	n/a	n/a	n/a	n/a	n/a	n/a	zoo	241.8290851	145	true	241.536172	242.1610533
242.8399136	0.4879104000000041	trials	/intervals/trials	146	start_time	n/a	n/a	n/a	n/a	n/a	n/a	n/a	n/a	n/a	too	242.9543964	146	true	242.8399136	243.327824
242.9543964	0.0	cv_transition	/intervals/trials	146	cv_transition_time	n/a	n/a	n/a	n/a	n/a	n/a	n/a	n/a	n/a	too	242.9543964	146	true	242.8399136	243.327824
243.8804361	0.5018752000000006	trials	/intervals/trials	147	start_time	n/a	n/a	n/a	n/a	n/a	n/a	n/a	n/a	n/a	vee	244.0483445	147	true	243.8804361	244.3823113
244.0483445	0.0	cv_transition	/intervals/trials	147	cv_transition_time	n/a	n/a	n/a	n/a	n/a	n/a	n/a	n/a	n/a	vee	244.0483445	147	true	243.8804361	244.3823113
245.1585311	0.605353799999989	trials	/intervals/trials	148	start_time	n/a	n/a	n/a	n/a	n/a	n/a	n/a	n/a	n/a	thaa	245.3636261	148	true	245.1585311	245.7638849
245.3636261	0.0	cv_transition	/intervals/trials	148	cv_transition_time	n/a	n/a	n/a	n/a	n/a	n/a	n/a	n/a	n/a	thaa	245.3636261	148	true	245.1585311	245.7638849
246.4278213	0.6248812999999984	trials	/intervals/trials	149	start_time	n/a	n/a	n/a	n/a	n/a	n/a	n/a	n/a	n/a	moo	246.6719156	149	true	246.4278213	247.0527026
246.6719156	0.0	cv_transition	/intervals/trials	149	cv_transition_time	n/a	n/a	n/a	n/a	n/a	n/a	n/a	n/a	n/a	moo	246.6719156	149	true	246.4278213	247.0527026
247.7312848	0.5907081999999946	trials	/intervals/trials	150	start_time	n/a	n/a	n/a	n/a	n/a	n/a	n/a	n/a	n/a	thoo	247.9265602	150	true	247.7312848	248.321993
247.9265602	0.0	cv_transition	/intervals/trials	150	cv_transition_time	n/a	n/a	n/a	n/a	n/a	n/a	n/a	n/a	n/a	thoo	247.9265602	150	true	247.7312848	248.321993
249.0308959	0.6433794000000148	trials	/intervals/trials	151	start_time	n/a	n/a	n/a	n/a	n/a	n/a	n/a	n/a	n/a	nee	249.2560455	151	true	249.0308959	249.6742753
249.2560455	0.0	cv_transition	/intervals/trials	151	cv_transition_time	n/a	n/a	n/a	n/a	n/a	n/a	n/a	n/a	n/a	nee	249.2560455	151	true	249.0308959	249.6742753
250.4950053	0.4290326999999934	trials	/intervals/trials	152	start_time	n/a	n/a	n/a	n/a	n/a	n/a	n/a	n/a	n/a	boo	250.5051816	152	true	250.4950053	250.924038
250.5051816	0.0	cv_transition	/intervals/trials	152	cv_transition_time	n/a	n/a	n/a	n/a	n/a	n/a	n/a	n/a	n/a	boo	250.5051816	152	true	250.4950053	250.924038
251.6016736	0.5086626000000081	trials	/intervals/trials	153	start_time	n/a	n/a	n/a	n/a	n/a	n/a	n/a	n/a	n/a	laa	251.7606776	153	true	251.6016736	252.1103362
251.7606776	0.0	cv_transition	/intervals/trials	153	cv_transition_time	n/a	n/a	n/a	n/a	n/a	n/a	n/a	n/a	n/a	laa	251.7606776	153	true	251.6016736	252.1103362
252.8876985	0.5114555000000109	trials	/intervals/trials	154	start_time	n/a	n/a	n/a	n/a	n/a	n/a	n/a	n/a	n/a	maa	253.0671858	154	true	252.8876985	253.399154
253.0671858	0.0	cv_transition	/intervals/trials	154	cv_transition_time	n/a	n/a	n/a	n/a	n/a	n/a	n/a	n/a	n/a	maa	253.0671858	154	true	252.8876985	253.399154
254.0289171	0.6737003000000072	trials	/intervals/trials	155	start_time	n/a	n/a	n/a	n/a	n/a	n/a	n/a	n/a	n/a	soo	254.3315941	155	true	254.0289171	254.7026174
254.3315941	0.0	cv_transition	/intervals/trials	155	cv_transition_time	n/a	n/a	n/a	n/a	n/a	n/a	n/a	n/a	n/a	soo	254.3315941	155	true	254.0289171	254.7026174
255.4349003	0.6004718999999739	trials	/intervals/trials	156	start_time	n/a	n/a	n/a	n/a	n/a	n/a	n/a	n/a	n/a	roo	255.6098481	156	true	255.4349003	256.0353722
255.6098481	0.0	cv_transition	/intervals/trials	156	cv_transition_time	n/a	n/a	n/a	n/a	n/a	n/a	n/a	n/a	n/a	roo	255.6098481	156	true	255.4349003	256.0353722
257.4706466	0.5565348999999742	trials	/intervals/trials	157	start_time	n/a	n/a	n/a	n/a	n/a	n/a	n/a	n/a	n/a	tee	257.5682843	157	true	257.4706466	258.0271815
257.5682843	0.0	cv_transition	/intervals/trials	157	cv_transition_time	n/a	n/a	n/a	n/a	n/a	n/a	n/a	n/a	n/a	tee	257.5682843	157	true	257.4706466	258.0271815
258.6639982	0.5738910000000033	trials	/intervals/trials	158	start_time	n/a	n/a	n/a	n/a	n/a	n/a	n/a	n/a	n/a	haa	258.8326925	158	true	258.6639982	259.2378892
258.8326925	0.0	cv_transition	/intervals/trials	158	cv_transition_time	n/a	n/a	n/a	n/a	n/a	n/a	n/a	n/a	n/a	haa	258.8326925	158	true	258.6639982	259.2378892
259.9156781	0.5085093000000143	trials	/intervals/trials	159	start_time	n/a	n/a	n/a	n/a	n/a	n/a	n/a	n/a	n/a	waa	260.0797703	159	true	259.9156781	260.4241874
260.0797703	0.0	cv_transition	/intervals/trials	159	cv_transition_time	n/a	n/a	n/a	n/a	n/a	n/a	n/a	n/a	n/a	waa	260.0797703	159	true	259.9156781	260.4241874
261.1759977	0.4588972999999896	trials	/intervals/trials	160	start_time	n/a	n/a	n/a	n/a	n/a	n/a	n/a	n/a	n/a	pee	261.2589898	160	true	261.1759977	261.634895
261.2589898	0.0	cv_transition	/intervals/trials	160	cv_transition_time	n/a	n/a	n/a	n/a	n/a	n/a	n/a	n/a	n/a	pee	261.2589898	160	true	261.1759977	261.634895
262.373245	0.5407040000000052	trials	/intervals/trials	161	start_time	n/a	n/a	n/a	n/a	n/a	n/a	n/a	n/a	n/a	lee	262.5475135	161	true	262.373245	262.913949
262.5475135	0.0	cv_transition	/intervals/trials	161	cv_transition_time	n/a	n/a	n/a	n/a	n/a	n/a	n/a	n/a	n/a	lee	262.5475135	161	true	262.373245	262.913949
263.544787	0.5359326000000237	trials	/intervals/trials	162	start_time	n/a	n/a	n/a	n/a	n/a	n/a	n/a	n/a	n/a	wee	263.6719903	162	true	263.544787	264.0807196
263.6719903	0.0	cv_transition	/intervals/trials	162	cv_transition_time	n/a	n/a	n/a	n/a	n/a	n/a	n/a	n/a	n/a	wee	263.6719903	162	true	263.544787	264.0807196
264.7023365	0.46216179999998985	trials	/intervals/trials	163	start_time	n/a	n/a	n/a	n/a	n/a	n/a	n/a	n/a	n/a	yaa	264.8040992	163	true	264.7023365	265.1644983
264.8040992	0.0	cv_transition	/intervals/trials	163	cv_transition_time	n/a	n/a	n/a	n/a	n/a	n/a	n/a	n/a	n/a	yaa	264.8040992	163	true	264.7023365	265.1644983
265.9998098	0.41445120000003044	trials	/intervals/trials	164	start_time	n/a	n/a	n/a	n/a	n/a	n/a	n/a	n/a	n/a	gaa	266.046875	164	true	265.9998098	266.414261
266.046875	0.0	cv_transition	/intervals/trials	164	cv_transition_time	n/a	n/a	n/a	n/a	n/a	n/a	n/a	n/a	n/a	gaa	266.046875	164	true	265.9998098	266.414261
267.0797654	0.584258200000022	trials	/intervals/trials	165	start_time	n/a	n/a	n/a	n/a	n/a	n/a	n/a	n/a	n/a	shaa	267.3320555	165	true	267.0797654	267.6640236
267.3320555	0.0	cv_transition	/intervals/trials	165	cv_transition_time	n/a	n/a	n/a	n/a	n/a	n/a	n/a	n/a	n/a	shaa	267.3320555	165	true	267.0797654	267.6640236
268.4980817	0.42546839999999975	trials	/intervals/trials	166	start_time	n/a	n/a	n/a	n/a	n/a	n/a	n/a	n/a	n/a	doo	268.5438749	166	true	268.4980817	268.9235501
268.5438749	0.0	cv_transition	/intervals/trials	166	cv_transition_time	n/a	n/a	n/a	n/a	n/a	n/a	n/a	n/a	n/a	doo	268.5438749	166	true	268.4980817	268.9235501
269.6301906	0.4015474999999924	trials	/intervals/trials	167	start_time	n/a	n/a	n/a	n/a	n/a	n/a	n/a	n/a	n/a	woo	269.6963363	167	true	269.6301906	270.0317381
269.6963363	0.0	cv_transition	/intervals/trials	167	cv_transition_time	n/a	n/a	n/a	n/a	n/a	n/a	n/a	n/a	n/a	woo	269.6963363	167	true	269.6301906	270.0317381
271.8664238	0.5037374999999997	trials	/intervals/trials	168	start_time	n/a	n/a	n/a	n/a	n/a	n/a	n/a	n/a	n/a	raa	271.9987152	168	true	271.8664238	272.3701613
271.9987152	0.0	cv_transition	/intervals/trials	168	cv_transition_time	n/a	n/a	n/a	n/a	n/a	n/a	n/a	n/a	n/a	raa	271.9987152	168	true	271.8664238	272.3701613
272.9755151	0.6737001999999848	trials	/intervals/trials	169	start_time	n/a	n/a	n/a	n/a	n/a	n/a	n/a	n/a	n/a	shee	273.2196095	169	true	272.9755151	273.6492153
273.2196095	0.0	cv_transition	/intervals/trials	169	cv_transition_time	n/a	n/a	n/a	n/a	n/a	n/a	n/a	n/a	n/a	shee	273.2196095	169	true	272.9755151	273.6492153
274.2514848	0.5254461999999762	trials	/intervals/trials	170	start_time	n/a	n/a	n/a	n/a	n/a	n/a	n/a	n/a	n/a	yoo	274.3977685	170	true	274.2514848	274.776931
274.3977685	0.0	cv_transition	/intervals/trials	170	cv_transition_time	n/a	n/a	n/a	n/a	n/a	n/a	n/a	n/a	n/a	yoo	274.3977685	170	true	274.2514848	274.776931
275.7206823	0.4134128999999689	trials	/intervals/trials	171	start_time	n/a	n/a	n/a	n/a	n/a	n/a	n/a	n/a	n/a	baa	275.7372188	171	true	275.7206823	276.1340952
275.7372188	0.0	cv_transition	/intervals/trials	171	cv_transition_time	n/a	n/a	n/a	n/a	n/a	n/a	n/a	n/a	n/a	baa	275.7372188	171	true	275.7206823	276.1340952
276.7638584	0.5955900999999812	trials	/intervals/trials	172	start_time	n/a	n/a	n/a	n/a	n/a	n/a	n/a	n/a	n/a	zee	276.9786613	172	true	276.7638584	277.3594485
276.9786613	0.0	cv_transition	/intervals/trials	172	cv_transition_time	n/a	n/a	n/a	n/a	n/a	n/a	n/a	n/a	n/a	zee	276.9786613	172	true	276.7638584	277.3594485
278.1604408	0.5024712000000022	trials	/intervals/trials	173	start_time	n/a	n/a	n/a	n/a	n/a	n/a	n/a	n/a	n/a	gee	278.2113221	173	true	278.1604408	278.662912
278.2113221	0.0	cv_transition	/intervals/trials	173	cv_transition_time	n/a	n/a	n/a	n/a	n/a	n/a	n/a	n/a	n/a	gee	278.2113221	173	true	278.1604408	278.662912
279.4057606	0.5557329000000095	trials	/intervals/trials	174	start_time	n/a	n/a	n/a	n/a	n/a	n/a	n/a	n/a	n/a	kee	279.5227876	174	true	279.4057606	279.9614935
279.5227876	0.0	cv_transition	/intervals/trials	174	cv_transition_time	n/a	n/a	n/a	n/a	n/a	n/a	n/a	n/a	n/a	kee	279.5227876	174	true	279.4057606	279.9614935
280.4691798	0.6542024999999967	trials	/intervals/trials	175	start_time	n/a	n/a	n/a	n/a	n/a	n/a	n/a	n/a	n/a	ree	280.6065593	175	true	280.4691798	281.1233823
280.6065593	0.0	cv_transition	/intervals/trials	175	cv_transition_time	n/a	n/a	n/a	n/a	n/a	n/a	n/a	n/a	n/a	ree	280.6065593	175	true	280.4691798	281.1233823
281.6945629	0.6981097000000318	trials	/intervals/trials	176	start_time	n/a	n/a	n/a	n/a	n/a	n/a	n/a	n/a	n/a	thee	281.9044839	176	true	281.6945629	282.3926726
281.9044839	0.0	cv_transition	/intervals/trials	176	cv_transition_time	n/a	n/a	n/a	n/a	n/a	n/a	n/a	n/a	n/a	thee	281.9044839	176	true	281.6945629	282.3926726
282.985	0.5600000000000023	trials	/intervals/trials	177	start_time	n/a	n/a	n/a	n/a	n/a	n/a	n/a	n/a	n/a	voo	283.1325	177	true	282.985	283.545
283.1325	0.0	cv_transition	/intervals/trials	177	cv_transition_time	n/a	n/a	n/a	n/a	n/a	n/a	n/a	n/a	n/a	voo	283.1325	177	true	282.985	283.545
284.2825	0.5724999999999909	trials	/intervals/trials	178	start_time	n/a	n/a	n/a	n/a	n/a	n/a	n/a	n/a	n/a	noo	284.4239288	178	true	284.2825	284.855
284.4239288	0.0	cv_transition	/intervals/trials	178	cv_transition_time	n/a	n/a	n/a	n/a	n/a	n/a	n/a	n/a	n/a	noo	284.4239288	178	true	284.2825	284.855
285.75	0.45999999999997954	trials	/intervals/trials	179	start_time	n/a	n/a	n/a	n/a	n/a	n/a	n/a	n/a	n/a	dee	285.796452	179	true	285.75	286.21
285.796452	0.0	cv_transition	/intervals/trials	179	cv_transition_time	n/a	n/a	n/a	n/a	n/a	n/a	n/a	n/a	n/a	dee	285.796452	179	true	285.75	286.21
286.8942161	0.5782839000000308	trials	/intervals/trials	180	start_time	n/a	n/a	n/a	n/a	n/a	n/a	n/a	n/a	n/a	yee	286.9718101	180	true	286.8942161	287.4725
286.9718101	0.0	cv_transition	/intervals/trials	180	cv_transition_time	n/a	n/a	n/a	n/a	n/a	n/a	n/a	n/a	n/a	yee	286.9718101	180	true	286.8942161	287.4725
288.1102792	0.5662220000000389	trials	/intervals/trials	181	start_time	n/a	n/a	n/a	n/a	n/a	n/a	n/a	n/a	n/a	koo	288.233659	181	true	288.1102792	288.6765012
288.233659	0.0	cv_transition	/intervals/trials	181	cv_transition_time	n/a	n/a	n/a	n/a	n/a	n/a	n/a	n/a	n/a	koo	288.233659	181	true	288.1102792	288.6765012
289.2758365	0.705883799999981	trials	/intervals/trials	182	start_time	n/a	n/a	n/a	n/a	n/a	n/a	n/a	n/a	n/a	fee	289.5122409	182	true	289.2758365	289.9817203
289.5122409	0.0	cv_transition	/intervals/trials	182	cv_transition_time	n/a	n/a	n/a	n/a	n/a	n/a	n/a	n/a	n/a	fee	289.5122409	182	true	289.2758365	289.9817203
290.5977037	0.6193130999999994	trials	/intervals/trials	183	start_time	n/a	n/a	n/a	n/a	n/a	n/a	n/a	n/a	n/a	hee	290.7808339	183	true	290.5977037	291.2170168
290.7808339	0.0	cv_transition	/intervals/trials	183	cv_transition_time	n/a	n/a	n/a	n/a	n/a	n/a	n/a	n/a	n/a	hee	290.7808339	183	true	290.5977037	291.2170168
291.9595267	0.5527202999999759	trials	/intervals/trials	184	start_time	n/a	n/a	n/a	n/a	n/a	n/a	n/a	n/a	n/a	vaa	292.1359977	184	true	291.9595267	292.512247
292.1359977	0.0	cv_transition	/intervals/trials	184	cv_transition_time	n/a	n/a	n/a	n/a	n/a	n/a	n/a	n/a	n/a	vaa	292.1359977	184	true	291.9595267	292.512247
293.1984093	0.6190568000000098	trials	/intervals/trials	185	start_time	n/a	n/a	n/a	n/a	n/a	n/a	n/a	n/a	n/a	loo	293.4744402	185	true	293.1984093	293.8174661
293.4744402	0.0	cv_transition	/intervals/trials	185	cv_transition_time	n/a	n/a	n/a	n/a	n/a	n/a	n/a	n/a	n/a	loo	293.4744402	185	true	293.1984093	293.8174661
294.4119283	0.5509341000000063	trials	/intervals/trials	186	start_time	n/a	n/a	n/a	n/a	n/a	n/a	n/a	n/a	n/a	hoo	294.6001891	186	true	294.4119283	294.9628624
294.6001891	0.0	cv_transition	/intervals/trials	186	cv_transition_time	n/a	n/a	n/a	n/a	n/a	n/a	n/a	n/a	n/a	hoo	294.6001891	186	true	294.4119283	294.9628624
295.6776006	0.4306581999999821	trials	/intervals/trials	187	start_time	n/a	n/a	n/a	n/a	n/a	n/a	n/a	n/a	n/a	kaa	295.766643	187	true	295.6776006	296.1082588
295.766643	0.0	cv_transition	/intervals/trials	187	cv_transition_time	n/a	n/a	n/a	n/a	n/a	n/a	n/a	n/a	n/a	kaa	295.766643	187	true	295.6776006	296.1082588
296.8962078	0.4773142999999891	trials	/intervals/trials	188	start_time	n/a	n/a	n/a	n/a	n/a	n/a	n/a	n/a	n/a	poo	296.9725298	188	true	296.8962078	297.3735221
296.9725298	0.0	cv_transition	/intervals/trials	188	cv_transition_time	n/a	n/a	n/a	n/a	n/a	n/a	n/a	n/a	n/a	poo	296.9725298	188	true	296.8962078	297.3735221
298.0760763	0.4661495999999943	trials	/intervals/trials	189	start_time	n/a	n/a	n/a	n/a	n/a	n/a	n/a	n/a	n/a	bee	298.0931903	189	true	298.0760763	298.5422259
298.0931903	0.0	cv_transition	/intervals/trials	189	cv_transition_time	n/a	n/a	n/a	n/a	n/a	n/a	n/a	n/a	n/a	bee	298.0931903	189	true	298.0760763	298.5422259
299.2011308	0.5164583000000107	trials	/intervals/trials	190	start_time	n/a	n/a	n/a	n/a	n/a	n/a	n/a	n/a	n/a	paa	299.2672765	190	true	299.2011308	299.7175891
299.2672765	0.0	cv_transition	/intervals/trials	190	cv_transition_time	n/a	n/a	n/a	n/a	n/a	n/a	n/a	n/a	n/a	paa	299.2672765	190	true	299.2011308	299.7175891
300.3472321	0.4558197000000064	trials	/intervals/trials	191	start_time	n/a	n/a	n/a	n/a	n/a	n/a	n/a	n/a	n/a	taa	300.4400905	191	true	300.3472321	300.8030518
300.4400905	0.0	cv_transition	/intervals/trials	191	cv_transition_time	n/a	n/a	n/a	n/a	n/a	n/a	n/a	n/a	n/a	taa	300.4400905	191	true	300.3472321	300.8030518
301.4233716	0.5417247999999972	trials	/intervals/trials	192	start_time	n/a	n/a	n/a	n/a	n/a	n/a	n/a	n/a	n/a	naa	301.5747435	192	true	301.4233716	301.9650964
301.5747435	0.0	cv_transition	/intervals/trials	192	cv_transition_time	n/a	n/a	n/a	n/a	n/a	n/a	n/a	n/a	n/a	naa	301.5747435	192	true	301.4233716	301.9650964
302.5178166	0.6193130999999994	trials	/intervals/trials	193	start_time	n/a	n/a	n/a	n/a	n/a	n/a	n/a	n/a	n/a	saa	302.7542211	193	true	302.5178166	303.1371297
302.7542211	0.0	cv_transition	/intervals/trials	193	cv_transition_time	n/a	n/a	n/a	n/a	n/a	n/a	n/a	n/a	n/a	saa	302.7542211	193	true	302.5178166	303.1371297
303.6498944	0.6459502000000157	trials	/intervals/trials	194	start_time	n/a	n/a	n/a	n/a	n/a	n/a	n/a	n/a	n/a	shoo	303.9429028	194	true	303.6498944	304.2958446
303.9429028	0.0	cv_transition	/intervals/trials	194	cv_transition_time	n/a	n/a	n/a	n/a	n/a	n/a	n/a	n/a	n/a	shoo	303.9429028	194	true	303.6498944	304.2958446
304.9651025	0.562709199999972	trials	/intervals/trials	195	start_time	n/a	n/a	n/a	n/a	n/a	n/a	n/a	n/a	n/a	foo	305.154892	195	true	304.9651025	305.5278117
305.154892	0.0	cv_transition	/intervals/trials	195	cv_transition_time	n/a	n/a	n/a	n/a	n/a	n/a	n/a	n/a	n/a	foo	305.154892	195	true	304.9651025	305.5278117
307.4693421	0.44582189999999855	trials	/intervals/trials	196	start_time	n/a	n/a	n/a	n/a	n/a	n/a	n/a	n/a	n/a	daa	307.499871	196	true	307.4693421	307.915164
307.499871	0.0	cv_transition	/intervals/trials	196	cv_transition_time	n/a	n/a	n/a	n/a	n/a	n/a	n/a	n/a	n/a	daa	307.499871	196	true	307.4693421	307.915164
308.3890216	0.6748683000000142	trials	/intervals/trials	197	start_time	n/a	n/a	n/a	n/a	n/a	n/a	n/a	n/a	n/a	faa	308.6077292	197	true	308.3890216	309.0638899
308.6077292	0.0	cv_transition	/intervals/trials	197	cv_transition_time	n/a	n/a	n/a	n/a	n/a	n/a	n/a	n/a	n/a	faa	308.6077292	197	true	308.3890216	309.0638899
309.7132076	0.4860897000000364	trials	/intervals/trials	198	start_time	n/a	n/a	n/a	n/a	n/a	n/a	n/a	n/a	n/a	goo	309.7857133	198	true	309.7132076	310.1992973
309.7857133	0.0	cv_transition	/intervals/trials	198	cv_transition_time	n/a	n/a	n/a	n/a	n/a	n/a	n/a	n/a	n/a	goo	309.7857133	198	true	309.7132076	310.1992973
310.6850404	0.6862904000000185	trials	/intervals/trials	199	start_time	n/a	n/a	n/a	n/a	n/a	n/a	n/a	n/a	n/a	mee	311.0084	199	true	310.6850404	311.3713308
311.0084	0.0	cv_transition	/intervals/trials	199	cv_transition_time	n/a	n/a	n/a	n/a	n/a	n/a	n/a	n/a	n/a	mee	311.0084	199	true	310.6850404	311.3713308
312.8163948	0.7225318999999786	trials	/intervals/trials	200	start_time	n/a	n/a	n/a	n/a	n/a	n/a	n/a	n/a	n/a	zaa	313.0161731	200	true	312.8163948	313.5389267
313.0161731	0.0	cv_transition	/intervals/trials	200	cv_transition_time	n/a	n/a	n/a	n/a	n/a	n/a	n/a	n/a	n/a	zaa	313.0161731	200	true	312.8163948	313.5389267
313.925165	0.8390693000000056	trials	/intervals/trials	201	start_time	n/a	n/a	n/a	n/a	n/a	n/a	n/a	n/a	n/a	see	314.2781068	201	true	313.925165	314.7642343
314.2781068	0.0	cv_transition	/intervals/trials	201	cv_transition_time	n/a	n/a	n/a	n/a	n/a	n/a	n/a	n/a	n/a	see	314.2781068	201	true	313.925165	314.7642343
315.157132	0.6059946000000309	trials	/intervals/trials	202	start_time	n/a	n/a	n/a	n/a	n/a	n/a	n/a	n/a	n/a	zoo	315.4168439	202	true	315.157132	315.7631266
315.4168439	0.0	cv_transition	/intervals/trials	202	cv_transition_time	n/a	n/a	n/a	n/a	n/a	n/a	n/a	n/a	n/a	zoo	315.4168439	202	true	315.157132	315.7631266
316.4923178	0.4761386999999786	trials	/intervals/trials	203	start_time	n/a	n/a	n/a	n/a	n/a	n/a	n/a	n/a	n/a	too	316.6055256	203	true	316.4923178	316.9684565
316.6055256	0.0	cv_transition	/intervals/trials	203	cv_transition_time	n/a	n/a	n/a	n/a	n/a	n/a	n/a	n/a	n/a	too	316.6055256	203	true	316.4923178	316.9684565
317.5744509	0.5826872000000094	trials	/intervals/trials	204	start_time	n/a	n/a	n/a	n/a	n/a	n/a	n/a	n/a	n/a	vee	317.7376034	204	true	317.5744509	318.1571381
317.7376034	0.0	cv_transition	/intervals/trials	204	cv_transition_time	n/a	n/a	n/a	n/a	n/a	n/a	n/a	n/a	n/a	vee	317.7376034	204	true	317.5744509	318.1571381
318.6199581	0.6592688999999723	trials	/intervals/trials	205	start_time	n/a	n/a	n/a	n/a	n/a	n/a	n/a	n/a	n/a	thaa	318.8730107	205	true	318.6199581	319.279227
318.8730107	0.0	cv_transition	/intervals/trials	205	cv_transition_time	n/a	n/a	n/a	n/a	n/a	n/a	n/a	n/a	n/a	thaa	318.8730107	205	true	318.6199581	319.279227
319.9314448	0.5298045000000116	trials	/intervals/trials	206	start_time	n/a	n/a	n/a	n/a	n/a	n/a	n/a	n/a	n/a	moo	320.0802727	206	true	319.9314448	320.4612493
320.0802727	0.0	cv_transition	/intervals/trials	206	cv_transition_time	n/a	n/a	n/a	n/a	n/a	n/a	n/a	n/a	n/a	moo	320.0802727	206	true	319.9314448	320.4612493
321.0772328	0.6559392000000344	trials	/intervals/trials	207	start_time	n/a	n/a	n/a	n/a	n/a	n/a	n/a	n/a	n/a	thoo	321.3202966	207	true	321.0772328	321.733172
321.3202966	0.0	cv_transition	/intervals/trials	207	cv_transition_time	n/a	n/a	n/a	n/a	n/a	n/a	n/a	n/a	n/a	thoo	321.3202966	207	true	321.0772328	321.733172
322.2605364	0.5780761999999982	trials	/intervals/trials	208	start_time	n/a	n/a	n/a	n/a	n/a	n/a	n/a	n/a	n/a	nee	322.4322608	208	true	322.2605364	322.8386126
322.4322608	0.0	cv_transition	/intervals/trials	208	cv_transition_time	n/a	n/a	n/a	n/a	n/a	n/a	n/a	n/a	n/a	nee	322.4322608	208	true	322.2605364	322.8386126
323.6610442	0.3962169000000131	trials	/intervals/trials	209	start_time	n/a	n/a	n/a	n/a	n/a	n/a	n/a	n/a	n/a	boo	323.7017493	209	true	323.6610442	324.0572611
323.7017493	0.0	cv_transition	/intervals/trials	209	cv_transition_time	n/a	n/a	n/a	n/a	n/a	n/a	n/a	n/a	n/a	boo	323.7017493	209	true	323.6610442	324.0572611
325.0106707	0.49831360000001723	trials	/intervals/trials	210	start_time	n/a	n/a	n/a	n/a	n/a	n/a	n/a	n/a	n/a	laa	325.0920808	210	true	325.0106707	325.5089843
325.0920808	0.0	cv_transition	/intervals/trials	210	cv_transition_time	n/a	n/a	n/a	n/a	n/a	n/a	n/a	n/a	n/a	laa	325.0920808	210	true	325.0106707	325.5089843
326.0982586	0.5827591999999981	trials	/intervals/trials	211	start_time	n/a	n/a	n/a	n/a	n/a	n/a	n/a	n/a	n/a	maa	326.2947795	211	true	326.0982586	326.6810178
326.2947795	0.0	cv_transition	/intervals/trials	211	cv_transition_time	n/a	n/a	n/a	n/a	n/a	n/a	n/a	n/a	n/a	maa	326.2947795	211	true	326.0982586	326.6810178
327.1504971	0.6759170000000267	trials	/intervals/trials	212	start_time	n/a	n/a	n/a	n/a	n/a	n/a	n/a	n/a	n/a	soo	327.3902312	212	true	327.1504971	327.8264141
327.3902312	0.0	cv_transition	/intervals/trials	212	cv_transition_time	n/a	n/a	n/a	n/a	n/a	n/a	n/a	n/a	n/a	soo	327.3902312	212	true	327.1504971	327.8264141
328.3243154	0.6308468000000289	trials	/intervals/trials	213	start_time	n/a	n/a	n/a	n/a	n/a	n/a	n/a	n/a	n/a	roo	328.5278406	213	true	328.3243154	328.9551622
328.5278406	0.0	cv_transition	/intervals/trials	213	cv_transition_time	n/a	n/a	n/a	n/a	n/a	n/a	n/a	n/a	n/a	roo	328.5278406	213	true	328.3243154	328.9551622
329.5759955	0.5212334000000283	trials	/intervals/trials	214	start_time	n/a	n/a	n/a	n/a	n/a	n/a	n/a	n/a	n/a	tee	329.7070148	214	true	329.5759955	330.0972289
329.7070148	0.0	cv_transition	/intervals/trials	214	cv_transition_time	n/a	n/a	n/a	n/a	n/a	n/a	n/a	n/a	n/a	tee	329.7070148	214	true	329.5759955	330.0972289
330.6299714	0.5094349999999963	trials	/intervals/trials	215	start_time	n/a	n/a	n/a	n/a	n/a	n/a	n/a	n/a	n/a	haa	330.7431792	215	true	330.6299714	331.1394064
330.7431792	0.0	cv_transition	/intervals/trials	215	cv_transition_time	n/a	n/a	n/a	n/a	n/a	n/a	n/a	n/a	n/a	haa	330.7431792	215	true	330.6299714	331.1394064
331.7371787	0.5143276000000014	trials	/intervals/trials	216	start_time	n/a	n/a	n/a	n/a	n/a	n/a	n/a	n/a	n/a	waa	331.8147727	216	true	331.7371787	332.2515063
331.8147727	0.0	cv_transition	/intervals/trials	216	cv_transition_time	n/a	n/a	n/a	n/a	n/a	n/a	n/a	n/a	n/a	waa	331.8147727	216	true	331.7371787	332.2515063
332.9252571	0.5249196999999981	trials	/intervals/trials	217	start_time	n/a	n/a	n/a	n/a	n/a	n/a	n/a	n/a	n/a	pee	333.0550043	217	true	332.9252571	333.4501768
333.0550043	0.0	cv_transition	/intervals/trials	217	cv_transition_time	n/a	n/a	n/a	n/a	n/a	n/a	n/a	n/a	n/a	pee	333.0550043	217	true	332.9252571	333.4501768
334.0894678	0.5726981999999907	trials	/intervals/trials	218	start_time	n/a	n/a	n/a	n/a	n/a	n/a	n/a	n/a	n/a	lee	334.21001	218	true	334.0894678	334.662166
334.21001	0.0	cv_transition	/intervals/trials	218	cv_transition_time	n/a	n/a	n/a	n/a	n/a	n/a	n/a	n/a	n/a	lee	334.21001	218	true	334.0894678	334.662166
335.2734292	0.5774183999999991	trials	/intervals/trials	219	start_time	n/a	n/a	n/a	n/a	n/a	n/a	n/a	n/a	n/a	wee	335.3548393	219	true	335.2734292	335.8508476
335.3548393	0.0	cv_transition	/intervals/trials	219	cv_transition_time	n/a	n/a	n/a	n/a	n/a	n/a	n/a	n/a	n/a	wee	335.3548393	219	true	335.2734292	335.8508476
336.3813695	0.5915669999999977	trials	/intervals/trials	220	start_time	n/a	n/a	n/a	n/a	n/a	n/a	n/a	n/a	n/a	yaa	336.4971245	220	true	336.3813695	336.9729365
336.4971245	0.0	cv_transition	/intervals/trials	220	cv_transition_time	n/a	n/a	n/a	n/a	n/a	n/a	n/a	n/a	n/a	yaa	336.4971245	220	true	336.3813695	336.9729365
337.6022386	0.5094349999999963	trials	/intervals/trials	221	start_time	n/a	n/a	n/a	n/a	n/a	n/a	n/a	n/a	n/a	gaa	337.6721609	221	true	337.6022386	338.1116736
337.6721609	0.0	cv_transition	/intervals/trials	221	cv_transition_time	n/a	n/a	n/a	n/a	n/a	n/a	n/a	n/a	n/a	gaa	337.6721609	221	true	337.6022386	338.1116736
338.6144493	0.5960056000000122	trials	/intervals/trials	222	start_time	n/a	n/a	n/a	n/a	n/a	n/a	n/a	n/a	n/a	shaa	338.820887	222	true	338.6144493	339.2104549
338.820887	0.0	cv_transition	/intervals/trials	222	cv_transition_time	n/a	n/a	n/a	n/a	n/a	n/a	n/a	n/a	n/a	shaa	338.820887	222	true	338.6144493	339.2104549
339.879459	0.48971080000001166	trials	/intervals/trials	223	start_time	n/a	n/a	n/a	n/a	n/a	n/a	n/a	n/a	n/a	doo	339.9417884	223	true	339.879459	340.3691698
339.9417884	0.0	cv_transition	/intervals/trials	223	cv_transition_time	n/a	n/a	n/a	n/a	n/a	n/a	n/a	n/a	n/a	doo	339.9417884	223	true	339.879459	340.3691698
340.8856367	0.5431578999999829	trials	/intervals/trials	224	start_time	n/a	n/a	n/a	n/a	n/a	n/a	n/a	n/a	n/a	woo	340.9823111	224	true	340.8856367	341.4287946
340.9823111	0.0	cv_transition	/intervals/trials	224	cv_transition_time	n/a	n/a	n/a	n/a	n/a	n/a	n/a	n/a	n/a	woo	340.9823111	224	true	340.8856367	341.4287946
343.126958	0.6484340999999745	trials	/intervals/trials	225	start_time	n/a	n/a	n/a	n/a	n/a	n/a	n/a	n/a	n/a	raa	343.2719696	225	true	343.126958	343.7753921
343.2719696	0.0	cv_transition	/intervals/trials	225	cv_transition_time	n/a	n/a	n/a	n/a	n/a	n/a	n/a	n/a	n/a	raa	343.2719696	225	true	343.126958	343.7753921
344.0184558	0.8856842999999799	trials	/intervals/trials	226	start_time	n/a	n/a	n/a	n/a	n/a	n/a	n/a	n/a	n/a	shee	344.3214531	226	true	344.0184558	344.9041401
344.3214531	0.0	cv_transition	/intervals/trials	226	cv_transition_time	n/a	n/a	n/a	n/a	n/a	n/a	n/a	n/a	n/a	shee	344.3214531	226	true	344.0184558	344.9041401
345.2652447	0.6311284000000228	trials	/intervals/trials	227	start_time	n/a	n/a	n/a	n/a	n/a	n/a	n/a	n/a	n/a	yoo	345.4102564	227	true	345.2652447	345.8963731
345.4102564	0.0	cv_transition	/intervals/trials	227	cv_transition_time	n/a	n/a	n/a	n/a	n/a	n/a	n/a	n/a	n/a	yoo	345.4102564	227	true	345.2652447	345.8963731
346.529645	0.528772599999968	trials	/intervals/trials	228	start_time	n/a	n/a	n/a	n/a	n/a	n/a	n/a	n/a	n/a	baa	346.5525416	228	true	346.529645	347.0584176
346.5525416	0.0	cv_transition	/intervals/trials	228	cv_transition_time	n/a	n/a	n/a	n/a	n/a	n/a	n/a	n/a	n/a	baa	346.5525416	228	true	346.529645	347.0584176
347.4461443	0.74347819999997	trials	/intervals/trials	229	start_time	n/a	n/a	n/a	n/a	n/a	n/a	n/a	n/a	n/a	zee	347.6879258	229	true	347.4461443	348.1896225
347.6879258	0.0	cv_transition	/intervals/trials	229	cv_transition_time	n/a	n/a	n/a	n/a	n/a	n/a	n/a	n/a	n/a	zee	347.6879258	229	true	347.4461443	348.1896225
348.6615715	0.5979343000000199	trials	/intervals/trials	230	start_time	n/a	n/a	n/a	n/a	n/a	n/a	n/a	n/a	n/a	gee	348.7340774	230	true	348.6615715	349.2595058
348.7340774	0.0	cv_transition	/intervals/trials	230	cv_transition_time	n/a	n/a	n/a	n/a	n/a	n/a	n/a	n/a	n/a	gee	348.7340774	230	true	348.6615715	349.2595058
349.7684561	0.6080805999999939	trials	/intervals/trials	231	start_time	n/a	n/a	n/a	n/a	n/a	n/a	n/a	n/a	n/a	kee	349.9062716	231	true	349.7684561	350.3765367
349.9062716	0.0	cv_transition	/intervals/trials	231	cv_transition_time	n/a	n/a	n/a	n/a	n/a	n/a	n/a	n/a	n/a	kee	349.9062716	231	true	349.7684561	350.3765367
350.7337125	0.6039058999999725	trials	/intervals/trials	232	start_time	n/a	n/a	n/a	n/a	n/a	n/a	n/a	n/a	n/a	ree	350.9677665	232	true	350.7337125	351.3376184
350.9677665	0.0	cv_transition	/intervals/trials	232	cv_transition_time	n/a	n/a	n/a	n/a	n/a	n/a	n/a	n/a	n/a	ree	350.9677665	232	true	350.7337125	351.3376184
351.8719557	0.5875292000000059	trials	/intervals/trials	233	start_time	n/a	n/a	n/a	n/a	n/a	n/a	n/a	n/a	n/a	thee	352.0484561	233	true	351.8719557	352.4594849
352.0484561	0.0	cv_transition	/intervals/trials	233	cv_transition_time	n/a	n/a	n/a	n/a	n/a	n/a	n/a	n/a	n/a	thee	352.0484561	233	true	351.8719557	352.4594849
353.0017464	0.5977384999999913	trials	/intervals/trials	234	start_time	n/a	n/a	n/a	n/a	n/a	n/a	n/a	n/a	n/a	voo	353.2141759	234	true	353.0017464	353.5994849
353.2141759	0.0	cv_transition	/intervals/trials	234	cv_transition_time	n/a	n/a	n/a	n/a	n/a	n/a	n/a	n/a	n/a	voo	353.2141759	234	true	353.0017464	353.5994849
354.1771046	0.5732605000000035	trials	/intervals/trials	235	start_time	n/a	n/a	n/a	n/a	n/a	n/a	n/a	n/a	n/a	noo	354.3411966	235	true	354.1771046	354.7503651
354.3411966	0.0	cv_transition	/intervals/trials	235	cv_transition_time	n/a	n/a	n/a	n/a	n/a	n/a	n/a	n/a	n/a	noo	354.3411966	235	true	354.1771046	354.7503651
355.3511906	0.4835646999999881	trials	/intervals/trials	236	start_time	n/a	n/a	n/a	n/a	n/a	n/a	n/a	n/a	n/a	dee	355.3982558	236	true	355.3511906	355.8347553
355.3982558	0.0	cv_transition	/intervals/trials	236	cv_transition_time	n/a	n/a	n/a	n/a	n/a	n/a	n/a	n/a	n/a	dee	355.3982558	236	true	355.3511906	355.8347553
356.3715105	0.47872749999999087	trials	/intervals/trials	237	start_time	n/a	n/a	n/a	n/a	n/a	n/a	n/a	n/a	n/a	yee	356.5165793	237	true	356.3715105	356.850238
356.5165793	0.0	cv_transition	/intervals/trials	237	cv_transition_time	n/a	n/a	n/a	n/a	n/a	n/a	n/a	n/a	n/a	yee	356.5165793	237	true	356.3715105	356.850238
357.3882019	0.495652199999995	trials	/intervals/trials	238	start_time	n/a	n/a	n/a	n/a	n/a	n/a	n/a	n/a	n/a	koo	357.5115105	238	true	357.3882019	357.8838541
357.5115105	0.0	cv_transition	/intervals/trials	238	cv_transition_time	n/a	n/a	n/a	n/a	n/a	n/a	n/a	n/a	n/a	koo	357.5115105	238	true	357.3882019	357.8838541
358.3782974	0.5911558999999897	trials	/intervals/trials	239	start_time	n/a	n/a	n/a	n/a	n/a	n/a	n/a	n/a	n/a	fee	358.5656781	239	true	358.3782974	358.9694533
358.5656781	0.0	cv_transition	/intervals/trials	239	cv_transition_time	n/a	n/a	n/a	n/a	n/a	n/a	n/a	n/a	n/a	fee	358.5656781	239	true	358.3782974	358.9694533
359.4675233	0.5766490999999974	trials	/intervals/trials	240	start_time	n/a	n/a	n/a	n/a	n/a	n/a	n/a	n/a	n/a	hee	359.6258903	240	true	359.4675233	360.0441724
359.6258903	0.0	cv_transition	/intervals/trials	240	cv_transition_time	n/a	n/a	n/a	n/a	n/a	n/a	n/a	n/a	n/a	hee	359.6258903	240	true	359.4675233	360.0441724
360.5448994	0.5884988999999905	trials	/intervals/trials	241	start_time	n/a	n/a	n/a	n/a	n/a	n/a	n/a	n/a	n/a	vaa	360.7522406	241	true	360.5448994	361.1333983
360.7522406	0.0	cv_transition	/intervals/trials	241	cv_transition_time	n/a	n/a	n/a	n/a	n/a	n/a	n/a	n/a	n/a	vaa	360.7522406	241	true	360.5448994	361.1333983
361.663016	0.5426834999999528	trials	/intervals/trials	242	start_time	n/a	n/a	n/a	n/a	n/a	n/a	n/a	n/a	n/a	loo	361.8466539	242	true	361.663016	362.2056995
361.8466539	0.0	cv_transition	/intervals/trials	242	cv_transition_time	n/a	n/a	n/a	n/a	n/a	n/a	n/a	n/a	n/a	loo	361.8466539	242	true	361.663016	362.2056995
362.6783823	0.5282928999999967	trials	/intervals/trials	243	start_time	n/a	n/a	n/a	n/a	n/a	n/a	n/a	n/a	n/a	hoo	362.8186158	243	true	362.6783823	363.2066752
362.8186158	0.0	cv_transition	/intervals/trials	243	cv_transition_time	n/a	n/a	n/a	n/a	n/a	n/a	n/a	n/a	n/a	hoo	362.8186158	243	true	362.6783823	363.2066752
364.1810547	0.4364158000000202	trials	/intervals/trials	244	start_time	n/a	n/a	n/a	n/a	n/a	n/a	n/a	n/a	n/a	kaa	364.2826031	244	true	364.1810547	364.6174705
364.2826031	0.0	cv_transition	/intervals/trials	244	cv_transition_time	n/a	n/a	n/a	n/a	n/a	n/a	n/a	n/a	n/a	kaa	364.2826031	244	true	364.1810547	364.6174705
365.5483294	0.4497137999999836	trials	/intervals/trials	245	start_time	n/a	n/a	n/a	n/a	n/a	n/a	n/a	n/a	n/a	poo	365.64746	245	true	365.5483294	365.9980432
365.64746	0.0	cv_transition	/intervals/trials	245	cv_transition_time	n/a	n/a	n/a	n/a	n/a	n/a	n/a	n/a	n/a	poo	365.64746	245	true	365.5483294	365.9980432
366.9673916	0.4136422000000266	trials	/intervals/trials	246	start_time	n/a	n/a	n/a	n/a	n/a	n/a	n/a	n/a	n/a	bee	366.983928	246	true	366.9673916	367.3810338
366.983928	0.0	cv_transition	/intervals/trials	246	cv_transition_time	n/a	n/a	n/a	n/a	n/a	n/a	n/a	n/a	n/a	bee	366.983928	246	true	366.9673916	367.3810338
368.1338454	0.47664760000003525	trials	/intervals/trials	247	start_time	n/a	n/a	n/a	n/a	n/a	n/a	n/a	n/a	n/a	paa	368.2114393	247	true	368.1338454	368.610493
368.2114393	0.0	cv_transition	/intervals/trials	247	cv_transition_time	n/a	n/a	n/a	n/a	n/a	n/a	n/a	n/a	n/a	paa	368.2114393	247	true	368.1338454	368.610493
369.2545061	0.48510679999998274	trials	/intervals/trials	248	start_time	n/a	n/a	n/a	n/a	n/a	n/a	n/a	n/a	n/a	taa	369.3626289	248	true	369.2545061	369.7396129
369.3626289	0.0	cv_transition	/intervals/trials	248	cv_transition_time	n/a	n/a	n/a	n/a	n/a	n/a	n/a	n/a	n/a	taa	369.3626289	248	true	369.2545061	369.7396129
370.4158718	0.5266043000000309	trials	/intervals/trials	249	start_time	n/a	n/a	n/a	n/a	n/a	n/a	n/a	n/a	n/a	naa	370.540531	249	true	370.4158718	370.9424761
370.540531	0.0	cv_transition	/intervals/trials	249	cv_transition_time	n/a	n/a	n/a	n/a	n/a	n/a	n/a	n/a	n/a	naa	370.540531	249	true	370.4158718	370.9424761
371.5686904	0.6068716999999992	trials	/intervals/trials	250	start_time	n/a	n/a	n/a	n/a	n/a	n/a	n/a	n/a	n/a	saa	371.7911294	250	true	371.5686904	372.1755621
371.7911294	0.0	cv_transition	/intervals/trials	250	cv_transition_time	n/a	n/a	n/a	n/a	n/a	n/a	n/a	n/a	n/a	saa	371.7911294	250	true	371.5686904	372.1755621
372.8283723	0.5585153999999761	trials	/intervals/trials	251	start_time	n/a	n/a	n/a	n/a	n/a	n/a	n/a	n/a	n/a	shoo	373.0629004	251	true	372.8283723	373.3868877
373.0629004	0.0	cv_transition	/intervals/trials	251	cv_transition_time	n/a	n/a	n/a	n/a	n/a	n/a	n/a	n/a	n/a	shoo	373.0629004	251	true	372.8283723	373.3868877
374.051787	0.4545492999999965	trials	/intervals/trials	252	start_time	n/a	n/a	n/a	n/a	n/a	n/a	n/a	n/a	n/a	foo	374.2210341	252	true	374.051787	374.5063363
374.2210341	0.0	cv_transition	/intervals/trials	252	cv_transition_time	n/a	n/a	n/a	n/a	n/a	n/a	n/a	n/a	n/a	foo	374.2210341	252	true	374.051787	374.5063363
375.3106529	0.3671149000000469	trials	/intervals/trials	253	start_time	n/a	n/a	n/a	n/a	n/a	n/a	n/a	n/a	n/a	daa	375.3411817	253	true	375.3106529	375.6777678
375.3411817	0.0	cv_transition	/intervals/trials	253	cv_transition_time	n/a	n/a	n/a	n/a	n/a	n/a	n/a	n/a	n/a	daa	375.3411817	253	true	375.3106529	375.6777678
376.3350966	0.5538642000000209	trials	/intervals/trials	254	start_time	n/a	n/a	n/a	n/a	n/a	n/a	n/a	n/a	n/a	faa	376.5542268	254	true	376.3350966	376.8889608
376.5542268	0.0	cv_transition	/intervals/trials	254	cv_transition_time	n/a	n/a	n/a	n/a	n/a	n/a	n/a	n/a	n/a	faa	376.5542268	254	true	376.3350966	376.8889608
377.7058902	0.398638300000016	trials	/intervals/trials	255	start_time	n/a	n/a	n/a	n/a	n/a	n/a	n/a	n/a	n/a	goo	377.7618596	255	true	377.7058902	378.1045285
377.7618596	0.0	cv_transition	/intervals/trials	255	cv_transition_time	n/a	n/a	n/a	n/a	n/a	n/a	n/a	n/a	n/a	goo	377.7618596	255	true	377.7058902	378.1045285
378.7947018	0.5719811000000163	trials	/intervals/trials	256	start_time	n/a	n/a	n/a	n/a	n/a	n/a	n/a	n/a	n/a	mee	379.0319488	256	true	378.7947018	379.3666829
379.0319488	0.0	cv_transition	/intervals/trials	256	cv_transition_time	n/a	n/a	n/a	n/a	n/a	n/a	n/a	n/a	n/a	mee	379.0319488	256	true	378.7947018	379.3666829
379.9891886	0.6146299000000113	trials	/intervals/trials	257	start_time	n/a	n/a	n/a	n/a	n/a	n/a	n/a	n/a	n/a	zaa	380.1914418	257	true	379.9891886	380.6038185
380.1914418	0.0	cv_transition	/intervals/trials	257	cv_transition_time	n/a	n/a	n/a	n/a	n/a	n/a	n/a	n/a	n/a	zaa	380.1914418	257	true	379.9891886	380.6038185
381.2146218	0.6513510000000338	trials	/intervals/trials	258	start_time	n/a	n/a	n/a	n/a	n/a	n/a	n/a	n/a	n/a	see	381.4441043	258	true	381.2146218	381.8659728
381.4441043	0.0	cv_transition	/intervals/trials	258	cv_transition_time	n/a	n/a	n/a	n/a	n/a	n/a	n/a	n/a	n/a	see	381.4441043	258	true	381.2146218	381.8659728
382.4508947	0.5814708999999993	trials	/intervals/trials	259	start_time	n/a	n/a	n/a	n/a	n/a	n/a	n/a	n/a	n/a	zoo	382.6821028	259	true	382.4508947	383.0323656
382.6821028	0.0	cv_transition	/intervals/trials	259	cv_transition_time	n/a	n/a	n/a	n/a	n/a	n/a	n/a	n/a	n/a	zoo	382.6821028	259	true	382.4508947	383.0323656
383.6933473	0.46400079999995114	trials	/intervals/trials	260	start_time	n/a	n/a	n/a	n/a	n/a	n/a	n/a	n/a	n/a	tee	383.8040141	260	true	383.6933473	384.1573481
383.8040141	0.0	cv_transition	/intervals/trials	260	cv_transition_time	n/a	n/a	n/a	n/a	n/a	n/a	n/a	n/a	n/a	tee	383.8040141	260	true	383.6933473	384.1573481
384.7508972	0.5271197999999799	trials	/intervals/trials	261	start_time	n/a	n/a	n/a	n/a	n/a	n/a	n/a	n/a	n/a	vee	384.9087743	261	true	384.7508972	385.278017
384.9087743	0.0	cv_transition	/intervals/trials	261	cv_transition_time	n/a	n/a	n/a	n/a	n/a	n/a	n/a	n/a	n/a	vee	384.9087743	261	true	384.7508972	385.278017
385.765	0.5950000000000273	trials	/intervals/trials	262	start_time	n/a	n/a	n/a	n/a	n/a	n/a	n/a	n/a	n/a	thaa	385.97	262	true	385.765	386.36
385.97	0.0	cv_transition	/intervals/trials	262	cv_transition_time	n/a	n/a	n/a	n/a	n/a	n/a	n/a	n/a	n/a	thaa	385.97	262	true	385.765	386.36
386.8675	0.5799999999999841	trials	/intervals/trials	263	start_time	n/a	n/a	n/a	n/a	n/a	n/a	n/a	n/a	n/a	moo	387.045	263	true	386.8675	387.4475
387.045	0.0	cv_transition	/intervals/trials	263	cv_transition_time	n/a	n/a	n/a	n/a	n/a	n/a	n/a	n/a	n/a	moo	387.045	263	true	386.8675	387.4475
388.01	0.6650000000000205	trials	/intervals/trials	264	start_time	n/a	n/a	n/a	n/a	n/a	n/a	n/a	n/a	n/a	thoo	388.2025	264	true	388.01	388.675
388.2025	0.0	cv_transition	/intervals/trials	264	cv_transition_time	n/a	n/a	n/a	n/a	n/a	n/a	n/a	n/a	n/a	thoo	388.2025	264	true	388.01	388.675
389.1122059	0.6702941000000351	trials	/intervals/trials	265	start_time	n/a	n/a	n/a	n/a	n/a	n/a	n/a	n/a	n/a	nee	389.355	265	true	389.1122059	389.7825
389.355	0.0	cv_transition	/intervals/trials	265	cv_transition_time	n/a	n/a	n/a	n/a	n/a	n/a	n/a	n/a	n/a	nee	389.355	265	true	389.1122059	389.7825
390.4745527	0.43044720000000325	trials	/intervals/trials	266	start_time	n/a	n/a	n/a	n/a	n/a	n/a	n/a	n/a	n/a	boo	390.4999934	266	true	390.4745527	390.9049999
390.4999934	0.0	cv_transition	/intervals/trials	266	cv_transition_time	n/a	n/a	n/a	n/a	n/a	n/a	n/a	n/a	n/a	boo	390.4999934	266	true	390.4745527	390.9049999
391.4107686	0.5917314000000147	trials	/intervals/trials	267	start_time	n/a	n/a	n/a	n/a	n/a	n/a	n/a	n/a	n/a	laa	391.5952134	267	true	391.4107686	392.0025
391.5952134	0.0	cv_transition	/intervals/trials	267	cv_transition_time	n/a	n/a	n/a	n/a	n/a	n/a	n/a	n/a	n/a	laa	391.5952134	267	true	391.4107686	392.0025
392.48182	0.5456798999999819	trials	/intervals/trials	268	start_time	n/a	n/a	n/a	n/a	n/a	n/a	n/a	n/a	n/a	maa	392.676441	268	true	392.48182	393.0274999
392.676441	0.0	cv_transition	/intervals/trials	268	cv_transition_time	n/a	n/a	n/a	n/a	n/a	n/a	n/a	n/a	n/a	maa	392.676441	268	true	392.48182	393.0274999
393.5388791	0.6486209000000258	trials	/intervals/trials	269	start_time	n/a	n/a	n/a	n/a	n/a	n/a	n/a	n/a	n/a	soo	393.8	269	true	393.5388791	394.1875
393.8	0.0	cv_transition	/intervals/trials	269	cv_transition_time	n/a	n/a	n/a	n/a	n/a	n/a	n/a	n/a	n/a	soo	393.8	269	true	393.5388791	394.1875
394.6277389	0.612261100000012	trials	/intervals/trials	270	start_time	n/a	n/a	n/a	n/a	n/a	n/a	n/a	n/a	n/a	roo	394.7511261	270	true	394.6277389	395.24
394.7511261	0.0	cv_transition	/intervals/trials	270	cv_transition_time	n/a	n/a	n/a	n/a	n/a	n/a	n/a	n/a	n/a	roo	394.7511261	270	true	394.6277389	395.24
395.8575	0.5049999999999955	trials	/intervals/trials	271	start_time	n/a	n/a	n/a	n/a	n/a	n/a	n/a	n/a	n/a	tee	395.975	271	true	395.8575	396.3625
395.975	0.0	cv_transition	/intervals/trials	271	cv_transition_time	n/a	n/a	n/a	n/a	n/a	n/a	n/a	n/a	n/a	tee	395.975	271	true	395.8575	396.3625
396.8575	0.5049999999999955	trials	/intervals/trials	272	start_time	n/a	n/a	n/a	n/a	n/a	n/a	n/a	n/a	n/a	haa	396.99	272	true	396.8575	397.3625
396.99	0.0	cv_transition	/intervals/trials	272	cv_transition_time	n/a	n/a	n/a	n/a	n/a	n/a	n/a	n/a	n/a	haa	396.99	272	true	396.8575	397.3625
397.8930463	0.5369537000000264	trials	/intervals/trials	273	start_time	n/a	n/a	n/a	n/a	n/a	n/a	n/a	n/a	n/a	waa	398.0100733	273	true	397.8930463	398.43
398.0100733	0.0	cv_transition	/intervals/trials	273	cv_transition_time	n/a	n/a	n/a	n/a	n/a	n/a	n/a	n/a	n/a	waa	398.0100733	273	true	397.8930463	398.43
399.0556841	0.44681589999999005	trials	/intervals/trials	274	start_time	n/a	n/a	n/a	n/a	n/a	n/a	n/a	n/a	n/a	pee	399.1375	274	true	399.0556841	399.5025
399.1375	0.0	cv_transition	/intervals/trials	274	cv_transition_time	n/a	n/a	n/a	n/a	n/a	n/a	n/a	n/a	n/a	pee	399.1375	274	true	399.0556841	399.5025
400.085	0.5200000000000387	trials	/intervals/trials	275	start_time	n/a	n/a	n/a	n/a	n/a	n/a	n/a	n/a	n/a	lee	400.1788888	275	true	400.085	400.605
400.1788888	0.0	cv_transition	/intervals/trials	275	cv_transition_time	n/a	n/a	n/a	n/a	n/a	n/a	n/a	n/a	n/a	lee	400.1788888	275	true	400.085	400.605
401.083304	0.5366960000000063	trials	/intervals/trials	276	start_time	n/a	n/a	n/a	n/a	n/a	n/a	n/a	n/a	n/a	wee	401.1736183	276	true	401.083304	401.62
401.1736183	0.0	cv_transition	/intervals/trials	276	cv_transition_time	n/a	n/a	n/a	n/a	n/a	n/a	n/a	n/a	n/a	wee	401.1736183	276	true	401.083304	401.62
402.2325	0.4975000000000023	trials	/intervals/trials	277	start_time	n/a	n/a	n/a	n/a	n/a	n/a	n/a	n/a	n/a	haa	402.3525	277	true	402.2325	402.73
402.3525	0.0	cv_transition	/intervals/trials	277	cv_transition_time	n/a	n/a	n/a	n/a	n/a	n/a	n/a	n/a	n/a	haa	402.3525	277	true	402.2325	402.73
403.2475	0.4674999000000071	trials	/intervals/trials	278	start_time	n/a	n/a	n/a	n/a	n/a	n/a	n/a	n/a	n/a	gaa	403.3125	278	true	403.2475	403.7149999
403.3125	0.0	cv_transition	/intervals/trials	278	cv_transition_time	n/a	n/a	n/a	n/a	n/a	n/a	n/a	n/a	n/a	gaa	403.3125	278	true	403.2475	403.7149999
404.2075	0.5825000000000387	trials	/intervals/trials	279	start_time	n/a	n/a	n/a	n/a	n/a	n/a	n/a	n/a	n/a	shaa	404.41	279	true	404.2075	404.79
404.41	0.0	cv_transition	/intervals/trials	279	cv_transition_time	n/a	n/a	n/a	n/a	n/a	n/a	n/a	n/a	n/a	shaa	404.41	279	true	404.2075	404.79
405.4730881	0.45441190000002507	trials	/intervals/trials	280	start_time	n/a	n/a	n/a	n/a	n/a	n/a	n/a	n/a	n/a	doo	405.5137933	280	true	405.4730881	405.9275
405.5137933	0.0	cv_transition	/intervals/trials	280	cv_transition_time	n/a	n/a	n/a	n/a	n/a	n/a	n/a	n/a	n/a	doo	405.5137933	280	true	405.4730881	405.9275
406.3724152	0.4425848000000201	trials	/intervals/trials	281	start_time	n/a	n/a	n/a	n/a	n/a	n/a	n/a	n/a	n/a	woo	406.4232965	281	true	406.3724152	406.815
406.4232965	0.0	cv_transition	/intervals/trials	281	cv_transition_time	n/a	n/a	n/a	n/a	n/a	n/a	n/a	n/a	n/a	woo	406.4232965	281	true	406.3724152	406.815
409.6733396	0.506660399999987	trials	/intervals/trials	282	start_time	n/a	n/a	n/a	n/a	n/a	n/a	n/a	n/a	n/a	raa	409.8285276	282	true	409.6733396	410.18
409.8285276	0.0	cv_transition	/intervals/trials	282	cv_transition_time	n/a	n/a	n/a	n/a	n/a	n/a	n/a	n/a	n/a	raa	409.8285276	282	true	409.6733396	410.18
410.585	0.6050000000000182	trials	/intervals/trials	283	start_time	n/a	n/a	n/a	n/a	n/a	n/a	n/a	n/a	n/a	shee	410.785	283	true	410.585	411.19
410.785	0.0	cv_transition	/intervals/trials	283	cv_transition_time	n/a	n/a	n/a	n/a	n/a	n/a	n/a	n/a	n/a	shee	410.785	283	true	410.585	411.19
411.7492966	0.4882034000000317	trials	/intervals/trials	284	start_time	n/a	n/a	n/a	n/a	n/a	n/a	n/a	n/a	n/a	yoo	411.838339	284	true	411.7492966	412.2375
411.838339	0.0	cv_transition	/intervals/trials	284	cv_transition_time	n/a	n/a	n/a	n/a	n/a	n/a	n/a	n/a	n/a	yoo	411.838339	284	true	411.7492966	412.2375
412.8597811	0.375218899999993	trials	/intervals/trials	285	start_time	n/a	n/a	n/a	n/a	n/a	n/a	n/a	n/a	n/a	baa	412.8712294	285	true	412.8597811	413.235
412.8712294	0.0	cv_transition	/intervals/trials	285	cv_transition_time	n/a	n/a	n/a	n/a	n/a	n/a	n/a	n/a	n/a	baa	412.8712294	285	true	412.8597811	413.235
413.785	0.5299862999999618	trials	/intervals/trials	286	start_time	n/a	n/a	n/a	n/a	n/a	n/a	n/a	n/a	n/a	zee	413.9649999	286	true	413.785	414.3149863
413.9649999	0.0	cv_transition	/intervals/trials	286	cv_transition_time	n/a	n/a	n/a	n/a	n/a	n/a	n/a	n/a	n/a	zee	413.9649999	286	true	413.785	414.3149863
414.955	0.4700000000000273	trials	/intervals/trials	287	start_time	n/a	n/a	n/a	n/a	n/a	n/a	n/a	n/a	n/a	gee	415.015	287	true	414.955	415.425
415.015	0.0	cv_transition	/intervals/trials	287	cv_transition_time	n/a	n/a	n/a	n/a	n/a	n/a	n/a	n/a	n/a	gee	415.015	287	true	414.955	415.425
416.035	0.48999999999995225	trials	/intervals/trials	288	start_time	n/a	n/a	n/a	n/a	n/a	n/a	n/a	n/a	n/a	kee	416.1314488	288	true	416.035	416.525
416.1314488	0.0	cv_transition	/intervals/trials	288	cv_transition_time	n/a	n/a	n/a	n/a	n/a	n/a	n/a	n/a	n/a	kee	416.1314488	288	true	416.035	416.525
417.0371358	0.5728642000000264	trials	/intervals/trials	289	start_time	n/a	n/a	n/a	n/a	n/a	n/a	n/a	n/a	n/a	ree	417.1872358	289	true	417.0371358	417.61
417.1872358	0.0	cv_transition	/intervals/trials	289	cv_transition_time	n/a	n/a	n/a	n/a	n/a	n/a	n/a	n/a	n/a	ree	417.1872358	289	true	417.0371358	417.61
418.1425	0.6100000000000136	trials	/intervals/trials	290	start_time	n/a	n/a	n/a	n/a	n/a	n/a	n/a	n/a	n/a	thee	418.32	290	true	418.1425	418.7525
418.32	0.0	cv_transition	/intervals/trials	290	cv_transition_time	n/a	n/a	n/a	n/a	n/a	n/a	n/a	n/a	n/a	thee	418.32	290	true	418.1425	418.7525
419.38	0.5275000000000318	trials	/intervals/trials	291	start_time	n/a	n/a	n/a	n/a	n/a	n/a	n/a	n/a	n/a	voo	419.5025	291	true	419.38	419.9075
419.5025	0.0	cv_transition	/intervals/trials	291	cv_transition_time	n/a	n/a	n/a	n/a	n/a	n/a	n/a	n/a	n/a	voo	419.5025	291	true	419.38	419.9075
420.5326813	0.5373187000000144	trials	/intervals/trials	292	start_time	n/a	n/a	n/a	n/a	n/a	n/a	n/a	n/a	n/a	noo	420.6738768	292	true	420.5326813	421.07
420.6738768	0.0	cv_transition	/intervals/trials	292	cv_transition_time	n/a	n/a	n/a	n/a	n/a	n/a	n/a	n/a	n/a	noo	420.6738768	292	true	420.5326813	421.07
421.69	0.4975000000000023	trials	/intervals/trials	293	start_time	n/a	n/a	n/a	n/a	n/a	n/a	n/a	n/a	n/a	dee	421.7325	293	true	421.69	422.1875
421.7325	0.0	cv_transition	/intervals/trials	293	cv_transition_time	n/a	n/a	n/a	n/a	n/a	n/a	n/a	n/a	n/a	dee	421.7325	293	true	421.69	422.1875
422.7345696	0.5354303999999956	trials	/intervals/trials	294	start_time	n/a	n/a	n/a	n/a	n/a	n/a	n/a	n/a	n/a	yee	422.8159797	294	true	422.7345696	423.27
422.8159797	0.0	cv_transition	/intervals/trials	294	cv_transition_time	n/a	n/a	n/a	n/a	n/a	n/a	n/a	n/a	n/a	yee	422.8159797	294	true	422.7345696	423.27
423.8575	0.5224999999999795	trials	/intervals/trials	295	start_time	n/a	n/a	n/a	n/a	n/a	n/a	n/a	n/a	n/a	koo	423.9825	295	true	423.8575	424.38
423.9825	0.0	cv_transition	/intervals/trials	295	cv_transition_time	n/a	n/a	n/a	n/a	n/a	n/a	n/a	n/a	n/a	koo	423.9825	295	true	423.8575	424.38
424.91	0.6149999999999523	trials	/intervals/trials	296	start_time	n/a	n/a	n/a	n/a	n/a	n/a	n/a	n/a	n/a	fee	425.1175	296	true	424.91	425.525
425.1175	0.0	cv_transition	/intervals/trials	296	cv_transition_time	n/a	n/a	n/a	n/a	n/a	n/a	n/a	n/a	n/a	fee	425.1175	296	true	424.91	425.525
426.0175	0.6000000000000227	trials	/intervals/trials	297	start_time	n/a	n/a	n/a	n/a	n/a	n/a	n/a	n/a	n/a	hee	426.1725	297	true	426.0175	426.6175
426.1725	0.0	cv_transition	/intervals/trials	297	cv_transition_time	n/a	n/a	n/a	n/a	n/a	n/a	n/a	n/a	n/a	hee	426.1725	297	true	426.0175	426.6175
427.1825	0.5024999999999977	trials	/intervals/trials	298	start_time	n/a	n/a	n/a	n/a	n/a	n/a	n/a	n/a	n/a	vaa	427.3075	298	true	427.1825	427.685
427.3075	0.0	cv_transition	/intervals/trials	298	cv_transition_time	n/a	n/a	n/a	n/a	n/a	n/a	n/a	n/a	n/a	vaa	427.3075	298	true	427.1825	427.685
428.2157577	0.5717423000000394	trials	/intervals/trials	299	start_time	n/a	n/a	n/a	n/a	n/a	n/a	n/a	n/a	n/a	loo	428.3836661	299	true	428.2157577	428.7875
428.3836661	0.0	cv_transition	/intervals/trials	299	cv_transition_time	n/a	n/a	n/a	n/a	n/a	n/a	n/a	n/a	n/a	loo	428.3836661	299	true	428.2157577	428.7875
429.275	0.50750000000005	trials	/intervals/trials	300	start_time	n/a	n/a	n/a	n/a	n/a	n/a	n/a	n/a	n/a	hoo	429.4375	300	true	429.275	429.7825
429.4375	0.0	cv_transition	/intervals/trials	300	cv_transition_time	n/a	n/a	n/a	n/a	n/a	n/a	n/a	n/a	n/a	hoo	429.4375	300	true	429.275	429.7825
430.3604046	0.5020954000000302	trials	/intervals/trials	301	start_time	n/a	n/a	n/a	n/a	n/a	n/a	n/a	n/a	n/a	kaa	430.48	301	true	430.3604046	430.8625
430.48	0.0	cv_transition	/intervals/trials	301	cv_transition_time	n/a	n/a	n/a	n/a	n/a	n/a	n/a	n/a	n/a	kaa	430.48	301	true	430.3604046	430.8625
431.5332186	0.4842813999999862	trials	/intervals/trials	302	start_time	n/a	n/a	n/a	n/a	n/a	n/a	n/a	n/a	n/a	poo	431.6625	302	true	431.5332186	432.0175
431.6625	0.0	cv_transition	/intervals/trials	302	cv_transition_time	n/a	n/a	n/a	n/a	n/a	n/a	n/a	n/a	n/a	poo	431.6625	302	true	431.5332186	432.0175
432.76073	0.39426999999994905	trials	/intervals/trials	303	start_time	n/a	n/a	n/a	n/a	n/a	n/a	n/a	n/a	n/a	bee	432.7759944	303	true	432.76073	433.155
432.7759944	0.0	cv_transition	/intervals/trials	303	cv_transition_time	n/a	n/a	n/a	n/a	n/a	n/a	n/a	n/a	n/a	bee	432.7759944	303	true	432.76073	433.155
433.795	0.4549999999999841	trials	/intervals/trials	304	start_time	n/a	n/a	n/a	n/a	n/a	n/a	n/a	n/a	n/a	paa	433.8979271	304	true	433.795	434.25
433.8979271	0.0	cv_transition	/intervals/trials	304	cv_transition_time	n/a	n/a	n/a	n/a	n/a	n/a	n/a	n/a	n/a	paa	433.8979271	304	true	433.795	434.25
434.8786641	0.44883590000000595	trials	/intervals/trials	305	start_time	n/a	n/a	n/a	n/a	n/a	n/a	n/a	n/a	n/a	taa	434.985	305	true	434.8786641	435.3275
434.985	0.0	cv_transition	/intervals/trials	305	cv_transition_time	n/a	n/a	n/a	n/a	n/a	n/a	n/a	n/a	n/a	taa	434.985	305	true	434.8786641	435.3275
435.9039223	0.5360777000000212	trials	/intervals/trials	306	start_time	n/a	n/a	n/a	n/a	n/a	n/a	n/a	n/a	n/a	naa	436.0692866	306	true	435.9039223	436.44
436.0692866	0.0	cv_transition	/intervals/trials	306	cv_transition_time	n/a	n/a	n/a	n/a	n/a	n/a	n/a	n/a	n/a	naa	436.0692866	306	true	435.9039223	436.44
436.9025	0.5950000000000273	trials	/intervals/trials	307	start_time	n/a	n/a	n/a	n/a	n/a	n/a	n/a	n/a	n/a	saa	437.1475	307	true	436.9025	437.4975
437.1475	0.0	cv_transition	/intervals/trials	307	cv_transition_time	n/a	n/a	n/a	n/a	n/a	n/a	n/a	n/a	n/a	saa	437.1475	307	true	436.9025	437.4975
438.0225	0.6075000000000159	trials	/intervals/trials	308	start_time	n/a	n/a	n/a	n/a	n/a	n/a	n/a	n/a	n/a	shoo	438.3025	308	true	438.0225	438.63
438.3025	0.0	cv_transition	/intervals/trials	308	cv_transition_time	n/a	n/a	n/a	n/a	n/a	n/a	n/a	n/a	n/a	shoo	438.3025	308	true	438.0225	438.63
439.1375	0.5450000000000159	trials	/intervals/trials	309	start_time	n/a	n/a	n/a	n/a	n/a	n/a	n/a	n/a	n/a	foo	439.3425	309	true	439.1375	439.6825
439.3425	0.0	cv_transition	/intervals/trials	309	cv_transition_time	n/a	n/a	n/a	n/a	n/a	n/a	n/a	n/a	n/a	foo	439.3425	309	true	439.1375	439.6825
440.4170938	0.3829062000000363	trials	/intervals/trials	310	start_time	n/a	n/a	n/a	n/a	n/a	n/a	n/a	n/a	n/a	daa	440.4577988	310	true	440.4170938	440.8
440.4577988	0.0	cv_transition	/intervals/trials	310	cv_transition_time	n/a	n/a	n/a	n/a	n/a	n/a	n/a	n/a	n/a	daa	440.4577988	310	true	440.4170938	440.8
441.335	0.5425000000000182	trials	/intervals/trials	311	start_time	n/a	n/a	n/a	n/a	n/a	n/a	n/a	n/a	n/a	faa	441.545	311	true	441.335	441.8775
441.545	0.0	cv_transition	/intervals/trials	311	cv_transition_time	n/a	n/a	n/a	n/a	n/a	n/a	n/a	n/a	n/a	faa	441.545	311	true	441.335	441.8775
442.5197635	0.4252364999999827	trials	/intervals/trials	312	start_time	n/a	n/a	n/a	n/a	n/a	n/a	n/a	n/a	n/a	goo	442.6	312	true	442.5197635	442.945
442.6	0.0	cv_transition	/intervals/trials	312	cv_transition_time	n/a	n/a	n/a	n/a	n/a	n/a	n/a	n/a	n/a	goo	442.6	312	true	442.5197635	442.945
443.5857268	0.43927320000000236	trials	/intervals/trials	313	start_time	n/a	n/a	n/a	n/a	n/a	n/a	n/a	n/a	n/a	mee	443.6938496	313	true	443.5857268	444.025
443.6938496	0.0	cv_transition	/intervals/trials	313	cv_transition_time	n/a	n/a	n/a	n/a	n/a	n/a	n/a	n/a	n/a	mee	443.6938496	313	true	443.5857268	444.025
444.585	0.5500000000000114	trials	/intervals/trials	314	start_time	n/a	n/a	n/a	n/a	n/a	n/a	n/a	n/a	n/a	zaa	444.765	314	true	444.585	445.135
444.765	0.0	cv_transition	/intervals/trials	314	cv_transition_time	n/a	n/a	n/a	n/a	n/a	n/a	n/a	n/a	n/a	zaa	444.765	314	true	444.585	445.135
445.6575	0.5749999999999886	trials	/intervals/trials	315	start_time	n/a	n/a	n/a	n/a	n/a	n/a	n/a	n/a	n/a	zee	445.875	315	true	445.6575	446.2325
445.875	0.0	cv_transition	/intervals/trials	315	cv_transition_time	n/a	n/a	n/a	n/a	n/a	n/a	n/a	n/a	n/a	zee	445.875	315	true	445.6575	446.2325
446.855	0.5124999999999886	trials	/intervals/trials	316	start_time	n/a	n/a	n/a	n/a	n/a	n/a	n/a	n/a	n/a	zoo	447.0125	316	true	446.855	447.3675
447.0125	0.0	cv_transition	/intervals/trials	316	cv_transition_time	n/a	n/a	n/a	n/a	n/a	n/a	n/a	n/a	n/a	zoo	447.0125	316	true	446.855	447.3675
447.9025	0.47750000000002046	trials	/intervals/trials	317	start_time	n/a	n/a	n/a	n/a	n/a	n/a	n/a	n/a	n/a	too	448.015	317	true	447.9025	448.38
448.015	0.0	cv_transition	/intervals/trials	317	cv_transition_time	n/a	n/a	n/a	n/a	n/a	n/a	n/a	n/a	n/a	too	448.015	317	true	447.9025	448.38
448.9346236	0.4478763999999842	trials	/intervals/trials	318	start_time	n/a	n/a	n/a	n/a	n/a	n/a	n/a	n/a	n/a	vee	449.0376582	318	true	448.9346236	449.3825
449.0376582	0.0	cv_transition	/intervals/trials	318	cv_transition_time	n/a	n/a	n/a	n/a	n/a	n/a	n/a	n/a	n/a	vee	449.0376582	318	true	448.9346236	449.3825
449.91	0.5600000000000023	trials	/intervals/trials	319	start_time	n/a	n/a	n/a	n/a	n/a	n/a	n/a	n/a	n/a	thaa	450.09	319	true	449.91	450.47
450.09	0.0	cv_transition	/intervals/trials	319	cv_transition_time	n/a	n/a	n/a	n/a	n/a	n/a	n/a	n/a	n/a	thaa	450.09	319	true	449.91	450.47
451.0589178	0.4385821999999848	trials	/intervals/trials	320	start_time	n/a	n/a	n/a	n/a	n/a	n/a	n/a	n/a	n/a	moo	451.1746728	320	true	451.0589178	451.4975
451.1746728	0.0	cv_transition	/intervals/trials	320	cv_transition_time	n/a	n/a	n/a	n/a	n/a	n/a	n/a	n/a	n/a	moo	451.1746728	320	true	451.0589178	451.4975
452.065	0.5224999999999795	trials	/intervals/trials	321	start_time	n/a	n/a	n/a	n/a	n/a	n/a	n/a	n/a	n/a	thoo	452.2425	321	true	452.065	452.5875
452.2425	0.0	cv_transition	/intervals/trials	321	cv_transition_time	n/a	n/a	n/a	n/a	n/a	n/a	n/a	n/a	n/a	thoo	452.2425	321	true	452.065	452.5875
453.1675	0.5600000000000023	trials	/intervals/trials	322	start_time	n/a	n/a	n/a	n/a	n/a	n/a	n/a	n/a	n/a	nee	453.3425	322	true	453.1675	453.7275
453.3425	0.0	cv_transition	/intervals/trials	322	cv_transition_time	n/a	n/a	n/a	n/a	n/a	n/a	n/a	n/a	n/a	nee	453.3425	322	true	453.1675	453.7275
454.2453594	0.41964060000003656	trials	/intervals/trials	323	start_time	n/a	n/a	n/a	n/a	n/a	n/a	n/a	n/a	n/a	boo	454.269528	323	true	454.2453594	454.665
454.269528	0.0	cv_transition	/intervals/trials	323	cv_transition_time	n/a	n/a	n/a	n/a	n/a	n/a	n/a	n/a	n/a	boo	454.269528	323	true	454.2453594	454.665
455.19	0.48500000000001364	trials	/intervals/trials	324	start_time	n/a	n/a	n/a	n/a	n/a	n/a	n/a	n/a	n/a	laa	455.2973303	324	true	455.19	455.675
455.2973303	0.0	cv_transition	/intervals/trials	324	cv_transition_time	n/a	n/a	n/a	n/a	n/a	n/a	n/a	n/a	n/a	laa	455.2973303	324	true	455.19	455.675
456.2093776	0.4731224000000225	trials	/intervals/trials	325	start_time	n/a	n/a	n/a	n/a	n/a	n/a	n/a	n/a	n/a	maa	456.3238605	325	true	456.2093776	456.6825
456.3238605	0.0	cv_transition	/intervals/trials	325	cv_transition_time	n/a	n/a	n/a	n/a	n/a	n/a	n/a	n/a	n/a	maa	456.3238605	325	true	456.2093776	456.6825
457.115	0.6599999999999682	trials	/intervals/trials	326	start_time	n/a	n/a	n/a	n/a	n/a	n/a	n/a	n/a	n/a	soo	457.395	326	true	457.115	457.775
457.395	0.0	cv_transition	/intervals/trials	326	cv_transition_time	n/a	n/a	n/a	n/a	n/a	n/a	n/a	n/a	n/a	soo	457.395	326	true	457.115	457.775
458.3425	0.5250000000000341	trials	/intervals/trials	327	start_time	n/a	n/a	n/a	n/a	n/a	n/a	n/a	n/a	n/a	roo	458.5175	327	true	458.3425	458.8675
458.5175	0.0	cv_transition	/intervals/trials	327	cv_transition_time	n/a	n/a	n/a	n/a	n/a	n/a	n/a	n/a	n/a	roo	458.5175	327	true	458.3425	458.8675
459.3975	0.5450000000000159	trials	/intervals/trials	328	start_time	n/a	n/a	n/a	n/a	n/a	n/a	n/a	n/a	n/a	tee	459.53	328	true	459.3975	459.9425
459.53	0.0	cv_transition	/intervals/trials	328	cv_transition_time	n/a	n/a	n/a	n/a	n/a	n/a	n/a	n/a	n/a	tee	459.53	328	true	459.3975	459.9425
460.4592383	0.47826170000001866	trials	/intervals/trials	329	start_time	n/a	n/a	n/a	n/a	n/a	n/a	n/a	n/a	n/a	haa	460.5571848	329	true	460.4592383	460.9375
460.5571848	0.0	cv_transition	/intervals/trials	329	cv_transition_time	n/a	n/a	n/a	n/a	n/a	n/a	n/a	n/a	n/a	haa	460.5571848	329	true	460.4592383	460.9375
461.4692321	0.4957678999999757	trials	/intervals/trials	330	start_time	n/a	n/a	n/a	n/a	n/a	n/a	n/a	n/a	n/a	waa	461.5862591	330	true	461.4692321	461.965
461.5862591	0.0	cv_transition	/intervals/trials	330	cv_transition_time	n/a	n/a	n/a	n/a	n/a	n/a	n/a	n/a	n/a	waa	461.5862591	330	true	461.4692321	461.965
462.47	0.5499999999999545	trials	/intervals/trials	331	start_time	n/a	n/a	n/a	n/a	n/a	n/a	n/a	n/a	n/a	pee	462.595	331	true	462.47	463.02
462.595	0.0	cv_transition	/intervals/trials	331	cv_transition_time	n/a	n/a	n/a	n/a	n/a	n/a	n/a	n/a	n/a	pee	462.595	331	true	462.47	463.02
463.5502773	0.4947227000000112	trials	/intervals/trials	332	start_time	n/a	n/a	n/a	n/a	n/a	n/a	n/a	n/a	n/a	lee	463.6482238	332	true	463.5502773	464.045
463.6482238	0.0	cv_transition	/intervals/trials	332	cv_transition_time	n/a	n/a	n/a	n/a	n/a	n/a	n/a	n/a	n/a	lee	463.6482238	332	true	463.5502773	464.045
464.5666313	0.5683687000000077	trials	/intervals/trials	333	start_time	n/a	n/a	n/a	n/a	n/a	n/a	n/a	n/a	n/a	wee	464.6480414	333	true	464.5666313	465.135
464.6480414	0.0	cv_transition	/intervals/trials	333	cv_transition_time	n/a	n/a	n/a	n/a	n/a	n/a	n/a	n/a	n/a	wee	464.6480414	333	true	464.5666313	465.135
465.6198742	0.5401257999999984	trials	/intervals/trials	334	start_time	n/a	n/a	n/a	n/a	n/a	n/a	n/a	n/a	n/a	yaa	465.6936521	334	true	465.6198742	466.16
465.6936521	0.0	cv_transition	/intervals/trials	334	cv_transition_time	n/a	n/a	n/a	n/a	n/a	n/a	n/a	n/a	n/a	yaa	465.6936521	334	true	465.6198742	466.16
466.6137682912111	0.5709047319031129	invalid_times	/intervals/invalid_times	13	start_time	n/a	n/a	n/a	n/a	13	466.6137682912111	467.1846730231142	"[""ECoG artifact""]"	"[{""idx_start"":1423992,""count"":1742,""timeseries"":""/acquisition/ElectricalSeries""}]"	n/a	n/a	n/a	n/a	n/a	n/a
466.6224183629066	0.544954516816631	invalid_times	/intervals/invalid_times	5	start_time	n/a	n/a	n/a	n/a	5	466.6224183629066	467.16737287972325	"[""ECoG artifact""]"	"[{""idx_start"":1424018,""count"":1663,""timeseries"":""/acquisition/ElectricalSeries""}]"	n/a	n/a	n/a	n/a	n/a	n/a
466.72	0.4574999999999818	trials	/intervals/trials	335	start_time	n/a	n/a	n/a	n/a	n/a	n/a	n/a	n/a	n/a	gaa	466.77	335	true	466.72	467.1775
466.77	0.0	cv_transition	/intervals/trials	335	cv_transition_time	n/a	n/a	n/a	n/a	n/a	n/a	n/a	n/a	n/a	gaa	466.77	335	true	466.72	467.1775
467.5925	0.6125000000000114	trials	/intervals/trials	336	start_time	n/a	n/a	n/a	n/a	n/a	n/a	n/a	n/a	n/a	shaa	467.8125	336	true	467.5925	468.205
467.8125	0.0	cv_transition	/intervals/trials	336	cv_transition_time	n/a	n/a	n/a	n/a	n/a	n/a	n/a	n/a	n/a	shaa	467.8125	336	true	467.5925	468.205
468.6975	0.48750000000001137	trials	/intervals/trials	337	start_time	n/a	n/a	n/a	n/a	n/a	n/a	n/a	n/a	n/a	doo	468.7675	337	true	468.6975	469.185
468.7675	0.0	cv_transition	/intervals/trials	337	cv_transition_time	n/a	n/a	n/a	n/a	n/a	n/a	n/a	n/a	n/a	doo	468.7675	337	true	468.6975	469.185
469.5059336	0.4565663999999856	trials	/intervals/trials	338	start_time	n/a	n/a	n/a	n/a	n/a	n/a	n/a	n/a	n/a	woo	469.6242326	338	true	469.5059336	469.9625
469.6242326	0.0	cv_transition	/intervals/trials	338	cv_transition_time	n/a	n/a	n/a	n/a	n/a	n/a	n/a	n/a	n/a	woo	469.6242326	338	true	469.5059336	469.9625
471.829937	0.5050630000000069	trials	/intervals/trials	339	start_time	n/a	n/a	n/a	n/a	n/a	n/a	n/a	n/a	n/a	raa	471.9304276	339	true	471.829937	472.335
471.9304276	0.0	cv_transition	/intervals/trials	339	cv_transition_time	n/a	n/a	n/a	n/a	n/a	n/a	n/a	n/a	n/a	raa	471.9304276	339	true	471.829937	472.335
472.6974632	0.5950368000000026	trials	/intervals/trials	340	start_time	n/a	n/a	n/a	n/a	n/a	n/a	n/a	n/a	n/a	shee	472.925	340	true	472.6974632	473.2925
472.925	0.0	cv_transition	/intervals/trials	340	cv_transition_time	n/a	n/a	n/a	n/a	n/a	n/a	n/a	n/a	n/a	shee	472.925	340	true	472.6974632	473.2925
473.6591198	0.5458801999999991	trials	/intervals/trials	341	start_time	n/a	n/a	n/a	n/a	n/a	n/a	n/a	n/a	n/a	yoo	473.7697866	341	true	473.6591198	474.205
473.7697866	0.0	cv_transition	/intervals/trials	341	cv_transition_time	n/a	n/a	n/a	n/a	n/a	n/a	n/a	n/a	n/a	yoo	473.7697866	341	true	473.6591198	474.205
474.815	0.3650000000000091	trials	/intervals/trials	342	start_time	n/a	n/a	n/a	n/a	n/a	n/a	n/a	n/a	n/a	baa	474.8344778	342	true	474.815	475.18
474.8344778	0.0	cv_transition	/intervals/trials	342	cv_transition_time	n/a	n/a	n/a	n/a	n/a	n/a	n/a	n/a	n/a	baa	474.8344778	342	true	474.815	475.18
475.7025	0.5024999999999977	trials	/intervals/trials	343	start_time	n/a	n/a	n/a	n/a	n/a	n/a	n/a	n/a	n/a	zee	475.925	343	true	475.7025	476.205
475.925	0.0	cv_transition	/intervals/trials	343	cv_transition_time	n/a	n/a	n/a	n/a	n/a	n/a	n/a	n/a	n/a	zee	475.925	343	true	475.7025	476.205
476.88	0.38749999999998863	trials	/intervals/trials	344	start_time	n/a	n/a	n/a	n/a	n/a	n/a	n/a	n/a	n/a	gee	476.9525	344	true	476.88	477.2675
476.9525	0.0	cv_transition	/intervals/trials	344	cv_transition_time	n/a	n/a	n/a	n/a	n/a	n/a	n/a	n/a	n/a	gee	476.9525	344	true	476.88	477.2675
477.9051643	0.4523356999999919	trials	/intervals/trials	345	start_time	n/a	n/a	n/a	n/a	n/a	n/a	n/a	n/a	n/a	kee	478.0325	345	true	477.9051643	478.3575
478.0325	0.0	cv_transition	/intervals/trials	345	cv_transition_time	n/a	n/a	n/a	n/a	n/a	n/a	n/a	n/a	n/a	kee	478.0325	345	true	477.9051643	478.3575
478.9100701	0.5274299000000156	trials	/intervals/trials	346	start_time	n/a	n/a	n/a	n/a	n/a	n/a	n/a	n/a	n/a	ree	478.9978403	346	true	478.9100701	479.4375
478.9978403	0.0	cv_transition	/intervals/trials	346	cv_transition_time	n/a	n/a	n/a	n/a	n/a	n/a	n/a	n/a	n/a	ree	478.9978403	346	true	478.9100701	479.4375
479.91	0.47999999999996135	trials	/intervals/trials	347	start_time	n/a	n/a	n/a	n/a	n/a	n/a	n/a	n/a	n/a	thee	480.0425	347	true	479.91	480.39
480.0425	0.0	cv_transition	/intervals/trials	347	cv_transition_time	n/a	n/a	n/a	n/a	n/a	n/a	n/a	n/a	n/a	thee	480.0425	347	true	479.91	480.39
480.902073	0.5204270000000406	trials	/intervals/trials	348	start_time	n/a	n/a	n/a	n/a	n/a	n/a	n/a	n/a	n/a	voo	480.9923873	348	true	480.902073	481.4225
480.9923873	0.0	cv_transition	/intervals/trials	348	cv_transition_time	n/a	n/a	n/a	n/a	n/a	n/a	n/a	n/a	n/a	voo	480.9923873	348	true	480.902073	481.4225
482.0596226	0.43537739999999303	trials	/intervals/trials	349	start_time	n/a	n/a	n/a	n/a	n/a	n/a	n/a	n/a	n/a	noo	482.152481	349	true	482.0596226	482.495
482.152481	0.0	cv_transition	/intervals/trials	349	cv_transition_time	n/a	n/a	n/a	n/a	n/a	n/a	n/a	n/a	n/a	noo	482.152481	349	true	482.0596226	482.495
483.1828273	0.4321727000000237	trials	/intervals/trials	350	start_time	n/a	n/a	n/a	n/a	n/a	n/a	n/a	n/a	n/a	dee	483.2260764	350	true	483.1828273	483.615
483.2260764	0.0	cv_transition	/intervals/trials	350	cv_transition_time	n/a	n/a	n/a	n/a	n/a	n/a	n/a	n/a	n/a	dee	483.2260764	350	true	483.1828273	483.615
484.2017254	0.5057745999999952	trials	/intervals/trials	351	start_time	n/a	n/a	n/a	n/a	n/a	n/a	n/a	n/a	n/a	yee	484.2564228	351	true	484.2017254	484.7075
484.2564228	0.0	cv_transition	/intervals/trials	351	cv_transition_time	n/a	n/a	n/a	n/a	n/a	n/a	n/a	n/a	n/a	yee	484.2564228	351	true	484.2017254	484.7075
485.2825	0.464999999999975	trials	/intervals/trials	352	start_time	n/a	n/a	n/a	n/a	n/a	n/a	n/a	n/a	n/a	koo	485.4125	352	true	485.2825	485.7475
485.4125	0.0	cv_transition	/intervals/trials	352	cv_transition_time	n/a	n/a	n/a	n/a	n/a	n/a	n/a	n/a	n/a	koo	485.4125	352	true	485.2825	485.7475
486.305	0.5649999999999977	trials	/intervals/trials	353	start_time	n/a	n/a	n/a	n/a	n/a	n/a	n/a	n/a	n/a	fee	486.4775	353	true	486.305	486.87
486.4775	0.0	cv_transition	/intervals/trials	353	cv_transition_time	n/a	n/a	n/a	n/a	n/a	n/a	n/a	n/a	n/a	fee	486.4775	353	true	486.305	486.87
487.4415922	0.5659077999999909	trials	/intervals/trials	354	start_time	n/a	n/a	n/a	n/a	n/a	n/a	n/a	n/a	n/a	hee	487.59	354	true	487.4415922	488.0075
487.59	0.0	cv_transition	/intervals/trials	354	cv_transition_time	n/a	n/a	n/a	n/a	n/a	n/a	n/a	n/a	n/a	hee	487.59	354	true	487.4415922	488.0075
488.615	0.4674999999999727	trials	/intervals/trials	355	start_time	n/a	n/a	n/a	n/a	n/a	n/a	n/a	n/a	n/a	vaa	488.7175	355	true	488.615	489.0825
488.7175	0.0	cv_transition	/intervals/trials	355	cv_transition_time	n/a	n/a	n/a	n/a	n/a	n/a	n/a	n/a	n/a	vaa	488.7175	355	true	488.615	489.0825
489.6752813	0.45721869999999853	trials	/intervals/trials	356	start_time	n/a	n/a	n/a	n/a	n/a	n/a	n/a	n/a	n/a	loo	489.7516033	356	true	489.6752813	490.1325
489.7516033	0.0	cv_transition	/intervals/trials	356	cv_transition_time	n/a	n/a	n/a	n/a	n/a	n/a	n/a	n/a	n/a	loo	489.7516033	356	true	489.6752813	490.1325
490.7025	0.46500000000003183	trials	/intervals/trials	357	start_time	n/a	n/a	n/a	n/a	n/a	n/a	n/a	n/a	n/a	hoo	490.8425	357	true	490.7025	491.1675
490.8425	0.0	cv_transition	/intervals/trials	357	cv_transition_time	n/a	n/a	n/a	n/a	n/a	n/a	n/a	n/a	n/a	hoo	490.8425	357	true	490.7025	491.1675
491.8025	0.4350000000000023	trials	/intervals/trials	358	start_time	n/a	n/a	n/a	n/a	n/a	n/a	n/a	n/a	n/a	kaa	491.925	358	true	491.8025	492.2375
491.925	0.0	cv_transition	/intervals/trials	358	cv_transition_time	n/a	n/a	n/a	n/a	n/a	n/a	n/a	n/a	n/a	kaa	491.925	358	true	491.8025	492.2375
492.9444048	0.3580952000000366	trials	/intervals/trials	359	start_time	n/a	n/a	n/a	n/a	n/a	n/a	n/a	n/a	n/a	boo	492.9622133	359	true	492.9444048	493.3025
492.9622133	0.0	cv_transition	/intervals/trials	359	cv_transition_time	n/a	n/a	n/a	n/a	n/a	n/a	n/a	n/a	n/a	boo	492.9622133	359	true	492.9444048	493.3025
494.1121308	0.3628692000000342	trials	/intervals/trials	360	start_time	n/a	n/a	n/a	n/a	n/a	n/a	n/a	n/a	n/a	bee	494.1401155	360	true	494.1121308	494.475
494.1401155	0.0	cv_transition	/intervals/trials	360	cv_transition_time	n/a	n/a	n/a	n/a	n/a	n/a	n/a	n/a	n/a	bee	494.1401155	360	true	494.1121308	494.475
495.1272127	0.41028730000005	trials	/intervals/trials	361	start_time	n/a	n/a	n/a	n/a	n/a	n/a	n/a	n/a	n/a	paa	495.2035347	361	true	495.1272127	495.5375
495.2035347	0.0	cv_transition	/intervals/trials	361	cv_transition_time	n/a	n/a	n/a	n/a	n/a	n/a	n/a	n/a	n/a	paa	495.2035347	361	true	495.1272127	495.5375
496.1525	0.4600000000000364	trials	/intervals/trials	362	start_time	n/a	n/a	n/a	n/a	n/a	n/a	n/a	n/a	n/a	taa	496.255	362	true	496.1525	496.6125
496.255	0.0	cv_transition	/intervals/trials	362	cv_transition_time	n/a	n/a	n/a	n/a	n/a	n/a	n/a	n/a	n/a	taa	496.255	362	true	496.1525	496.6125
497.1459284	0.48657159999999067	trials	/intervals/trials	363	start_time	n/a	n/a	n/a	n/a	n/a	n/a	n/a	n/a	n/a	laa	497.2680435	363	true	497.1459284	497.6325
497.2680435	0.0	cv_transition	/intervals/trials	363	cv_transition_time	n/a	n/a	n/a	n/a	n/a	n/a	n/a	n/a	n/a	laa	497.2680435	363	true	497.1459284	497.6325
498.0325	0.6699999999999591	trials	/intervals/trials	364	start_time	n/a	n/a	n/a	n/a	n/a	n/a	n/a	n/a	n/a	saa	498.3525	364	true	498.0325	498.7025
498.3525	0.0	cv_transition	/intervals/trials	364	cv_transition_time	n/a	n/a	n/a	n/a	n/a	n/a	n/a	n/a	n/a	saa	498.3525	364	true	498.0325	498.7025
499.165	0.5474999999999568	trials	/intervals/trials	365	start_time	n/a	n/a	n/a	n/a	n/a	n/a	n/a	n/a	n/a	shoo	499.3975	365	true	499.165	499.7125
499.3975	0.0	cv_transition	/intervals/trials	365	cv_transition_time	n/a	n/a	n/a	n/a	n/a	n/a	n/a	n/a	n/a	shoo	499.3975	365	true	499.165	499.7125
500.2525	0.6000000000000227	trials	/intervals/trials	366	start_time	n/a	n/a	n/a	n/a	n/a	n/a	n/a	n/a	n/a	foo	500.47	366	true	500.2525	500.8525
500.47	0.0	cv_transition	/intervals/trials	366	cv_transition_time	n/a	n/a	n/a	n/a	n/a	n/a	n/a	n/a	n/a	foo	500.47	366	true	500.2525	500.8525
501.525	0.41250000000002274	trials	/intervals/trials	367	start_time	n/a	n/a	n/a	n/a	n/a	n/a	n/a	n/a	n/a	daa	501.5625	367	true	501.525	501.9375
501.5625	0.0	cv_transition	/intervals/trials	367	cv_transition_time	n/a	n/a	n/a	n/a	n/a	n/a	n/a	n/a	n/a	daa	501.5625	367	true	501.525	501.9375
502.4375	0.5699999999999932	trials	/intervals/trials	368	start_time	n/a	n/a	n/a	n/a	n/a	n/a	n/a	n/a	n/a	faa	502.6275	368	true	502.4375	503.0075
502.6275	0.0	cv_transition	/intervals/trials	368	cv_transition_time	n/a	n/a	n/a	n/a	n/a	n/a	n/a	n/a	n/a	faa	502.6275	368	true	502.4375	503.0075
503.5557003	0.44179969999999	trials	/intervals/trials	369	start_time	n/a	n/a	n/a	n/a	n/a	n/a	n/a	n/a	n/a	goo	503.6294781	369	true	503.5557003	503.9975
503.6294781	0.0	cv_transition	/intervals/trials	369	cv_transition_time	n/a	n/a	n/a	n/a	n/a	n/a	n/a	n/a	n/a	goo	503.6294781	369	true	503.5557003	503.9975
504.6063991	0.5511009000000513	trials	/intervals/trials	370	start_time	n/a	n/a	n/a	n/a	n/a	n/a	n/a	n/a	n/a	mee	504.795932	370	true	504.6063991	505.1575
504.795932	0.0	cv_transition	/intervals/trials	370	cv_transition_time	n/a	n/a	n/a	n/a	n/a	n/a	n/a	n/a	n/a	mee	504.795932	370	true	504.6063991	505.1575
505.7025	0.5124999999999886	trials	/intervals/trials	371	start_time	n/a	n/a	n/a	n/a	n/a	n/a	n/a	n/a	n/a	zaa	505.83	371	true	505.7025	506.215
505.83	0.0	cv_transition	/intervals/trials	371	cv_transition_time	n/a	n/a	n/a	n/a	n/a	n/a	n/a	n/a	n/a	zaa	505.83	371	true	505.7025	506.215
506.58	0.6525000000000318	trials	/intervals/trials	372	start_time	n/a	n/a	n/a	n/a	n/a	n/a	n/a	n/a	n/a	see	506.86	372	true	506.58	507.2325
506.86	0.0	cv_transition	/intervals/trials	372	cv_transition_time	n/a	n/a	n/a	n/a	n/a	n/a	n/a	n/a	n/a	see	506.86	372	true	506.58	507.2325
507.775	0.5325000000000273	trials	/intervals/trials	373	start_time	n/a	n/a	n/a	n/a	n/a	n/a	n/a	n/a	n/a	zoo	507.955	373	true	507.775	508.3075
507.955	0.0	cv_transition	/intervals/trials	373	cv_transition_time	n/a	n/a	n/a	n/a	n/a	n/a	n/a	n/a	n/a	zoo	507.955	373	true	507.775	508.3075
508.81	0.46999999999997044	trials	/intervals/trials	374	start_time	n/a	n/a	n/a	n/a	n/a	n/a	n/a	n/a	n/a	too	508.9325	374	true	508.81	509.28
508.9325	0.0	cv_transition	/intervals/trials	374	cv_transition_time	n/a	n/a	n/a	n/a	n/a	n/a	n/a	n/a	n/a	too	508.9325	374	true	508.81	509.28
509.795	0.4574999999999818	trials	/intervals/trials	375	start_time	n/a	n/a	n/a	n/a	n/a	n/a	n/a	n/a	n/a	vee	509.8975	375	true	509.795	510.2525
509.8975	0.0	cv_transition	/intervals/trials	375	cv_transition_time	n/a	n/a	n/a	n/a	n/a	n/a	n/a	n/a	n/a	vee	509.8975	375	true	509.795	510.2525
510.73	0.5999999999999659	trials	/intervals/trials	376	start_time	n/a	n/a	n/a	n/a	n/a	n/a	n/a	n/a	n/a	thaa	510.9525	376	true	510.73	511.33
510.9525	0.0	cv_transition	/intervals/trials	376	cv_transition_time	n/a	n/a	n/a	n/a	n/a	n/a	n/a	n/a	n/a	thaa	510.9525	376	true	510.73	511.33
511.8608006	0.4766993999999727	trials	/intervals/trials	377	start_time	n/a	n/a	n/a	n/a	n/a	n/a	n/a	n/a	n/a	moo	511.9676514	377	true	511.8608006	512.3375
511.9676514	0.0	cv_transition	/intervals/trials	377	cv_transition_time	n/a	n/a	n/a	n/a	n/a	n/a	n/a	n/a	n/a	moo	511.9676514	377	true	511.8608006	512.3375
512.8175	0.5525000000000091	trials	/intervals/trials	378	start_time	n/a	n/a	n/a	n/a	n/a	n/a	n/a	n/a	n/a	thoo	513.02	378	true	512.8175	513.37
513.02	0.0	cv_transition	/intervals/trials	378	cv_transition_time	n/a	n/a	n/a	n/a	n/a	n/a	n/a	n/a	n/a	thoo	513.02	378	true	512.8175	513.37
513.9525	0.47500000000002274	trials	/intervals/trials	379	start_time	n/a	n/a	n/a	n/a	n/a	n/a	n/a	n/a	n/a	nee	514.0868576	379	true	513.9525	514.4275
514.0868576	0.0	cv_transition	/intervals/trials	379	cv_transition_time	n/a	n/a	n/a	n/a	n/a	n/a	n/a	n/a	n/a	nee	514.0868576	379	true	513.9525	514.4275
515.0650505	0.38744950000000244	trials	/intervals/trials	380	start_time	n/a	n/a	n/a	n/a	n/a	n/a	n/a	n/a	n/a	boo	515.0904912	380	true	515.0650505	515.4525
515.0904912	0.0	cv_transition	/intervals/trials	380	cv_transition_time	n/a	n/a	n/a	n/a	n/a	n/a	n/a	n/a	n/a	boo	515.0904912	380	true	515.0650505	515.4525
516.0114428	0.47605719999990015	trials	/intervals/trials	381	start_time	n/a	n/a	n/a	n/a	n/a	n/a	n/a	n/a	n/a	laa	516.1691747	381	true	516.0114428	516.4875
516.1691747	0.0	cv_transition	/intervals/trials	381	cv_transition_time	n/a	n/a	n/a	n/a	n/a	n/a	n/a	n/a	n/a	laa	516.1691747	381	true	516.0114428	516.4875
517.145	0.43000000000006366	trials	/intervals/trials	382	start_time	n/a	n/a	n/a	n/a	n/a	n/a	n/a	n/a	n/a	maa	517.255	382	true	517.145	517.575
517.255	0.0	cv_transition	/intervals/trials	382	cv_transition_time	n/a	n/a	n/a	n/a	n/a	n/a	n/a	n/a	n/a	maa	517.255	382	true	517.145	517.575
517.9775	0.6225000000000591	trials	/intervals/trials	383	start_time	n/a	n/a	n/a	n/a	n/a	n/a	n/a	n/a	n/a	soo	518.3	383	true	517.9775	518.6
518.3	0.0	cv_transition	/intervals/trials	383	cv_transition_time	n/a	n/a	n/a	n/a	n/a	n/a	n/a	n/a	n/a	soo	518.3	383	true	517.9775	518.6
519.15	0.42000000000007276	trials	/intervals/trials	384	start_time	n/a	n/a	n/a	n/a	n/a	n/a	n/a	n/a	n/a	roo	519.29	384	true	519.15	519.57
519.29	0.0	cv_transition	/intervals/trials	384	cv_transition_time	n/a	n/a	n/a	n/a	n/a	n/a	n/a	n/a	n/a	roo	519.29	384	true	519.15	519.57
520.17	0.48250000000007276	trials	/intervals/trials	385	start_time	n/a	n/a	n/a	n/a	n/a	n/a	n/a	n/a	n/a	tee	520.2725	385	true	520.17	520.6525
520.2725	0.0	cv_transition	/intervals/trials	385	cv_transition_time	n/a	n/a	n/a	n/a	n/a	n/a	n/a	n/a	n/a	tee	520.2725	385	true	520.17	520.6525
521.275	0.41250000000002274	trials	/intervals/trials	386	start_time	n/a	n/a	n/a	n/a	n/a	n/a	n/a	n/a	n/a	haa	521.355	386	true	521.275	521.6875
521.355	0.0	cv_transition	/intervals/trials	386	cv_transition_time	n/a	n/a	n/a	n/a	n/a	n/a	n/a	n/a	n/a	haa	521.355	386	true	521.275	521.6875
522.2927394	0.44726060000004964	trials	/intervals/trials	387	start_time	n/a	n/a	n/a	n/a	n/a	n/a	n/a	n/a	n/a	waa	522.3639732	387	true	522.2927394	522.74
522.3639732	0.0	cv_transition	/intervals/trials	387	cv_transition_time	n/a	n/a	n/a	n/a	n/a	n/a	n/a	n/a	n/a	waa	522.3639732	387	true	522.2927394	522.74
523.3790552	0.4109447999999247	trials	/intervals/trials	388	start_time	n/a	n/a	n/a	n/a	n/a	n/a	n/a	n/a	n/a	pee	523.4464728	388	true	523.3790552	523.79
523.4464728	0.0	cv_transition	/intervals/trials	388	cv_transition_time	n/a	n/a	n/a	n/a	n/a	n/a	n/a	n/a	n/a	pee	523.4464728	388	true	523.3790552	523.79
524.3407118	0.45178820000000997	trials	/intervals/trials	389	start_time	n/a	n/a	n/a	n/a	n/a	n/a	n/a	n/a	n/a	lee	524.4539225	389	true	524.3407118	524.7925
524.4539225	0.0	cv_transition	/intervals/trials	389	cv_transition_time	n/a	n/a	n/a	n/a	n/a	n/a	n/a	n/a	n/a	lee	524.4539225	389	true	524.3407118	524.7925
525.2731116	0.5218883999999662	trials	/intervals/trials	390	start_time	n/a	n/a	n/a	n/a	n/a	n/a	n/a	n/a	n/a	wee	525.3799623	390	true	525.2731116	525.795
525.3799623	0.0	cv_transition	/intervals/trials	390	cv_transition_time	n/a	n/a	n/a	n/a	n/a	n/a	n/a	n/a	n/a	wee	525.3799623	390	true	525.2731116	525.795
526.2792893	0.5182107000000542	trials	/intervals/trials	391	start_time	n/a	n/a	n/a	n/a	n/a	n/a	n/a	n/a	n/a	yaa	526.349251	391	true	526.2792893	526.7975
526.349251	0.0	cv_transition	/intervals/trials	391	cv_transition_time	n/a	n/a	n/a	n/a	n/a	n/a	n/a	n/a	n/a	yaa	526.349251	391	true	526.2792893	526.7975
527.3846856	0.4803143999999975	trials	/intervals/trials	392	start_time	n/a	n/a	n/a	n/a	n/a	n/a	n/a	n/a	n/a	gaa	527.4457431	392	true	527.3846856	527.865
527.4457431	0.0	cv_transition	/intervals/trials	392	cv_transition_time	n/a	n/a	n/a	n/a	n/a	n/a	n/a	n/a	n/a	gaa	527.4457431	392	true	527.3846856	527.865
528.345	0.6000000000000227	trials	/intervals/trials	393	start_time	n/a	n/a	n/a	n/a	n/a	n/a	n/a	n/a	n/a	shaa	528.5825	393	true	528.345	528.945
528.5825	0.0	cv_transition	/intervals/trials	393	cv_transition_time	n/a	n/a	n/a	n/a	n/a	n/a	n/a	n/a	n/a	shaa	528.5825	393	true	528.345	528.945
529.4390181	0.4359819000000016	trials	/intervals/trials	394	start_time	n/a	n/a	n/a	n/a	n/a	n/a	n/a	n/a	n/a	doo	529.5075	394	true	529.4390181	529.875
529.5075	0.0	cv_transition	/intervals/trials	394	cv_transition_time	n/a	n/a	n/a	n/a	n/a	n/a	n/a	n/a	n/a	doo	529.5075	394	true	529.4390181	529.875
530.2314944	0.47850560000006226	trials	/intervals/trials	395	start_time	n/a	n/a	n/a	n/a	n/a	n/a	n/a	n/a	n/a	woo	530.3014562	395	true	530.2314944	530.71
530.3014562	0.0	cv_transition	/intervals/trials	395	cv_transition_time	n/a	n/a	n/a	n/a	n/a	n/a	n/a	n/a	n/a	woo	530.3014562	395	true	530.2314944	530.71
533.5464111	0.48108890000003157	trials	/intervals/trials	396	start_time	n/a	n/a	n/a	n/a	n/a	n/a	n/a	n/a	n/a	raa	533.6443577	396	true	533.5464111	534.0275
533.6443577	0.0	cv_transition	/intervals/trials	396	cv_transition_time	n/a	n/a	n/a	n/a	n/a	n/a	n/a	n/a	n/a	raa	533.6443577	396	true	533.5464111	534.0275
534.38	0.6200000000000045	trials	/intervals/trials	397	start_time	n/a	n/a	n/a	n/a	n/a	n/a	n/a	n/a	n/a	shee	534.6	397	true	534.38	535.0
534.6	0.0	cv_transition	/intervals/trials	397	cv_transition_time	n/a	n/a	n/a	n/a	n/a	n/a	n/a	n/a	n/a	shee	534.6	397	true	534.38	535.0
535.4275	0.5800000000000409	trials	/intervals/trials	398	start_time	n/a	n/a	n/a	n/a	n/a	n/a	n/a	n/a	n/a	yoo	535.5460463	398	true	535.4275	536.0075
535.5460463	0.0	cv_transition	/intervals/trials	398	cv_transition_time	n/a	n/a	n/a	n/a	n/a	n/a	n/a	n/a	n/a	yoo	535.5460463	398	true	535.4275	536.0075
536.4453733	0.40462669999999434	trials	/intervals/trials	399	start_time	n/a	n/a	n/a	n/a	n/a	n/a	n/a	n/a	n/a	baa	536.4657258	399	true	536.4453733	536.85
536.4657258	0.0	cv_transition	/intervals/trials	399	cv_transition_time	n/a	n/a	n/a	n/a	n/a	n/a	n/a	n/a	n/a	baa	536.4657258	399	true	536.4453733	536.85
537.3825	0.48999989999992977	trials	/intervals/trials	400	start_time	n/a	n/a	n/a	n/a	n/a	n/a	n/a	n/a	n/a	zee	537.5375	400	true	537.3825	537.8724999
537.5375	0.0	cv_transition	/intervals/trials	400	cv_transition_time	n/a	n/a	n/a	n/a	n/a	n/a	n/a	n/a	n/a	zee	537.5375	400	true	537.3825	537.8724999
538.4424642	0.45503580000001875	trials	/intervals/trials	401	start_time	n/a	n/a	n/a	n/a	n/a	n/a	n/a	n/a	n/a	gee	538.4857134	401	true	538.4424642	538.8975
538.4857134	0.0	cv_transition	/intervals/trials	401	cv_transition_time	n/a	n/a	n/a	n/a	n/a	n/a	n/a	n/a	n/a	gee	538.4857134	401	true	538.4424642	538.8975
539.368504	0.47899599999993825	trials	/intervals/trials	402	start_time	n/a	n/a	n/a	n/a	n/a	n/a	n/a	n/a	n/a	kee	539.5	402	true	539.368504	539.8475
539.5	0.0	cv_transition	/intervals/trials	402	cv_transition_time	n/a	n/a	n/a	n/a	n/a	n/a	n/a	n/a	n/a	kee	539.5	402	true	539.368504	539.8475
540.2894556	0.4955443999999716	trials	/intervals/trials	403	start_time	n/a	n/a	n/a	n/a	n/a	n/a	n/a	n/a	n/a	ree	540.4828045	403	true	540.2894556	540.785
540.4828045	0.0	cv_transition	/intervals/trials	403	cv_transition_time	n/a	n/a	n/a	n/a	n/a	n/a	n/a	n/a	n/a	ree	540.4828045	403	true	540.2894556	540.785
541.35	0.5299999999999727	trials	/intervals/trials	404	start_time	n/a	n/a	n/a	n/a	n/a	n/a	n/a	n/a	n/a	thee	541.5175	404	true	541.35	541.88
541.5175	0.0	cv_transition	/intervals/trials	404	cv_transition_time	n/a	n/a	n/a	n/a	n/a	n/a	n/a	n/a	n/a	thee	541.5175	404	true	541.35	541.88
542.4175	0.44499999999993634	trials	/intervals/trials	405	start_time	n/a	n/a	n/a	n/a	n/a	n/a	n/a	n/a	n/a	voo	542.5275	405	true	542.4175	542.8625
542.5275	0.0	cv_transition	/intervals/trials	405	cv_transition_time	n/a	n/a	n/a	n/a	n/a	n/a	n/a	n/a	n/a	voo	542.5275	405	true	542.4175	542.8625
543.4758971	0.48410290000003897	trials	/intervals/trials	406	start_time	n/a	n/a	n/a	n/a	n/a	n/a	n/a	n/a	n/a	noo	543.6120045	406	true	543.4758971	543.96
543.6120045	0.0	cv_transition	/intervals/trials	406	cv_transition_time	n/a	n/a	n/a	n/a	n/a	n/a	n/a	n/a	n/a	noo	543.6120045	406	true	543.4758971	543.96
544.565	0.42749989999992977	trials	/intervals/trials	407	start_time	n/a	n/a	n/a	n/a	n/a	n/a	n/a	n/a	n/a	dee	544.6174999	407	true	544.565	544.9924999
544.6174999	0.0	cv_transition	/intervals/trials	407	cv_transition_time	n/a	n/a	n/a	n/a	n/a	n/a	n/a	n/a	n/a	dee	544.6174999	407	true	544.565	544.9924999
545.4755322	0.4969677999999931	trials	/intervals/trials	408	start_time	n/a	n/a	n/a	n/a	n/a	n/a	n/a	n/a	n/a	yee	545.5416779	408	true	545.4755322	545.9725
545.5416779	0.0	cv_transition	/intervals/trials	408	cv_transition_time	n/a	n/a	n/a	n/a	n/a	n/a	n/a	n/a	n/a	yee	545.5416779	408	true	545.4755322	545.9725
546.4791658	0.48333419999994476	trials	/intervals/trials	409	start_time	n/a	n/a	n/a	n/a	n/a	n/a	n/a	n/a	n/a	koo	546.6075	409	true	546.4791658	546.9625
546.6075	0.0	cv_transition	/intervals/trials	409	cv_transition_time	n/a	n/a	n/a	n/a	n/a	n/a	n/a	n/a	n/a	koo	546.6075	409	true	546.4791658	546.9625
547.3724999	0.5500001000000339	trials	/intervals/trials	410	start_time	n/a	n/a	n/a	n/a	n/a	n/a	n/a	n/a	n/a	fee	547.5525	410	true	547.3724999	547.9225
547.5525	0.0	cv_transition	/intervals/trials	410	cv_transition_time	n/a	n/a	n/a	n/a	n/a	n/a	n/a	n/a	n/a	fee	547.5525	410	true	547.3724999	547.9225
548.355	0.5399999999999636	trials	/intervals/trials	411	start_time	n/a	n/a	n/a	n/a	n/a	n/a	n/a	n/a	n/a	hee	548.525	411	true	548.355	548.895
548.525	0.0	cv_transition	/intervals/trials	411	cv_transition_time	n/a	n/a	n/a	n/a	n/a	n/a	n/a	n/a	n/a	hee	548.525	411	true	548.355	548.895
549.37	0.4349998999999798	trials	/intervals/trials	412	start_time	n/a	n/a	n/a	n/a	n/a	n/a	n/a	n/a	n/a	vaa	549.49	412	true	549.37	549.8049999
549.49	0.0	cv_transition	/intervals/trials	412	cv_transition_time	n/a	n/a	n/a	n/a	n/a	n/a	n/a	n/a	n/a	vaa	549.49	412	true	549.37	549.8049999
550.3461447	0.41885530000001836	trials	/intervals/trials	413	start_time	n/a	n/a	n/a	n/a	n/a	n/a	n/a	n/a	n/a	loo	550.4084743	413	true	550.3461447	550.765
550.4084743	0.0	cv_transition	/intervals/trials	413	cv_transition_time	n/a	n/a	n/a	n/a	n/a	n/a	n/a	n/a	n/a	loo	550.4084743	413	true	550.3461447	550.765
551.3025	0.44249999999999545	trials	/intervals/trials	414	start_time	n/a	n/a	n/a	n/a	n/a	n/a	n/a	n/a	n/a	hoo	551.4825	414	true	551.3025	551.745
551.4825	0.0	cv_transition	/intervals/trials	414	cv_transition_time	n/a	n/a	n/a	n/a	n/a	n/a	n/a	n/a	n/a	hoo	551.4825	414	true	551.3025	551.745
552.3175	0.4175000000000182	trials	/intervals/trials	415	start_time	n/a	n/a	n/a	n/a	n/a	n/a	n/a	n/a	n/a	kaa	552.4425	415	true	552.3175	552.735
552.4425	0.0	cv_transition	/intervals/trials	415	cv_transition_time	n/a	n/a	n/a	n/a	n/a	n/a	n/a	n/a	n/a	kaa	552.4425	415	true	552.3175	552.735
554.464986	0.42501400000003287	trials	/intervals/trials	416	start_time	n/a	n/a	n/a	n/a	n/a	n/a	n/a	n/a	n/a	bee	554.5044191	416	true	554.464986	554.89
554.5044191	0.0	cv_transition	/intervals/trials	416	cv_transition_time	n/a	n/a	n/a	n/a	n/a	n/a	n/a	n/a	n/a	bee	554.5044191	416	true	554.464986	554.89
555.2676385	0.41986150000002453	trials	/intervals/trials	417	start_time	n/a	n/a	n/a	n/a	n/a	n/a	n/a	n/a	n/a	paa	555.3825	417	true	555.2676385	555.6875
555.3825	0.0	cv_transition	/intervals/trials	417	cv_transition_time	n/a	n/a	n/a	n/a	n/a	n/a	n/a	n/a	n/a	paa	555.3825	417	true	555.2676385	555.6875
556.225	0.30999999999994543	trials	/intervals/trials	418	start_time	n/a	n/a	n/a	n/a	n/a	n/a	n/a	n/a	n/a	taa	556.3157934	418	true	556.225	556.535
556.3157934	0.0	cv_transition	/intervals/trials	418	cv_transition_time	n/a	n/a	n/a	n/a	n/a	n/a	n/a	n/a	n/a	taa	556.3157934	418	true	556.225	556.535
557.0853731	0.3846269000000575	trials	/intervals/trials	419	start_time	n/a	n/a	n/a	n/a	n/a	n/a	n/a	n/a	n/a	naa	557.1973119	419	true	557.0853731	557.47
557.1973119	0.0	cv_transition	/intervals/trials	419	cv_transition_time	n/a	n/a	n/a	n/a	n/a	n/a	n/a	n/a	n/a	naa	557.1973119	419	true	557.0853731	557.47
557.9825	0.44500000000005	trials	/intervals/trials	420	start_time	n/a	n/a	n/a	n/a	n/a	n/a	n/a	n/a	n/a	saa	558.165	420	true	557.9825	558.4275
558.165	0.0	cv_transition	/intervals/trials	420	cv_transition_time	n/a	n/a	n/a	n/a	n/a	n/a	n/a	n/a	n/a	saa	558.165	420	true	557.9825	558.4275
558.915	0.5175000000000409	trials	/intervals/trials	421	start_time	n/a	n/a	n/a	n/a	n/a	n/a	n/a	n/a	n/a	shoo	559.155	421	true	558.915	559.4325
559.155	0.0	cv_transition	/intervals/trials	421	cv_transition_time	n/a	n/a	n/a	n/a	n/a	n/a	n/a	n/a	n/a	shoo	559.155	421	true	558.915	559.4325
560.0034157	0.6365842999999813	trials	/intervals/trials	422	start_time	n/a	n/a	n/a	n/a	n/a	n/a	n/a	n/a	n/a	foo	560.3225	422	true	560.0034157	560.64
560.3225	0.0	cv_transition	/intervals/trials	422	cv_transition_time	n/a	n/a	n/a	n/a	n/a	n/a	n/a	n/a	n/a	foo	560.3225	422	true	560.0034157	560.64
561.3314176	0.3685824000000366	trials	/intervals/trials	423	start_time	n/a	n/a	n/a	n/a	n/a	n/a	n/a	n/a	n/a	daa	561.383571	423	true	561.3314176	561.7
561.383571	0.0	cv_transition	/intervals/trials	423	cv_transition_time	n/a	n/a	n/a	n/a	n/a	n/a	n/a	n/a	n/a	daa	561.383571	423	true	561.3314176	561.7
562.035	0.5525000000000091	trials	/intervals/trials	424	start_time	n/a	n/a	n/a	n/a	n/a	n/a	n/a	n/a	n/a	faa	562.265	424	true	562.035	562.5875
562.265	0.0	cv_transition	/intervals/trials	424	cv_transition_time	n/a	n/a	n/a	n/a	n/a	n/a	n/a	n/a	n/a	faa	562.265	424	true	562.035	562.5875
563.16	0.3875000000000455	trials	/intervals/trials	425	start_time	n/a	n/a	n/a	n/a	n/a	n/a	n/a	n/a	n/a	goo	563.27	425	true	563.16	563.5475
563.27	0.0	cv_transition	/intervals/trials	425	cv_transition_time	n/a	n/a	n/a	n/a	n/a	n/a	n/a	n/a	n/a	goo	563.27	425	true	563.16	563.5475
564.035	0.4500000000000455	trials	/intervals/trials	426	start_time	n/a	n/a	n/a	n/a	n/a	n/a	n/a	n/a	n/a	mee	564.2424999	426	true	564.035	564.485
564.2424999	0.0	cv_transition	/intervals/trials	426	cv_transition_time	n/a	n/a	n/a	n/a	n/a	n/a	n/a	n/a	n/a	mee	564.2424999	426	true	564.035	564.485
565.1258907	0.439109300000041	trials	/intervals/trials	427	start_time	n/a	n/a	n/a	n/a	n/a	n/a	n/a	n/a	n/a	zaa	565.2325	427	true	565.1258907	565.565
565.2325	0.0	cv_transition	/intervals/trials	427	cv_transition_time	n/a	n/a	n/a	n/a	n/a	n/a	n/a	n/a	n/a	zaa	565.2325	427	true	565.1258907	565.565
566.03	0.5275000000000318	trials	/intervals/trials	428	start_time	n/a	n/a	n/a	n/a	n/a	n/a	n/a	n/a	n/a	zee	566.225	428	true	566.03	566.5575
566.225	0.0	cv_transition	/intervals/trials	428	cv_transition_time	n/a	n/a	n/a	n/a	n/a	n/a	n/a	n/a	n/a	zee	566.225	428	true	566.03	566.5575
567.1275	0.4774999999999636	trials	/intervals/trials	429	start_time	n/a	n/a	n/a	n/a	n/a	n/a	n/a	n/a	n/a	zoo	567.3025	429	true	567.1275	567.605
567.3025	0.0	cv_transition	/intervals/trials	429	cv_transition_time	n/a	n/a	n/a	n/a	n/a	n/a	n/a	n/a	n/a	zoo	567.3025	429	true	567.1275	567.605
568.1625	0.43499999999994543	trials	/intervals/trials	430	start_time	n/a	n/a	n/a	n/a	n/a	n/a	n/a	n/a	n/a	too	568.255	430	true	568.1625	568.5975
568.255	0.0	cv_transition	/intervals/trials	430	cv_transition_time	n/a	n/a	n/a	n/a	n/a	n/a	n/a	n/a	n/a	too	568.255	430	true	568.1625	568.5975
569.1925	0.4824999999999591	trials	/intervals/trials	431	start_time	n/a	n/a	n/a	n/a	n/a	n/a	n/a	n/a	n/a	vee	569.3425	431	true	569.1925	569.675
569.3425	0.0	cv_transition	/intervals/trials	431	cv_transition_time	n/a	n/a	n/a	n/a	n/a	n/a	n/a	n/a	n/a	vee	569.3425	431	true	569.1925	569.675
570.1224999	0.5425000999999838	trials	/intervals/trials	432	start_time	n/a	n/a	n/a	n/a	n/a	n/a	n/a	n/a	n/a	thaa	570.2875	432	true	570.1224999	570.665
570.2875	0.0	cv_transition	/intervals/trials	432	cv_transition_time	n/a	n/a	n/a	n/a	n/a	n/a	n/a	n/a	n/a	thaa	570.2875	432	true	570.1224999	570.665
571.1833094	0.4566906000000017	trials	/intervals/trials	433	start_time	n/a	n/a	n/a	n/a	n/a	n/a	n/a	n/a	n/a	moo	571.2685357	433	true	571.1833094	571.64
571.2685357	0.0	cv_transition	/intervals/trials	433	cv_transition_time	n/a	n/a	n/a	n/a	n/a	n/a	n/a	n/a	n/a	moo	571.2685357	433	true	571.1833094	571.64
572.1425	0.5699999999999363	trials	/intervals/trials	434	start_time	n/a	n/a	n/a	n/a	n/a	n/a	n/a	n/a	n/a	thoo	572.33	434	true	572.1425	572.7125
572.33	0.0	cv_transition	/intervals/trials	434	cv_transition_time	n/a	n/a	n/a	n/a	n/a	n/a	n/a	n/a	n/a	thoo	572.33	434	true	572.1425	572.7125
573.2147455	0.5277543999999352	trials	/intervals/trials	435	start_time	n/a	n/a	n/a	n/a	n/a	n/a	n/a	n/a	n/a	nee	573.4106385	435	true	573.2147455	573.7424999
573.4106385	0.0	cv_transition	/intervals/trials	435	cv_transition_time	n/a	n/a	n/a	n/a	n/a	n/a	n/a	n/a	n/a	nee	573.4106385	435	true	573.2147455	573.7424999
575.2423653	0.5076347000000396	trials	/intervals/trials	436	start_time	n/a	n/a	n/a	n/a	n/a	n/a	n/a	n/a	n/a	laa	575.3606643	436	true	575.2423653	575.75
575.3606643	0.0	cv_transition	/intervals/trials	436	cv_transition_time	n/a	n/a	n/a	n/a	n/a	n/a	n/a	n/a	n/a	laa	575.3606643	436	true	575.2423653	575.75
576.2777997	0.43220030000009046	trials	/intervals/trials	437	start_time	n/a	n/a	n/a	n/a	n/a	n/a	n/a	n/a	n/a	maa	576.3693862	437	true	576.2777997	576.71
576.3693862	0.0	cv_transition	/intervals/trials	437	cv_transition_time	n/a	n/a	n/a	n/a	n/a	n/a	n/a	n/a	n/a	maa	576.3693862	437	true	576.2777997	576.71
577.125	0.5850000000000364	trials	/intervals/trials	438	start_time	n/a	n/a	n/a	n/a	n/a	n/a	n/a	n/a	n/a	soo	577.3975	438	true	577.125	577.71
577.3975	0.0	cv_transition	/intervals/trials	438	cv_transition_time	n/a	n/a	n/a	n/a	n/a	n/a	n/a	n/a	n/a	soo	577.3975	438	true	577.125	577.71
578.2074732	0.4525267999999869	trials	/intervals/trials	439	start_time	n/a	n/a	n/a	n/a	n/a	n/a	n/a	n/a	n/a	roo	578.3321323	439	true	578.2074732	578.66
578.3321323	0.0	cv_transition	/intervals/trials	439	cv_transition_time	n/a	n/a	n/a	n/a	n/a	n/a	n/a	n/a	n/a	roo	578.3321323	439	true	578.2074732	578.66
579.2250992	0.4049007999999503	trials	/intervals/trials	440	start_time	n/a	n/a	n/a	n/a	n/a	n/a	n/a	n/a	n/a	tee	579.3294057	440	true	579.2250992	579.63
579.3294057	0.0	cv_transition	/intervals/trials	440	cv_transition_time	n/a	n/a	n/a	n/a	n/a	n/a	n/a	n/a	n/a	tee	579.3294057	440	true	579.2250992	579.63
580.1638592	0.4311407999999801	trials	/intervals/trials	441	start_time	n/a	n/a	n/a	n/a	n/a	n/a	n/a	n/a	n/a	haa	580.2725	441	true	580.1638592	580.595
580.2725	0.0	cv_transition	/intervals/trials	441	cv_transition_time	n/a	n/a	n/a	n/a	n/a	n/a	n/a	n/a	n/a	haa	580.2725	441	true	580.1638592	580.595
581.0759065	0.5315934999999854	trials	/intervals/trials	442	start_time	n/a	n/a	n/a	n/a	n/a	n/a	n/a	n/a	n/a	waa	581.2298224	442	true	581.0759065	581.6075
581.2298224	0.0	cv_transition	/intervals/trials	442	cv_transition_time	n/a	n/a	n/a	n/a	n/a	n/a	n/a	n/a	n/a	waa	581.2298224	442	true	581.0759065	581.6075
582.125	0.40250000000003183	trials	/intervals/trials	443	start_time	n/a	n/a	n/a	n/a	n/a	n/a	n/a	n/a	n/a	pee	582.23	443	true	582.125	582.5275
582.23	0.0	cv_transition	/intervals/trials	443	cv_transition_time	n/a	n/a	n/a	n/a	n/a	n/a	n/a	n/a	n/a	pee	582.23	443	true	582.125	582.5275
583.0615493	0.4534506999999621	trials	/intervals/trials	444	start_time	n/a	n/a	n/a	n/a	n/a	n/a	n/a	n/a	n/a	lee	583.1989288	444	true	583.0615493	583.515
583.1989288	0.0	cv_transition	/intervals/trials	444	cv_transition_time	n/a	n/a	n/a	n/a	n/a	n/a	n/a	n/a	n/a	lee	583.1989288	444	true	583.0615493	583.515
584.0588227	0.47617730000001757	trials	/intervals/trials	445	start_time	n/a	n/a	n/a	n/a	n/a	n/a	n/a	n/a	n/a	wee	584.1300566	445	true	584.0588227	584.535
584.1300566	0.0	cv_transition	/intervals/trials	445	cv_transition_time	n/a	n/a	n/a	n/a	n/a	n/a	n/a	n/a	n/a	wee	584.1300566	445	true	584.0588227	584.535
584.9581498	0.5068502000000308	trials	/intervals/trials	446	start_time	n/a	n/a	n/a	n/a	n/a	n/a	n/a	n/a	n/a	yaa	585.0357437	446	true	584.9581498	585.465
585.0357437	0.0	cv_transition	/intervals/trials	446	cv_transition_time	n/a	n/a	n/a	n/a	n/a	n/a	n/a	n/a	n/a	yaa	585.0357437	446	true	584.9581498	585.465
585.995	0.47249999999996817	trials	/intervals/trials	447	start_time	n/a	n/a	n/a	n/a	n/a	n/a	n/a	n/a	n/a	gaa	586.0525	447	true	585.995	586.4675
586.0525	0.0	cv_transition	/intervals/trials	447	cv_transition_time	n/a	n/a	n/a	n/a	n/a	n/a	n/a	n/a	n/a	gaa	586.0525	447	true	585.995	586.4675
586.7775	0.6299999999999955	trials	/intervals/trials	448	start_time	n/a	n/a	n/a	n/a	n/a	n/a	n/a	n/a	n/a	shaa	587.005	448	true	586.7775	587.4075
587.005	0.0	cv_transition	/intervals/trials	448	cv_transition_time	n/a	n/a	n/a	n/a	n/a	n/a	n/a	n/a	n/a	shaa	587.005	448	true	586.7775	587.4075
587.8622	0.470299999999952	trials	/intervals/trials	449	start_time	n/a	n/a	n/a	n/a	n/a	n/a	n/a	n/a	n/a	doo	587.9207135	449	true	587.8622	588.3325
587.9207135	0.0	cv_transition	/intervals/trials	449	cv_transition_time	n/a	n/a	n/a	n/a	n/a	n/a	n/a	n/a	n/a	doo	587.9207135	449	true	587.8622	588.3325
588.7653431	0.440123299999982	trials	/intervals/trials	450	start_time	n/a	n/a	n/a	n/a	n/a	n/a	n/a	n/a	n/a	woo	588.8060482	450	true	588.7653431	589.2054664
588.8060482	0.0	cv_transition	/intervals/trials	450	cv_transition_time	n/a	n/a	n/a	n/a	n/a	n/a	n/a	n/a	n/a	woo	588.8060482	450	true	588.7653431	589.2054664
590.8552926	0.6297074000000293	trials	/intervals/trials	451	start_time	n/a	n/a	n/a	n/a	n/a	n/a	n/a	n/a	n/a	raa	591.0448253	451	true	590.8552926	591.485
591.0448253	0.0	cv_transition	/intervals/trials	451	cv_transition_time	n/a	n/a	n/a	n/a	n/a	n/a	n/a	n/a	n/a	raa	591.0448253	451	true	590.8552926	591.485
591.0448253	0.6701747000000751	trials	/intervals/trials	452	start_time	n/a	n/a	n/a	n/a	n/a	n/a	n/a	n/a	n/a	raa	591.0448253	452	true	591.0448253	591.715
591.0448253	0.0	cv_transition	/intervals/trials	452	cv_transition_time	n/a	n/a	n/a	n/a	n/a	n/a	n/a	n/a	n/a	raa	591.0448253	452	true	591.0448253	591.715
591.715	0.7274999999999636	trials	/intervals/trials	453	start_time	n/a	n/a	n/a	n/a	n/a	n/a	n/a	n/a	n/a	shee	591.9475	453	true	591.715	592.4425
591.9475	0.0	cv_transition	/intervals/trials	453	cv_transition_time	n/a	n/a	n/a	n/a	n/a	n/a	n/a	n/a	n/a	shee	591.9475	453	true	591.715	592.4425
592.7328126	0.4571874000000662	trials	/intervals/trials	454	start_time	n/a	n/a	n/a	n/a	n/a	n/a	n/a	n/a	n/a	yoo	592.9223454	454	true	592.7328126	593.19
592.9223454	0.0	cv_transition	/intervals/trials	454	cv_transition_time	n/a	n/a	n/a	n/a	n/a	n/a	n/a	n/a	n/a	yoo	592.9223454	454	true	592.7328126	593.19
594.5607232	0.4067767999999887	trials	/intervals/trials	455	start_time	n/a	n/a	n/a	n/a	n/a	n/a	n/a	n/a	n/a	boo	594.588708	455	true	594.5607232	594.9675
594.588708	0.0	cv_transition	/intervals/trials	455	cv_transition_time	n/a	n/a	n/a	n/a	n/a	n/a	n/a	n/a	n/a	boo	594.588708	455	true	594.5607232	594.9675
595.3175	0.5974999999999682	trials	/intervals/trials	456	start_time	n/a	n/a	n/a	n/a	n/a	n/a	n/a	n/a	n/a	zee	595.4924999	456	true	595.3175	595.915
595.4924999	0.0	cv_transition	/intervals/trials	456	cv_transition_time	n/a	n/a	n/a	n/a	n/a	n/a	n/a	n/a	n/a	zee	595.4924999	456	true	595.3175	595.915
596.3175	0.5475000000000136	trials	/intervals/trials	457	start_time	n/a	n/a	n/a	n/a	n/a	n/a	n/a	n/a	n/a	gee	596.4275	457	true	596.3175	596.865
596.4275	0.0	cv_transition	/intervals/trials	457	cv_transition_time	n/a	n/a	n/a	n/a	n/a	n/a	n/a	n/a	n/a	gee	596.4275	457	true	596.3175	596.865
597.2663365	0.5186635000000024	trials	/intervals/trials	458	start_time	n/a	n/a	n/a	n/a	n/a	n/a	n/a	n/a	n/a	kee	597.39	458	true	597.2663365	597.785
597.39	0.0	cv_transition	/intervals/trials	458	cv_transition_time	n/a	n/a	n/a	n/a	n/a	n/a	n/a	n/a	n/a	kee	597.39	458	true	597.2663365	597.785
598.0125	0.5024999999999409	trials	/intervals/trials	459	start_time	n/a	n/a	n/a	n/a	n/a	n/a	n/a	n/a	n/a	ree	598.2089126	459	true	598.0125	598.515
598.2089126	0.0	cv_transition	/intervals/trials	459	cv_transition_time	n/a	n/a	n/a	n/a	n/a	n/a	n/a	n/a	n/a	ree	598.2089126	459	true	598.0125	598.515
598.9675	0.45249999999998636	trials	/intervals/trials	460	start_time	n/a	n/a	n/a	n/a	n/a	n/a	n/a	n/a	n/a	thee	599.1075	460	true	598.9675	599.42
599.1075	0.0	cv_transition	/intervals/trials	460	cv_transition_time	n/a	n/a	n/a	n/a	n/a	n/a	n/a	n/a	n/a	thee	599.1075	460	true	598.9675	599.42
599.8775	0.38999999999998636	trials	/intervals/trials	461	start_time	n/a	n/a	n/a	n/a	n/a	n/a	n/a	n/a	n/a	voo	599.9675	461	true	599.8775	600.2675
599.9675	0.0	cv_transition	/intervals/trials	461	cv_transition_time	n/a	n/a	n/a	n/a	n/a	n/a	n/a	n/a	n/a	voo	599.9675	461	true	599.8775	600.2675
600.7593377	0.48566230000005817	trials	/intervals/trials	462	start_time	n/a	n/a	n/a	n/a	n/a	n/a	n/a	n/a	n/a	noo	600.9272461	462	true	600.7593377	601.245
600.9272461	0.0	cv_transition	/intervals/trials	462	cv_transition_time	n/a	n/a	n/a	n/a	n/a	n/a	n/a	n/a	n/a	noo	600.9272461	462	true	600.7593377	601.245
601.7769638	0.43803620000005594	trials	/intervals/trials	463	start_time	n/a	n/a	n/a	n/a	n/a	n/a	n/a	n/a	n/a	dee	601.8342052	463	true	601.7769638	602.215
601.8342052	0.0	cv_transition	/intervals/trials	463	cv_transition_time	n/a	n/a	n/a	n/a	n/a	n/a	n/a	n/a	n/a	dee	601.8342052	463	true	601.7769638	602.215
602.878544	0.43145589999994627	trials	/intervals/trials	464	start_time	n/a	n/a	n/a	n/a	n/a	n/a	n/a	n/a	n/a	yee	602.95741	464	true	602.878544	603.3099999
602.95741	0.0	cv_transition	/intervals/trials	464	cv_transition_time	n/a	n/a	n/a	n/a	n/a	n/a	n/a	n/a	n/a	yee	602.95741	464	true	602.878544	603.3099999
603.7175	0.46500000000003183	trials	/intervals/trials	465	start_time	n/a	n/a	n/a	n/a	n/a	n/a	n/a	n/a	n/a	koo	603.8491048	465	true	603.7175	604.1825
603.8491048	0.0	cv_transition	/intervals/trials	465	cv_transition_time	n/a	n/a	n/a	n/a	n/a	n/a	n/a	n/a	n/a	koo	603.8491048	465	true	603.7175	604.1825
604.5925	0.5874999000000116	trials	/intervals/trials	466	start_time	n/a	n/a	n/a	n/a	n/a	n/a	n/a	n/a	n/a	fee	604.765	466	true	604.5925	605.1799999
604.765	0.0	cv_transition	/intervals/trials	466	cv_transition_time	n/a	n/a	n/a	n/a	n/a	n/a	n/a	n/a	n/a	fee	604.765	466	true	604.5925	605.1799999
605.4175	0.5325000000000273	trials	/intervals/trials	467	start_time	n/a	n/a	n/a	n/a	n/a	n/a	n/a	n/a	n/a	hee	605.6224999	467	true	605.4175	605.95
605.6224999	0.0	cv_transition	/intervals/trials	467	cv_transition_time	n/a	n/a	n/a	n/a	n/a	n/a	n/a	n/a	n/a	hee	605.6224999	467	true	605.4175	605.95
606.4020741	0.36792589999993197	trials	/intervals/trials	468	start_time	n/a	n/a	n/a	n/a	n/a	n/a	n/a	n/a	n/a	vaa	606.5012927	468	true	606.4020741	606.77
606.5012927	0.0	cv_transition	/intervals/trials	468	cv_transition_time	n/a	n/a	n/a	n/a	n/a	n/a	n/a	n/a	n/a	vaa	606.5012927	468	true	606.4020741	606.77
607.3370179	0.40798210000002655	trials	/intervals/trials	469	start_time	n/a	n/a	n/a	n/a	n/a	n/a	n/a	n/a	n/a	loo	607.4298763	469	true	607.3370179	607.745
607.4298763	0.0	cv_transition	/intervals/trials	469	cv_transition_time	n/a	n/a	n/a	n/a	n/a	n/a	n/a	n/a	n/a	loo	607.4298763	469	true	607.3370179	607.745
608.22	0.39249999999992724	trials	/intervals/trials	470	start_time	n/a	n/a	n/a	n/a	n/a	n/a	n/a	n/a	n/a	hoo	608.3425	470	true	608.22	608.6125
608.3425	0.0	cv_transition	/intervals/trials	470	cv_transition_time	n/a	n/a	n/a	n/a	n/a	n/a	n/a	n/a	n/a	hoo	608.3425	470	true	608.22	608.6125
609.125	0.3849999999999909	trials	/intervals/trials	471	start_time	n/a	n/a	n/a	n/a	n/a	n/a	n/a	n/a	n/a	kaa	609.2323464	471	true	609.125	609.51
609.2323464	0.0	cv_transition	/intervals/trials	471	cv_transition_time	n/a	n/a	n/a	n/a	n/a	n/a	n/a	n/a	n/a	kaa	609.2323464	471	true	609.125	609.51
609.985	0.38749989999996615	trials	/intervals/trials	472	start_time	n/a	n/a	n/a	n/a	n/a	n/a	n/a	n/a	n/a	poo	610.1025	472	true	609.985	610.3724999
610.1025	0.0	cv_transition	/intervals/trials	472	cv_transition_time	n/a	n/a	n/a	n/a	n/a	n/a	n/a	n/a	n/a	poo	610.1025	472	true	609.985	610.3724999
610.895	0.33749999999997726	trials	/intervals/trials	473	start_time	n/a	n/a	n/a	n/a	n/a	n/a	n/a	n/a	n/a	bee	610.9381421	473	true	610.895	611.2325
610.9381421	0.0	cv_transition	/intervals/trials	473	cv_transition_time	n/a	n/a	n/a	n/a	n/a	n/a	n/a	n/a	n/a	bee	610.9381421	473	true	610.895	611.2325
611.725	0.3924998999999616	trials	/intervals/trials	474	start_time	n/a	n/a	n/a	n/a	n/a	n/a	n/a	n/a	n/a	paa	611.83	474	true	611.725	612.1174999
611.83	0.0	cv_transition	/intervals/trials	474	cv_transition_time	n/a	n/a	n/a	n/a	n/a	n/a	n/a	n/a	n/a	paa	611.83	474	true	611.725	612.1174999
612.73	0.3924998999999616	trials	/intervals/trials	475	start_time	n/a	n/a	n/a	n/a	n/a	n/a	n/a	n/a	n/a	taa	612.8207502	475	true	612.73	613.1224999
612.8207502	0.0	cv_transition	/intervals/trials	475	cv_transition_time	n/a	n/a	n/a	n/a	n/a	n/a	n/a	n/a	n/a	taa	612.8207502	475	true	612.73	613.1224999
613.6221307	0.4253693000000567	trials	/intervals/trials	476	start_time	n/a	n/a	n/a	n/a	n/a	n/a	n/a	n/a	n/a	naa	613.765	476	true	613.6221307	614.0475
613.765	0.0	cv_transition	/intervals/trials	476	cv_transition_time	n/a	n/a	n/a	n/a	n/a	n/a	n/a	n/a	n/a	naa	613.765	476	true	613.6221307	614.0475
614.4775	0.48500000000001364	trials	/intervals/trials	477	start_time	n/a	n/a	n/a	n/a	n/a	n/a	n/a	n/a	n/a	saa	614.66	477	true	614.4775	614.9625
614.66	0.0	cv_transition	/intervals/trials	477	cv_transition_time	n/a	n/a	n/a	n/a	n/a	n/a	n/a	n/a	n/a	saa	614.66	477	true	614.4775	614.9625
615.48	0.5349999999999682	trials	/intervals/trials	478	start_time	n/a	n/a	n/a	n/a	n/a	n/a	n/a	n/a	n/a	shoo	615.695	478	true	615.48	616.015
615.695	0.0	cv_transition	/intervals/trials	478	cv_transition_time	n/a	n/a	n/a	n/a	n/a	n/a	n/a	n/a	n/a	shoo	615.695	478	true	615.48	616.015
616.4	0.49250000000006366	trials	/intervals/trials	479	start_time	n/a	n/a	n/a	n/a	n/a	n/a	n/a	n/a	n/a	foo	616.6025	479	true	616.4	616.8925
616.4578786827221	0.5103653794694765	invalid_times	/intervals/invalid_times	6	start_time	n/a	n/a	n/a	n/a	6	616.4578786827221	616.9682440621916	"[""ECoG artifact""]"	"[{""idx_start"":1881280,""count"":1557,""timeseries"":""/acquisition/ElectricalSeries""}]"	n/a	n/a	n/a	n/a	n/a	n/a
616.6025	0.0	cv_transition	/intervals/trials	479	cv_transition_time	n/a	n/a	n/a	n/a	n/a	n/a	n/a	n/a	n/a	foo	616.6025	479	true	616.4	616.8925
617.4125	0.36000000000001364	trials	/intervals/trials	480	start_time	n/a	n/a	n/a	n/a	n/a	n/a	n/a	n/a	n/a	daa	617.4525	480	true	617.4125	617.7725
617.4525	0.0	cv_transition	/intervals/trials	480	cv_transition_time	n/a	n/a	n/a	n/a	n/a	n/a	n/a	n/a	n/a	daa	617.4525	480	true	617.4125	617.7725
618.089509	0.5104910000000018	trials	/intervals/trials	481	start_time	n/a	n/a	n/a	n/a	n/a	n/a	n/a	n/a	n/a	faa	618.3032103	481	true	618.089509	618.6
618.3032103	0.0	cv_transition	/intervals/trials	481	cv_transition_time	n/a	n/a	n/a	n/a	n/a	n/a	n/a	n/a	n/a	faa	618.3032103	481	true	618.089509	618.6
619.0725	0.43000000000006366	trials	/intervals/trials	482	start_time	n/a	n/a	n/a	n/a	n/a	n/a	n/a	n/a	n/a	goo	619.1592883	482	true	619.0725	619.5025
619.1592883	0.0	cv_transition	/intervals/trials	482	cv_transition_time	n/a	n/a	n/a	n/a	n/a	n/a	n/a	n/a	n/a	goo	619.1592883	482	true	619.0725	619.5025
619.9225077	0.40249230000006264	trials	/intervals/trials	483	start_time	n/a	n/a	n/a	n/a	n/a	n/a	n/a	n/a	n/a	mee	620.0280865	483	true	619.9225077	620.325
620.0280865	0.0	cv_transition	/intervals/trials	483	cv_transition_time	n/a	n/a	n/a	n/a	n/a	n/a	n/a	n/a	n/a	mee	620.0280865	483	true	619.9225077	620.325
620.825	0.4574999999999818	trials	/intervals/trials	484	start_time	n/a	n/a	n/a	n/a	n/a	n/a	n/a	n/a	n/a	zaa	620.975	484	true	620.825	621.2825
620.975	0.0	cv_transition	/intervals/trials	484	cv_transition_time	n/a	n/a	n/a	n/a	n/a	n/a	n/a	n/a	n/a	zaa	620.975	484	true	620.825	621.2825
621.5975	0.5175000000000409	trials	/intervals/trials	485	start_time	n/a	n/a	n/a	n/a	n/a	n/a	n/a	n/a	n/a	see	621.84	485	true	621.5975	622.115
621.84	0.0	cv_transition	/intervals/trials	485	cv_transition_time	n/a	n/a	n/a	n/a	n/a	n/a	n/a	n/a	n/a	see	621.84	485	true	621.5975	622.115
622.6	0.4774999999999636	trials	/intervals/trials	486	start_time	n/a	n/a	n/a	n/a	n/a	n/a	n/a	n/a	n/a	zoo	622.7825	486	true	622.6	623.0775
622.7825	0.0	cv_transition	/intervals/trials	486	cv_transition_time	n/a	n/a	n/a	n/a	n/a	n/a	n/a	n/a	n/a	zoo	622.7825	486	true	622.6	623.0775
623.52	0.3949999999999818	trials	/intervals/trials	487	start_time	n/a	n/a	n/a	n/a	n/a	n/a	n/a	n/a	n/a	too	623.6425	487	true	623.52	623.915
623.6425	0.0	cv_transition	/intervals/trials	487	cv_transition_time	n/a	n/a	n/a	n/a	n/a	n/a	n/a	n/a	n/a	too	623.6425	487	true	623.52	623.915
624.3625	0.37750000000005457	trials	/intervals/trials	488	start_time	n/a	n/a	n/a	n/a	n/a	n/a	n/a	n/a	n/a	vee	624.4725	488	true	624.3625	624.74
624.4725	0.0	cv_transition	/intervals/trials	488	cv_transition_time	n/a	n/a	n/a	n/a	n/a	n/a	n/a	n/a	n/a	vee	624.4725	488	true	624.3625	624.74
625.1823623	0.4401375999999573	trials	/intervals/trials	489	start_time	n/a	n/a	n/a	n/a	n/a	n/a	n/a	n/a	n/a	thaa	625.3099999	489	true	625.1823623	625.6224999
625.3099999	0.0	cv_transition	/intervals/trials	489	cv_transition_time	n/a	n/a	n/a	n/a	n/a	n/a	n/a	n/a	n/a	thaa	625.3099999	489	true	625.1823623	625.6224999
626.1949002	0.4375998000000436	trials	/intervals/trials	490	start_time	n/a	n/a	n/a	n/a	n/a	n/a	n/a	n/a	n/a	moo	626.2801264	490	true	626.1949002	626.6325
626.2801264	0.0	cv_transition	/intervals/trials	490	cv_transition_time	n/a	n/a	n/a	n/a	n/a	n/a	n/a	n/a	n/a	moo	626.2801264	490	true	626.1949002	626.6325
627.0625	0.4874999999999545	trials	/intervals/trials	491	start_time	n/a	n/a	n/a	n/a	n/a	n/a	n/a	n/a	n/a	thoo	627.2325	491	true	627.0625	627.55
627.2325	0.0	cv_transition	/intervals/trials	491	cv_transition_time	n/a	n/a	n/a	n/a	n/a	n/a	n/a	n/a	n/a	thoo	627.2325	491	true	627.0625	627.55
627.9922822	0.44771780000007766	trials	/intervals/trials	492	start_time	n/a	n/a	n/a	n/a	n/a	n/a	n/a	n/a	n/a	nee	628.1525583	492	true	627.9922822	628.44
628.1525583	0.0	cv_transition	/intervals/trials	492	cv_transition_time	n/a	n/a	n/a	n/a	n/a	n/a	n/a	n/a	n/a	nee	628.1525583	492	true	627.9922822	628.44
629.0825	0.36750000000006366	trials	/intervals/trials	493	start_time	n/a	n/a	n/a	n/a	n/a	n/a	n/a	n/a	n/a	boo	629.1425	493	true	629.0825	629.45
629.1425	0.0	cv_transition	/intervals/trials	493	cv_transition_time	n/a	n/a	n/a	n/a	n/a	n/a	n/a	n/a	n/a	boo	629.1425	493	true	629.0825	629.45
629.8380013	0.4319987000000083	trials	/intervals/trials	494	start_time	n/a	n/a	n/a	n/a	n/a	n/a	n/a	n/a	n/a	laa	629.9435801	494	true	629.8380013	630.27
629.9435801	0.0	cv_transition	/intervals/trials	494	cv_transition_time	n/a	n/a	n/a	n/a	n/a	n/a	n/a	n/a	n/a	laa	629.9435801	494	true	629.8380013	630.27
630.7275	0.36750000000006366	trials	/intervals/trials	495	start_time	n/a	n/a	n/a	n/a	n/a	n/a	n/a	n/a	n/a	maa	630.82	495	true	630.7275	631.095
630.82	0.0	cv_transition	/intervals/trials	495	cv_transition_time	n/a	n/a	n/a	n/a	n/a	n/a	n/a	n/a	n/a	maa	630.82	495	true	630.7275	631.095
631.5975	0.5550000000000637	trials	/intervals/trials	496	start_time	n/a	n/a	n/a	n/a	n/a	n/a	n/a	n/a	n/a	soo	631.8425	496	true	631.5975	632.1525
631.8425	0.0	cv_transition	/intervals/trials	496	cv_transition_time	n/a	n/a	n/a	n/a	n/a	n/a	n/a	n/a	n/a	soo	631.8425	496	true	631.5975	632.1525
632.41	0.4800000000000182	trials	/intervals/trials	497	start_time	n/a	n/a	n/a	n/a	n/a	n/a	n/a	n/a	n/a	roo	632.6425	497	true	632.41	632.89
632.6425	0.0	cv_transition	/intervals/trials	497	cv_transition_time	n/a	n/a	n/a	n/a	n/a	n/a	n/a	n/a	n/a	roo	632.6425	497	true	632.41	632.89
633.4175	0.38249999999993634	trials	/intervals/trials	498	start_time	n/a	n/a	n/a	n/a	n/a	n/a	n/a	n/a	n/a	tee	633.52	498	true	633.4175	633.8
633.52	0.0	cv_transition	/intervals/trials	498	cv_transition_time	n/a	n/a	n/a	n/a	n/a	n/a	n/a	n/a	n/a	tee	633.52	498	true	633.4175	633.8
634.1725	0.3824998999999707	trials	/intervals/trials	499	start_time	n/a	n/a	n/a	n/a	n/a	n/a	n/a	n/a	n/a	haa	634.29	499	true	634.1725	634.5549999
634.29	0.0	cv_transition	/intervals/trials	499	cv_transition_time	n/a	n/a	n/a	n/a	n/a	n/a	n/a	n/a	n/a	haa	634.29	499	true	634.1725	634.5549999
635.0355262	0.394473699999935	trials	/intervals/trials	500	start_time	n/a	n/a	n/a	n/a	n/a	n/a	n/a	n/a	n/a	waa	635.1347448	500	true	635.0355262	635.4299999
635.1347448	0.0	cv_transition	/intervals/trials	500	cv_transition_time	n/a	n/a	n/a	n/a	n/a	n/a	n/a	n/a	n/a	waa	635.1347448	500	true	635.0355262	635.4299999
635.8825	0.3974999999999227	trials	/intervals/trials	501	start_time	n/a	n/a	n/a	n/a	n/a	n/a	n/a	n/a	n/a	pee	635.9775	501	true	635.8825	636.28
635.9775	0.0	cv_transition	/intervals/trials	501	cv_transition_time	n/a	n/a	n/a	n/a	n/a	n/a	n/a	n/a	n/a	pee	635.9775	501	true	635.8825	636.28
636.743866	0.4061339999999518	trials	/intervals/trials	502	start_time	n/a	n/a	n/a	n/a	n/a	n/a	n/a	n/a	n/a	lee	636.8418124	502	true	636.743866	637.15
636.8418124	0.0	cv_transition	/intervals/trials	502	cv_transition_time	n/a	n/a	n/a	n/a	n/a	n/a	n/a	n/a	n/a	lee	636.8418124	502	true	636.743866	637.15
637.9898853071281	0.34601042675899407	invalid_times	/intervals/invalid_times	11	start_time	n/a	n/a	n/a	n/a	11	637.9898853071281	638.3358957338871	"[""ECoG artifact""]"	"[{""idx_start"":1946990,""count"":1056,""timeseries"":""/acquisition/ElectricalSeries""}]"	n/a	n/a	n/a	n/a	n/a	n/a
638.4318531	0.45064690000003793	trials	/intervals/trials	503	start_time	n/a	n/a	n/a	n/a	n/a	n/a	n/a	n/a	n/a	yaa	638.5921292	503	true	638.4318531	638.8825
638.5921292	0.0	cv_transition	/intervals/trials	503	cv_transition_time	n/a	n/a	n/a	n/a	n/a	n/a	n/a	n/a	n/a	yaa	638.5921292	503	true	638.4318531	638.8825
640.22	0.4700000000000273	trials	/intervals/trials	504	start_time	n/a	n/a	n/a	n/a	n/a	n/a	n/a	n/a	n/a	shaa	640.4299999	504	true	640.22	640.69
640.4299999	0.0	cv_transition	/intervals/trials	504	cv_transition_time	n/a	n/a	n/a	n/a	n/a	n/a	n/a	n/a	n/a	shaa	640.4299999	504	true	640.22	640.69
641.2025	0.37999999999999545	trials	/intervals/trials	505	start_time	n/a	n/a	n/a	n/a	n/a	n/a	n/a	n/a	n/a	doo	641.2675	505	true	641.2025	641.5825
641.2675	0.0	cv_transition	/intervals/trials	505	cv_transition_time	n/a	n/a	n/a	n/a	n/a	n/a	n/a	n/a	n/a	doo	641.2675	505	true	641.2025	641.5825
642.0520577	0.3504423000000543	trials	/intervals/trials	506	start_time	n/a	n/a	n/a	n/a	n/a	n/a	n/a	n/a	n/a	woo	642.139828	506	true	642.0520577	642.4025
642.139828	0.0	cv_transition	/intervals/trials	506	cv_transition_time	n/a	n/a	n/a	n/a	n/a	n/a	n/a	n/a	n/a	woo	642.139828	506	true	642.0520577	642.4025
643.0610345	54.61871819999999	epochs	/intervals/epochs	0	start_time	0	rest_period	643.0610345	697.6797527	n/a	n/a	n/a	n/a	n/a	n/a	n/a	n/a	n/a	n/a	n/a
670.8088687435296	0.6487553771626153	invalid_times	/intervals/invalid_times	7	start_time	n/a	n/a	n/a	n/a	7	670.8088687435296	671.4576241206922	"[""ECoG artifact""]"	"[{""idx_start"":2047146,""count"":1980,""timeseries"":""/acquisition/ElectricalSeries""}]"	n/a	n/a	n/a	n/a	n/a	n/a
670.8359081072202	0.458463815455616	invalid_times	/intervals/invalid_times	12	start_time	n/a	n/a	n/a	n/a	12	670.8359081072202	671.2943719226759	"[""ECoG artifact""]"	"[{""idx_start"":2047228,""count"":1399,""timeseries"":""/acquisition/ElectricalSeries""}]"	n/a	n/a	n/a	n/a	n/a	n/a
686.0669137760555	0.6055050186851076	invalid_times	/intervals/invalid_times	9	start_time	n/a	n/a	n/a	n/a	9	686.0669137760555	686.6724187947406	"[""ECoG artifact""]"	"[{""idx_start"":2093710,""count"":1847,""timeseries"":""/acquisition/ElectricalSeries""}]"	n/a	n/a	n/a	n/a	n/a	n/a
686.2399152099655	0.0	invalid_times	/intervals/invalid_times	8	start_time	n/a	n/a	n/a	n/a	8	686.2399152099655	686.2399152099655	"[""ECoG artifact""]"	"[{""idx_start"":2094238,""count"":0,""timeseries"":""/acquisition/ElectricalSeries""}]"	n/a	n/a	n/a	n/a	n/a	n/a
