onset	duration	trial_type	source_table	source_row	source_onset_column	nwb_epochs_id	nwb_epochs_label	nwb_epochs_start_time	nwb_epochs_stop_time	nwb_invalid_times_id	nwb_invalid_times_start_time	nwb_invalid_times_stop_time	nwb_invalid_times_tags	nwb_invalid_times_timeseries	nwb_trials_condition	nwb_trials_cv_transition_time	nwb_trials_id	nwb_trials_speak	nwb_trials_start_time	nwb_trials_stop_time
3.6084938	0.3453919999999999	trials	/intervals/trials	0	start_time	n/a	n/a	n/a	n/a	n/a	n/a	n/a	n/a	n/a	raa	3.7351631	0	true	3.6084938	3.9538858
3.7351631	0.0	cv_transition	/intervals/trials	0	cv_transition_time	n/a	n/a	n/a	n/a	n/a	n/a	n/a	n/a	n/a	raa	3.7351631	0	true	3.6084938	3.9538858
4.5742447	0.4707594999999998	trials	/intervals/trials	1	start_time	n/a	n/a	n/a	n/a	n/a	n/a	n/a	n/a	n/a	shee	4.7620097	1	true	4.5742447	5.0450042
4.7620097	0.0	cv_transition	/intervals/trials	1	cv_transition_time	n/a	n/a	n/a	n/a	n/a	n/a	n/a	n/a	n/a	shee	4.7620097	1	true	4.5742447	5.0450042
5.9423504	0.3999030000000001	trials	/intervals/trials	2	start_time	n/a	n/a	n/a	n/a	n/a	n/a	n/a	n/a	n/a	yoo	6.0088087	2	true	5.9423504	6.3422534
6.0088087	0.0	cv_transition	/intervals/trials	2	cv_transition_time	n/a	n/a	n/a	n/a	n/a	n/a	n/a	n/a	n/a	yoo	6.0088087	2	true	5.9423504	6.3422534
7.258651	0.3814587999999999	trials	/intervals/trials	3	start_time	n/a	n/a	n/a	n/a	n/a	n/a	n/a	n/a	n/a	baa	7.2694468	3	true	7.258651	7.6401098
7.2694468	0.0	cv_transition	/intervals/trials	3	cv_transition_time	n/a	n/a	n/a	n/a	n/a	n/a	n/a	n/a	n/a	baa	7.2694468	3	true	7.258651	7.6401098
8.3302215	0.44724469999999883	trials	/intervals/trials	4	start_time	n/a	n/a	n/a	n/a	n/a	n/a	n/a	n/a	n/a	zee	8.4556299	4	true	8.3302215	8.7774662
8.4556299	0.0	cv_transition	/intervals/trials	4	cv_transition_time	n/a	n/a	n/a	n/a	n/a	n/a	n/a	n/a	n/a	zee	8.4556299	4	true	8.3302215	8.7774662
9.6486103	0.44672670000000103	trials	/intervals/trials	5	start_time	n/a	n/a	n/a	n/a	n/a	n/a	n/a	n/a	n/a	gee	9.6738953	5	true	9.6486103	10.095337
9.6738953	0.0	cv_transition	/intervals/trials	5	cv_transition_time	n/a	n/a	n/a	n/a	n/a	n/a	n/a	n/a	n/a	gee	9.6738953	5	true	9.6486103	10.095337
10.6909974	0.41044780000000003	trials	/intervals/trials	6	start_time	n/a	n/a	n/a	n/a	n/a	n/a	n/a	n/a	n/a	kee	10.7832761	6	true	10.6909974	11.1014452
10.7832761	0.0	cv_transition	/intervals/trials	6	cv_transition_time	n/a	n/a	n/a	n/a	n/a	n/a	n/a	n/a	n/a	kee	10.7832761	6	true	10.6909974	11.1014452
12.0578944	0.5103469	trials	/intervals/trials	7	start_time	n/a	n/a	n/a	n/a	n/a	n/a	n/a	n/a	n/a	ree	12.1120164	7	true	12.0578944	12.5682413
12.1120164	0.0	cv_transition	/intervals/trials	7	cv_transition_time	n/a	n/a	n/a	n/a	n/a	n/a	n/a	n/a	n/a	ree	12.1120164	7	true	12.0578944	12.5682413
13.3706693	0.4750572000000002	trials	/intervals/trials	8	start_time	n/a	n/a	n/a	n/a	n/a	n/a	n/a	n/a	n/a	thee	13.4059116	8	true	13.3706693	13.8457265
13.4059116	0.0	cv_transition	/intervals/trials	8	cv_transition_time	n/a	n/a	n/a	n/a	n/a	n/a	n/a	n/a	n/a	thee	13.4059116	8	true	13.3706693	13.8457265
14.4568867	0.5027176999999998	trials	/intervals/trials	9	start_time	n/a	n/a	n/a	n/a	n/a	n/a	n/a	n/a	n/a	voo	14.5638722	9	true	14.4568867	14.9596044
14.5638722	0.0	cv_transition	/intervals/trials	9	cv_transition_time	n/a	n/a	n/a	n/a	n/a	n/a	n/a	n/a	n/a	voo	14.5638722	9	true	14.4568867	14.9596044
15.7885414	0.43627090000000024	trials	/intervals/trials	10	start_time	n/a	n/a	n/a	n/a	n/a	n/a	n/a	n/a	n/a	noo	15.8653192	10	true	15.7885414	16.2248123
15.8653192	0.0	cv_transition	/intervals/trials	10	cv_transition_time	n/a	n/a	n/a	n/a	n/a	n/a	n/a	n/a	n/a	noo	15.8653192	10	true	15.7885414	16.2248123
17.3379431	0.4365679	trials	/intervals/trials	11	start_time	n/a	n/a	n/a	n/a	n/a	n/a	n/a	n/a	n/a	dee	17.3719267	11	true	17.3379431	17.774511
17.3719267	0.0	cv_transition	/intervals/trials	11	cv_transition_time	n/a	n/a	n/a	n/a	n/a	n/a	n/a	n/a	n/a	dee	17.3719267	11	true	17.3379431	17.774511
18.3216345	0.5495189000000025	trials	/intervals/trials	12	start_time	n/a	n/a	n/a	n/a	n/a	n/a	n/a	n/a	n/a	yee	18.3950774	12	true	18.3216345	18.8711534
18.3950774	0.0	cv_transition	/intervals/trials	12	cv_transition_time	n/a	n/a	n/a	n/a	n/a	n/a	n/a	n/a	n/a	yee	18.3950774	12	true	18.3216345	18.8711534
19.4172376	0.42477129999999974	trials	/intervals/trials	13	start_time	n/a	n/a	n/a	n/a	n/a	n/a	n/a	n/a	n/a	koo	19.4987106	13	true	19.4172376	19.8420089
19.4987106	0.0	cv_transition	/intervals/trials	13	cv_transition_time	n/a	n/a	n/a	n/a	n/a	n/a	n/a	n/a	n/a	koo	19.4987106	13	true	19.4172376	19.8420089
20.6039133	0.4168811000000012	trials	/intervals/trials	14	start_time	n/a	n/a	n/a	n/a	n/a	n/a	n/a	n/a	n/a	fee	20.646711	14	true	20.6039133	21.0207944
20.646711	0.0	cv_transition	/intervals/trials	14	cv_transition_time	n/a	n/a	n/a	n/a	n/a	n/a	n/a	n/a	n/a	fee	20.646711	14	true	20.6039133	21.0207944
21.7750375	0.4258632999999996	trials	/intervals/trials	15	start_time	n/a	n/a	n/a	n/a	n/a	n/a	n/a	n/a	n/a	hee	21.8268174	15	true	21.7750375	22.2009008
21.8268174	0.0	cv_transition	/intervals/trials	15	cv_transition_time	n/a	n/a	n/a	n/a	n/a	n/a	n/a	n/a	n/a	hee	21.8268174	15	true	21.7750375	22.2009008
22.9698715	0.4431018999999985	trials	/intervals/trials	16	start_time	n/a	n/a	n/a	n/a	n/a	n/a	n/a	n/a	n/a	vaa	22.9943664	16	true	22.9698715	23.4129734
22.9943664	0.0	cv_transition	/intervals/trials	16	cv_transition_time	n/a	n/a	n/a	n/a	n/a	n/a	n/a	n/a	n/a	vaa	22.9943664	16	true	22.9698715	23.4129734
24.1203532	0.4399678999999992	trials	/intervals/trials	17	start_time	n/a	n/a	n/a	n/a	n/a	n/a	n/a	n/a	n/a	loo	24.1521743	17	true	24.1203532	24.5603211
24.1521743	0.0	cv_transition	/intervals/trials	17	cv_transition_time	n/a	n/a	n/a	n/a	n/a	n/a	n/a	n/a	n/a	loo	24.1521743	17	true	24.1203532	24.5603211
25.29987	0.41067970000000287	trials	/intervals/trials	18	start_time	n/a	n/a	n/a	n/a	n/a	n/a	n/a	n/a	n/a	hoo	25.309901	18	true	25.29987	25.7105497
25.309901	0.0	cv_transition	/intervals/trials	18	cv_transition_time	n/a	n/a	n/a	n/a	n/a	n/a	n/a	n/a	n/a	hoo	25.309901	18	true	25.29987	25.7105497
26.4904731	0.5260856000000018	trials	/intervals/trials	19	start_time	n/a	n/a	n/a	n/a	n/a	n/a	n/a	n/a	n/a	kaa	26.6210305	19	true	26.4904731	27.0165587
26.6210305	0.0	cv_transition	/intervals/trials	19	cv_transition_time	n/a	n/a	n/a	n/a	n/a	n/a	n/a	n/a	n/a	kaa	26.6210305	19	true	26.4904731	27.0165587
27.7084576	0.4197665999999991	trials	/intervals/trials	20	start_time	n/a	n/a	n/a	n/a	n/a	n/a	n/a	n/a	n/a	poo	27.7607907	20	true	27.7084576	28.1282242
27.7607907	0.0	cv_transition	/intervals/trials	20	cv_transition_time	n/a	n/a	n/a	n/a	n/a	n/a	n/a	n/a	n/a	poo	27.7607907	20	true	27.7084576	28.1282242
28.8906351	0.49688919999999825	trials	/intervals/trials	21	start_time	n/a	n/a	n/a	n/a	n/a	n/a	n/a	n/a	n/a	bee	28.9118541	21	true	28.8906351	29.3875243
28.9118541	0.0	cv_transition	/intervals/trials	21	cv_transition_time	n/a	n/a	n/a	n/a	n/a	n/a	n/a	n/a	n/a	bee	28.9118541	21	true	28.8906351	29.3875243
30.1521727	0.4545686999999994	trials	/intervals/trials	22	start_time	n/a	n/a	n/a	n/a	n/a	n/a	n/a	n/a	n/a	paa	30.203929	22	true	30.1521727	30.6067414
30.203929	0.0	cv_transition	/intervals/trials	22	cv_transition_time	n/a	n/a	n/a	n/a	n/a	n/a	n/a	n/a	n/a	paa	30.203929	22	true	30.1521727	30.6067414
31.2255282	0.4963900999999993	trials	/intervals/trials	23	start_time	n/a	n/a	n/a	n/a	n/a	n/a	n/a	n/a	n/a	taa	31.3372748	23	true	31.2255282	31.7219183
31.3372748	0.0	cv_transition	/intervals/trials	23	cv_transition_time	n/a	n/a	n/a	n/a	n/a	n/a	n/a	n/a	n/a	taa	31.3372748	23	true	31.2255282	31.7219183
32.4480706	0.5185649999999953	trials	/intervals/trials	24	start_time	n/a	n/a	n/a	n/a	n/a	n/a	n/a	n/a	n/a	naa	32.4870889	24	true	32.4480706	32.9666356
32.4870889	0.0	cv_transition	/intervals/trials	24	cv_transition_time	n/a	n/a	n/a	n/a	n/a	n/a	n/a	n/a	n/a	naa	32.4870889	24	true	32.4480706	32.9666356
33.5580914	0.6222520999999972	trials	/intervals/trials	25	start_time	n/a	n/a	n/a	n/a	n/a	n/a	n/a	n/a	n/a	saa	33.6957161	25	true	33.5580914	34.1803435
33.6957161	0.0	cv_transition	/intervals/trials	25	cv_transition_time	n/a	n/a	n/a	n/a	n/a	n/a	n/a	n/a	n/a	saa	33.6957161	25	true	33.5580914	34.1803435
35.1513626	0.6957695999999984	trials	/intervals/trials	26	start_time	n/a	n/a	n/a	n/a	n/a	n/a	n/a	n/a	n/a	shoo	35.4448445	26	true	35.1513626	35.8471322
35.4448445	0.0	cv_transition	/intervals/trials	26	cv_transition_time	n/a	n/a	n/a	n/a	n/a	n/a	n/a	n/a	n/a	shoo	35.4448445	26	true	35.1513626	35.8471322
36.4235094	0.5216801999999987	trials	/intervals/trials	27	start_time	n/a	n/a	n/a	n/a	n/a	n/a	n/a	n/a	n/a	foo	36.5076134	27	true	36.4235094	36.9451896
36.5076134	0.0	cv_transition	/intervals/trials	27	cv_transition_time	n/a	n/a	n/a	n/a	n/a	n/a	n/a	n/a	n/a	foo	36.5076134	27	true	36.4235094	36.9451896
37.4698104	0.4369879999999995	trials	/intervals/trials	28	start_time	n/a	n/a	n/a	n/a	n/a	n/a	n/a	n/a	n/a	daa	37.4874308	28	true	37.4698104	37.9067984
37.4874308	0.0	cv_transition	/intervals/trials	28	cv_transition_time	n/a	n/a	n/a	n/a	n/a	n/a	n/a	n/a	n/a	daa	37.4874308	28	true	37.4698104	37.9067984
39.6823931	0.38170279999999934	trials	/intervals/trials	29	start_time	n/a	n/a	n/a	n/a	n/a	n/a	n/a	n/a	n/a	goo	39.7117234	29	true	39.6823931	40.0640959
39.7117234	0.0	cv_transition	/intervals/trials	29	cv_transition_time	n/a	n/a	n/a	n/a	n/a	n/a	n/a	n/a	n/a	goo	39.7117234	29	true	39.6823931	40.0640959
40.9663027	0.4087018000000029	trials	/intervals/trials	30	start_time	n/a	n/a	n/a	n/a	n/a	n/a	n/a	n/a	n/a	mee	41.0423483	30	true	40.9663027	41.3750045
41.0423483	0.0	cv_transition	/intervals/trials	30	cv_transition_time	n/a	n/a	n/a	n/a	n/a	n/a	n/a	n/a	n/a	mee	41.0423483	30	true	40.9663027	41.3750045
42.2219815	0.5475583999999998	trials	/intervals/trials	31	start_time	n/a	n/a	n/a	n/a	n/a	n/a	n/a	n/a	n/a	zaa	42.3396095	31	true	42.2219815	42.7695399
42.3396095	0.0	cv_transition	/intervals/trials	31	cv_transition_time	n/a	n/a	n/a	n/a	n/a	n/a	n/a	n/a	n/a	zaa	42.3396095	31	true	42.2219815	42.7695399
43.4000259	0.5575566999999992	trials	/intervals/trials	32	start_time	n/a	n/a	n/a	n/a	n/a	n/a	n/a	n/a	n/a	see	43.5717628	32	true	43.4000259	43.9575826
43.5717628	0.0	cv_transition	/intervals/trials	32	cv_transition_time	n/a	n/a	n/a	n/a	n/a	n/a	n/a	n/a	n/a	see	43.5717628	32	true	43.4000259	43.9575826
44.4663237	0.5228565000000032	trials	/intervals/trials	33	start_time	n/a	n/a	n/a	n/a	n/a	n/a	n/a	n/a	n/a	zoo	44.6245334	33	true	44.4663237	44.9891802
44.6245334	0.0	cv_transition	/intervals/trials	33	cv_transition_time	n/a	n/a	n/a	n/a	n/a	n/a	n/a	n/a	n/a	zoo	44.6245334	33	true	44.4663237	44.9891802
45.4291089	0.43992869999999584	trials	/intervals/trials	34	start_time	n/a	n/a	n/a	n/a	n/a	n/a	n/a	n/a	n/a	too	45.5085078	34	true	45.4291089	45.8690376
45.5085078	0.0	cv_transition	/intervals/trials	34	cv_transition_time	n/a	n/a	n/a	n/a	n/a	n/a	n/a	n/a	n/a	too	45.5085078	34	true	45.4291089	45.8690376
46.467176	0.4593373000000014	trials	/intervals/trials	35	start_time	n/a	n/a	n/a	n/a	n/a	n/a	n/a	n/a	n/a	vee	46.497594	35	true	46.467176	46.9265133
46.497594	0.0	cv_transition	/intervals/trials	35	cv_transition_time	n/a	n/a	n/a	n/a	n/a	n/a	n/a	n/a	n/a	vee	46.497594	35	true	46.467176	46.9265133
47.3070399	0.4646304999999984	trials	/intervals/trials	36	start_time	n/a	n/a	n/a	n/a	n/a	n/a	n/a	n/a	n/a	thaa	47.4034948	36	true	47.3070399	47.7716704
47.4034948	0.0	cv_transition	/intervals/trials	36	cv_transition_time	n/a	n/a	n/a	n/a	n/a	n/a	n/a	n/a	n/a	thaa	47.4034948	36	true	47.3070399	47.7716704
50.3136115	0.5534396999999984	trials	/intervals/trials	37	start_time	n/a	n/a	n/a	n/a	n/a	n/a	n/a	n/a	n/a	thoo	50.3771306	37	true	50.3136115	50.8670512
50.3771306	0.0	cv_transition	/intervals/trials	37	cv_transition_time	n/a	n/a	n/a	n/a	n/a	n/a	n/a	n/a	n/a	thoo	50.3771306	37	true	50.3136115	50.8670512
51.5182532	0.4614518000000061	trials	/intervals/trials	38	start_time	n/a	n/a	n/a	n/a	n/a	n/a	n/a	n/a	n/a	mee	51.5539138	38	true	51.5182532	51.979705
51.5539138	0.0	cv_transition	/intervals/trials	38	cv_transition_time	n/a	n/a	n/a	n/a	n/a	n/a	n/a	n/a	n/a	mee	51.5539138	38	true	51.5182532	51.979705
52.43	0.40967270000000156	trials	/intervals/trials	39	start_time	n/a	n/a	n/a	n/a	n/a	n/a	n/a	n/a	n/a	boo	52.4379962	39	true	52.43	52.8396727
52.4379962	0.0	cv_transition	/intervals/trials	39	cv_transition_time	n/a	n/a	n/a	n/a	n/a	n/a	n/a	n/a	n/a	boo	52.4379962	39	true	52.43	52.8396727
55.3510305	0.5493226999999976	trials	/intervals/trials	40	start_time	n/a	n/a	n/a	n/a	n/a	n/a	n/a	n/a	n/a	soo	55.5368827	40	true	55.3510305	55.9003532
55.5368827	0.0	cv_transition	/intervals/trials	40	cv_transition_time	n/a	n/a	n/a	n/a	n/a	n/a	n/a	n/a	n/a	soo	55.5368827	40	true	55.3510305	55.9003532
56.5370897	0.46720229999999674	trials	/intervals/trials	41	start_time	n/a	n/a	n/a	n/a	n/a	n/a	n/a	n/a	n/a	roo	56.6160059	41	true	56.5370897	57.004292
56.6160059	0.0	cv_transition	/intervals/trials	41	cv_transition_time	n/a	n/a	n/a	n/a	n/a	n/a	n/a	n/a	n/a	roo	56.6160059	41	true	56.5370897	57.004292
57.5865506	0.44757449999999466	trials	/intervals/trials	42	start_time	n/a	n/a	n/a	n/a	n/a	n/a	n/a	n/a	n/a	tee	57.6800648	42	true	57.5865506	58.0341251
57.6800648	0.0	cv_transition	/intervals/trials	42	cv_transition_time	n/a	n/a	n/a	n/a	n/a	n/a	n/a	n/a	n/a	tee	57.6800648	42	true	57.5865506	58.0341251
58.5699206	0.44169309999999484	trials	/intervals/trials	43	start_time	n/a	n/a	n/a	n/a	n/a	n/a	n/a	n/a	n/a	haa	58.6293227	43	true	58.5699206	59.0116137
58.6293227	0.0	cv_transition	/intervals/trials	43	cv_transition_time	n/a	n/a	n/a	n/a	n/a	n/a	n/a	n/a	n/a	haa	58.6293227	43	true	58.5699206	59.0116137
59.5579958	0.4928613000000013	trials	/intervals/trials	44	start_time	n/a	n/a	n/a	n/a	n/a	n/a	n/a	n/a	n/a	waa	59.637119	44	true	59.5579958	60.0508571
59.637119	0.0	cv_transition	/intervals/trials	44	cv_transition_time	n/a	n/a	n/a	n/a	n/a	n/a	n/a	n/a	n/a	waa	59.637119	44	true	59.5579958	60.0508571
60.5723291	0.48094460000000083	trials	/intervals/trials	45	start_time	n/a	n/a	n/a	n/a	n/a	n/a	n/a	n/a	n/a	pee	60.6263915	45	true	60.5723291	61.0532737
60.6263915	0.0	cv_transition	/intervals/trials	45	cv_transition_time	n/a	n/a	n/a	n/a	n/a	n/a	n/a	n/a	n/a	pee	60.6263915	45	true	60.5723291	61.0532737
61.5880173	0.4794525000000007	trials	/intervals/trials	46	start_time	n/a	n/a	n/a	n/a	n/a	n/a	n/a	n/a	n/a	lee	61.6085614	46	true	61.5880173	62.0674698
61.6085614	0.0	cv_transition	/intervals/trials	46	cv_transition_time	n/a	n/a	n/a	n/a	n/a	n/a	n/a	n/a	n/a	lee	61.6085614	46	true	61.5880173	62.0674698
62.4801048	0.5868169000000023	trials	/intervals/trials	47	start_time	n/a	n/a	n/a	n/a	n/a	n/a	n/a	n/a	n/a	wee	62.5436304	47	true	62.4801048	63.0669217
62.5436304	0.0	cv_transition	/intervals/trials	47	cv_transition_time	n/a	n/a	n/a	n/a	n/a	n/a	n/a	n/a	n/a	wee	62.5436304	47	true	62.4801048	63.0669217
63.8028281	0.5491592999999995	trials	/intervals/trials	48	start_time	n/a	n/a	n/a	n/a	n/a	n/a	n/a	n/a	n/a	yaa	63.8620899	48	true	63.8028281	64.3519874
63.8620899	0.0	cv_transition	/intervals/trials	48	cv_transition_time	n/a	n/a	n/a	n/a	n/a	n/a	n/a	n/a	n/a	yaa	63.8620899	48	true	63.8028281	64.3519874
65.2788418	0.4875271000000083	trials	/intervals/trials	49	start_time	n/a	n/a	n/a	n/a	n/a	n/a	n/a	n/a	n/a	gaa	65.3057072	49	true	65.2788418	65.7663689
65.3057072	0.0	cv_transition	/intervals/trials	49	cv_transition_time	n/a	n/a	n/a	n/a	n/a	n/a	n/a	n/a	n/a	gaa	65.3057072	49	true	65.2788418	65.7663689
66.5788698	0.5167520999999908	trials	/intervals/trials	50	start_time	n/a	n/a	n/a	n/a	n/a	n/a	n/a	n/a	n/a	shaa	66.6936646	50	true	66.5788698	67.0956219
66.6936646	0.0	cv_transition	/intervals/trials	50	cv_transition_time	n/a	n/a	n/a	n/a	n/a	n/a	n/a	n/a	n/a	shaa	66.6936646	50	true	66.5788698	67.0956219
67.896728	0.3578461000000033	trials	/intervals/trials	51	start_time	n/a	n/a	n/a	n/a	n/a	n/a	n/a	n/a	n/a	doo	67.9242883	51	true	67.896728	68.2545741
67.9242883	0.0	cv_transition	/intervals/trials	51	cv_transition_time	n/a	n/a	n/a	n/a	n/a	n/a	n/a	n/a	n/a	doo	67.9242883	51	true	67.896728	68.2545741
69.4816883	0.3966588999999914	trials	/intervals/trials	52	start_time	n/a	n/a	n/a	n/a	n/a	n/a	n/a	n/a	n/a	woo	69.5938906	52	true	69.4816883	69.8783472
69.5938906	0.0	cv_transition	/intervals/trials	52	cv_transition_time	n/a	n/a	n/a	n/a	n/a	n/a	n/a	n/a	n/a	woo	69.5938906	52	true	69.4816883	69.8783472
73.1317174	0.45184709999999484	trials	/intervals/trials	53	start_time	n/a	n/a	n/a	n/a	n/a	n/a	n/a	n/a	n/a	kee	73.2090214	53	true	73.1317174	73.5835645
73.2090214	0.0	cv_transition	/intervals/trials	53	cv_transition_time	n/a	n/a	n/a	n/a	n/a	n/a	n/a	n/a	n/a	kee	73.2090214	53	true	73.1317174	73.5835645
74.1736876	0.6099559000000028	trials	/intervals/trials	54	start_time	n/a	n/a	n/a	n/a	n/a	n/a	n/a	n/a	n/a	fee	74.3266623	54	true	74.1736876	74.7836435
74.3266623	0.0	cv_transition	/intervals/trials	54	cv_transition_time	n/a	n/a	n/a	n/a	n/a	n/a	n/a	n/a	n/a	fee	74.3266623	54	true	74.1736876	74.7836435
75.7500058	0.4590814000000023	trials	/intervals/trials	55	start_time	n/a	n/a	n/a	n/a	n/a	n/a	n/a	n/a	n/a	vaa	75.7721302	55	true	75.7500058	76.2090872
75.7721302	0.0	cv_transition	/intervals/trials	55	cv_transition_time	n/a	n/a	n/a	n/a	n/a	n/a	n/a	n/a	n/a	vaa	75.7721302	55	true	75.7500058	76.2090872
76.8325081	0.3968633000000068	trials	/intervals/trials	56	start_time	n/a	n/a	n/a	n/a	n/a	n/a	n/a	n/a	n/a	bee	76.8564614	56	true	76.8325081	77.2293714
76.8564614	0.0	cv_transition	/intervals/trials	56	cv_transition_time	n/a	n/a	n/a	n/a	n/a	n/a	n/a	n/a	n/a	bee	76.8564614	56	true	76.8325081	77.2293714
77.8962541	0.5703046	trials	/intervals/trials	57	start_time	n/a	n/a	n/a	n/a	n/a	n/a	n/a	n/a	n/a	zoo	78.0947019	57	true	77.8962541	78.4665587
78.0947019	0.0	cv_transition	/intervals/trials	57	cv_transition_time	n/a	n/a	n/a	n/a	n/a	n/a	n/a	n/a	n/a	zoo	78.0947019	57	true	77.8962541	78.4665587
78.7734122	0.6074935000000039	trials	/intervals/trials	58	start_time	n/a	n/a	n/a	n/a	n/a	n/a	n/a	n/a	n/a	shaa	78.9732016	58	true	78.7734122	79.3809057
78.9732016	0.0	cv_transition	/intervals/trials	58	cv_transition_time	n/a	n/a	n/a	n/a	n/a	n/a	n/a	n/a	n/a	shaa	78.9732016	58	true	78.7734122	79.3809057
80.1891093	0.4440646999999984	trials	/intervals/trials	59	start_time	n/a	n/a	n/a	n/a	n/a	n/a	n/a	n/a	n/a	vaa	80.2191353	59	true	80.1891093	80.633174
80.2191353	0.0	cv_transition	/intervals/trials	59	cv_transition_time	n/a	n/a	n/a	n/a	n/a	n/a	n/a	n/a	n/a	vaa	80.2191353	59	true	80.1891093	80.633174
83.3845052	0.33502670000000023	trials	/intervals/trials	60	start_time	n/a	n/a	n/a	n/a	n/a	n/a	n/a	n/a	n/a	noo	83.4255934	60	true	83.3845052	83.7195319
83.4255934	0.0	cv_transition	/intervals/trials	60	cv_transition_time	n/a	n/a	n/a	n/a	n/a	n/a	n/a	n/a	n/a	noo	83.4255934	60	true	83.3845052	83.7195319
83.56381822228082	0.9228566106789771	invalid_times	/intervals/invalid_times	0	start_time	n/a	n/a	n/a	n/a	0	83.56381822228082	84.48667483295979	"[""ECoG artifact""]"	"[{""idx_start"":255016,""count"":2816,""timeseries"":""/acquisition/ElectricalSeries""}]"	n/a	n/a	n/a	n/a	n/a	n/a
88.6247274	0.3066223000000008	trials	/intervals/trials	61	start_time	n/a	n/a	n/a	n/a	n/a	n/a	n/a	n/a	n/a	noo	88.7281813	61	true	88.6247274	88.9313497
88.7281813	0.0	cv_transition	/intervals/trials	61	cv_transition_time	n/a	n/a	n/a	n/a	n/a	n/a	n/a	n/a	n/a	noo	88.7281813	61	true	88.6247274	88.9313497
91.2525172	0.4322003000000052	trials	/intervals/trials	62	start_time	n/a	n/a	n/a	n/a	n/a	n/a	n/a	n/a	n/a	waa	91.3162206	62	true	91.2525172	91.6847175
91.3162206	0.0	cv_transition	/intervals/trials	62	cv_transition_time	n/a	n/a	n/a	n/a	n/a	n/a	n/a	n/a	n/a	waa	91.3162206	62	true	91.2525172	91.6847175
93.7474177	0.44248799999999733	trials	/intervals/trials	63	start_time	n/a	n/a	n/a	n/a	n/a	n/a	n/a	n/a	n/a	woo	93.7908763	63	true	93.7474177	94.1899057
93.7908763	0.0	cv_transition	/intervals/trials	63	cv_transition_time	n/a	n/a	n/a	n/a	n/a	n/a	n/a	n/a	n/a	woo	93.7908763	63	true	93.7474177	94.1899057
95.2844125	0.46710029999999847	trials	/intervals/trials	64	start_time	n/a	n/a	n/a	n/a	n/a	n/a	n/a	n/a	n/a	laa	95.3474861	64	true	95.2844125	95.7515128
95.3474861	0.0	cv_transition	/intervals/trials	64	cv_transition_time	n/a	n/a	n/a	n/a	n/a	n/a	n/a	n/a	n/a	laa	95.3474861	64	true	95.2844125	95.7515128
96.3965412	0.4493386999999984	trials	/intervals/trials	65	start_time	n/a	n/a	n/a	n/a	n/a	n/a	n/a	n/a	n/a	roo	96.4788672	65	true	96.3965412	96.8458799
96.4788672	0.0	cv_transition	/intervals/trials	65	cv_transition_time	n/a	n/a	n/a	n/a	n/a	n/a	n/a	n/a	n/a	roo	96.4788672	65	true	96.3965412	96.8458799
97.6124354	0.4156850000000105	trials	/intervals/trials	66	start_time	n/a	n/a	n/a	n/a	n/a	n/a	n/a	n/a	n/a	yee	97.6386105	66	true	97.6124354	98.0281204
97.6386105	0.0	cv_transition	/intervals/trials	66	cv_transition_time	n/a	n/a	n/a	n/a	n/a	n/a	n/a	n/a	n/a	yee	97.6386105	66	true	97.6124354	98.0281204
99.4263053	0.47485710000000836	trials	/intervals/trials	67	start_time	n/a	n/a	n/a	n/a	n/a	n/a	n/a	n/a	n/a	maa	99.4728971	67	true	99.4263053	99.9011624
99.4728971	0.0	cv_transition	/intervals/trials	67	cv_transition_time	n/a	n/a	n/a	n/a	n/a	n/a	n/a	n/a	n/a	maa	99.4728971	67	true	99.4263053	99.9011624
100.2181011	0.4527663000000075	trials	/intervals/trials	68	start_time	n/a	n/a	n/a	n/a	n/a	n/a	n/a	n/a	n/a	moo	100.255943	68	true	100.2181011	100.6708674
100.255943	0.0	cv_transition	/intervals/trials	68	cv_transition_time	n/a	n/a	n/a	n/a	n/a	n/a	n/a	n/a	n/a	moo	100.255943	68	true	100.2181011	100.6708674
101.0018514	0.4977990999999946	trials	/intervals/trials	69	start_time	n/a	n/a	n/a	n/a	n/a	n/a	n/a	n/a	n/a	mee	101.0814633	69	true	101.0018514	101.4996505
101.0814633	0.0	cv_transition	/intervals/trials	69	cv_transition_time	n/a	n/a	n/a	n/a	n/a	n/a	n/a	n/a	n/a	mee	101.0814633	69	true	101.0018514	101.4996505
101.7991201	0.3802414000000027	trials	/intervals/trials	70	start_time	n/a	n/a	n/a	n/a	n/a	n/a	n/a	n/a	n/a	hoo	101.8307264	70	true	101.7991201	102.1793615
101.8307264	0.0	cv_transition	/intervals/trials	70	cv_transition_time	n/a	n/a	n/a	n/a	n/a	n/a	n/a	n/a	n/a	hoo	101.8307264	70	true	101.7991201	102.1793615
102.8169113	0.422852000000006	trials	/intervals/trials	71	start_time	n/a	n/a	n/a	n/a	n/a	n/a	n/a	n/a	n/a	goo	102.8278176	71	true	102.8169113	103.2397633
102.8278176	0.0	cv_transition	/intervals/trials	71	cv_transition_time	n/a	n/a	n/a	n/a	n/a	n/a	n/a	n/a	n/a	goo	102.8278176	71	true	102.8169113	103.2397633
103.7895262	0.43990390000000446	trials	/intervals/trials	72	start_time	n/a	n/a	n/a	n/a	n/a	n/a	n/a	n/a	n/a	loo	103.848788	72	true	103.7895262	104.2294301
103.848788	0.0	cv_transition	/intervals/trials	72	cv_transition_time	n/a	n/a	n/a	n/a	n/a	n/a	n/a	n/a	n/a	loo	103.848788	72	true	103.7895262	104.2294301
104.8846842	0.4428522999999984	trials	/intervals/trials	73	start_time	n/a	n/a	n/a	n/a	n/a	n/a	n/a	n/a	n/a	hee	104.9455052	73	true	104.8846842	105.3275365
104.9455052	0.0	cv_transition	/intervals/trials	73	cv_transition_time	n/a	n/a	n/a	n/a	n/a	n/a	n/a	n/a	n/a	hee	104.9455052	73	true	104.8846842	105.3275365
105.7217206	0.3973000999999954	trials	/intervals/trials	74	start_time	n/a	n/a	n/a	n/a	n/a	n/a	n/a	n/a	n/a	tee	105.7952601	74	true	105.7217206	106.1190207
105.7952601	0.0	cv_transition	/intervals/trials	74	cv_transition_time	n/a	n/a	n/a	n/a	n/a	n/a	n/a	n/a	n/a	tee	105.7952601	74	true	105.7217206	106.1190207
106.6340924	0.41570129999999494	trials	/intervals/trials	75	start_time	n/a	n/a	n/a	n/a	n/a	n/a	n/a	n/a	n/a	vee	106.6704396	75	true	106.6340924	107.0497937
106.6704396	0.0	cv_transition	/intervals/trials	75	cv_transition_time	n/a	n/a	n/a	n/a	n/a	n/a	n/a	n/a	n/a	vee	106.6704396	75	true	106.6340924	107.0497937
109.1802572	0.5502996000000024	trials	/intervals/trials	76	start_time	n/a	n/a	n/a	n/a	n/a	n/a	n/a	n/a	n/a	zee	109.3467022	76	true	109.1802572	109.7305568
109.3467022	0.0	cv_transition	/intervals/trials	76	cv_transition_time	n/a	n/a	n/a	n/a	n/a	n/a	n/a	n/a	n/a	zee	109.3467022	76	true	109.1802572	109.7305568
110.1926714	0.46585389999999904	trials	/intervals/trials	77	start_time	n/a	n/a	n/a	n/a	n/a	n/a	n/a	n/a	n/a	haa	110.325728	77	true	110.1926714	110.6585253
110.325728	0.0	cv_transition	/intervals/trials	77	cv_transition_time	n/a	n/a	n/a	n/a	n/a	n/a	n/a	n/a	n/a	haa	110.325728	77	true	110.1926714	110.6585253
111.1190818	0.396988499999992	trials	/intervals/trials	78	start_time	n/a	n/a	n/a	n/a	n/a	n/a	n/a	n/a	n/a	kaa	111.1792222	78	true	111.1190818	111.5160703
111.1792222	0.0	cv_transition	/intervals/trials	78	cv_transition_time	n/a	n/a	n/a	n/a	n/a	n/a	n/a	n/a	n/a	kaa	111.1792222	78	true	111.1190818	111.5160703
112.4007253	0.6712034999999901	trials	/intervals/trials	79	start_time	n/a	n/a	n/a	n/a	n/a	n/a	n/a	n/a	n/a	she	112.6521929	79	true	112.4007253	113.0719288
112.6521929	0.0	cv_transition	/intervals/trials	79	cv_transition_time	n/a	n/a	n/a	n/a	n/a	n/a	n/a	n/a	n/a	she	112.6521929	79	true	112.4007253	113.0719288
113.8032727	0.5846328000000085	trials	/intervals/trials	80	start_time	n/a	n/a	n/a	n/a	n/a	n/a	n/a	n/a	n/a	shoo	114.036667	80	true	113.8032727	114.3879055
114.036667	0.0	cv_transition	/intervals/trials	80	cv_transition_time	n/a	n/a	n/a	n/a	n/a	n/a	n/a	n/a	n/a	shoo	114.036667	80	true	113.8032727	114.3879055
116.5298422	0.44977910000000065	trials	/intervals/trials	81	start_time	n/a	n/a	n/a	n/a	n/a	n/a	n/a	n/a	n/a	pee	116.6012004	81	true	116.5298422	116.9796213
116.6012004	0.0	cv_transition	/intervals/trials	81	cv_transition_time	n/a	n/a	n/a	n/a	n/a	n/a	n/a	n/a	n/a	pee	116.6012004	81	true	116.5298422	116.9796213
117.2256627	0.4611493999999965	trials	/intervals/trials	82	start_time	n/a	n/a	n/a	n/a	n/a	n/a	n/a	n/a	n/a	kaa	117.3269353	82	true	117.2256627	117.6868121
117.3269353	0.0	cv_transition	/intervals/trials	82	cv_transition_time	n/a	n/a	n/a	n/a	n/a	n/a	n/a	n/a	n/a	kaa	117.3269353	82	true	117.2256627	117.6868121
118.1577458	0.4234115000000003	trials	/intervals/trials	83	start_time	n/a	n/a	n/a	n/a	n/a	n/a	n/a	n/a	n/a	wee	118.1846112	83	true	118.1577458	118.5811573
118.1846112	0.0	cv_transition	/intervals/trials	83	cv_transition_time	n/a	n/a	n/a	n/a	n/a	n/a	n/a	n/a	n/a	wee	118.1846112	83	true	118.1577458	118.5811573
118.9145778	0.43531629999999666	trials	/intervals/trials	84	start_time	n/a	n/a	n/a	n/a	n/a	n/a	n/a	n/a	n/a	foo	119.0077486	84	true	118.9145778	119.3498941
119.0077486	0.0	cv_transition	/intervals/trials	84	cv_transition_time	n/a	n/a	n/a	n/a	n/a	n/a	n/a	n/a	n/a	foo	119.0077486	84	true	118.9145778	119.3498941
120.043061	0.3942885000000018	trials	/intervals/trials	85	start_time	n/a	n/a	n/a	n/a	n/a	n/a	n/a	n/a	n/a	gee	120.058074	85	true	120.043061	120.4373495
120.058074	0.0	cv_transition	/intervals/trials	85	cv_transition_time	n/a	n/a	n/a	n/a	n/a	n/a	n/a	n/a	n/a	gee	120.058074	85	true	120.043061	120.4373495
121.3215355	0.4670023999999984	trials	/intervals/trials	86	start_time	n/a	n/a	n/a	n/a	n/a	n/a	n/a	n/a	n/a	raa	121.3484008	86	true	121.3215355	121.7885379
121.3484008	0.0	cv_transition	/intervals/trials	86	cv_transition_time	n/a	n/a	n/a	n/a	n/a	n/a	n/a	n/a	n/a	raa	121.3484008	86	true	121.3215355	121.7885379
122.2934289	0.41641290000001163	trials	/intervals/trials	87	start_time	n/a	n/a	n/a	n/a	n/a	n/a	n/a	n/a	n/a	mee	122.3463694	87	true	122.2934289	122.7098418
122.3463694	0.0	cv_transition	/intervals/trials	87	cv_transition_time	n/a	n/a	n/a	n/a	n/a	n/a	n/a	n/a	n/a	mee	122.3463694	87	true	122.2934289	122.7098418
125.5658494	0.405761499999997	trials	/intervals/trials	88	start_time	n/a	n/a	n/a	n/a	n/a	n/a	n/a	n/a	n/a	poo	125.6291058	88	true	125.5658494	125.9716109
125.6291058	0.0	cv_transition	/intervals/trials	88	cv_transition_time	n/a	n/a	n/a	n/a	n/a	n/a	n/a	n/a	n/a	poo	125.6291058	88	true	125.5658494	125.9716109
126.2856638	0.4595111000000003	trials	/intervals/trials	89	start_time	n/a	n/a	n/a	n/a	n/a	n/a	n/a	n/a	n/a	faa	126.395973	89	true	126.2856638	126.7451749
126.395973	0.0	cv_transition	/intervals/trials	89	cv_transition_time	n/a	n/a	n/a	n/a	n/a	n/a	n/a	n/a	n/a	faa	126.395973	89	true	126.2856638	126.7451749
127.0836917	0.40322069999999144	trials	/intervals/trials	90	start_time	n/a	n/a	n/a	n/a	n/a	n/a	n/a	n/a	n/a	doo	127.117657	90	true	127.0836917	127.4869124
127.117657	0.0	cv_transition	/intervals/trials	90	cv_transition_time	n/a	n/a	n/a	n/a	n/a	n/a	n/a	n/a	n/a	doo	127.117657	90	true	127.0836917	127.4869124
127.9914057	0.48143419999999537	trials	/intervals/trials	91	start_time	n/a	n/a	n/a	n/a	n/a	n/a	n/a	n/a	n/a	zaa	128.067108	91	true	127.9914057	128.4728399
128.067108	0.0	cv_transition	/intervals/trials	91	cv_transition_time	n/a	n/a	n/a	n/a	n/a	n/a	n/a	n/a	n/a	zaa	128.067108	91	true	127.9914057	128.4728399
130.6659367	0.5468718999999851	trials	/intervals/trials	92	start_time	n/a	n/a	n/a	n/a	n/a	n/a	n/a	n/a	n/a	naa	130.7781375	92	true	130.6659367	131.2128086
130.7781375	0.0	cv_transition	/intervals/trials	92	cv_transition_time	n/a	n/a	n/a	n/a	n/a	n/a	n/a	n/a	n/a	naa	130.7781375	92	true	130.6659367	131.2128086
133.2789852	0.4126645999999994	trials	/intervals/trials	93	start_time	n/a	n/a	n/a	n/a	n/a	n/a	n/a	n/a	n/a	thoo	133.3093069	93	true	133.2789852	133.6916498
133.3093069	0.0	cv_transition	/intervals/trials	93	cv_transition_time	n/a	n/a	n/a	n/a	n/a	n/a	n/a	n/a	n/a	thoo	133.3093069	93	true	133.2789852	133.6916498
134.1339663	0.46233309999999506	trials	/intervals/trials	94	start_time	n/a	n/a	n/a	n/a	n/a	n/a	n/a	n/a	n/a	paa	134.1920156	94	true	134.1339663	134.5962994
134.1920156	0.0	cv_transition	/intervals/trials	94	cv_transition_time	n/a	n/a	n/a	n/a	n/a	n/a	n/a	n/a	n/a	paa	134.1920156	94	true	134.1339663	134.5962994
135.1781659	0.4413803999999857	trials	/intervals/trials	95	start_time	n/a	n/a	n/a	n/a	n/a	n/a	n/a	n/a	n/a	mee	135.2217887	95	true	135.1781659	135.6195463
135.2217887	0.0	cv_transition	/intervals/trials	95	cv_transition_time	n/a	n/a	n/a	n/a	n/a	n/a	n/a	n/a	n/a	mee	135.2217887	95	true	135.1781659	135.6195463
136.4404796	0.45855470000000764	trials	/intervals/trials	96	start_time	n/a	n/a	n/a	n/a	n/a	n/a	n/a	n/a	n/a	taa	136.4885677	96	true	136.4404796	136.8990343
136.4885677	0.0	cv_transition	/intervals/trials	96	cv_transition_time	n/a	n/a	n/a	n/a	n/a	n/a	n/a	n/a	n/a	taa	136.4885677	96	true	136.4404796	136.8990343
137.4739301	0.508117900000002	trials	/intervals/trials	97	start_time	n/a	n/a	n/a	n/a	n/a	n/a	n/a	n/a	n/a	yoo	137.5371427	97	true	137.4739301	137.982048
137.5371427	0.0	cv_transition	/intervals/trials	97	cv_transition_time	n/a	n/a	n/a	n/a	n/a	n/a	n/a	n/a	n/a	yoo	137.5371427	97	true	137.4739301	137.982048
138.9633766	0.5471871999999962	trials	/intervals/trials	98	start_time	n/a	n/a	n/a	n/a	n/a	n/a	n/a	n/a	n/a	voo	139.0305399	98	true	138.9633766	139.5105638
139.0305399	0.0	cv_transition	/intervals/trials	98	cv_transition_time	n/a	n/a	n/a	n/a	n/a	n/a	n/a	n/a	n/a	voo	139.0305399	98	true	138.9633766	139.5105638
140.5502981	0.4943527000000074	trials	/intervals/trials	99	start_time	n/a	n/a	n/a	n/a	n/a	n/a	n/a	n/a	n/a	thaa	140.6183085	99	true	140.5502981	141.0446508
140.6183085	0.0	cv_transition	/intervals/trials	99	cv_transition_time	n/a	n/a	n/a	n/a	n/a	n/a	n/a	n/a	n/a	thaa	140.6183085	99	true	140.5502981	141.0446508
141.2719637	0.5907972000000257	trials	/intervals/trials	100	start_time	n/a	n/a	n/a	n/a	n/a	n/a	n/a	n/a	n/a	soo	141.45779	100	true	141.2719637	141.8627609
141.45779	0.0	cv_transition	/intervals/trials	100	cv_transition_time	n/a	n/a	n/a	n/a	n/a	n/a	n/a	n/a	n/a	soo	141.45779	100	true	141.2719637	141.8627609
142.2504308	0.5064260000000047	trials	/intervals/trials	101	start_time	n/a	n/a	n/a	n/a	n/a	n/a	n/a	n/a	n/a	yaa	142.2946796	101	true	142.2504308	142.7568568
142.2946796	0.0	cv_transition	/intervals/trials	101	cv_transition_time	n/a	n/a	n/a	n/a	n/a	n/a	n/a	n/a	n/a	yaa	142.2946796	101	true	142.2504308	142.7568568
143.0374854	0.3881399999999928	trials	/intervals/trials	102	start_time	n/a	n/a	n/a	n/a	n/a	n/a	n/a	n/a	n/a	dee	143.0666632	102	true	143.0374854	143.4256254
143.0666632	0.0	cv_transition	/intervals/trials	102	cv_transition_time	n/a	n/a	n/a	n/a	n/a	n/a	n/a	n/a	n/a	dee	143.0666632	102	true	143.0374854	143.4256254
143.8082696	0.3877965000000074	trials	/intervals/trials	103	start_time	n/a	n/a	n/a	n/a	n/a	n/a	n/a	n/a	n/a	boo	143.8228437	103	true	143.8082696	144.1960661
143.8228437	0.0	cv_transition	/intervals/trials	103	cv_transition_time	n/a	n/a	n/a	n/a	n/a	n/a	n/a	n/a	n/a	boo	143.8228437	103	true	143.8082696	144.1960661
144.5924569	0.4276337999999953	trials	/intervals/trials	104	start_time	n/a	n/a	n/a	n/a	n/a	n/a	n/a	n/a	n/a	lee	144.6035191	104	true	144.5924569	145.0200907
144.6035191	0.0	cv_transition	/intervals/trials	104	cv_transition_time	n/a	n/a	n/a	n/a	n/a	n/a	n/a	n/a	n/a	lee	144.6035191	104	true	144.5924569	145.0200907
146.1917239	0.4472197000000051	trials	/intervals/trials	105	start_time	n/a	n/a	n/a	n/a	n/a	n/a	n/a	n/a	n/a	koo	146.279313	105	true	146.1917239	146.6389436
146.279313	0.0	cv_transition	/intervals/trials	105	cv_transition_time	n/a	n/a	n/a	n/a	n/a	n/a	n/a	n/a	n/a	koo	146.279313	105	true	146.1917239	146.6389436
146.914729	0.6052579999999921	trials	/intervals/trials	106	start_time	n/a	n/a	n/a	n/a	n/a	n/a	n/a	n/a	n/a	see	147.1225729	106	true	146.914729	147.519987
147.1225729	0.0	cv_transition	/intervals/trials	106	cv_transition_time	n/a	n/a	n/a	n/a	n/a	n/a	n/a	n/a	n/a	see	147.1225729	106	true	146.914729	147.519987
148.4779715	0.5124821999999938	trials	/intervals/trials	107	start_time	n/a	n/a	n/a	n/a	n/a	n/a	n/a	n/a	n/a	too	148.5758652	107	true	148.4779715	148.9904537
148.5758652	0.0	cv_transition	/intervals/trials	107	cv_transition_time	n/a	n/a	n/a	n/a	n/a	n/a	n/a	n/a	n/a	too	148.5758652	107	true	148.4779715	148.9904537
149.317453	0.4472197000000051	trials	/intervals/trials	108	start_time	n/a	n/a	n/a	n/a	n/a	n/a	n/a	n/a	n/a	daa	149.3420921	108	true	149.317453	149.7646727
149.3420921	0.0	cv_transition	/intervals/trials	108	cv_transition_time	n/a	n/a	n/a	n/a	n/a	n/a	n/a	n/a	n/a	daa	149.3420921	108	true	149.317453	149.7646727
150.6457161	0.43691510000002154	trials	/intervals/trials	109	start_time	n/a	n/a	n/a	n/a	n/a	n/a	n/a	n/a	n/a	saa	150.817116	109	true	150.6457161	151.0826312
150.817116	0.0	cv_transition	/intervals/trials	109	cv_transition_time	n/a	n/a	n/a	n/a	n/a	n/a	n/a	n/a	n/a	saa	150.817116	109	true	150.6457161	151.0826312
155.4934664	0.4701436000000001	trials	/intervals/trials	110	start_time	n/a	n/a	n/a	n/a	n/a	n/a	n/a	n/a	n/a	wee	155.5558888	110	true	155.4934664	155.96361
155.5558888	0.0	cv_transition	/intervals/trials	110	cv_transition_time	n/a	n/a	n/a	n/a	n/a	n/a	n/a	n/a	n/a	wee	155.5558888	110	true	155.4934664	155.96361
156.240165	0.6763746000000026	trials	/intervals/trials	111	start_time	n/a	n/a	n/a	n/a	n/a	n/a	n/a	n/a	n/a	she	156.5138432	111	true	156.240165	156.9165396
156.5138432	0.0	cv_transition	/intervals/trials	111	cv_transition_time	n/a	n/a	n/a	n/a	n/a	n/a	n/a	n/a	n/a	she	156.5138432	111	true	156.240165	156.9165396
158.0045755	0.4946491000000037	trials	/intervals/trials	112	start_time	n/a	n/a	n/a	n/a	n/a	n/a	n/a	n/a	n/a	poo	158.1536487	112	true	158.0045755	158.4992246
158.1536487	0.0	cv_transition	/intervals/trials	112	cv_transition_time	n/a	n/a	n/a	n/a	n/a	n/a	n/a	n/a	n/a	poo	158.1536487	112	true	158.0045755	158.4992246
158.7718288	0.6077239999999904	trials	/intervals/trials	113	start_time	n/a	n/a	n/a	n/a	n/a	n/a	n/a	n/a	n/a	shaa	158.9663383	113	true	158.7718288	159.3795528
158.9663383	0.0	cv_transition	/intervals/trials	113	cv_transition_time	n/a	n/a	n/a	n/a	n/a	n/a	n/a	n/a	n/a	shaa	158.9663383	113	true	158.7718288	159.3795528
159.6931562	0.47092969999999923	trials	/intervals/trials	114	start_time	n/a	n/a	n/a	n/a	n/a	n/a	n/a	n/a	n/a	ree	159.777699	114	true	159.6931562	160.1640859
159.777699	0.0	cv_transition	/intervals/trials	114	cv_transition_time	n/a	n/a	n/a	n/a	n/a	n/a	n/a	n/a	n/a	ree	159.777699	114	true	159.6931562	160.1640859
163.239378	0.6013097000000016	trials	/intervals/trials	115	start_time	n/a	n/a	n/a	n/a	n/a	n/a	n/a	n/a	n/a	vaa	163.4131173	115	true	163.239378	163.8406877
163.4131173	0.0	cv_transition	/intervals/trials	115	cv_transition_time	n/a	n/a	n/a	n/a	n/a	n/a	n/a	n/a	n/a	vaa	163.4131173	115	true	163.239378	163.8406877
164.2584381	0.5367594999999881	trials	/intervals/trials	116	start_time	n/a	n/a	n/a	n/a	n/a	n/a	n/a	n/a	n/a	loo	164.4190828	116	true	164.2584381	164.7951976
164.4190828	0.0	cv_transition	/intervals/trials	116	cv_transition_time	n/a	n/a	n/a	n/a	n/a	n/a	n/a	n/a	n/a	loo	164.4190828	116	true	164.2584381	164.7951976
165.9690019	0.5558499999999924	trials	/intervals/trials	117	start_time	n/a	n/a	n/a	n/a	n/a	n/a	n/a	n/a	n/a	laa	166.0651316	117	true	165.9690019	166.5248519
166.0651316	0.0	cv_transition	/intervals/trials	117	cv_transition_time	n/a	n/a	n/a	n/a	n/a	n/a	n/a	n/a	n/a	laa	166.0651316	117	true	165.9690019	166.5248519
167.1117822	0.4916343000000154	trials	/intervals/trials	118	start_time	n/a	n/a	n/a	n/a	n/a	n/a	n/a	n/a	n/a	taa	167.1931886	118	true	167.1117822	167.6034165
167.1931886	0.0	cv_transition	/intervals/trials	118	cv_transition_time	n/a	n/a	n/a	n/a	n/a	n/a	n/a	n/a	n/a	taa	167.1931886	118	true	167.1117822	167.6034165
167.9364938	0.5853014000000201	trials	/intervals/trials	119	start_time	n/a	n/a	n/a	n/a	n/a	n/a	n/a	n/a	n/a	zoo	168.138353	119	true	167.9364938	168.5217952
168.138353	0.0	cv_transition	/intervals/trials	119	cv_transition_time	n/a	n/a	n/a	n/a	n/a	n/a	n/a	n/a	n/a	zoo	168.138353	119	true	167.9364938	168.5217952
169.3954932	0.45908130000000824	trials	/intervals/trials	120	start_time	n/a	n/a	n/a	n/a	n/a	n/a	n/a	n/a	n/a	hee	169.4536747	120	true	169.3954932	169.8545745
169.4536747	0.0	cv_transition	/intervals/trials	120	cv_transition_time	n/a	n/a	n/a	n/a	n/a	n/a	n/a	n/a	n/a	hee	169.4536747	120	true	169.3954932	169.8545745
170.6428257	0.6205991999999867	trials	/intervals/trials	121	start_time	n/a	n/a	n/a	n/a	n/a	n/a	n/a	n/a	n/a	faa	170.8781141	121	true	170.6428257	171.2634249
170.8781141	0.0	cv_transition	/intervals/trials	121	cv_transition_time	n/a	n/a	n/a	n/a	n/a	n/a	n/a	n/a	n/a	faa	170.8781141	121	true	170.6428257	171.2634249
172.7030915	0.43695690000001264	trials	/intervals/trials	122	start_time	n/a	n/a	n/a	n/a	n/a	n/a	n/a	n/a	n/a	gee	172.7173143	122	true	172.7030915	173.1400484
172.7173143	0.0	cv_transition	/intervals/trials	122	cv_transition_time	n/a	n/a	n/a	n/a	n/a	n/a	n/a	n/a	n/a	gee	172.7173143	122	true	172.7030915	173.1400484
174.1435481	0.4551305999999897	trials	/intervals/trials	123	start_time	n/a	n/a	n/a	n/a	n/a	n/a	n/a	n/a	n/a	tee	174.1917477	123	true	174.1435481	174.5986787
174.1917477	0.0	cv_transition	/intervals/trials	123	cv_transition_time	n/a	n/a	n/a	n/a	n/a	n/a	n/a	n/a	n/a	tee	174.1917477	123	true	174.1435481	174.5986787
174.7945496	0.45202849999998307	trials	/intervals/trials	124	start_time	n/a	n/a	n/a	n/a	n/a	n/a	n/a	n/a	n/a	moo	174.8578503	124	true	174.7945496	175.2465781
174.8578503	0.0	cv_transition	/intervals/trials	124	cv_transition_time	n/a	n/a	n/a	n/a	n/a	n/a	n/a	n/a	n/a	moo	174.8578503	124	true	174.7945496	175.2465781
175.8888982	0.4346937999999909	trials	/intervals/trials	125	start_time	n/a	n/a	n/a	n/a	n/a	n/a	n/a	n/a	n/a	koo	175.9675567	125	true	175.8888982	176.323592
175.9675567	0.0	cv_transition	/intervals/trials	125	cv_transition_time	n/a	n/a	n/a	n/a	n/a	n/a	n/a	n/a	n/a	koo	175.9675567	125	true	175.8888982	176.323592
176.5946159	0.44564869999999246	trials	/intervals/trials	126	start_time	n/a	n/a	n/a	n/a	n/a	n/a	n/a	n/a	n/a	fee	176.6875049	126	true	176.5946159	177.0402646
176.6875049	0.0	cv_transition	/intervals/trials	126	cv_transition_time	n/a	n/a	n/a	n/a	n/a	n/a	n/a	n/a	n/a	fee	176.6875049	126	true	176.5946159	177.0402646
177.5956837	0.5437395000000151	trials	/intervals/trials	127	start_time	n/a	n/a	n/a	n/a	n/a	n/a	n/a	n/a	n/a	shoo	177.7530006	127	true	177.5956837	178.1394232
177.7530006	0.0	cv_transition	/intervals/trials	127	cv_transition_time	n/a	n/a	n/a	n/a	n/a	n/a	n/a	n/a	n/a	shoo	177.7530006	127	true	177.5956837	178.1394232
178.3097926	0.4582112999999879	trials	/intervals/trials	128	start_time	n/a	n/a	n/a	n/a	n/a	n/a	n/a	n/a	n/a	maa	178.4009154	128	true	178.3097926	178.7680039
178.4009154	0.0	cv_transition	/intervals/trials	128	cv_transition_time	n/a	n/a	n/a	n/a	n/a	n/a	n/a	n/a	n/a	maa	178.4009154	128	true	178.3097926	178.7680039
180.6820994	0.4440683999999919	trials	/intervals/trials	129	start_time	n/a	n/a	n/a	n/a	n/a	n/a	n/a	n/a	n/a	roo	180.7626365	129	true	180.6820994	181.1261678
180.7626365	0.0	cv_transition	/intervals/trials	129	cv_transition_time	n/a	n/a	n/a	n/a	n/a	n/a	n/a	n/a	n/a	roo	180.7626365	129	true	180.6820994	181.1261678
182.3493313	0.43379630000001157	trials	/intervals/trials	130	start_time	n/a	n/a	n/a	n/a	n/a	n/a	n/a	n/a	n/a	lee	182.388049	130	true	182.3493313	182.7831276
182.388049	0.0	cv_transition	/intervals/trials	130	cv_transition_time	n/a	n/a	n/a	n/a	n/a	n/a	n/a	n/a	n/a	lee	182.388049	130	true	182.3493313	182.7831276
183.1972651	0.5735590999999829	trials	/intervals/trials	131	start_time	n/a	n/a	n/a	n/a	n/a	n/a	n/a	n/a	n/a	yee	183.2635432	131	true	183.1972651	183.7708242
183.2635432	0.0	cv_transition	/intervals/trials	131	cv_transition_time	n/a	n/a	n/a	n/a	n/a	n/a	n/a	n/a	n/a	yee	183.2635432	131	true	183.1972651	183.7708242
184.2411212	0.5214127999999789	trials	/intervals/trials	132	start_time	n/a	n/a	n/a	n/a	n/a	n/a	n/a	n/a	n/a	raa	184.2931181	132	true	184.2411212	184.762534
184.2931181	0.0	cv_transition	/intervals/trials	132	cv_transition_time	n/a	n/a	n/a	n/a	n/a	n/a	n/a	n/a	n/a	raa	184.2931181	132	true	184.2411212	184.762534
184.9926701	0.5025210999999956	trials	/intervals/trials	133	start_time	n/a	n/a	n/a	n/a	n/a	n/a	n/a	n/a	n/a	soo	185.1867401	133	true	184.9926701	185.4951912
185.1867401	0.0	cv_transition	/intervals/trials	133	cv_transition_time	n/a	n/a	n/a	n/a	n/a	n/a	n/a	n/a	n/a	soo	185.1867401	133	true	184.9926701	185.4951912
185.9602722	0.4496241000000225	trials	/intervals/trials	134	start_time	n/a	n/a	n/a	n/a	n/a	n/a	n/a	n/a	n/a	doo	185.9825988	134	true	185.9602722	186.4098963
185.9825988	0.0	cv_transition	/intervals/trials	134	cv_transition_time	n/a	n/a	n/a	n/a	n/a	n/a	n/a	n/a	n/a	doo	185.9825988	134	true	185.9602722	186.4098963
186.8172715	0.4551198999999997	trials	/intervals/trials	135	start_time	n/a	n/a	n/a	n/a	n/a	n/a	n/a	n/a	n/a	bee	186.8318934	135	true	186.8172715	187.2723914
186.8318934	0.0	cv_transition	/intervals/trials	135	cv_transition_time	n/a	n/a	n/a	n/a	n/a	n/a	n/a	n/a	n/a	bee	186.8318934	135	true	186.8172715	187.2723914
187.9445949	0.5719137000000103	trials	/intervals/trials	136	start_time	n/a	n/a	n/a	n/a	n/a	n/a	n/a	n/a	n/a	yaa	187.9847328	136	true	187.9445949	188.5165086
187.9847328	0.0	cv_transition	/intervals/trials	136	cv_transition_time	n/a	n/a	n/a	n/a	n/a	n/a	n/a	n/a	n/a	yaa	187.9847328	136	true	187.9445949	188.5165086
188.8393778	0.4479067000000043	trials	/intervals/trials	137	start_time	n/a	n/a	n/a	n/a	n/a	n/a	n/a	n/a	n/a	baa	188.8539058	137	true	188.8393778	189.2872845
188.8539058	0.0	cv_transition	/intervals/trials	137	cv_transition_time	n/a	n/a	n/a	n/a	n/a	n/a	n/a	n/a	n/a	baa	188.8539058	137	true	188.8393778	189.2872845
189.624932	0.4434454999999957	trials	/intervals/trials	138	start_time	n/a	n/a	n/a	n/a	n/a	n/a	n/a	n/a	n/a	nee	189.6737071	138	true	189.624932	190.0683775
189.6737071	0.0	cv_transition	/intervals/trials	138	cv_transition_time	n/a	n/a	n/a	n/a	n/a	n/a	n/a	n/a	n/a	nee	189.6737071	138	true	189.624932	190.0683775
190.6862805	0.46619279999998753	trials	/intervals/trials	139	start_time	n/a	n/a	n/a	n/a	n/a	n/a	n/a	n/a	n/a	noo	190.7629257	139	true	190.6862805	191.1524733
190.7629257	0.0	cv_transition	/intervals/trials	139	cv_transition_time	n/a	n/a	n/a	n/a	n/a	n/a	n/a	n/a	n/a	noo	190.7629257	139	true	190.6862805	191.1524733
193.992022	0.4125276000000042	trials	/intervals/trials	140	start_time	n/a	n/a	n/a	n/a	n/a	n/a	n/a	n/a	n/a	kee	194.0960985	140	true	193.992022	194.4045496
194.0960985	0.0	cv_transition	/intervals/trials	140	cv_transition_time	n/a	n/a	n/a	n/a	n/a	n/a	n/a	n/a	n/a	kee	194.0960985	140	true	193.992022	194.4045496
195.5799611	0.4509431000000177	trials	/intervals/trials	141	start_time	n/a	n/a	n/a	n/a	n/a	n/a	n/a	n/a	n/a	too	195.6641154	141	true	195.5799611	196.0309042
195.6641154	0.0	cv_transition	/intervals/trials	141	cv_transition_time	n/a	n/a	n/a	n/a	n/a	n/a	n/a	n/a	n/a	too	195.6641154	141	true	195.5799611	196.0309042
196.4218471	0.5588261000000045	trials	/intervals/trials	142	start_time	n/a	n/a	n/a	n/a	n/a	n/a	n/a	n/a	n/a	thoo	196.5513415	142	true	196.4218471	196.9806732
196.5513415	0.0	cv_transition	/intervals/trials	142	cv_transition_time	n/a	n/a	n/a	n/a	n/a	n/a	n/a	n/a	n/a	thoo	196.5513415	142	true	196.4218471	196.9806732
197.5893584	0.5780881000000022	trials	/intervals/trials	143	start_time	n/a	n/a	n/a	n/a	n/a	n/a	n/a	n/a	n/a	saa	197.7473623	143	true	197.5893584	198.1674465
197.7473623	0.0	cv_transition	/intervals/trials	143	cv_transition_time	n/a	n/a	n/a	n/a	n/a	n/a	n/a	n/a	n/a	saa	197.7473623	143	true	197.5893584	198.1674465
198.8200713	0.4884380999999962	trials	/intervals/trials	144	start_time	n/a	n/a	n/a	n/a	n/a	n/a	n/a	n/a	n/a	thaa	198.8729682	144	true	198.8200713	199.3085094
198.8729682	0.0	cv_transition	/intervals/trials	144	cv_transition_time	n/a	n/a	n/a	n/a	n/a	n/a	n/a	n/a	n/a	thaa	198.8729682	144	true	198.8200713	199.3085094
199.6482178	0.3974140999999918	trials	/intervals/trials	145	start_time	n/a	n/a	n/a	n/a	n/a	n/a	n/a	n/a	n/a	goo	199.6790602	145	true	199.6482178	200.0456319
199.6790602	0.0	cv_transition	/intervals/trials	145	cv_transition_time	n/a	n/a	n/a	n/a	n/a	n/a	n/a	n/a	n/a	goo	199.6790602	145	true	199.6482178	200.0456319
200.3933624	0.39033770000000345	trials	/intervals/trials	146	start_time	n/a	n/a	n/a	n/a	n/a	n/a	n/a	n/a	n/a	boo	200.4154868	146	true	200.3933624	200.7837001
200.4154868	0.0	cv_transition	/intervals/trials	146	cv_transition_time	n/a	n/a	n/a	n/a	n/a	n/a	n/a	n/a	n/a	boo	200.4154868	146	true	200.3933624	200.7837001
201.1297889	0.4065753000000143	trials	/intervals/trials	147	start_time	n/a	n/a	n/a	n/a	n/a	n/a	n/a	n/a	n/a	woo	201.1771984	147	true	201.1297889	201.5363642
201.1771984	0.0	cv_transition	/intervals/trials	147	cv_transition_time	n/a	n/a	n/a	n/a	n/a	n/a	n/a	n/a	n/a	woo	201.1771984	147	true	201.1297889	201.5363642
202.7884575	0.4747560000000135	trials	/intervals/trials	148	start_time	n/a	n/a	n/a	n/a	n/a	n/a	n/a	n/a	n/a	naa	202.8610235	148	true	202.7884575	203.2632135
202.8610235	0.0	cv_transition	/intervals/trials	148	cv_transition_time	n/a	n/a	n/a	n/a	n/a	n/a	n/a	n/a	n/a	naa	202.8610235	148	true	202.7884575	203.2632135
203.6519709	0.45641539999999736	trials	/intervals/trials	149	start_time	n/a	n/a	n/a	n/a	n/a	n/a	n/a	n/a	n/a	waa	203.6962197	149	true	203.6519709	204.1083863
203.6962197	0.0	cv_transition	/intervals/trials	149	cv_transition_time	n/a	n/a	n/a	n/a	n/a	n/a	n/a	n/a	n/a	waa	203.6962197	149	true	203.6519709	204.1083863
204.5140959	0.4306611000000089	trials	/intervals/trials	150	start_time	n/a	n/a	n/a	n/a	n/a	n/a	n/a	n/a	n/a	gaa	204.536947	150	true	204.5140959	204.944757
204.536947	0.0	cv_transition	/intervals/trials	150	cv_transition_time	n/a	n/a	n/a	n/a	n/a	n/a	n/a	n/a	n/a	gaa	204.536947	150	true	204.5140959	204.944757
205.3454763	0.5045172000000093	trials	/intervals/trials	151	start_time	n/a	n/a	n/a	n/a	n/a	n/a	n/a	n/a	n/a	zee	205.4872003	151	true	205.3454763	205.8499935
205.4872003	0.0	cv_transition	/intervals/trials	151	cv_transition_time	n/a	n/a	n/a	n/a	n/a	n/a	n/a	n/a	n/a	zee	205.4872003	151	true	205.3454763	205.8499935
206.3889436	0.4171872999999948	trials	/intervals/trials	152	start_time	n/a	n/a	n/a	n/a	n/a	n/a	n/a	n/a	n/a	paa	206.4263707	152	true	206.3889436	206.8061309
206.4263707	0.0	cv_transition	/intervals/trials	152	cv_transition_time	n/a	n/a	n/a	n/a	n/a	n/a	n/a	n/a	n/a	paa	206.4263707	152	true	206.3889436	206.8061309
207.370451	0.41726769999999647	trials	/intervals/trials	153	start_time	n/a	n/a	n/a	n/a	n/a	n/a	n/a	n/a	n/a	mee	207.4186506	153	true	207.370451	207.7877187
207.4186506	0.0	cv_transition	/intervals/trials	153	cv_transition_time	n/a	n/a	n/a	n/a	n/a	n/a	n/a	n/a	n/a	mee	207.4186506	153	true	207.370451	207.7877187
208.1619896	0.5130110000000059	trials	/intervals/trials	154	start_time	n/a	n/a	n/a	n/a	n/a	n/a	n/a	n/a	n/a	zaa	208.3032145	154	true	208.1619896	208.6750006
208.3032145	0.0	cv_transition	/intervals/trials	154	cv_transition_time	n/a	n/a	n/a	n/a	n/a	n/a	n/a	n/a	n/a	zaa	208.3032145	154	true	208.1619896	208.6750006
209.1064265	0.4079287000000136	trials	/intervals/trials	155	start_time	n/a	n/a	n/a	n/a	n/a	n/a	n/a	n/a	n/a	hoo	209.1246001	155	true	209.1064265	209.5143552
209.1246001	0.0	cv_transition	/intervals/trials	155	cv_transition_time	n/a	n/a	n/a	n/a	n/a	n/a	n/a	n/a	n/a	hoo	209.1246001	155	true	209.1064265	209.5143552
210.0378354	0.42371079999998074	trials	/intervals/trials	156	start_time	n/a	n/a	n/a	n/a	n/a	n/a	n/a	n/a	n/a	daa	210.0554053	156	true	210.0378354	210.4615462
210.0554053	0.0	cv_transition	/intervals/trials	156	cv_transition_time	n/a	n/a	n/a	n/a	n/a	n/a	n/a	n/a	n/a	daa	210.0554053	156	true	210.0378354	210.4615462
210.9198374	0.4630320999999924	trials	/intervals/trials	157	start_time	n/a	n/a	n/a	n/a	n/a	n/a	n/a	n/a	n/a	foo	210.9824951	157	true	210.9198374	211.3828695
210.9824951	0.0	cv_transition	/intervals/trials	157	cv_transition_time	n/a	n/a	n/a	n/a	n/a	n/a	n/a	n/a	n/a	foo	210.9824951	157	true	210.9198374	211.3828695
211.8807453	0.5151057999999864	trials	/intervals/trials	158	start_time	n/a	n/a	n/a	n/a	n/a	n/a	n/a	n/a	n/a	see	212.0414323	158	true	211.8807453	212.3958511
212.0414323	0.0	cv_transition	/intervals/trials	158	cv_transition_time	n/a	n/a	n/a	n/a	n/a	n/a	n/a	n/a	n/a	see	212.0414323	158	true	211.8807453	212.3958511
212.9157291	0.4221775999999977	trials	/intervals/trials	159	start_time	n/a	n/a	n/a	n/a	n/a	n/a	n/a	n/a	n/a	pee	212.9601426	159	true	212.9157291	213.3379067
212.9601426	0.0	cv_transition	/intervals/trials	159	cv_transition_time	n/a	n/a	n/a	n/a	n/a	n/a	n/a	n/a	n/a	pee	212.9601426	159	true	212.9157291	213.3379067
213.8319443	0.455543299999988	trials	/intervals/trials	160	start_time	n/a	n/a	n/a	n/a	n/a	n/a	n/a	n/a	n/a	kaa	213.9117887	160	true	213.8319443	214.2874876
213.9117887	0.0	cv_transition	/intervals/trials	160	cv_transition_time	n/a	n/a	n/a	n/a	n/a	n/a	n/a	n/a	n/a	kaa	213.9117887	160	true	213.8319443	214.2874876
214.85245	0.4045605999999964	trials	/intervals/trials	161	start_time	n/a	n/a	n/a	n/a	n/a	n/a	n/a	n/a	n/a	yoo	214.8895874	161	true	214.85245	215.2570106
214.8895874	0.0	cv_transition	/intervals/trials	161	cv_transition_time	n/a	n/a	n/a	n/a	n/a	n/a	n/a	n/a	n/a	yoo	214.8895874	161	true	214.85245	215.2570106
215.9104706	0.43537670000000617	trials	/intervals/trials	162	start_time	n/a	n/a	n/a	n/a	n/a	n/a	n/a	n/a	n/a	thee	215.9555096	162	true	215.9104706	216.3458473
215.9555096	0.0	cv_transition	/intervals/trials	162	cv_transition_time	n/a	n/a	n/a	n/a	n/a	n/a	n/a	n/a	n/a	thee	215.9555096	162	true	215.9104706	216.3458473
217.1897352	0.4462985000000117	trials	/intervals/trials	163	start_time	n/a	n/a	n/a	n/a	n/a	n/a	n/a	n/a	n/a	voo	217.2482068	163	true	217.1897352	217.6360337
217.2482068	0.0	cv_transition	/intervals/trials	163	cv_transition_time	n/a	n/a	n/a	n/a	n/a	n/a	n/a	n/a	n/a	voo	217.2482068	163	true	217.1897352	217.6360337
218.1205405	0.4636461000000054	trials	/intervals/trials	164	start_time	n/a	n/a	n/a	n/a	n/a	n/a	n/a	n/a	n/a	vee	218.1639991	164	true	218.1205405	218.5841866
218.1639991	0.0	cv_transition	/intervals/trials	164	cv_transition_time	n/a	n/a	n/a	n/a	n/a	n/a	n/a	n/a	n/a	vee	218.1639991	164	true	218.1205405	218.5841866
219.6805509	0.36955360000001747	trials	/intervals/trials	165	start_time	n/a	n/a	n/a	n/a	n/a	n/a	n/a	n/a	n/a	haa	219.8008166	165	true	219.6805509	220.0501045
219.8008166	0.0	cv_transition	/intervals/trials	165	cv_transition_time	n/a	n/a	n/a	n/a	n/a	n/a	n/a	n/a	n/a	haa	219.8008166	165	true	219.6805509	220.0501045
220.3647181	0.2540051999999946	trials	/intervals/trials	166	start_time	n/a	n/a	n/a	n/a	n/a	n/a	n/a	n/a	n/a	dee	220.3875016	166	true	220.3647181	220.6187233
220.3875016	0.0	cv_transition	/intervals/trials	166	cv_transition_time	n/a	n/a	n/a	n/a	n/a	n/a	n/a	n/a	n/a	dee	220.3875016	166	true	220.3647181	220.6187233
227.2278483	0.3895921999999814	trials	/intervals/trials	167	start_time	n/a	n/a	n/a	n/a	n/a	n/a	n/a	n/a	n/a	hee	227.2827414	167	true	227.2278483	227.6174405
227.2827414	0.0	cv_transition	/intervals/trials	167	cv_transition_time	n/a	n/a	n/a	n/a	n/a	n/a	n/a	n/a	n/a	hee	227.2827414	167	true	227.2278483	227.6174405
228.1360791	0.44298280000001	trials	/intervals/trials	168	start_time	n/a	n/a	n/a	n/a	n/a	n/a	n/a	n/a	n/a	thaa	228.1834867	168	true	228.1360791	228.5790619
228.1834867	0.0	cv_transition	/intervals/trials	168	cv_transition_time	n/a	n/a	n/a	n/a	n/a	n/a	n/a	n/a	n/a	thaa	228.1834867	168	true	228.1360791	228.5790619
229.4255671	0.43433970000000954	trials	/intervals/trials	169	start_time	n/a	n/a	n/a	n/a	n/a	n/a	n/a	n/a	n/a	tee	229.5163901	169	true	229.4255671	229.8599068
229.5163901	0.0	cv_transition	/intervals/trials	169	cv_transition_time	n/a	n/a	n/a	n/a	n/a	n/a	n/a	n/a	n/a	tee	229.5163901	169	true	229.4255671	229.8599068
230.8408101	0.38053769999999076	trials	/intervals/trials	170	start_time	n/a	n/a	n/a	n/a	n/a	n/a	n/a	n/a	n/a	vee	230.8697278	170	true	230.8408101	231.2213478
230.8697278	0.0	cv_transition	/intervals/trials	170	cv_transition_time	n/a	n/a	n/a	n/a	n/a	n/a	n/a	n/a	n/a	vee	230.8697278	170	true	230.8408101	231.2213478
232.0834094	0.4045605000000023	trials	/intervals/trials	171	start_time	n/a	n/a	n/a	n/a	n/a	n/a	n/a	n/a	n/a	lee	232.1126452	171	true	232.0834094	232.4879699
232.1126452	0.0	cv_transition	/intervals/trials	171	cv_transition_time	n/a	n/a	n/a	n/a	n/a	n/a	n/a	n/a	n/a	lee	232.1126452	171	true	232.0834094	232.4879699
234.8874271	0.4553808999999944	trials	/intervals/trials	172	start_time	n/a	n/a	n/a	n/a	n/a	n/a	n/a	n/a	n/a	zoo	235.021214	172	true	234.8874271	235.342808
235.021214	0.0	cv_transition	/intervals/trials	172	cv_transition_time	n/a	n/a	n/a	n/a	n/a	n/a	n/a	n/a	n/a	zoo	235.021214	172	true	234.8874271	235.342808
236.0791056	0.47158140000001936	trials	/intervals/trials	173	start_time	n/a	n/a	n/a	n/a	n/a	n/a	n/a	n/a	n/a	noo	236.1542995	173	true	236.0791056	236.550687
236.1542995	0.0	cv_transition	/intervals/trials	173	cv_transition_time	n/a	n/a	n/a	n/a	n/a	n/a	n/a	n/a	n/a	noo	236.1542995	173	true	236.0791056	236.550687
237.2468308	0.4087675000000104	trials	/intervals/trials	174	start_time	n/a	n/a	n/a	n/a	n/a	n/a	n/a	n/a	n/a	haa	237.3092093	174	true	237.2468308	237.6555983
237.3092093	0.0	cv_transition	/intervals/trials	174	cv_transition_time	n/a	n/a	n/a	n/a	n/a	n/a	n/a	n/a	n/a	haa	237.3092093	174	true	237.2468308	237.6555983
238.2727112	0.44724990000000275	trials	/intervals/trials	175	start_time	n/a	n/a	n/a	n/a	n/a	n/a	n/a	n/a	n/a	woo	238.3130092	175	true	238.2727112	238.7199611
238.3130092	0.0	cv_transition	/intervals/trials	175	cv_transition_time	n/a	n/a	n/a	n/a	n/a	n/a	n/a	n/a	n/a	woo	238.3130092	175	true	238.2727112	238.7199611
241.1180674	0.3749915999999871	trials	/intervals/trials	176	start_time	n/a	n/a	n/a	n/a	n/a	n/a	n/a	n/a	n/a	baa	241.125969	176	true	241.1180674	241.493059
241.125969	0.0	cv_transition	/intervals/trials	176	cv_transition_time	n/a	n/a	n/a	n/a	n/a	n/a	n/a	n/a	n/a	baa	241.125969	176	true	241.1180674	241.493059
242.1437913	0.38075609999998505	trials	/intervals/trials	177	start_time	n/a	n/a	n/a	n/a	n/a	n/a	n/a	n/a	n/a	gee	242.1681864	177	true	242.1437913	242.5245474
242.1681864	0.0	cv_transition	/intervals/trials	177	cv_transition_time	n/a	n/a	n/a	n/a	n/a	n/a	n/a	n/a	n/a	gee	242.1681864	177	true	242.1437913	242.5245474
243.3779172	0.34213809999999967	trials	/intervals/trials	178	start_time	n/a	n/a	n/a	n/a	n/a	n/a	n/a	n/a	n/a	boo	243.3953007	178	true	243.3779172	243.7200553
243.3953007	0.0	cv_transition	/intervals/trials	178	cv_transition_time	n/a	n/a	n/a	n/a	n/a	n/a	n/a	n/a	n/a	boo	243.3953007	178	true	243.3779172	243.7200553
244.4430492	0.43092359999999985	trials	/intervals/trials	179	start_time	n/a	n/a	n/a	n/a	n/a	n/a	n/a	n/a	n/a	maa	244.4983602	179	true	244.4430492	244.8739728
244.4983602	0.0	cv_transition	/intervals/trials	179	cv_transition_time	n/a	n/a	n/a	n/a	n/a	n/a	n/a	n/a	n/a	maa	244.4983602	179	true	244.4430492	244.8739728
245.4713091	0.4097018999999875	trials	/intervals/trials	180	start_time	n/a	n/a	n/a	n/a	n/a	n/a	n/a	n/a	n/a	bee	245.4844764	180	true	245.4713091	245.881011
245.4844764	0.0	cv_transition	/intervals/trials	180	cv_transition_time	n/a	n/a	n/a	n/a	n/a	n/a	n/a	n/a	n/a	bee	245.4844764	180	true	245.4713091	245.881011
246.6594403	0.42905540000000997	trials	/intervals/trials	181	start_time	n/a	n/a	n/a	n/a	n/a	n/a	n/a	n/a	n/a	noo	246.7242332	181	true	246.6594403	247.0884957
246.7242332	0.0	cv_transition	/intervals/trials	181	cv_transition_time	n/a	n/a	n/a	n/a	n/a	n/a	n/a	n/a	n/a	noo	246.7242332	181	true	246.6594403	247.0884957
247.8201813	0.4922679999999957	trials	/intervals/trials	182	start_time	n/a	n/a	n/a	n/a	n/a	n/a	n/a	n/a	n/a	yoo	247.8596892	182	true	247.8201813	248.3124493
247.8596892	0.0	cv_transition	/intervals/trials	182	cv_transition_time	n/a	n/a	n/a	n/a	n/a	n/a	n/a	n/a	n/a	yoo	247.8596892	182	true	247.8201813	248.3124493
248.8963755	0.44248799999999733	trials	/intervals/trials	183	start_time	n/a	n/a	n/a	n/a	n/a	n/a	n/a	n/a	n/a	hoo	248.9485259	183	true	248.8963755	249.3388635
248.9485259	0.0	cv_transition	/intervals/trials	183	cv_transition_time	n/a	n/a	n/a	n/a	n/a	n/a	n/a	n/a	n/a	hoo	248.9485259	183	true	248.8963755	249.3388635
249.9830201	0.46808809999998857	trials	/intervals/trials	184	start_time	n/a	n/a	n/a	n/a	n/a	n/a	n/a	n/a	n/a	vaa	250.0848218	184	true	249.9830201	250.4511082
250.0848218	0.0	cv_transition	/intervals/trials	184	cv_transition_time	n/a	n/a	n/a	n/a	n/a	n/a	n/a	n/a	n/a	vaa	250.0848218	184	true	249.9830201	250.4511082
251.13015	0.4638224000000264	trials	/intervals/trials	185	start_time	n/a	n/a	n/a	n/a	n/a	n/a	n/a	n/a	n/a	yee	251.1925	185	true	251.13015	251.5939724
251.1925	0.0	cv_transition	/intervals/trials	185	cv_transition_time	n/a	n/a	n/a	n/a	n/a	n/a	n/a	n/a	n/a	yee	251.1925	185	true	251.13015	251.5939724
254.119906	0.47368440000002465	trials	/intervals/trials	186	start_time	n/a	n/a	n/a	n/a	n/a	n/a	n/a	n/a	n/a	nee	254.239326	186	true	254.119906	254.5935904
254.239326	0.0	cv_transition	/intervals/trials	186	cv_transition_time	n/a	n/a	n/a	n/a	n/a	n/a	n/a	n/a	n/a	nee	254.239326	186	true	254.119906	254.5935904
255.4801393	0.43284189999999967	trials	/intervals/trials	187	start_time	n/a	n/a	n/a	n/a	n/a	n/a	n/a	n/a	n/a	koo	255.5884608	187	true	255.4801393	255.9129812
255.5884608	0.0	cv_transition	/intervals/trials	187	cv_transition_time	n/a	n/a	n/a	n/a	n/a	n/a	n/a	n/a	n/a	koo	255.5884608	187	true	255.4801393	255.9129812
256.5895463	0.5136390999999776	trials	/intervals/trials	188	start_time	n/a	n/a	n/a	n/a	n/a	n/a	n/a	n/a	n/a	see	256.7480331	188	true	256.5895463	257.1031854
256.7480331	0.0	cv_transition	/intervals/trials	188	cv_transition_time	n/a	n/a	n/a	n/a	n/a	n/a	n/a	n/a	n/a	see	256.7480331	188	true	256.5895463	257.1031854
257.5857348	0.448809400000016	trials	/intervals/trials	189	start_time	n/a	n/a	n/a	n/a	n/a	n/a	n/a	n/a	n/a	wee	257.6291935	189	true	257.5857348	258.0345442
257.6291935	0.0	cv_transition	/intervals/trials	189	cv_transition_time	n/a	n/a	n/a	n/a	n/a	n/a	n/a	n/a	n/a	wee	257.6291935	189	true	257.5857348	258.0345442
259.7455185	0.5700193999999783	trials	/intervals/trials	190	start_time	n/a	n/a	n/a	n/a	n/a	n/a	n/a	n/a	n/a	saa	259.927534	190	true	259.7455185	260.3155379
259.927534	0.0	cv_transition	/intervals/trials	190	cv_transition_time	n/a	n/a	n/a	n/a	n/a	n/a	n/a	n/a	n/a	saa	259.927534	190	true	259.7455185	260.3155379
261.3179553	0.4430525000000216	trials	/intervals/trials	191	start_time	n/a	n/a	n/a	n/a	n/a	n/a	n/a	n/a	n/a	faa	261.3849903	191	true	261.3179553	261.7610078
261.3849903	0.0	cv_transition	/intervals/trials	191	cv_transition_time	n/a	n/a	n/a	n/a	n/a	n/a	n/a	n/a	n/a	faa	261.3849903	191	true	261.3179553	261.7610078
262.2027285	0.4323979000000122	trials	/intervals/trials	192	start_time	n/a	n/a	n/a	n/a	n/a	n/a	n/a	n/a	n/a	moo	262.2816394	192	true	262.2027285	262.6351264
262.2816394	0.0	cv_transition	/intervals/trials	192	cv_transition_time	n/a	n/a	n/a	n/a	n/a	n/a	n/a	n/a	n/a	moo	262.2816394	192	true	262.2027285	262.6351264
263.4710661	0.39732660000004216	trials	/intervals/trials	193	start_time	n/a	n/a	n/a	n/a	n/a	n/a	n/a	n/a	n/a	daa	263.4963707	193	true	263.4710661	263.8683927
263.4963707	0.0	cv_transition	/intervals/trials	193	cv_transition_time	n/a	n/a	n/a	n/a	n/a	n/a	n/a	n/a	n/a	daa	263.4963707	193	true	263.4710661	263.8683927
264.6661536	0.40531760000004624	trials	/intervals/trials	194	start_time	n/a	n/a	n/a	n/a	n/a	n/a	n/a	n/a	n/a	dee	264.6900387	194	true	264.6661536	265.0714712
264.6900387	0.0	cv_transition	/intervals/trials	194	cv_transition_time	n/a	n/a	n/a	n/a	n/a	n/a	n/a	n/a	n/a	dee	264.6900387	194	true	264.6661536	265.0714712
266.1142871	0.5225178000000028	trials	/intervals/trials	195	start_time	n/a	n/a	n/a	n/a	n/a	n/a	n/a	n/a	n/a	shoo	266.2647829	195	true	266.1142871	266.6368049
266.2647829	0.0	cv_transition	/intervals/trials	195	cv_transition_time	n/a	n/a	n/a	n/a	n/a	n/a	n/a	n/a	n/a	shoo	266.2647829	195	true	266.1142871	266.6368049
267.4438885	0.5353920999999673	trials	/intervals/trials	196	start_time	n/a	n/a	n/a	n/a	n/a	n/a	n/a	n/a	n/a	zaa	267.5602009	196	true	267.4438885	267.9792806
267.5602009	0.0	cv_transition	/intervals/trials	196	cv_transition_time	n/a	n/a	n/a	n/a	n/a	n/a	n/a	n/a	n/a	zaa	267.5602009	196	true	267.4438885	267.9792806
268.5106773	0.5065359000000171	trials	/intervals/trials	197	start_time	n/a	n/a	n/a	n/a	n/a	n/a	n/a	n/a	n/a	laa	268.5428455	197	true	268.5106773	269.0172132
268.5428455	0.0	cv_transition	/intervals/trials	197	cv_transition_time	n/a	n/a	n/a	n/a	n/a	n/a	n/a	n/a	n/a	laa	268.5428455	197	true	268.5106773	269.0172132
269.6786844	0.5140829000000053	trials	/intervals/trials	198	start_time	n/a	n/a	n/a	n/a	n/a	n/a	n/a	n/a	n/a	naa	269.7596877	198	true	269.6786844	270.1927673
269.7596877	0.0	cv_transition	/intervals/trials	198	cv_transition_time	n/a	n/a	n/a	n/a	n/a	n/a	n/a	n/a	n/a	naa	269.7596877	198	true	269.6786844	270.1927673
270.8360369	0.4741283999999837	trials	/intervals/trials	199	start_time	n/a	n/a	n/a	n/a	n/a	n/a	n/a	n/a	n/a	ree	270.8761799	199	true	270.8360369	271.3101653
270.8761799	0.0	cv_transition	/intervals/trials	199	cv_transition_time	n/a	n/a	n/a	n/a	n/a	n/a	n/a	n/a	n/a	ree	270.8761799	199	true	270.8360369	271.3101653
272.0076851	0.5299752999999896	trials	/intervals/trials	200	start_time	n/a	n/a	n/a	n/a	n/a	n/a	n/a	n/a	n/a	loo	272.0558847	200	true	272.0076851	272.5376604
272.0558847	0.0	cv_transition	/intervals/trials	200	cv_transition_time	n/a	n/a	n/a	n/a	n/a	n/a	n/a	n/a	n/a	loo	272.0558847	200	true	272.0076851	272.5376604
274.7085288	0.4794555999999943	trials	/intervals/trials	201	start_time	n/a	n/a	n/a	n/a	n/a	n/a	n/a	n/a	n/a	too	274.7937654	201	true	274.7085288	275.1879844
274.7937654	0.0	cv_transition	/intervals/trials	201	cv_transition_time	n/a	n/a	n/a	n/a	n/a	n/a	n/a	n/a	n/a	too	274.7937654	201	true	274.7085288	275.1879844
275.9400194	0.5873331999999891	trials	/intervals/trials	202	start_time	n/a	n/a	n/a	n/a	n/a	n/a	n/a	n/a	n/a	soo	276.1389047	202	true	275.9400194	276.5273526
276.1389047	0.0	cv_transition	/intervals/trials	202	cv_transition_time	n/a	n/a	n/a	n/a	n/a	n/a	n/a	n/a	n/a	soo	276.1389047	202	true	275.9400194	276.5273526
277.5595139	0.4528191999999649	trials	/intervals/trials	203	start_time	n/a	n/a	n/a	n/a	n/a	n/a	n/a	n/a	n/a	roo	277.6138508	203	true	277.5595139	278.0123331
277.6138508	0.0	cv_transition	/intervals/trials	203	cv_transition_time	n/a	n/a	n/a	n/a	n/a	n/a	n/a	n/a	n/a	roo	277.6138508	203	true	277.5595139	278.0123331
279.2362767	0.4533172999999806	trials	/intervals/trials	204	start_time	n/a	n/a	n/a	n/a	n/a	n/a	n/a	n/a	n/a	raa	279.3055775	204	true	279.2362767	279.689594
279.3055775	0.0	cv_transition	/intervals/trials	204	cv_transition_time	n/a	n/a	n/a	n/a	n/a	n/a	n/a	n/a	n/a	raa	279.3055775	204	true	279.2362767	279.689594
280.5592191	0.5602526999999782	trials	/intervals/trials	205	start_time	n/a	n/a	n/a	n/a	n/a	n/a	n/a	n/a	n/a	shee	280.7212573	205	true	280.5592191	281.1194718
280.7212573	0.0	cv_transition	/intervals/trials	205	cv_transition_time	n/a	n/a	n/a	n/a	n/a	n/a	n/a	n/a	n/a	shee	280.7212573	205	true	280.5592191	281.1194718
281.6983701	0.48211919999999964	trials	/intervals/trials	206	start_time	n/a	n/a	n/a	n/a	n/a	n/a	n/a	n/a	n/a	nee	281.7969434	206	true	281.6983701	282.1804893
281.7969434	0.0	cv_transition	/intervals/trials	206	cv_transition_time	n/a	n/a	n/a	n/a	n/a	n/a	n/a	n/a	n/a	nee	281.7969434	206	true	281.6983701	282.1804893
284.0255055	0.6073104000000171	trials	/intervals/trials	207	start_time	n/a	n/a	n/a	n/a	n/a	n/a	n/a	n/a	n/a	zoo	284.215512	207	true	284.0255055	284.6328159
284.215512	0.0	cv_transition	/intervals/trials	207	cv_transition_time	n/a	n/a	n/a	n/a	n/a	n/a	n/a	n/a	n/a	zoo	284.215512	207	true	284.0255055	284.6328159
287.9237459	0.4804925000000253	trials	/intervals/trials	208	start_time	n/a	n/a	n/a	n/a	n/a	n/a	n/a	n/a	n/a	taa	287.9841218	208	true	287.9237459	288.4042384
287.9841218	0.0	cv_transition	/intervals/trials	208	cv_transition_time	n/a	n/a	n/a	n/a	n/a	n/a	n/a	n/a	n/a	taa	287.9841218	208	true	287.9237459	288.4042384
289.099744	0.4628648999999996	trials	/intervals/trials	209	start_time	n/a	n/a	n/a	n/a	n/a	n/a	n/a	n/a	n/a	kaa	289.1650032	209	true	289.099744	289.5626089
289.1650032	0.0	cv_transition	/intervals/trials	209	cv_transition_time	n/a	n/a	n/a	n/a	n/a	n/a	n/a	n/a	n/a	kaa	289.1650032	209	true	289.099744	289.5626089
290.6601944	0.48611469999997325	trials	/intervals/trials	210	start_time	n/a	n/a	n/a	n/a	n/a	n/a	n/a	n/a	n/a	waa	290.713868	210	true	290.6601944	291.1463091
290.713868	0.0	cv_transition	/intervals/trials	210	cv_transition_time	n/a	n/a	n/a	n/a	n/a	n/a	n/a	n/a	n/a	waa	290.713868	210	true	290.6601944	291.1463091
291.7527317	0.5642481999999518	trials	/intervals/trials	211	start_time	n/a	n/a	n/a	n/a	n/a	n/a	n/a	n/a	n/a	shaa	291.8894653	211	true	291.7527317	292.3169799
291.8894653	0.0	cv_transition	/intervals/trials	211	cv_transition_time	n/a	n/a	n/a	n/a	n/a	n/a	n/a	n/a	n/a	shaa	291.8894653	211	true	291.7527317	292.3169799
293.1870602	0.44797869999996465	trials	/intervals/trials	212	start_time	n/a	n/a	n/a	n/a	n/a	n/a	n/a	n/a	n/a	paa	293.2320992	212	true	293.1870602	293.6350389
293.2320992	0.0	cv_transition	/intervals/trials	212	cv_transition_time	n/a	n/a	n/a	n/a	n/a	n/a	n/a	n/a	n/a	paa	293.2320992	212	true	293.1870602	293.6350389
294.3355768	0.4428600999999617	trials	/intervals/trials	213	start_time	n/a	n/a	n/a	n/a	n/a	n/a	n/a	n/a	n/a	gaa	294.3651847	213	true	294.3355768	294.7784369
294.3651847	0.0	cv_transition	/intervals/trials	213	cv_transition_time	n/a	n/a	n/a	n/a	n/a	n/a	n/a	n/a	n/a	gaa	294.3651847	213	true	294.3355768	294.7784369
295.7375405	0.4714646999999559	trials	/intervals/trials	214	start_time	n/a	n/a	n/a	n/a	n/a	n/a	n/a	n/a	n/a	doo	295.7661335	214	true	295.7375405	296.2090052
295.7661335	0.0	cv_transition	/intervals/trials	214	cv_transition_time	n/a	n/a	n/a	n/a	n/a	n/a	n/a	n/a	n/a	doo	295.7661335	214	true	295.7375405	296.2090052
296.7013351	0.44527220000003354	trials	/intervals/trials	215	start_time	n/a	n/a	n/a	n/a	n/a	n/a	n/a	n/a	n/a	mee	296.7822758	215	true	296.7013351	297.1466073
296.7822758	0.0	cv_transition	/intervals/trials	215	cv_transition_time	n/a	n/a	n/a	n/a	n/a	n/a	n/a	n/a	n/a	mee	296.7822758	215	true	296.7013351	297.1466073
297.6593584	0.33073560000002544	trials	/intervals/trials	216	start_time	n/a	n/a	n/a	n/a	n/a	n/a	n/a	n/a	n/a	pee	297.7423752	216	true	297.6593584	297.990094
297.7423752	0.0	cv_transition	/intervals/trials	216	cv_transition_time	n/a	n/a	n/a	n/a	n/a	n/a	n/a	n/a	n/a	pee	297.7423752	216	true	297.6593584	297.990094
301.8594783	0.5850644000000216	trials	/intervals/trials	217	start_time	n/a	n/a	n/a	n/a	n/a	n/a	n/a	n/a	n/a	see	302.0539242	217	true	301.8594783	302.4445427
302.0539242	0.0	cv_transition	/intervals/trials	217	cv_transition_time	n/a	n/a	n/a	n/a	n/a	n/a	n/a	n/a	n/a	see	302.0539242	217	true	301.8594783	302.4445427
302.911617	0.47767980000003263	trials	/intervals/trials	218	start_time	n/a	n/a	n/a	n/a	n/a	n/a	n/a	n/a	n/a	hee	303.0123914	218	true	302.911617	303.3892968
303.0123914	0.0	cv_transition	/intervals/trials	218	cv_transition_time	n/a	n/a	n/a	n/a	n/a	n/a	n/a	n/a	n/a	hee	303.0123914	218	true	302.911617	303.3892968
304.0276831	0.4359494000000268	trials	/intervals/trials	219	start_time	n/a	n/a	n/a	n/a	n/a	n/a	n/a	n/a	n/a	haa	304.0938302	219	true	304.0276831	304.4636325
304.0938302	0.0	cv_transition	/intervals/trials	219	cv_transition_time	n/a	n/a	n/a	n/a	n/a	n/a	n/a	n/a	n/a	haa	304.0938302	219	true	304.0276831	304.4636325
304.8228656094924	0.41199630850360336	invalid_times	/intervals/invalid_times	1	start_time	n/a	n/a	n/a	n/a	1	304.8228656094924	305.234861917996	"[""ECoG artifact""]"	"[{""idx_start"":930245,""count"":1257,""timeseries"":""/acquisition/ElectricalSeries""}]"	n/a	n/a	n/a	n/a	n/a	n/a
304.9715003	0.5873331000000235	trials	/intervals/trials	220	start_time	n/a	n/a	n/a	n/a	n/a	n/a	n/a	n/a	n/a	saa	305.175269	220	true	304.9715003	305.5588334
305.175269	0.0	cv_transition	/intervals/trials	220	cv_transition_time	n/a	n/a	n/a	n/a	n/a	n/a	n/a	n/a	n/a	saa	305.175269	220	true	304.9715003	305.5588334
306.1341802	0.44704789999997274	trials	/intervals/trials	221	start_time	n/a	n/a	n/a	n/a	n/a	n/a	n/a	n/a	n/a	gaa	306.154331	221	true	306.1341802	306.5812281
306.154331	0.0	cv_transition	/intervals/trials	221	cv_transition_time	n/a	n/a	n/a	n/a	n/a	n/a	n/a	n/a	n/a	gaa	306.154331	221	true	306.1341802	306.5812281
307.0629034	0.4212995000000319	trials	/intervals/trials	222	start_time	n/a	n/a	n/a	n/a	n/a	n/a	n/a	n/a	n/a	doo	307.0867165	222	true	307.0629034	307.4842029
307.0867165	0.0	cv_transition	/intervals/trials	222	cv_transition_time	n/a	n/a	n/a	n/a	n/a	n/a	n/a	n/a	n/a	doo	307.0867165	222	true	307.0629034	307.4842029
307.9805282	0.47412830000001804	trials	/intervals/trials	223	start_time	n/a	n/a	n/a	n/a	n/a	n/a	n/a	n/a	n/a	roo	308.0198923	223	true	307.9805282	308.4546565
308.0198923	0.0	cv_transition	/intervals/trials	223	cv_transition_time	n/a	n/a	n/a	n/a	n/a	n/a	n/a	n/a	n/a	roo	308.0198923	223	true	307.9805282	308.4546565
308.9913804	0.4349917999999775	trials	/intervals/trials	224	start_time	n/a	n/a	n/a	n/a	n/a	n/a	n/a	n/a	n/a	pee	309.0584154	224	true	308.9913804	309.4263722
309.0584154	0.0	cv_transition	/intervals/trials	224	cv_transition_time	n/a	n/a	n/a	n/a	n/a	n/a	n/a	n/a	n/a	pee	309.0584154	224	true	308.9913804	309.4263722
309.9573947	0.5407194000000004	trials	/intervals/trials	225	start_time	n/a	n/a	n/a	n/a	n/a	n/a	n/a	n/a	n/a	shee	310.1576118	225	true	309.9573947	310.4981141
310.1576118	0.0	cv_transition	/intervals/trials	225	cv_transition_time	n/a	n/a	n/a	n/a	n/a	n/a	n/a	n/a	n/a	shee	310.1576118	225	true	309.9573947	310.4981141
311.1955444	0.41464029999997365	trials	/intervals/trials	226	start_time	n/a	n/a	n/a	n/a	n/a	n/a	n/a	n/a	n/a	foo	311.2665749	226	true	311.1955444	311.6101847
311.2665749	0.0	cv_transition	/intervals/trials	226	cv_transition_time	n/a	n/a	n/a	n/a	n/a	n/a	n/a	n/a	n/a	foo	311.2665749	226	true	311.1955444	311.6101847
312.1295949	0.40975700000001325	trials	/intervals/trials	227	start_time	n/a	n/a	n/a	n/a	n/a	n/a	n/a	n/a	n/a	too	312.2254861	227	true	312.1295949	312.5393519
312.2254861	0.0	cv_transition	/intervals/trials	227	cv_transition_time	n/a	n/a	n/a	n/a	n/a	n/a	n/a	n/a	n/a	too	312.2254861	227	true	312.1295949	312.5393519
313.1724109	0.4883343999999852	trials	/intervals/trials	228	start_time	n/a	n/a	n/a	n/a	n/a	n/a	n/a	n/a	n/a	yaa	313.2104353	228	true	313.1724109	313.6607453
313.2104353	0.0	cv_transition	/intervals/trials	228	cv_transition_time	n/a	n/a	n/a	n/a	n/a	n/a	n/a	n/a	n/a	yaa	313.2104353	228	true	313.1724109	313.6607453
314.7080006	0.4186358000000041	trials	/intervals/trials	229	start_time	n/a	n/a	n/a	n/a	n/a	n/a	n/a	n/a	n/a	nee	314.7732599	229	true	314.7080006	315.1266364
314.7732599	0.0	cv_transition	/intervals/trials	229	cv_transition_time	n/a	n/a	n/a	n/a	n/a	n/a	n/a	n/a	n/a	nee	314.7732599	229	true	314.7080006	315.1266364
315.4902236	0.480787399999997	trials	/intervals/trials	230	start_time	n/a	n/a	n/a	n/a	n/a	n/a	n/a	n/a	n/a	lee	315.5722153	230	true	315.4902236	315.971011
315.5722153	0.0	cv_transition	/intervals/trials	230	cv_transition_time	n/a	n/a	n/a	n/a	n/a	n/a	n/a	n/a	n/a	lee	315.5722153	230	true	315.4902236	315.971011
316.5046273	0.49382190000000037	trials	/intervals/trials	231	start_time	n/a	n/a	n/a	n/a	n/a	n/a	n/a	n/a	n/a	zoo	316.693302	231	true	316.5046273	316.9984492
316.693302	0.0	cv_transition	/intervals/trials	231	cv_transition_time	n/a	n/a	n/a	n/a	n/a	n/a	n/a	n/a	n/a	zoo	316.693302	231	true	316.5046273	316.9984492
317.3827414	0.4084252000000106	trials	/intervals/trials	232	start_time	n/a	n/a	n/a	n/a	n/a	n/a	n/a	n/a	n/a	gee	317.4180227	232	true	317.3827414	317.7911666
317.4180227	0.0	cv_transition	/intervals/trials	232	cv_transition_time	n/a	n/a	n/a	n/a	n/a	n/a	n/a	n/a	n/a	gee	317.4180227	232	true	317.3827414	317.7911666
318.0886066	0.4212994000000094	trials	/intervals/trials	233	start_time	n/a	n/a	n/a	n/a	n/a	n/a	n/a	n/a	n/a	fee	318.1440992	233	true	318.0886066	318.509906
318.1440992	0.0	cv_transition	/intervals/trials	233	cv_transition_time	n/a	n/a	n/a	n/a	n/a	n/a	n/a	n/a	n/a	fee	318.1440992	233	true	318.0886066	318.509906
318.7673914	0.5655800999999769	trials	/intervals/trials	234	start_time	n/a	n/a	n/a	n/a	n/a	n/a	n/a	n/a	n/a	soo	319.0000162	234	true	318.7673914	319.3329715
319.0000162	0.0	cv_transition	/intervals/trials	234	cv_transition_time	n/a	n/a	n/a	n/a	n/a	n/a	n/a	n/a	n/a	soo	319.0000162	234	true	318.7673914	319.3329715
320.4712346	0.3795690000000036	trials	/intervals/trials	235	start_time	n/a	n/a	n/a	n/a	n/a	n/a	n/a	n/a	n/a	waa	320.5114884	235	true	320.4712346	320.8508036
320.5114884	0.0	cv_transition	/intervals/trials	235	cv_transition_time	n/a	n/a	n/a	n/a	n/a	n/a	n/a	n/a	n/a	waa	320.5114884	235	true	320.4712346	320.8508036
321.860768	0.47440330000000586	trials	/intervals/trials	236	start_time	n/a	n/a	n/a	n/a	n/a	n/a	n/a	n/a	n/a	kee	321.9508879	236	true	321.860768	322.3351713
321.9508879	0.0	cv_transition	/intervals/trials	236	cv_transition_time	n/a	n/a	n/a	n/a	n/a	n/a	n/a	n/a	n/a	kee	321.9508879	236	true	321.860768	322.3351713
322.642547	0.5012087000000065	trials	/intervals/trials	237	start_time	n/a	n/a	n/a	n/a	n/a	n/a	n/a	n/a	n/a	mee	322.7191877	237	true	322.642547	323.1437557
322.7191877	0.0	cv_transition	/intervals/trials	237	cv_transition_time	n/a	n/a	n/a	n/a	n/a	n/a	n/a	n/a	n/a	mee	322.7191877	237	true	322.642547	323.1437557
323.966846	0.5216051000000448	trials	/intervals/trials	238	start_time	n/a	n/a	n/a	n/a	n/a	n/a	n/a	n/a	n/a	laa	324.0355897	238	true	323.966846	324.4884511
324.0355897	0.0	cv_transition	/intervals/trials	238	cv_transition_time	n/a	n/a	n/a	n/a	n/a	n/a	n/a	n/a	n/a	laa	324.0355897	238	true	323.966846	324.4884511
324.9482214	0.4254467999999747	trials	/intervals/trials	239	start_time	n/a	n/a	n/a	n/a	n/a	n/a	n/a	n/a	n/a	ree	324.9987914	239	true	324.9482214	325.3736682
324.9987914	0.0	cv_transition	/intervals/trials	239	cv_transition_time	n/a	n/a	n/a	n/a	n/a	n/a	n/a	n/a	n/a	ree	324.9987914	239	true	324.9482214	325.3736682
326.0253727	0.45237520000000586	trials	/intervals/trials	240	start_time	n/a	n/a	n/a	n/a	n/a	n/a	n/a	n/a	n/a	loo	326.1042214	240	true	326.0253727	326.4777479
326.1042214	0.0	cv_transition	/intervals/trials	240	cv_transition_time	n/a	n/a	n/a	n/a	n/a	n/a	n/a	n/a	n/a	loo	326.1042214	240	true	326.0253727	326.4777479
326.7951653	0.46081010000000333	trials	/intervals/trials	241	start_time	n/a	n/a	n/a	n/a	n/a	n/a	n/a	n/a	n/a	goo	326.8074614	241	true	326.7951653	327.2559754
326.8074614	0.0	cv_transition	/intervals/trials	241	cv_transition_time	n/a	n/a	n/a	n/a	n/a	n/a	n/a	n/a	n/a	goo	326.8074614	241	true	326.7951653	327.2559754
328.0140315	0.45434499999998934	trials	/intervals/trials	242	start_time	n/a	n/a	n/a	n/a	n/a	n/a	n/a	n/a	n/a	maa	328.0748736	242	true	328.0140315	328.4683765
328.0748736	0.0	cv_transition	/intervals/trials	242	cv_transition_time	n/a	n/a	n/a	n/a	n/a	n/a	n/a	n/a	n/a	maa	328.0748736	242	true	328.0140315	328.4683765
329.7371581	0.41286460000003444	trials	/intervals/trials	243	start_time	n/a	n/a	n/a	n/a	n/a	n/a	n/a	n/a	n/a	koo	329.8303856	243	true	329.7371581	330.1500227
329.8303856	0.0	cv_transition	/intervals/trials	243	cv_transition_time	n/a	n/a	n/a	n/a	n/a	n/a	n/a	n/a	n/a	koo	329.8303856	243	true	329.7371581	330.1500227
330.7914343	0.42715290000001005	trials	/intervals/trials	244	start_time	n/a	n/a	n/a	n/a	n/a	n/a	n/a	n/a	n/a	haa	330.8643227	244	true	330.7914343	331.2185872
330.8643227	0.0	cv_transition	/intervals/trials	244	cv_transition_time	n/a	n/a	n/a	n/a	n/a	n/a	n/a	n/a	n/a	haa	330.8643227	244	true	330.7914343	331.2185872
331.6638594	0.4252948000000174	trials	/intervals/trials	245	start_time	n/a	n/a	n/a	n/a	n/a	n/a	n/a	n/a	n/a	kaa	331.748208	245	true	331.6638594	332.0891542
331.748208	0.0	cv_transition	/intervals/trials	245	cv_transition_time	n/a	n/a	n/a	n/a	n/a	n/a	n/a	n/a	n/a	kaa	331.748208	245	true	331.6638594	332.0891542
332.4902724	0.4090730000000349	trials	/intervals/trials	246	start_time	n/a	n/a	n/a	n/a	n/a	n/a	n/a	n/a	n/a	vee	332.5297802	246	true	332.4902724	332.8993454
332.5297802	0.0	cv_transition	/intervals/trials	246	cv_transition_time	n/a	n/a	n/a	n/a	n/a	n/a	n/a	n/a	n/a	vee	332.5297802	246	true	332.4902724	332.8993454
333.3136162	0.3763869999999656	trials	/intervals/trials	247	start_time	n/a	n/a	n/a	n/a	n/a	n/a	n/a	n/a	n/a	paa	333.3534964	247	true	333.3136162	333.6900032
333.3534964	0.0	cv_transition	/intervals/trials	247	cv_transition_time	n/a	n/a	n/a	n/a	n/a	n/a	n/a	n/a	n/a	paa	333.3534964	247	true	333.3136162	333.6900032
334.016066	0.4521646999999689	trials	/intervals/trials	248	start_time	n/a	n/a	n/a	n/a	n/a	n/a	n/a	n/a	n/a	wee	334.0832294	248	true	334.016066	334.4682307
334.0832294	0.0	cv_transition	/intervals/trials	248	cv_transition_time	n/a	n/a	n/a	n/a	n/a	n/a	n/a	n/a	n/a	wee	334.0832294	248	true	334.016066	334.4682307
334.9636682	0.36879980000003343	trials	/intervals/trials	249	start_time	n/a	n/a	n/a	n/a	n/a	n/a	n/a	n/a	n/a	baa	334.9745268	249	true	334.9636682	335.332468
334.9745268	0.0	cv_transition	/intervals/trials	249	cv_transition_time	n/a	n/a	n/a	n/a	n/a	n/a	n/a	n/a	n/a	baa	334.9745268	249	true	334.9636682	335.332468
335.9869507	0.4462063999999941	trials	/intervals/trials	250	start_time	n/a	n/a	n/a	n/a	n/a	n/a	n/a	n/a	n/a	yee	336.0467702	250	true	335.9869507	336.4331571
336.0467702	0.0	cv_transition	/intervals/trials	250	cv_transition_time	n/a	n/a	n/a	n/a	n/a	n/a	n/a	n/a	n/a	yee	336.0467702	250	true	335.9869507	336.4331571
337.809326	0.4377251999999885	trials	/intervals/trials	251	start_time	n/a	n/a	n/a	n/a	n/a	n/a	n/a	n/a	n/a	yoo	337.8530697	251	true	337.809326	338.2470512
337.8530697	0.0	cv_transition	/intervals/trials	251	cv_transition_time	n/a	n/a	n/a	n/a	n/a	n/a	n/a	n/a	n/a	yoo	337.8530697	251	true	337.809326	338.2470512
338.6421581	0.3911114999999654	trials	/intervals/trials	252	start_time	n/a	n/a	n/a	n/a	n/a	n/a	n/a	n/a	n/a	poo	338.7145204	252	true	338.6421581	339.0332696
338.7145204	0.0	cv_transition	/intervals/trials	252	cv_transition_time	n/a	n/a	n/a	n/a	n/a	n/a	n/a	n/a	n/a	poo	338.7145204	252	true	338.6421581	339.0332696
339.7764258	0.4532630999999583	trials	/intervals/trials	253	start_time	n/a	n/a	n/a	n/a	n/a	n/a	n/a	n/a	n/a	taa	339.8474563	253	true	339.7764258	340.2296889
339.8474563	0.0	cv_transition	/intervals/trials	253	cv_transition_time	n/a	n/a	n/a	n/a	n/a	n/a	n/a	n/a	n/a	taa	339.8474563	253	true	339.7764258	340.2296889
340.4143681	0.5389435999999819	trials	/intervals/trials	254	start_time	n/a	n/a	n/a	n/a	n/a	n/a	n/a	n/a	n/a	zaa	340.5728548	254	true	340.4143681	340.9533117
340.5728548	0.0	cv_transition	/intervals/trials	254	cv_transition_time	n/a	n/a	n/a	n/a	n/a	n/a	n/a	n/a	n/a	zaa	340.5728548	254	true	340.4143681	340.9533117
342.0329747	0.5052041999999801	trials	/intervals/trials	255	start_time	n/a	n/a	n/a	n/a	n/a	n/a	n/a	n/a	n/a	moo	342.21721	255	true	342.0329747	342.5381789
342.21721	0.0	cv_transition	/intervals/trials	255	cv_transition_time	n/a	n/a	n/a	n/a	n/a	n/a	n/a	n/a	n/a	moo	342.21721	255	true	342.0329747	342.5381789
342.8310604	0.5079868999999917	trials	/intervals/trials	256	start_time	n/a	n/a	n/a	n/a	n/a	n/a	n/a	n/a	n/a	faa	342.9448431	256	true	342.8310604	343.3390473
342.9448431	0.0	cv_transition	/intervals/trials	256	cv_transition_time	n/a	n/a	n/a	n/a	n/a	n/a	n/a	n/a	n/a	faa	342.9448431	256	true	342.8310604	343.3390473
344.1310369	0.46997579999998607	trials	/intervals/trials	257	start_time	n/a	n/a	n/a	n/a	n/a	n/a	n/a	n/a	n/a	thoo	344.1940817	257	true	344.1310369	344.6010127
344.1940817	0.0	cv_transition	/intervals/trials	257	cv_transition_time	n/a	n/a	n/a	n/a	n/a	n/a	n/a	n/a	n/a	thoo	344.1940817	257	true	344.1310369	344.6010127
344.7512216	0.6095301999999947	trials	/intervals/trials	258	start_time	n/a	n/a	n/a	n/a	n/a	n/a	n/a	n/a	n/a	shoo	344.9301296	258	true	344.7512216	345.3607518
344.9301296	0.0	cv_transition	/intervals/trials	258	cv_transition_time	n/a	n/a	n/a	n/a	n/a	n/a	n/a	n/a	n/a	shoo	344.9301296	258	true	344.7512216	345.3607518
345.932547	0.5561513999999761	trials	/intervals/trials	259	start_time	n/a	n/a	n/a	n/a	n/a	n/a	n/a	n/a	n/a	zee	346.1380914	259	true	345.932547	346.4886984
346.1380914	0.0	cv_transition	/intervals/trials	259	cv_transition_time	n/a	n/a	n/a	n/a	n/a	n/a	n/a	n/a	n/a	zee	346.1380914	259	true	345.932547	346.4886984
346.811105	0.4146403000000305	trials	/intervals/trials	260	start_time	n/a	n/a	n/a	n/a	n/a	n/a	n/a	n/a	n/a	daa	346.8260955	260	true	346.811105	347.2257453
346.8260955	0.0	cv_transition	/intervals/trials	260	cv_transition_time	n/a	n/a	n/a	n/a	n/a	n/a	n/a	n/a	n/a	daa	346.8260955	260	true	346.811105	347.2257453
347.7571419	0.4230751999999711	trials	/intervals/trials	261	start_time	n/a	n/a	n/a	n/a	n/a	n/a	n/a	n/a	n/a	voo	347.7956185	261	true	347.7571419	348.1802171
347.7956185	0.0	cv_transition	/intervals/trials	261	cv_transition_time	n/a	n/a	n/a	n/a	n/a	n/a	n/a	n/a	n/a	voo	347.7956185	261	true	347.7571419	348.1802171
348.4630071	0.5322844999999461	trials	/intervals/trials	262	start_time	n/a	n/a	n/a	n/a	n/a	n/a	n/a	n/a	n/a	noo	348.5502186	262	true	348.4630071	348.9952916
348.5502186	0.0	cv_transition	/intervals/trials	262	cv_transition_time	n/a	n/a	n/a	n/a	n/a	n/a	n/a	n/a	n/a	noo	348.5502186	262	true	348.4630071	348.9952916
349.8911155	0.5088612999999782	trials	/intervals/trials	263	start_time	n/a	n/a	n/a	n/a	n/a	n/a	n/a	n/a	n/a	vaa	349.9574887	263	true	349.8911155	350.3999768
349.9574887	0.0	cv_transition	/intervals/trials	263	cv_transition_time	n/a	n/a	n/a	n/a	n/a	n/a	n/a	n/a	n/a	vaa	349.9574887	263	true	349.8911155	350.3999768
350.5890376	0.42963230000003705	trials	/intervals/trials	264	start_time	n/a	n/a	n/a	n/a	n/a	n/a	n/a	n/a	n/a	raa	350.6330732	264	true	350.5890376	351.0186699
350.6330732	0.0	cv_transition	/intervals/trials	264	cv_transition_time	n/a	n/a	n/a	n/a	n/a	n/a	n/a	n/a	n/a	raa	350.6330732	264	true	350.5890376	351.0186699
351.1909242	0.504910499999994	trials	/intervals/trials	265	start_time	n/a	n/a	n/a	n/a	n/a	n/a	n/a	n/a	n/a	shaa	351.3371033	265	true	351.1909242	351.6958347
351.3371033	0.0	cv_transition	/intervals/trials	265	cv_transition_time	n/a	n/a	n/a	n/a	n/a	n/a	n/a	n/a	n/a	shaa	351.3371033	265	true	351.1909242	351.6958347
352.1894426	0.5029844999999682	trials	/intervals/trials	266	start_time	n/a	n/a	n/a	n/a	n/a	n/a	n/a	n/a	n/a	thaa	352.2569216	266	true	352.1894426	352.6924271
352.2569216	0.0	cv_transition	/intervals/trials	266	cv_transition_time	n/a	n/a	n/a	n/a	n/a	n/a	n/a	n/a	n/a	thaa	352.2569216	266	true	352.1894426	352.6924271
353.1496857	0.4306739999999536	trials	/intervals/trials	267	start_time	n/a	n/a	n/a	n/a	n/a	n/a	n/a	n/a	n/a	woo	353.2074055	267	true	353.1496857	353.5803597
353.2074055	0.0	cv_transition	/intervals/trials	267	cv_transition_time	n/a	n/a	n/a	n/a	n/a	n/a	n/a	n/a	n/a	woo	353.2074055	267	true	353.1496857	353.5803597
354.3934316	0.44011750000004213	trials	/intervals/trials	268	start_time	n/a	n/a	n/a	n/a	n/a	n/a	n/a	n/a	n/a	hoo	354.4582244	268	true	354.3934316	354.8335491
354.4582244	0.0	cv_transition	/intervals/trials	268	cv_transition_time	n/a	n/a	n/a	n/a	n/a	n/a	n/a	n/a	n/a	hoo	354.4582244	268	true	354.3934316	354.8335491
355.7793674	0.34213809999999967	trials	/intervals/trials	269	start_time	n/a	n/a	n/a	n/a	n/a	n/a	n/a	n/a	n/a	bee	355.8007016	269	true	355.7793674	356.1215055
355.8007016	0.0	cv_transition	/intervals/trials	269	cv_transition_time	n/a	n/a	n/a	n/a	n/a	n/a	n/a	n/a	n/a	bee	355.8007016	269	true	355.7793674	356.1215055
356.4557097	0.31297790000002124	trials	/intervals/trials	270	start_time	n/a	n/a	n/a	n/a	n/a	n/a	n/a	n/a	n/a	tee	356.549825	270	true	356.4557097	356.7686876
356.549825	0.0	cv_transition	/intervals/trials	270	cv_transition_time	n/a	n/a	n/a	n/a	n/a	n/a	n/a	n/a	n/a	tee	356.549825	270	true	356.4557097	356.7686876
361.1983182	0.5110401999999681	trials	/intervals/trials	271	start_time	n/a	n/a	n/a	n/a	n/a	n/a	n/a	n/a	n/a	zee	361.3573785	271	true	361.1983182	361.7093584
361.3573785	0.0	cv_transition	/intervals/trials	271	cv_transition_time	n/a	n/a	n/a	n/a	n/a	n/a	n/a	n/a	n/a	zee	361.3573785	271	true	361.1983182	361.7093584
361.9432242	0.46458200000000716	trials	/intervals/trials	272	start_time	n/a	n/a	n/a	n/a	n/a	n/a	n/a	n/a	n/a	poo	362.0290538	272	true	361.9432242	362.4078062
362.0290538	0.0	cv_transition	/intervals/trials	272	cv_transition_time	n/a	n/a	n/a	n/a	n/a	n/a	n/a	n/a	n/a	poo	362.0290538	272	true	361.9432242	362.4078062
362.6936423	0.5504114999999956	trials	/intervals/trials	273	start_time	n/a	n/a	n/a	n/a	n/a	n/a	n/a	n/a	n/a	shoo	362.8786876	273	true	362.6936423	363.2440538
362.8786876	0.0	cv_transition	/intervals/trials	273	cv_transition_time	n/a	n/a	n/a	n/a	n/a	n/a	n/a	n/a	n/a	shoo	362.8786876	273	true	362.6936423	363.2440538
364.192116	0.39607580000000553	trials	/intervals/trials	274	start_time	n/a	n/a	n/a	n/a	n/a	n/a	n/a	n/a	n/a	hoo	364.2319806	274	true	364.192116	364.5881918
364.2319806	0.0	cv_transition	/intervals/trials	274	cv_transition_time	n/a	n/a	n/a	n/a	n/a	n/a	n/a	n/a	n/a	hoo	364.2319806	274	true	364.192116	364.5881918
365.8812871	0.44267559999997275	trials	/intervals/trials	275	start_time	n/a	n/a	n/a	n/a	n/a	n/a	n/a	n/a	n/a	faa	365.9514036	275	true	365.8812871	366.3239627
365.9514036	0.0	cv_transition	/intervals/trials	275	cv_transition_time	n/a	n/a	n/a	n/a	n/a	n/a	n/a	n/a	n/a	faa	365.9514036	275	true	365.8812871	366.3239627
369.6592223	0.4321918999999639	trials	/intervals/trials	276	start_time	n/a	n/a	n/a	n/a	n/a	n/a	n/a	n/a	n/a	hee	369.7285159	276	true	369.6592223	370.0914142
369.7285159	0.0	cv_transition	/intervals/trials	276	cv_transition_time	n/a	n/a	n/a	n/a	n/a	n/a	n/a	n/a	n/a	hee	369.7285159	276	true	369.6592223	370.0914142
370.3844426	0.42599810000001526	trials	/intervals/trials	277	start_time	n/a	n/a	n/a	n/a	n/a	n/a	n/a	n/a	n/a	kaa	370.4608231	277	true	370.3844426	370.8104407
370.4608231	0.0	cv_transition	/intervals/trials	277	cv_transition_time	n/a	n/a	n/a	n/a	n/a	n/a	n/a	n/a	n/a	kaa	370.4608231	277	true	370.3844426	370.8104407
371.1159517	0.41970930000002227	trials	/intervals/trials	278	start_time	n/a	n/a	n/a	n/a	n/a	n/a	n/a	n/a	n/a	wee	371.1431611	278	true	371.1159517	371.535661
371.1431611	0.0	cv_transition	/intervals/trials	278	cv_transition_time	n/a	n/a	n/a	n/a	n/a	n/a	n/a	n/a	n/a	wee	371.1431611	278	true	371.1159517	371.535661
371.8718924	0.5968698000000359	trials	/intervals/trials	279	start_time	n/a	n/a	n/a	n/a	n/a	n/a	n/a	n/a	n/a	see	372.1081205	279	true	371.8718924	372.4687622
372.1081205	0.0	cv_transition	/intervals/trials	279	cv_transition_time	n/a	n/a	n/a	n/a	n/a	n/a	n/a	n/a	n/a	see	372.1081205	279	true	371.8718924	372.4687622
372.9246824	0.5149774000000207	trials	/intervals/trials	280	start_time	n/a	n/a	n/a	n/a	n/a	n/a	n/a	n/a	n/a	shee	373.0766559	280	true	372.9246824	373.4396598
373.0766559	0.0	cv_transition	/intervals/trials	280	cv_transition_time	n/a	n/a	n/a	n/a	n/a	n/a	n/a	n/a	n/a	shee	373.0766559	280	true	372.9246824	373.4396598
373.8274703	0.41128009999999904	trials	/intervals/trials	281	start_time	n/a	n/a	n/a	n/a	n/a	n/a	n/a	n/a	n/a	vaa	373.8661913	281	true	373.8274703	374.2387504
373.8661913	0.0	cv_transition	/intervals/trials	281	cv_transition_time	n/a	n/a	n/a	n/a	n/a	n/a	n/a	n/a	n/a	vaa	373.8661913	281	true	373.8274703	374.2387504
374.5537512	0.31981329999996433	trials	/intervals/trials	282	start_time	n/a	n/a	n/a	n/a	n/a	n/a	n/a	n/a	n/a	boo	374.5688302	282	true	374.5537512	374.8735645
374.5688302	0.0	cv_transition	/intervals/trials	282	cv_transition_time	n/a	n/a	n/a	n/a	n/a	n/a	n/a	n/a	n/a	boo	374.5688302	282	true	374.5537512	374.8735645
375.2057297	0.399354599999981	trials	/intervals/trials	283	start_time	n/a	n/a	n/a	n/a	n/a	n/a	n/a	n/a	n/a	maa	375.2423577	283	true	375.2057297	375.6050843
375.2423577	0.0	cv_transition	/intervals/trials	283	cv_transition_time	n/a	n/a	n/a	n/a	n/a	n/a	n/a	n/a	n/a	maa	375.2423577	283	true	375.2057297	375.6050843
376.1946857	0.44114060000003974	trials	/intervals/trials	284	start_time	n/a	n/a	n/a	n/a	n/a	n/a	n/a	n/a	n/a	ree	376.2218951	284	true	376.1946857	376.6358263
376.2218951	0.0	cv_transition	/intervals/trials	284	cv_transition_time	n/a	n/a	n/a	n/a	n/a	n/a	n/a	n/a	n/a	ree	376.2218951	284	true	376.1946857	376.6358263
376.8563059	0.5110402000000249	trials	/intervals/trials	285	start_time	n/a	n/a	n/a	n/a	n/a	n/a	n/a	n/a	n/a	shaa	377.0098542	285	true	376.8563059	377.3673461
377.0098542	0.0	cv_transition	/intervals/trials	285	cv_transition_time	n/a	n/a	n/a	n/a	n/a	n/a	n/a	n/a	n/a	shaa	377.0098542	285	true	376.8563059	377.3673461
377.7996436	0.3290004999999496	trials	/intervals/trials	286	start_time	n/a	n/a	n/a	n/a	n/a	n/a	n/a	n/a	n/a	doo	377.8303876	286	true	377.7996436	378.1286441
377.8303876	0.0	cv_transition	/intervals/trials	286	cv_transition_time	n/a	n/a	n/a	n/a	n/a	n/a	n/a	n/a	n/a	doo	377.8303876	286	true	377.7996436	378.1286441
378.4007379	0.36586609999994835	trials	/intervals/trials	287	start_time	n/a	n/a	n/a	n/a	n/a	n/a	n/a	n/a	n/a	lee	378.4582961	287	true	378.4007379	378.766604
378.4582961	0.0	cv_transition	/intervals/trials	287	cv_transition_time	n/a	n/a	n/a	n/a	n/a	n/a	n/a	n/a	n/a	lee	378.4582961	287	true	378.4007379	378.766604
379.4670901	0.4003304999999955	trials	/intervals/trials	288	start_time	n/a	n/a	n/a	n/a	n/a	n/a	n/a	n/a	n/a	gee	379.5108085	288	true	379.4670901	379.8674206
379.5108085	0.0	cv_transition	/intervals/trials	288	cv_transition_time	n/a	n/a	n/a	n/a	n/a	n/a	n/a	n/a	n/a	gee	379.5108085	288	true	379.4670901	379.8674206
380.3776034	0.46465230000001156	trials	/intervals/trials	289	start_time	n/a	n/a	n/a	n/a	n/a	n/a	n/a	n/a	n/a	vee	380.42365	289	true	380.3776034	380.8422557
380.42365	0.0	cv_transition	/intervals/trials	289	cv_transition_time	n/a	n/a	n/a	n/a	n/a	n/a	n/a	n/a	n/a	vee	380.42365	289	true	380.3776034	380.8422557
381.9012297	0.5072781000000077	trials	/intervals/trials	290	start_time	n/a	n/a	n/a	n/a	n/a	n/a	n/a	n/a	n/a	soo	382.0583054	290	true	381.9012297	382.4085078
382.0583054	0.0	cv_transition	/intervals/trials	290	cv_transition_time	n/a	n/a	n/a	n/a	n/a	n/a	n/a	n/a	n/a	soo	382.0583054	290	true	381.9012297	382.4085078
383.335627	0.4151441999999861	trials	/intervals/trials	291	start_time	n/a	n/a	n/a	n/a	n/a	n/a	n/a	n/a	n/a	taa	383.4049984	291	true	383.335627	383.7507712
383.4049984	0.0	cv_transition	/intervals/trials	291	cv_transition_time	n/a	n/a	n/a	n/a	n/a	n/a	n/a	n/a	n/a	taa	383.4049984	291	true	383.335627	383.7507712
384.3522647	0.3589545000000385	trials	/intervals/trials	292	start_time	n/a	n/a	n/a	n/a	n/a	n/a	n/a	n/a	n/a	bee	384.3679625	292	true	384.3522647	384.7112192
384.3679625	0.0	cv_transition	/intervals/trials	292	cv_transition_time	n/a	n/a	n/a	n/a	n/a	n/a	n/a	n/a	n/a	bee	384.3679625	292	true	384.3522647	384.7112192
385.0973829	0.4588501000000065	trials	/intervals/trials	293	start_time	n/a	n/a	n/a	n/a	n/a	n/a	n/a	n/a	n/a	raa	385.1277319	293	true	385.0973829	385.556233
385.1277319	0.0	cv_transition	/intervals/trials	293	cv_transition_time	n/a	n/a	n/a	n/a	n/a	n/a	n/a	n/a	n/a	raa	385.1277319	293	true	385.0973829	385.556233
386.0654087	0.4753917000000456	trials	/intervals/trials	294	start_time	n/a	n/a	n/a	n/a	n/a	n/a	n/a	n/a	n/a	gaa	386.1020367	294	true	386.0654087	386.5408004
386.1020367	0.0	cv_transition	/intervals/trials	294	cv_transition_time	n/a	n/a	n/a	n/a	n/a	n/a	n/a	n/a	n/a	gaa	386.1020367	294	true	386.0654087	386.5408004
386.994966	0.40864060000001245	trials	/intervals/trials	295	start_time	n/a	n/a	n/a	n/a	n/a	n/a	n/a	n/a	n/a	fee	387.0658764	295	true	386.994966	387.4036066
387.0658764	0.0	cv_transition	/intervals/trials	295	cv_transition_time	n/a	n/a	n/a	n/a	n/a	n/a	n/a	n/a	n/a	fee	387.0658764	295	true	386.994966	387.4036066
387.8617466	0.4426037000000065	trials	/intervals/trials	296	start_time	n/a	n/a	n/a	n/a	n/a	n/a	n/a	n/a	n/a	thaa	387.9195561	296	true	387.8617466	388.3043503
387.9195561	0.0	cv_transition	/intervals/trials	296	cv_transition_time	n/a	n/a	n/a	n/a	n/a	n/a	n/a	n/a	n/a	thaa	387.9195561	296	true	387.8617466	388.3043503
389.016579	0.403132600000049	trials	/intervals/trials	297	start_time	n/a	n/a	n/a	n/a	n/a	n/a	n/a	n/a	n/a	waa	389.0448349	297	true	389.016579	389.4197116
389.0448349	0.0	cv_transition	/intervals/trials	297	cv_transition_time	n/a	n/a	n/a	n/a	n/a	n/a	n/a	n/a	n/a	waa	389.0448349	297	true	389.016579	389.4197116
390.111233	0.34218399999997473	trials	/intervals/trials	298	start_time	n/a	n/a	n/a	n/a	n/a	n/a	n/a	n/a	n/a	voo	390.145768	298	true	390.111233	390.453417
390.145768	0.0	cv_transition	/intervals/trials	298	cv_transition_time	n/a	n/a	n/a	n/a	n/a	n/a	n/a	n/a	n/a	voo	390.145768	298	true	390.111233	390.453417
391.3000733	0.40636380000000827	trials	/intervals/trials	299	start_time	n/a	n/a	n/a	n/a	n/a	n/a	n/a	n/a	n/a	roo	391.317864	299	true	391.3000733	391.7064371
391.317864	0.0	cv_transition	/intervals/trials	299	cv_transition_time	n/a	n/a	n/a	n/a	n/a	n/a	n/a	n/a	n/a	roo	391.317864	299	true	391.3000733	391.7064371
392.1498429	0.44505340000000615	trials	/intervals/trials	300	start_time	n/a	n/a	n/a	n/a	n/a	n/a	n/a	n/a	n/a	naa	392.2168198	300	true	392.1498429	392.5948963
392.2168198	0.0	cv_transition	/intervals/trials	300	cv_transition_time	n/a	n/a	n/a	n/a	n/a	n/a	n/a	n/a	n/a	naa	392.2168198	300	true	392.1498429	392.5948963
392.9385013	0.5058328000000074	trials	/intervals/trials	301	start_time	n/a	n/a	n/a	n/a	n/a	n/a	n/a	n/a	n/a	shaa	393.1144588	301	true	392.9385013	393.4443341
393.1144588	0.0	cv_transition	/intervals/trials	301	cv_transition_time	n/a	n/a	n/a	n/a	n/a	n/a	n/a	n/a	n/a	shaa	393.1144588	301	true	392.9385013	393.4443341
394.0979423	0.3970787999999743	trials	/intervals/trials	302	start_time	n/a	n/a	n/a	n/a	n/a	n/a	n/a	n/a	n/a	saa	394.1954958	302	true	394.0979423	394.4950211
394.1954958	0.0	cv_transition	/intervals/trials	302	cv_transition_time	n/a	n/a	n/a	n/a	n/a	n/a	n/a	n/a	n/a	saa	394.1954958	302	true	394.0979423	394.4950211
395.5280039	0.35336030000001983	trials	/intervals/trials	303	start_time	n/a	n/a	n/a	n/a	n/a	n/a	n/a	n/a	n/a	daa	395.5579925	303	true	395.5280039	395.8813642
395.5579925	0.0	cv_transition	/intervals/trials	303	cv_transition_time	n/a	n/a	n/a	n/a	n/a	n/a	n/a	n/a	n/a	daa	395.5579925	303	true	395.5280039	395.8813642
396.2814814	0.4227917999999704	trials	/intervals/trials	304	start_time	n/a	n/a	n/a	n/a	n/a	n/a	n/a	n/a	n/a	paa	396.347453	304	true	396.2814814	396.7042732
396.347453	0.0	cv_transition	/intervals/trials	304	cv_transition_time	n/a	n/a	n/a	n/a	n/a	n/a	n/a	n/a	n/a	paa	396.347453	304	true	396.2814814	396.7042732
397.2945072	0.5119121000000177	trials	/intervals/trials	305	start_time	n/a	n/a	n/a	n/a	n/a	n/a	n/a	n/a	n/a	nee	397.4870659	305	true	397.2945072	397.8064193
397.4870659	0.0	cv_transition	/intervals/trials	305	cv_transition_time	n/a	n/a	n/a	n/a	n/a	n/a	n/a	n/a	n/a	nee	397.4870659	305	true	397.2945072	397.8064193
398.1495094	0.3791668999999729	trials	/intervals/trials	306	start_time	n/a	n/a	n/a	n/a	n/a	n/a	n/a	n/a	n/a	laa	398.2175329	306	true	398.1495094	398.5286763
398.2175329	0.0	cv_transition	/intervals/trials	306	cv_transition_time	n/a	n/a	n/a	n/a	n/a	n/a	n/a	n/a	n/a	laa	398.2175329	306	true	398.1495094	398.5286763
399.1510236	0.4193069000000378	trials	/intervals/trials	307	start_time	n/a	n/a	n/a	n/a	n/a	n/a	n/a	n/a	n/a	baa	399.1625353	307	true	399.1510236	399.5703305
399.1625353	0.0	cv_transition	/intervals/trials	307	cv_transition_time	n/a	n/a	n/a	n/a	n/a	n/a	n/a	n/a	n/a	baa	399.1625353	307	true	399.1510236	399.5703305
399.8517903	0.43320970000002035	trials	/intervals/trials	308	start_time	n/a	n/a	n/a	n/a	n/a	n/a	n/a	n/a	n/a	mee	399.9504277	308	true	399.8517903	400.285
399.9504277	0.0	cv_transition	/intervals/trials	308	cv_transition_time	n/a	n/a	n/a	n/a	n/a	n/a	n/a	n/a	n/a	mee	399.9504277	308	true	399.8517903	400.285
400.4717247	0.500124000000028	trials	/intervals/trials	309	start_time	n/a	n/a	n/a	n/a	n/a	n/a	n/a	n/a	n/a	moo	400.5575389	309	true	400.4717247	400.9718487
400.5575389	0.0	cv_transition	/intervals/trials	309	cv_transition_time	n/a	n/a	n/a	n/a	n/a	n/a	n/a	n/a	n/a	moo	400.5575389	309	true	400.4717247	400.9718487
401.3487037	0.4512655000000336	trials	/intervals/trials	310	start_time	n/a	n/a	n/a	n/a	n/a	n/a	n/a	n/a	n/a	woo	401.408355	310	true	401.3487037	401.7999692
401.408355	0.0	cv_transition	/intervals/trials	310	cv_transition_time	n/a	n/a	n/a	n/a	n/a	n/a	n/a	n/a	n/a	woo	401.408355	310	true	401.3487037	401.7999692
402.2429342	0.447300700000028	trials	/intervals/trials	311	start_time	n/a	n/a	n/a	n/a	n/a	n/a	n/a	n/a	n/a	foo	402.3332615	311	true	402.2429342	402.6902349
402.3332615	0.0	cv_transition	/intervals/trials	311	cv_transition_time	n/a	n/a	n/a	n/a	n/a	n/a	n/a	n/a	n/a	foo	402.3332615	311	true	402.2429342	402.6902349
403.1895642	0.4725922999999739	trials	/intervals/trials	312	start_time	n/a	n/a	n/a	n/a	n/a	n/a	n/a	n/a	n/a	zoo	403.2994021	312	true	403.1895642	403.6621565
403.2994021	0.0	cv_transition	/intervals/trials	312	cv_transition_time	n/a	n/a	n/a	n/a	n/a	n/a	n/a	n/a	n/a	zoo	403.2994021	312	true	403.1895642	403.6621565
404.1235483	0.4357388000000242	trials	/intervals/trials	313	start_time	n/a	n/a	n/a	n/a	n/a	n/a	n/a	n/a	n/a	too	404.1965327	313	true	404.1235483	404.5592871
404.1965327	0.0	cv_transition	/intervals/trials	313	cv_transition_time	n/a	n/a	n/a	n/a	n/a	n/a	n/a	n/a	n/a	too	404.1965327	313	true	404.1235483	404.5592871
405.1611553	0.47121989999999414	trials	/intervals/trials	314	start_time	n/a	n/a	n/a	n/a	n/a	n/a	n/a	n/a	n/a	yaa	405.1904577	314	true	405.1611553	405.6323752
405.1904577	0.0	cv_transition	/intervals/trials	314	cv_transition_time	n/a	n/a	n/a	n/a	n/a	n/a	n/a	n/a	n/a	yaa	405.1904577	314	true	405.1611553	405.6323752
406.2747829	0.4328482999999892	trials	/intervals/trials	315	start_time	n/a	n/a	n/a	n/a	n/a	n/a	n/a	n/a	n/a	tee	406.3455995	315	true	406.2747829	406.7076312
406.3455995	0.0	cv_transition	/intervals/trials	315	cv_transition_time	n/a	n/a	n/a	n/a	n/a	n/a	n/a	n/a	n/a	tee	406.3455995	315	true	406.2747829	406.7076312
408.4249336	0.5126976000000241	trials	/intervals/trials	316	start_time	n/a	n/a	n/a	n/a	n/a	n/a	n/a	n/a	n/a	yoo	408.4765127	316	true	408.4249336	408.9376312
408.4765127	0.0	cv_transition	/intervals/trials	316	cv_transition_time	n/a	n/a	n/a	n/a	n/a	n/a	n/a	n/a	n/a	yoo	408.4765127	316	true	408.4249336	408.9376312
410.9107049	0.48708030000000235	trials	/intervals/trials	317	start_time	n/a	n/a	n/a	n/a	n/a	n/a	n/a	n/a	n/a	haa	411.0488448	317	true	410.9107049	411.3977852
411.0488448	0.0	cv_transition	/intervals/trials	317	cv_transition_time	n/a	n/a	n/a	n/a	n/a	n/a	n/a	n/a	n/a	haa	411.0488448	317	true	410.9107049	411.3977852
413.2397391	0.40249840000001313	trials	/intervals/trials	318	start_time	n/a	n/a	n/a	n/a	n/a	n/a	n/a	n/a	n/a	kee	413.3127236	318	true	413.2397391	413.6422375
413.3127236	0.0	cv_transition	/intervals/trials	318	cv_transition_time	n/a	n/a	n/a	n/a	n/a	n/a	n/a	n/a	n/a	kee	413.3127236	318	true	413.2397391	413.6422375
414.8869475	0.2736520999999925	trials	/intervals/trials	319	start_time	n/a	n/a	n/a	n/a	n/a	n/a	n/a	n/a	n/a	koo	414.9480087	319	true	414.8869475	415.1605996
414.9480087	0.0	cv_transition	/intervals/trials	319	cv_transition_time	n/a	n/a	n/a	n/a	n/a	n/a	n/a	n/a	n/a	koo	414.9480087	319	true	414.8869475	415.1605996
417.1584981	0.3945495000000392	trials	/intervals/trials	320	start_time	n/a	n/a	n/a	n/a	n/a	n/a	n/a	n/a	n/a	koo	417.234373	320	true	417.1584981	417.5530476
417.234373	0.0	cv_transition	/intervals/trials	320	cv_transition_time	n/a	n/a	n/a	n/a	n/a	n/a	n/a	n/a	n/a	koo	417.234373	320	true	417.1584981	417.5530476
418.4494556	0.3858781999999792	trials	/intervals/trials	321	start_time	n/a	n/a	n/a	n/a	n/a	n/a	n/a	n/a	n/a	pee	418.5116008	321	true	418.4494556	418.8353338
418.5116008	0.0	cv_transition	/intervals/trials	321	cv_transition_time	n/a	n/a	n/a	n/a	n/a	n/a	n/a	n/a	n/a	pee	418.5116008	321	true	418.4494556	418.8353338
419.945263	0.2760526000000141	trials	/intervals/trials	322	start_time	n/a	n/a	n/a	n/a	n/a	n/a	n/a	n/a	n/a	koo	420.0168146	322	true	419.945263	420.2213156
420.0168146	0.0	cv_transition	/intervals/trials	322	cv_transition_time	n/a	n/a	n/a	n/a	n/a	n/a	n/a	n/a	n/a	koo	420.0168146	322	true	419.945263	420.2213156
421.1737265	0.3590987000000041	trials	/intervals/trials	323	start_time	n/a	n/a	n/a	n/a	n/a	n/a	n/a	n/a	n/a	kee	421.2311747	323	true	421.1737265	421.5328252
421.2311747	0.0	cv_transition	/intervals/trials	323	cv_transition_time	n/a	n/a	n/a	n/a	n/a	n/a	n/a	n/a	n/a	kee	421.2311747	323	true	421.1737265	421.5328252
422.018106	0.3862394000000222	trials	/intervals/trials	324	start_time	n/a	n/a	n/a	n/a	n/a	n/a	n/a	n/a	n/a	pee	422.0397845	324	true	422.018106	422.4043454
422.0397845	0.0	cv_transition	/intervals/trials	324	cv_transition_time	n/a	n/a	n/a	n/a	n/a	n/a	n/a	n/a	n/a	pee	422.0397845	324	true	422.018106	422.4043454
422.928605	0.4671726999999919	trials	/intervals/trials	325	start_time	n/a	n/a	n/a	n/a	n/a	n/a	n/a	n/a	n/a	yee	422.9456195	325	true	422.928605	423.3957777
422.9456195	0.0	cv_transition	/intervals/trials	325	cv_transition_time	n/a	n/a	n/a	n/a	n/a	n/a	n/a	n/a	n/a	yee	422.9456195	325	true	422.928605	423.3957777
423.9525551	0.44802329999998847	trials	/intervals/trials	326	start_time	n/a	n/a	n/a	n/a	n/a	n/a	n/a	n/a	n/a	loo	423.9963199	326	true	423.9525551	424.4005784
423.9963199	0.0	cv_transition	/intervals/trials	326	cv_transition_time	n/a	n/a	n/a	n/a	n/a	n/a	n/a	n/a	n/a	loo	423.9963199	326	true	423.9525551	424.4005784
425.50221	0.3685353000000191	trials	/intervals/trials	327	start_time	n/a	n/a	n/a	n/a	n/a	n/a	n/a	n/a	n/a	goo	425.5305099	327	true	425.50221	425.8707453
425.5305099	0.0	cv_transition	/intervals/trials	327	cv_transition_time	n/a	n/a	n/a	n/a	n/a	n/a	n/a	n/a	n/a	goo	425.5305099	327	true	425.50221	425.8707453
430.9894119	0.43971320000002834	trials	/intervals/trials	328	start_time	n/a	n/a	n/a	n/a	n/a	n/a	n/a	n/a	n/a	mee	431.116954	328	true	430.9894119	431.4291251
431.116954	0.0	cv_transition	/intervals/trials	328	cv_transition_time	n/a	n/a	n/a	n/a	n/a	n/a	n/a	n/a	n/a	mee	431.116954	328	true	430.9894119	431.4291251
432.0220334	0.528956600000015	trials	/intervals/trials	329	start_time	n/a	n/a	n/a	n/a	n/a	n/a	n/a	n/a	n/a	wee	432.1266896	329	true	432.0220334	432.55099
432.1266896	0.0	cv_transition	/intervals/trials	329	cv_transition_time	n/a	n/a	n/a	n/a	n/a	n/a	n/a	n/a	n/a	wee	432.1266896	329	true	432.0220334	432.55099
436.6048992	0.5226383000000396	trials	/intervals/trials	330	start_time	n/a	n/a	n/a	n/a	n/a	n/a	n/a	n/a	n/a	kee	436.7112695	330	true	436.6048992	437.1275375
436.7112695	0.0	cv_transition	/intervals/trials	330	cv_transition_time	n/a	n/a	n/a	n/a	n/a	n/a	n/a	n/a	n/a	kee	436.7112695	330	true	436.6048992	437.1275375
437.7799979	0.7328663999999776	trials	/intervals/trials	331	start_time	n/a	n/a	n/a	n/a	n/a	n/a	n/a	n/a	n/a	see	438.0312664	331	true	437.7799979	438.5128643
438.0312664	0.0	cv_transition	/intervals/trials	331	cv_transition_time	n/a	n/a	n/a	n/a	n/a	n/a	n/a	n/a	n/a	see	438.0312664	331	true	437.7799979	438.5128643
439.6628362	0.5326890999999705	trials	/intervals/trials	332	start_time	n/a	n/a	n/a	n/a	n/a	n/a	n/a	n/a	n/a	zoo	439.8655261	332	true	439.6628362	440.1955253
439.8655261	0.0	cv_transition	/intervals/trials	332	cv_transition_time	n/a	n/a	n/a	n/a	n/a	n/a	n/a	n/a	n/a	zoo	439.8655261	332	true	439.6628362	440.1955253
441.151183	0.5125876000000176	trials	/intervals/trials	333	start_time	n/a	n/a	n/a	n/a	n/a	n/a	n/a	n/a	n/a	pee	441.2081372	333	true	441.151183	441.6637706
441.2081372	0.0	cv_transition	/intervals/trials	333	cv_transition_time	n/a	n/a	n/a	n/a	n/a	n/a	n/a	n/a	n/a	pee	441.2081372	333	true	441.151183	441.6637706
442.5742	0.4296690999999555	trials	/intervals/trials	334	start_time	n/a	n/a	n/a	n/a	n/a	n/a	n/a	n/a	n/a	baa	442.5845071	334	true	442.5742	443.0038691
442.5845071	0.0	cv_transition	/intervals/trials	334	cv_transition_time	n/a	n/a	n/a	n/a	n/a	n/a	n/a	n/a	n/a	baa	442.5845071	334	true	442.5742	443.0038691
444.2683486	0.4818361999999752	trials	/intervals/trials	335	start_time	n/a	n/a	n/a	n/a	n/a	n/a	n/a	n/a	n/a	thoo	444.3221909	335	true	444.2683486	444.7501848
444.3221909	0.0	cv_transition	/intervals/trials	335	cv_transition_time	n/a	n/a	n/a	n/a	n/a	n/a	n/a	n/a	n/a	thoo	444.3221909	335	true	444.2683486	444.7501848
445.7784688	0.45314070000000584	trials	/intervals/trials	336	start_time	n/a	n/a	n/a	n/a	n/a	n/a	n/a	n/a	n/a	hoo	445.8119572	336	true	445.7784688	446.2316095
445.8119572	0.0	cv_transition	/intervals/trials	336	cv_transition_time	n/a	n/a	n/a	n/a	n/a	n/a	n/a	n/a	n/a	hoo	445.8119572	336	true	445.7784688	446.2316095
447.4455661	0.39453589999999394	trials	/intervals/trials	337	start_time	n/a	n/a	n/a	n/a	n/a	n/a	n/a	n/a	n/a	goo	447.4685894	337	true	447.4455661	447.840102
447.4685894	0.0	cv_transition	/intervals/trials	337	cv_transition_time	n/a	n/a	n/a	n/a	n/a	n/a	n/a	n/a	n/a	goo	447.4685894	337	true	447.4455661	447.840102
448.8357772	0.6180497999999943	trials	/intervals/trials	338	start_time	n/a	n/a	n/a	n/a	n/a	n/a	n/a	n/a	n/a	shoo	449.0465886	338	true	448.8357772	449.453827
449.0465886	0.0	cv_transition	/intervals/trials	338	cv_transition_time	n/a	n/a	n/a	n/a	n/a	n/a	n/a	n/a	n/a	shoo	449.0465886	338	true	448.8357772	449.453827
450.507667	0.5083125999999538	trials	/intervals/trials	339	start_time	n/a	n/a	n/a	n/a	n/a	n/a	n/a	n/a	n/a	roo	450.5673183	339	true	450.507667	451.0159796
450.5673183	0.0	cv_transition	/intervals/trials	339	cv_transition_time	n/a	n/a	n/a	n/a	n/a	n/a	n/a	n/a	n/a	roo	450.5673183	339	true	450.507667	451.0159796
452.2249969	0.529536300000018	trials	/intervals/trials	340	start_time	n/a	n/a	n/a	n/a	n/a	n/a	n/a	n/a	n/a	yee	452.2804622	340	true	452.2249969	452.7545332
452.2804622	0.0	cv_transition	/intervals/trials	340	cv_transition_time	n/a	n/a	n/a	n/a	n/a	n/a	n/a	n/a	n/a	yee	452.2804622	340	true	452.2249969	452.7545332
453.642642	0.5906355999999846	trials	/intervals/trials	341	start_time	n/a	n/a	n/a	n/a	n/a	n/a	n/a	n/a	n/a	zaa	453.7895358	341	true	453.642642	454.2332776
453.7895358	0.0	cv_transition	/intervals/trials	341	cv_transition_time	n/a	n/a	n/a	n/a	n/a	n/a	n/a	n/a	n/a	zaa	453.7895358	341	true	453.642642	454.2332776
455.1123299	0.48970769999999675	trials	/intervals/trials	342	start_time	n/a	n/a	n/a	n/a	n/a	n/a	n/a	n/a	n/a	laa	455.15733	342	true	455.1123299	455.6020376
455.15733	0.0	cv_transition	/intervals/trials	342	cv_transition_time	n/a	n/a	n/a	n/a	n/a	n/a	n/a	n/a	n/a	laa	455.15733	342	true	455.1123299	455.6020376
456.4591939	0.447996900000021	trials	/intervals/trials	343	start_time	n/a	n/a	n/a	n/a	n/a	n/a	n/a	n/a	n/a	voo	456.4926823	343	true	456.4591939	456.9071908
456.4926823	0.0	cv_transition	/intervals/trials	343	cv_transition_time	n/a	n/a	n/a	n/a	n/a	n/a	n/a	n/a	n/a	voo	456.4926823	343	true	456.4591939	456.9071908
458.9853193	0.4228344999999649	trials	/intervals/trials	344	start_time	n/a	n/a	n/a	n/a	n/a	n/a	n/a	n/a	n/a	poo	459.0598302	344	true	458.9853193	459.4081538
459.0598302	0.0	cv_transition	/intervals/trials	344	cv_transition_time	n/a	n/a	n/a	n/a	n/a	n/a	n/a	n/a	n/a	poo	459.0598302	344	true	458.9853193	459.4081538
460.384669	0.45857770000003484	trials	/intervals/trials	345	start_time	n/a	n/a	n/a	n/a	n/a	n/a	n/a	n/a	n/a	loo	460.4422273	345	true	460.384669	460.8432467
460.4422273	0.0	cv_transition	/intervals/trials	345	cv_transition_time	n/a	n/a	n/a	n/a	n/a	n/a	n/a	n/a	n/a	loo	460.4422273	345	true	460.384669	460.8432467
462.1602126	0.5748853000000054	trials	/intervals/trials	346	start_time	n/a	n/a	n/a	n/a	n/a	n/a	n/a	n/a	n/a	shaa	462.3016622	346	true	462.1602126	462.7350979
462.3016622	0.0	cv_transition	/intervals/trials	346	cv_transition_time	n/a	n/a	n/a	n/a	n/a	n/a	n/a	n/a	n/a	shaa	462.3016622	346	true	462.1602126	462.7350979
464.1838209	0.42562639999999874	trials	/intervals/trials	347	start_time	n/a	n/a	n/a	n/a	n/a	n/a	n/a	n/a	n/a	thaa	464.2419758	347	true	464.1838209	464.6094473
464.2419758	0.0	cv_transition	/intervals/trials	347	cv_transition_time	n/a	n/a	n/a	n/a	n/a	n/a	n/a	n/a	n/a	thaa	464.2419758	347	true	464.1838209	464.6094473
466.2985214	0.4227917999999704	trials	/intervals/trials	348	start_time	n/a	n/a	n/a	n/a	n/a	n/a	n/a	n/a	n/a	vaa	466.3508471	348	true	466.2985214	466.7213132
466.3508471	0.0	cv_transition	/intervals/trials	348	cv_transition_time	n/a	n/a	n/a	n/a	n/a	n/a	n/a	n/a	n/a	vaa	466.3508471	348	true	466.2985214	466.7213132
467.6225314	0.5239998000000128	trials	/intervals/trials	349	start_time	n/a	n/a	n/a	n/a	n/a	n/a	n/a	n/a	n/a	foo	467.7397499	349	true	467.6225314	468.1465312
467.7397499	0.0	cv_transition	/intervals/trials	349	cv_transition_time	n/a	n/a	n/a	n/a	n/a	n/a	n/a	n/a	n/a	foo	467.7397499	349	true	467.6225314	468.1465312
469.3829283	0.43767609999997603	trials	/intervals/trials	350	start_time	n/a	n/a	n/a	n/a	n/a	n/a	n/a	n/a	n/a	maa	469.4316936	350	true	469.3829283	469.8206044
469.4316936	0.0	cv_transition	/intervals/trials	350	cv_transition_time	n/a	n/a	n/a	n/a	n/a	n/a	n/a	n/a	n/a	maa	469.4316936	350	true	469.3829283	469.8206044
470.8516421	0.5539858000000208	trials	/intervals/trials	351	start_time	n/a	n/a	n/a	n/a	n/a	n/a	n/a	n/a	n/a	saa	471.0164143	351	true	470.8516421	471.4056279
471.0164143	0.0	cv_transition	/intervals/trials	351	cv_transition_time	n/a	n/a	n/a	n/a	n/a	n/a	n/a	n/a	n/a	saa	471.0164143	351	true	470.8516421	471.4056279
472.1670935	0.45948419999996304	trials	/intervals/trials	352	start_time	n/a	n/a	n/a	n/a	n/a	n/a	n/a	n/a	n/a	too	472.256446	352	true	472.1670935	472.6265777
472.256446	0.0	cv_transition	/intervals/trials	352	cv_transition_time	n/a	n/a	n/a	n/a	n/a	n/a	n/a	n/a	n/a	too	472.256446	352	true	472.1670935	472.6265777
473.4764871	0.5282402000000275	trials	/intervals/trials	353	start_time	n/a	n/a	n/a	n/a	n/a	n/a	n/a	n/a	n/a	shee	473.6197541	353	true	473.4764871	474.0047273
473.6197541	0.0	cv_transition	/intervals/trials	353	cv_transition_time	n/a	n/a	n/a	n/a	n/a	n/a	n/a	n/a	n/a	shee	473.6197541	353	true	473.4764871	474.0047273
474.8228333	0.5691304000000059	trials	/intervals/trials	354	start_time	n/a	n/a	n/a	n/a	n/a	n/a	n/a	n/a	n/a	zee	474.9919158	354	true	474.8228333	475.3919637
474.9919158	0.0	cv_transition	/intervals/trials	354	cv_transition_time	n/a	n/a	n/a	n/a	n/a	n/a	n/a	n/a	n/a	zee	474.9919158	354	true	474.8228333	475.3919637
476.2648927	0.43464719999997214	trials	/intervals/trials	355	start_time	n/a	n/a	n/a	n/a	n/a	n/a	n/a	n/a	n/a	dee	476.2895935	355	true	476.2648927	476.6995399
476.2895935	0.0	cv_transition	/intervals/trials	355	cv_transition_time	n/a	n/a	n/a	n/a	n/a	n/a	n/a	n/a	n/a	dee	476.2895935	355	true	476.2648927	476.6995399
477.5682285	0.48220100000003185	trials	/intervals/trials	356	start_time	n/a	n/a	n/a	n/a	n/a	n/a	n/a	n/a	n/a	lee	477.6563412	356	true	477.5682285	478.0504295
477.6563412	0.0	cv_transition	/intervals/trials	356	cv_transition_time	n/a	n/a	n/a	n/a	n/a	n/a	n/a	n/a	n/a	lee	477.6563412	356	true	477.5682285	478.0504295
478.8326233	0.565666799999974	trials	/intervals/trials	357	start_time	n/a	n/a	n/a	n/a	n/a	n/a	n/a	n/a	n/a	yaa	478.884949	357	true	478.8326233	479.3982901
478.884949	0.0	cv_transition	/intervals/trials	357	cv_transition_time	n/a	n/a	n/a	n/a	n/a	n/a	n/a	n/a	n/a	yaa	478.884949	357	true	478.8326233	479.3982901
480.0561673	0.4849268999999481	trials	/intervals/trials	358	start_time	n/a	n/a	n/a	n/a	n/a	n/a	n/a	n/a	n/a	gaa	480.0978591	358	true	480.0561673	480.5410942
480.0978591	0.0	cv_transition	/intervals/trials	358	cv_transition_time	n/a	n/a	n/a	n/a	n/a	n/a	n/a	n/a	n/a	gaa	480.0978591	358	true	480.0561673	480.5410942
481.5130683	0.4270750000000021	trials	/intervals/trials	359	start_time	n/a	n/a	n/a	n/a	n/a	n/a	n/a	n/a	n/a	doo	481.5294907	359	true	481.5130683	481.9401433
481.5294907	0.0	cv_transition	/intervals/trials	359	cv_transition_time	n/a	n/a	n/a	n/a	n/a	n/a	n/a	n/a	n/a	doo	481.5294907	359	true	481.5130683	481.9401433
482.4724001	0.4893912	trials	/intervals/trials	360	start_time	n/a	n/a	n/a	n/a	n/a	n/a	n/a	n/a	n/a	woo	482.5268188	360	true	482.4724001	482.9617913
482.5268188	0.0	cv_transition	/intervals/trials	360	cv_transition_time	n/a	n/a	n/a	n/a	n/a	n/a	n/a	n/a	n/a	woo	482.5268188	360	true	482.4724001	482.9617913
483.7589979	0.47372000000001435	trials	/intervals/trials	361	start_time	n/a	n/a	n/a	n/a	n/a	n/a	n/a	n/a	n/a	taa	483.8695528	361	true	483.7589979	484.2327179
483.8695528	0.0	cv_transition	/intervals/trials	361	cv_transition_time	n/a	n/a	n/a	n/a	n/a	n/a	n/a	n/a	n/a	taa	483.8695528	361	true	483.7589979	484.2327179
484.8890806	0.4982540999999969	trials	/intervals/trials	362	start_time	n/a	n/a	n/a	n/a	n/a	n/a	n/a	n/a	n/a	tee	485.0002413	362	true	484.8890806	485.3873347
485.0002413	0.0	cv_transition	/intervals/trials	362	cv_transition_time	n/a	n/a	n/a	n/a	n/a	n/a	n/a	n/a	n/a	tee	485.0002413	362	true	484.8890806	485.3873347
485.9385946	0.5494424999999978	trials	/intervals/trials	363	start_time	n/a	n/a	n/a	n/a	n/a	n/a	n/a	n/a	n/a	ree	486.0535721	363	true	485.9385946	486.4880371
486.0535721	0.0	cv_transition	/intervals/trials	363	cv_transition_time	n/a	n/a	n/a	n/a	n/a	n/a	n/a	n/a	n/a	ree	486.0535721	363	true	485.9385946	486.4880371
486.9735698	0.447974400000021	trials	/intervals/trials	364	start_time	n/a	n/a	n/a	n/a	n/a	n/a	n/a	n/a	n/a	koo	487.0626195	364	true	486.9735698	487.4215442
487.0626195	0.0	cv_transition	/intervals/trials	364	cv_transition_time	n/a	n/a	n/a	n/a	n/a	n/a	n/a	n/a	n/a	koo	487.0626195	364	true	486.9735698	487.4215442
488.1318213	0.45554659999999103	trials	/intervals/trials	365	start_time	n/a	n/a	n/a	n/a	n/a	n/a	n/a	n/a	n/a	hee	488.1945195	365	true	488.1318213	488.5873679
488.1945195	0.0	cv_transition	/intervals/trials	365	cv_transition_time	n/a	n/a	n/a	n/a	n/a	n/a	n/a	n/a	n/a	hee	488.1945195	365	true	488.1318213	488.5873679
489.2364613	0.5103697000000125	trials	/intervals/trials	366	start_time	n/a	n/a	n/a	n/a	n/a	n/a	n/a	n/a	n/a	vee	489.3438131	366	true	489.2364613	489.746831
489.3438131	0.0	cv_transition	/intervals/trials	366	cv_transition_time	n/a	n/a	n/a	n/a	n/a	n/a	n/a	n/a	n/a	vee	489.3438131	366	true	489.2364613	489.746831
490.1938967	0.5997222000000306	trials	/intervals/trials	367	start_time	n/a	n/a	n/a	n/a	n/a	n/a	n/a	n/a	n/a	fee	490.3620006	367	true	490.1938967	490.7936189
490.3620006	0.0	cv_transition	/intervals/trials	367	cv_transition_time	n/a	n/a	n/a	n/a	n/a	n/a	n/a	n/a	n/a	fee	490.3620006	367	true	490.1938967	490.7936189
491.4200975	0.4272758000000181	trials	/intervals/trials	368	start_time	n/a	n/a	n/a	n/a	n/a	n/a	n/a	n/a	n/a	bee	491.4630045	368	true	491.4200975	491.8473733
491.4630045	0.0	cv_transition	/intervals/trials	368	cv_transition_time	n/a	n/a	n/a	n/a	n/a	n/a	n/a	n/a	n/a	bee	491.4630045	368	true	491.4200975	491.8473733
492.3753107	0.4631188000000179	trials	/intervals/trials	369	start_time	n/a	n/a	n/a	n/a	n/a	n/a	n/a	n/a	n/a	haa	492.4710239	369	true	492.3753107	492.8384295
492.4710239	0.0	cv_transition	/intervals/trials	369	cv_transition_time	n/a	n/a	n/a	n/a	n/a	n/a	n/a	n/a	n/a	haa	492.4710239	369	true	492.3753107	492.8384295
493.3733333	0.442522399999973	trials	/intervals/trials	370	start_time	n/a	n/a	n/a	n/a	n/a	n/a	n/a	n/a	n/a	naa	493.4471957	370	true	493.3733333	493.8158557
493.4471957	0.0	cv_transition	/intervals/trials	370	cv_transition_time	n/a	n/a	n/a	n/a	n/a	n/a	n/a	n/a	n/a	naa	493.4471957	370	true	493.3733333	493.8158557
494.5243154	0.4334357000000182	trials	/intervals/trials	371	start_time	n/a	n/a	n/a	n/a	n/a	n/a	n/a	n/a	n/a	boo	494.5659195	371	true	494.5243154	494.9577511
494.5659195	0.0	cv_transition	/intervals/trials	371	cv_transition_time	n/a	n/a	n/a	n/a	n/a	n/a	n/a	n/a	n/a	boo	494.5659195	371	true	494.5243154	494.9577511
495.3336376	0.6291026000000102	trials	/intervals/trials	372	start_time	n/a	n/a	n/a	n/a	n/a	n/a	n/a	n/a	n/a	soo	495.5550502	372	true	495.3336376	495.9627402
495.5550502	0.0	cv_transition	/intervals/trials	372	cv_transition_time	n/a	n/a	n/a	n/a	n/a	n/a	n/a	n/a	n/a	soo	495.5550502	372	true	495.3336376	495.9627402
496.6097619	0.4158193999999753	trials	/intervals/trials	373	start_time	n/a	n/a	n/a	n/a	n/a	n/a	n/a	n/a	n/a	gee	496.6317387	373	true	496.6097619	497.0255813
496.6317387	0.0	cv_transition	/intervals/trials	373	cv_transition_time	n/a	n/a	n/a	n/a	n/a	n/a	n/a	n/a	n/a	gee	496.6317387	373	true	496.6097619	497.0255813
497.3645153	0.5470194000000106	trials	/intervals/trials	374	start_time	n/a	n/a	n/a	n/a	n/a	n/a	n/a	n/a	n/a	faa	497.5099025	374	true	497.3645153	497.9115347
497.5099025	0.0	cv_transition	/intervals/trials	374	cv_transition_time	n/a	n/a	n/a	n/a	n/a	n/a	n/a	n/a	n/a	faa	497.5099025	374	true	497.3645153	497.9115347
499.2512173	0.43464719999997214	trials	/intervals/trials	375	start_time	n/a	n/a	n/a	n/a	n/a	n/a	n/a	n/a	n/a	nee	499.2981652	375	true	499.2512173	499.6858645
499.2981652	0.0	cv_transition	/intervals/trials	375	cv_transition_time	n/a	n/a	n/a	n/a	n/a	n/a	n/a	n/a	n/a	nee	499.2981652	375	true	499.2512173	499.6858645
500.1009337	0.4784564000000273	trials	/intervals/trials	376	start_time	n/a	n/a	n/a	n/a	n/a	n/a	n/a	n/a	n/a	raa	500.1532594	376	true	500.1009337	500.5793901
500.1532594	0.0	cv_transition	/intervals/trials	376	cv_transition_time	n/a	n/a	n/a	n/a	n/a	n/a	n/a	n/a	n/a	raa	500.1532594	376	true	500.1009337	500.5793901
502.7671648	0.40405530000003864	trials	/intervals/trials	377	start_time	n/a	n/a	n/a	n/a	n/a	n/a	n/a	n/a	n/a	noo	502.8344291	377	true	502.7671648	503.1712201
502.8344291	0.0	cv_transition	/intervals/trials	377	cv_transition_time	n/a	n/a	n/a	n/a	n/a	n/a	n/a	n/a	n/a	noo	502.8344291	377	true	502.7671648	503.1712201
504.256642	0.4845361000000139	trials	/intervals/trials	378	start_time	n/a	n/a	n/a	n/a	n/a	n/a	n/a	n/a	n/a	paa	504.3204794	378	true	504.256642	504.7411781
504.3204794	0.0	cv_transition	/intervals/trials	378	cv_transition_time	n/a	n/a	n/a	n/a	n/a	n/a	n/a	n/a	n/a	paa	504.3204794	378	true	504.256642	504.7411781
505.0573163	0.4823523000000023	trials	/intervals/trials	379	start_time	n/a	n/a	n/a	n/a	n/a	n/a	n/a	n/a	n/a	koo	505.1481833	379	true	505.0573163	505.5396686
505.1481833	0.0	cv_transition	/intervals/trials	379	cv_transition_time	n/a	n/a	n/a	n/a	n/a	n/a	n/a	n/a	n/a	koo	505.1481833	379	true	505.0573163	505.5396686
506.2328325	0.44888310000004594	trials	/intervals/trials	380	start_time	n/a	n/a	n/a	n/a	n/a	n/a	n/a	n/a	n/a	kaa	506.3049204	380	true	506.2328325	506.6817156
506.3049204	0.0	cv_transition	/intervals/trials	380	cv_transition_time	n/a	n/a	n/a	n/a	n/a	n/a	n/a	n/a	n/a	kaa	506.3049204	380	true	506.2328325	506.6817156
507.0131607	0.4645499000000086	trials	/intervals/trials	381	start_time	n/a	n/a	n/a	n/a	n/a	n/a	n/a	n/a	n/a	waa	507.0769981	381	true	507.0131607	507.4777106
507.0769981	0.0	cv_transition	/intervals/trials	381	cv_transition_time	n/a	n/a	n/a	n/a	n/a	n/a	n/a	n/a	n/a	waa	507.0769981	381	true	507.0131607	507.4777106
507.8708618	0.3477177999999981	trials	/intervals/trials	382	start_time	n/a	n/a	n/a	n/a	n/a	n/a	n/a	n/a	n/a	daa	507.8911862	382	true	507.8708618	508.2185796
507.8911862	0.0	cv_transition	/intervals/trials	382	cv_transition_time	n/a	n/a	n/a	n/a	n/a	n/a	n/a	n/a	n/a	daa	507.8911862	382	true	507.8708618	508.2185796
508.5526673	0.2835051000000135	trials	/intervals/trials	383	start_time	n/a	n/a	n/a	n/a	n/a	n/a	n/a	n/a	n/a	moo	508.5902578	383	true	508.5526673	508.8361724
508.5902578	0.0	cv_transition	/intervals/trials	383	cv_transition_time	n/a	n/a	n/a	n/a	n/a	n/a	n/a	n/a	n/a	moo	508.5902578	383	true	508.5526673	508.8361724
515.0	15.0	epochs	/intervals/epochs	0	start_time	0	rest_period	515.0	530.0	n/a	n/a	n/a	n/a	n/a	n/a	n/a	n/a	n/a	n/a	n/a
517.0344643417271	0.16479582333545295	invalid_times	/intervals/invalid_times	2	start_time	n/a	n/a	n/a	n/a	2	517.0344643417271	517.1992601650626	"[""ECoG artifact""]"	"[{""idx_start"":1577863,""count"":503,""timeseries"":""/acquisition/ElectricalSeries""}]"	n/a	n/a	n/a	n/a	n/a	n/a
539.315269256691	3.2135185550428105	invalid_times	/intervals/invalid_times	3	start_time	n/a	n/a	n/a	n/a	3	539.315269256691	542.5287878117338	"[""ECoG artifact""]"	"[{""idx_start"":1645859,""count"":9807,""timeseries"":""/acquisition/ElectricalSeries""}]"	n/a	n/a	n/a	n/a	n/a	n/a
