onset	duration	trial_type	source_table	source_row	source_onset_column	nwb_epochs_id	nwb_epochs_label	nwb_epochs_start_time	nwb_epochs_stop_time	nwb_invalid_times_id	nwb_invalid_times_start_time	nwb_invalid_times_stop_time	nwb_invalid_times_tags	nwb_invalid_times_timeseries	nwb_trials_condition	nwb_trials_cv_transition_time	nwb_trials_id	nwb_trials_speak	nwb_trials_start_time	nwb_trials_stop_time
0.17475936034672487	0.1441584135085813	invalid_times	/intervals/invalid_times	38	start_time	n/a	n/a	n/a	n/a	38	0.17475936034672487	0.3189177738553062	"[""ECoG artifact""]"	"[{""idx_start"":533,""count"":440,""timeseries"":""/acquisition/ElectricalSeries""}]"	n/a	n/a	n/a	n/a	n/a	n/a
0.2537857988711098	0.7698059281358238	invalid_times	/intervals/invalid_times	0	start_time	n/a	n/a	n/a	n/a	0	0.2537857988711098	1.0235917270069337	"[""ECoG artifact""]"	"[{""idx_start"":774,""count"":2349,""timeseries"":""/acquisition/ElectricalSeries""}]"	n/a	n/a	n/a	n/a	n/a	n/a
9.017219	0.37272579999999955	trials	/intervals/trials	0	start_time	n/a	n/a	n/a	n/a	n/a	n/a	n/a	n/a	n/a	baa	9.0235543	0	true	9.017219	9.3899448
9.0235543	0.0	cv_transition	/intervals/trials	0	cv_transition_time	n/a	n/a	n/a	n/a	n/a	n/a	n/a	n/a	n/a	baa	9.0235543	0	true	9.017219	9.3899448
9.6855913	0.4271035999999988	trials	/intervals/trials	1	start_time	n/a	n/a	n/a	n/a	n/a	n/a	n/a	n/a	n/a	daa	9.706181	1	true	9.6855913	10.1126949
9.706181	0.0	cv_transition	/intervals/trials	1	cv_transition_time	n/a	n/a	n/a	n/a	n/a	n/a	n/a	n/a	n/a	daa	9.706181	1	true	9.6855913	10.1126949
10.6749513	0.4350226999999993	trials	/intervals/trials	2	start_time	n/a	n/a	n/a	n/a	n/a	n/a	n/a	n/a	n/a	kaa	10.7383041	2	true	10.6749513	11.109974
10.7383041	0.0	cv_transition	/intervals/trials	2	cv_transition_time	n/a	n/a	n/a	n/a	n/a	n/a	n/a	n/a	n/a	kaa	10.7383041	2	true	10.6749513	11.109974
11.8739035	0.3975389999999983	trials	/intervals/trials	3	start_time	n/a	n/a	n/a	n/a	n/a	n/a	n/a	n/a	n/a	paa	11.8934373	3	true	11.8739035	12.2714425
11.8934373	0.0	cv_transition	/intervals/trials	3	cv_transition_time	n/a	n/a	n/a	n/a	n/a	n/a	n/a	n/a	n/a	paa	11.8934373	3	true	11.8739035	12.2714425
12.8843811	0.4661711999999998	trials	/intervals/trials	4	start_time	n/a	n/a	n/a	n/a	n/a	n/a	n/a	n/a	n/a	taa	12.9530133	4	true	12.8843811	13.3505523
12.9530133	0.0	cv_transition	/intervals/trials	4	cv_transition_time	n/a	n/a	n/a	n/a	n/a	n/a	n/a	n/a	n/a	taa	12.9530133	4	true	12.8843811	13.3505523
14.0785819	0.5279401999999997	trials	/intervals/trials	5	start_time	n/a	n/a	n/a	n/a	n/a	n/a	n/a	n/a	n/a	kaa	14.1767788	5	true	14.0785819	14.6065221
14.1767788	0.0	cv_transition	/intervals/trials	5	cv_transition_time	n/a	n/a	n/a	n/a	n/a	n/a	n/a	n/a	n/a	kaa	14.1767788	5	true	14.0785819	14.6065221
15.2923164	0.4936240999999999	trials	/intervals/trials	6	start_time	n/a	n/a	n/a	n/a	n/a	n/a	n/a	n/a	n/a	maa	15.3715075	6	true	15.2923164	15.7859405
15.3715075	0.0	cv_transition	/intervals/trials	6	cv_transition_time	n/a	n/a	n/a	n/a	n/a	n/a	n/a	n/a	n/a	maa	15.3715075	6	true	15.2923164	15.7859405
16.4036306	0.5210770000000018	trials	/intervals/trials	7	start_time	n/a	n/a	n/a	n/a	n/a	n/a	n/a	n/a	n/a	naa	16.5092186	7	true	16.4036306	16.9247076
16.5092186	0.0	cv_transition	/intervals/trials	7	cv_transition_time	n/a	n/a	n/a	n/a	n/a	n/a	n/a	n/a	n/a	naa	16.5092186	7	true	16.4036306	16.9247076
17.4822125	0.6161062000000008	trials	/intervals/trials	8	start_time	n/a	n/a	n/a	n/a	n/a	n/a	n/a	n/a	n/a	shaa	17.6912768	8	true	17.4822125	18.0983187
17.6912768	0.0	cv_transition	/intervals/trials	8	cv_transition_time	n/a	n/a	n/a	n/a	n/a	n/a	n/a	n/a	n/a	shaa	17.6912768	8	true	17.4822125	18.0983187
18.5502355	0.6393357000000002	trials	/intervals/trials	9	start_time	n/a	n/a	n/a	n/a	n/a	n/a	n/a	n/a	n/a	saa	18.7640513	9	true	18.5502355	19.1895712
18.7640513	0.0	cv_transition	/intervals/trials	9	cv_transition_time	n/a	n/a	n/a	n/a	n/a	n/a	n/a	n/a	n/a	saa	18.7640513	9	true	18.5502355	19.1895712
20.7823668	0.5738710000000005	trials	/intervals/trials	10	start_time	n/a	n/a	n/a	n/a	n/a	n/a	n/a	n/a	n/a	haa	21.0231075	10	true	20.7823668	21.3562378
21.0231075	0.0	cv_transition	/intervals/trials	10	cv_transition_time	n/a	n/a	n/a	n/a	n/a	n/a	n/a	n/a	n/a	haa	21.0231075	10	true	20.7823668	21.3562378
22.1064409	0.4920402999999993	trials	/intervals/trials	11	start_time	n/a	n/a	n/a	n/a	n/a	n/a	n/a	n/a	n/a	vaa	22.2078054	11	true	22.1064409	22.5984812
22.2078054	0.0	cv_transition	/intervals/trials	11	cv_transition_time	n/a	n/a	n/a	n/a	n/a	n/a	n/a	n/a	n/a	vaa	22.2078054	11	true	22.1064409	22.5984812
23.2557667	0.4883447000000025	trials	/intervals/trials	12	start_time	n/a	n/a	n/a	n/a	n/a	n/a	n/a	n/a	n/a	raa	23.3808886	12	true	23.2557667	23.7441114
23.3808886	0.0	cv_transition	/intervals/trials	12	cv_transition_time	n/a	n/a	n/a	n/a	n/a	n/a	n/a	n/a	n/a	raa	23.3808886	12	true	23.2557667	23.7441114
24.3855588	0.5094623000000027	trials	/intervals/trials	13	start_time	n/a	n/a	n/a	n/a	n/a	n/a	n/a	n/a	n/a	laa	24.5133203	13	true	24.3855588	24.8950211
24.5133203	0.0	cv_transition	/intervals/trials	13	cv_transition_time	n/a	n/a	n/a	n/a	n/a	n/a	n/a	n/a	n/a	laa	24.5133203	13	true	24.3855588	24.8950211
25.5459714	0.5353314000000005	trials	/intervals/trials	14	start_time	n/a	n/a	n/a	n/a	n/a	n/a	n/a	n/a	n/a	yaa	25.7048814	14	true	25.5459714	26.0813028
25.7048814	0.0	cv_transition	/intervals/trials	14	cv_transition_time	n/a	n/a	n/a	n/a	n/a	n/a	n/a	n/a	n/a	yaa	25.7048814	14	true	25.5459714	26.0813028
26.6963532	0.5538091999999999	trials	/intervals/trials	15	start_time	n/a	n/a	n/a	n/a	n/a	n/a	n/a	n/a	n/a	waa	26.8573749	15	true	26.6963532	27.2501624
26.8573749	0.0	cv_transition	/intervals/trials	15	cv_transition_time	n/a	n/a	n/a	n/a	n/a	n/a	n/a	n/a	n/a	waa	26.8573749	15	true	26.6963532	27.2501624
28.0515757	0.4366065999999975	trials	/intervals/trials	16	start_time	n/a	n/a	n/a	n/a	n/a	n/a	n/a	n/a	n/a	bee	28.0584389	16	true	28.0515757	28.4881823
28.0584389	0.0	cv_transition	/intervals/trials	16	cv_transition_time	n/a	n/a	n/a	n/a	n/a	n/a	n/a	n/a	n/a	bee	28.0584389	16	true	28.0515757	28.4881823
29.1064003	0.4466374000000002	trials	/intervals/trials	17	start_time	n/a	n/a	n/a	n/a	n/a	n/a	n/a	n/a	n/a	dee	29.1370208	17	true	29.1064003	29.5530377
29.1370208	0.0	cv_transition	/intervals/trials	17	cv_transition_time	n/a	n/a	n/a	n/a	n/a	n/a	n/a	n/a	n/a	dee	29.1370208	17	true	29.1064003	29.5530377
30.125832662634167	0.1960554423716694	invalid_times	/intervals/invalid_times	20	start_time	n/a	n/a	n/a	n/a	20	30.125832662634167	30.321888105005836	"[""ECoG artifact""]"	"[{""idx_start"":91936,""count"":599,""timeseries"":""/acquisition/ElectricalSeries""}]"	n/a	n/a	n/a	n/a	n/a	n/a
30.249319645931205	0.14415841350858116	invalid_times	/intervals/invalid_times	48	start_time	n/a	n/a	n/a	n/a	48	30.249319645931205	30.393478059439786	"[""ECoG artifact""]"	"[{""idx_start"":92313,""count"":440,""timeseries"":""/acquisition/ElectricalSeries""}]"	n/a	n/a	n/a	n/a	n/a	n/a
30.337484841586445	0.752506918514797	invalid_times	/intervals/invalid_times	1	start_time	n/a	n/a	n/a	n/a	1	30.337484841586445	31.089991760101242	"[""ECoG artifact""]"	"[{""idx_start"":92582,""count"":2297,""timeseries"":""/acquisition/ElectricalSeries""}]"	n/a	n/a	n/a	n/a	n/a	n/a
31.2762346	0.4513889000000013	trials	/intervals/trials	18	start_time	n/a	n/a	n/a	n/a	n/a	n/a	n/a	n/a	n/a	pee	31.3480344	18	true	31.2762346	31.7276235
31.3480344	0.0	cv_transition	/intervals/trials	18	cv_transition_time	n/a	n/a	n/a	n/a	n/a	n/a	n/a	n/a	n/a	pee	31.3480344	18	true	31.2762346	31.7276235
32.4588207	0.48095350000000536	trials	/intervals/trials	19	start_time	n/a	n/a	n/a	n/a	n/a	n/a	n/a	n/a	n/a	tee	32.5770793	19	true	32.4588207	32.9397742
32.5770793	0.0	cv_transition	/intervals/trials	19	cv_transition_time	n/a	n/a	n/a	n/a	n/a	n/a	n/a	n/a	n/a	tee	32.5770793	19	true	32.4588207	32.9397742
33.6472141	0.4878167999999974	trials	/intervals/trials	20	start_time	n/a	n/a	n/a	n/a	n/a	n/a	n/a	n/a	n/a	kee	33.7533301	20	true	33.6472141	34.1350309
33.7533301	0.0	cv_transition	/intervals/trials	20	cv_transition_time	n/a	n/a	n/a	n/a	n/a	n/a	n/a	n/a	n/a	kee	33.7533301	20	true	33.6472141	34.1350309
34.9411956	0.48992849999999777	trials	/intervals/trials	21	start_time	n/a	n/a	n/a	n/a	n/a	n/a	n/a	n/a	n/a	mee	35.0409763	21	true	34.9411956	35.4311241
35.0409763	0.0	cv_transition	/intervals/trials	21	cv_transition_time	n/a	n/a	n/a	n/a	n/a	n/a	n/a	n/a	n/a	mee	35.0409763	21	true	34.9411956	35.4311241
36.1084714	0.5147417000000019	trials	/intervals/trials	22	start_time	n/a	n/a	n/a	n/a	n/a	n/a	n/a	n/a	n/a	nee	36.2166992	22	true	36.1084714	36.6232131
36.2166992	0.0	cv_transition	/intervals/trials	22	cv_transition_time	n/a	n/a	n/a	n/a	n/a	n/a	n/a	n/a	n/a	nee	36.2166992	22	true	36.1084714	36.6232131
37.1939165	0.6509502999999981	trials	/intervals/trials	23	start_time	n/a	n/a	n/a	n/a	n/a	n/a	n/a	n/a	n/a	shee	37.427794	23	true	37.1939165	37.8448668
37.427794	0.0	cv_transition	/intervals/trials	23	cv_transition_time	n/a	n/a	n/a	n/a	n/a	n/a	n/a	n/a	n/a	shee	37.427794	23	true	37.1939165	37.8448668
38.4160981	0.6430312000000029	trials	/intervals/trials	24	start_time	n/a	n/a	n/a	n/a	n/a	n/a	n/a	n/a	n/a	see	38.6388889	24	true	38.4160981	39.0591293
38.6388889	0.0	cv_transition	/intervals/trials	24	cv_transition_time	n/a	n/a	n/a	n/a	n/a	n/a	n/a	n/a	n/a	see	38.6388889	24	true	38.4160981	39.0591293
40.9090318	0.6023798000000014	trials	/intervals/trials	25	start_time	n/a	n/a	n/a	n/a	n/a	n/a	n/a	n/a	n/a	hee	41.1180962	25	true	40.9090318	41.5114116
41.1180962	0.0	cv_transition	/intervals/trials	25	cv_transition_time	n/a	n/a	n/a	n/a	n/a	n/a	n/a	n/a	n/a	hee	41.1180962	25	true	40.9090318	41.5114116
42.2684779	0.4952078999999969	trials	/intervals/trials	26	start_time	n/a	n/a	n/a	n/a	n/a	n/a	n/a	n/a	n/a	vee	42.3529483	26	true	42.2684779	42.7636858
42.3529483	0.0	cv_transition	/intervals/trials	26	cv_transition_time	n/a	n/a	n/a	n/a	n/a	n/a	n/a	n/a	n/a	vee	42.3529483	26	true	42.2684779	42.7636858
43.8348765	0.5986843000000022	trials	/intervals/trials	27	start_time	n/a	n/a	n/a	n/a	n/a	n/a	n/a	n/a	n/a	ree	44.025463	27	true	43.8348765	44.4335608
44.025463	0.0	cv_transition	/intervals/trials	27	cv_transition_time	n/a	n/a	n/a	n/a	n/a	n/a	n/a	n/a	n/a	ree	44.025463	27	true	43.8348765	44.4335608
45.1077404	0.5775666000000044	trials	/intervals/trials	28	start_time	n/a	n/a	n/a	n/a	n/a	n/a	n/a	n/a	n/a	lee	45.2719298	28	true	45.1077404	45.685307
45.2719298	0.0	cv_transition	/intervals/trials	28	cv_transition_time	n/a	n/a	n/a	n/a	n/a	n/a	n/a	n/a	n/a	lee	45.2719298	28	true	45.1077404	45.685307
46.3151397	0.5501136999999972	trials	/intervals/trials	29	start_time	n/a	n/a	n/a	n/a	n/a	n/a	n/a	n/a	n/a	yee	46.5632716	29	true	46.3151397	46.8652534
46.5632716	0.0	cv_transition	/intervals/trials	29	cv_transition_time	n/a	n/a	n/a	n/a	n/a	n/a	n/a	n/a	n/a	yee	46.5632716	29	true	46.3151397	46.8652534
47.6064815	0.5247725999999986	trials	/intervals/trials	30	start_time	n/a	n/a	n/a	n/a	n/a	n/a	n/a	n/a	n/a	wee	47.7500812	30	true	47.6064815	48.1312541
47.7500812	0.0	cv_transition	/intervals/trials	30	cv_transition_time	n/a	n/a	n/a	n/a	n/a	n/a	n/a	n/a	n/a	wee	47.7500812	30	true	47.6064815	48.1312541
49.5867853	0.4355505999999991	trials	/intervals/trials	31	start_time	n/a	n/a	n/a	n/a	n/a	n/a	n/a	n/a	n/a	boo	49.5999838	31	true	49.5867853	50.0223359
49.5999838	0.0	cv_transition	/intervals/trials	31	cv_transition_time	n/a	n/a	n/a	n/a	n/a	n/a	n/a	n/a	n/a	boo	49.5999838	31	true	49.5867853	50.0223359
50.6416098	0.43607860000000187	trials	/intervals/trials	32	start_time	n/a	n/a	n/a	n/a	n/a	n/a	n/a	n/a	n/a	doo	50.657976	32	true	50.6416098	51.0776884
50.657976	0.0	cv_transition	/intervals/trials	32	cv_transition_time	n/a	n/a	n/a	n/a	n/a	n/a	n/a	n/a	n/a	doo	50.657976	32	true	50.6416098	51.0776884
51.7650666	0.4973197000000056	trials	/intervals/trials	33	start_time	n/a	n/a	n/a	n/a	n/a	n/a	n/a	n/a	n/a	goo	51.7977989	33	true	51.7650666	52.2623863
51.7977989	0.0	cv_transition	/intervals/trials	33	cv_transition_time	n/a	n/a	n/a	n/a	n/a	n/a	n/a	n/a	n/a	goo	51.7977989	33	true	51.7650666	52.2623863
52.9434292	0.4476933000000045	trials	/intervals/trials	34	start_time	n/a	n/a	n/a	n/a	n/a	n/a	n/a	n/a	n/a	poo	52.9634909	34	true	52.9434292	53.3911225
52.9634909	0.0	cv_transition	/intervals/trials	34	cv_transition_time	n/a	n/a	n/a	n/a	n/a	n/a	n/a	n/a	n/a	poo	52.9634909	34	true	52.9434292	53.3911225
54.1444932	0.5089344000000011	trials	/intervals/trials	35	start_time	n/a	n/a	n/a	n/a	n/a	n/a	n/a	n/a	n/a	doo	54.1946475	35	true	54.1444932	54.6534276
54.1946475	0.0	cv_transition	/intervals/trials	35	cv_transition_time	n/a	n/a	n/a	n/a	n/a	n/a	n/a	n/a	n/a	doo	54.1946475	35	true	54.1444932	54.6534276
55.3286631	0.5194931999999994	trials	/intervals/trials	36	start_time	n/a	n/a	n/a	n/a	n/a	n/a	n/a	n/a	n/a	koo	55.3941277	36	true	55.3286631	55.8481563
55.3941277	0.0	cv_transition	/intervals/trials	36	cv_transition_time	n/a	n/a	n/a	n/a	n/a	n/a	n/a	n/a	n/a	koo	55.3941277	36	true	55.3286631	55.8481563
56.5270874	0.5458902000000023	trials	/intervals/trials	37	start_time	n/a	n/a	n/a	n/a	n/a	n/a	n/a	n/a	n/a	moo	56.6411225	37	true	56.5270874	57.0729776
56.6411225	0.0	cv_transition	/intervals/trials	37	cv_transition_time	n/a	n/a	n/a	n/a	n/a	n/a	n/a	n/a	n/a	moo	56.6411225	37	true	56.5270874	57.0729776
57.7128411	0.5654240000000001	trials	/intervals/trials	38	start_time	n/a	n/a	n/a	n/a	n/a	n/a	n/a	n/a	n/a	noo	57.8347953	38	true	57.7128411	58.2782651
57.8347953	0.0	cv_transition	/intervals/trials	38	cv_transition_time	n/a	n/a	n/a	n/a	n/a	n/a	n/a	n/a	n/a	noo	57.8347953	38	true	57.7128411	58.2782651
58.8510802	0.6879062000000005	trials	/intervals/trials	39	start_time	n/a	n/a	n/a	n/a	n/a	n/a	n/a	n/a	n/a	shoo	59.0717593	39	true	58.8510802	59.5389864
59.0717593	0.0	cv_transition	/intervals/trials	39	cv_transition_time	n/a	n/a	n/a	n/a	n/a	n/a	n/a	n/a	n/a	shoo	59.0717593	39	true	58.8510802	59.5389864
60.25277922940207	0.3921108847433459	invalid_times	/intervals/invalid_times	21	start_time	n/a	n/a	n/a	n/a	21	60.25277922940207	60.64489011414542	"[""ECoG artifact""]"	"[{""idx_start"":183876,""count"":1197,""timeseries"":""/acquisition/ElectricalSeries""}]"	n/a	n/a	n/a	n/a	n/a	n/a
60.57857724393147	0.21047128372252644	invalid_times	/intervals/invalid_times	22	start_time	n/a	n/a	n/a	n/a	22	60.57857724393147	60.789048527653996	"[""ECoG artifact""]"	"[{""idx_start"":184871,""count"":642,""timeseries"":""/acquisition/ElectricalSeries""}]"	n/a	n/a	n/a	n/a	n/a	n/a
60.70628986304743	0.49013860592917524	invalid_times	/intervals/invalid_times	2	start_time	n/a	n/a	n/a	n/a	2	60.70628986304743	61.196428468976606	"[""ECoG artifact""]"	"[{""idx_start"":185260,""count"":1496,""timeseries"":""/acquisition/ElectricalSeries""}]"	n/a	n/a	n/a	n/a	n/a	n/a
62.5836176	0.5374432000000056	trials	/intervals/trials	40	start_time	n/a	n/a	n/a	n/a	n/a	n/a	n/a	n/a	n/a	hoo	62.7219379	40	true	62.5836176	63.1210608
62.7219379	0.0	cv_transition	/intervals/trials	40	cv_transition_time	n/a	n/a	n/a	n/a	n/a	n/a	n/a	n/a	n/a	hoo	62.7219379	40	true	62.5836176	63.1210608
63.9715724	0.5522255000000058	trials	/intervals/trials	41	start_time	n/a	n/a	n/a	n/a	n/a	n/a	n/a	n/a	n/a	voo	64.1288986	41	true	63.9715724	64.5237979
64.1288986	0.0	cv_transition	/intervals/trials	41	cv_transition_time	n/a	n/a	n/a	n/a	n/a	n/a	n/a	n/a	n/a	voo	64.1288986	41	true	63.9715724	64.5237979
65.3056774	0.5680637000000104	trials	/intervals/trials	42	start_time	n/a	n/a	n/a	n/a	n/a	n/a	n/a	n/a	n/a	roo	65.4930962	42	true	65.3056774	65.8737411
65.4930962	0.0	cv_transition	/intervals/trials	42	cv_transition_time	n/a	n/a	n/a	n/a	n/a	n/a	n/a	n/a	n/a	roo	65.4930962	42	true	65.3056774	65.8737411
66.6313353	0.49784760000000006	trials	/intervals/trials	43	start_time	n/a	n/a	n/a	n/a	n/a	n/a	n/a	n/a	n/a	loo	66.7427307	43	true	66.6313353	67.1291829
66.7427307	0.0	cv_transition	/intervals/trials	43	cv_transition_time	n/a	n/a	n/a	n/a	n/a	n/a	n/a	n/a	n/a	loo	66.7427307	43	true	66.6313353	67.1291829
67.8756904	0.5775665999999973	trials	/intervals/trials	44	start_time	n/a	n/a	n/a	n/a	n/a	n/a	n/a	n/a	n/a	yoo	68.0419916	44	true	67.8756904	68.453257
68.0419916	0.0	cv_transition	/intervals/trials	44	cv_transition_time	n/a	n/a	n/a	n/a	n/a	n/a	n/a	n/a	n/a	yoo	68.0419916	44	true	67.8756904	68.453257
69.1490822	0.607131300000006	trials	/intervals/trials	45	start_time	n/a	n/a	n/a	n/a	n/a	n/a	n/a	n/a	n/a	woo	69.3174951	45	true	69.1490822	69.7562135
69.3174951	0.0	cv_transition	/intervals/trials	45	cv_transition_time	n/a	n/a	n/a	n/a	n/a	n/a	n/a	n/a	n/a	woo	69.3174951	45	true	69.1490822	69.7562135
70.6505442	0.41020950000000767	trials	/intervals/trials	46	start_time	n/a	n/a	n/a	n/a	n/a	n/a	n/a	n/a	n/a	baa	70.6568795	46	true	70.6505442	71.0607537
70.6568795	0.0	cv_transition	/intervals/trials	46	cv_transition_time	n/a	n/a	n/a	n/a	n/a	n/a	n/a	n/a	n/a	baa	70.6568795	46	true	70.6505442	71.0607537
71.8040936	0.41760069999999416	trials	/intervals/trials	47	start_time	n/a	n/a	n/a	n/a	n/a	n/a	n/a	n/a	n/a	daa	71.818348	47	true	71.8040936	72.2216943
71.818348	0.0	cv_transition	/intervals/trials	47	cv_transition_time	n/a	n/a	n/a	n/a	n/a	n/a	n/a	n/a	n/a	daa	71.818348	47	true	71.8040936	72.2216943
73.0410575	0.4007066000000066	trials	/intervals/trials	48	start_time	n/a	n/a	n/a	n/a	n/a	n/a	n/a	n/a	n/a	gaa	73.0559008	48	true	73.0410575	73.4417641
73.0559008	0.0	cv_transition	/intervals/trials	48	cv_transition_time	n/a	n/a	n/a	n/a	n/a	n/a	n/a	n/a	n/a	gaa	73.0559008	48	true	73.0410575	73.4417641
74.1822464	0.4859229000000056	trials	/intervals/trials	49	start_time	n/a	n/a	n/a	n/a	n/a	n/a	n/a	n/a	n/a	paa	74.2389539	49	true	74.1822464	74.6681693
74.2389539	0.0	cv_transition	/intervals/trials	49	cv_transition_time	n/a	n/a	n/a	n/a	n/a	n/a	n/a	n/a	n/a	paa	74.2389539	49	true	74.1822464	74.6681693
75.4437135	0.45666819999999575	trials	/intervals/trials	50	start_time	n/a	n/a	n/a	n/a	n/a	n/a	n/a	n/a	n/a	taa	75.4859487	50	true	75.4437135	75.9003817
75.4859487	0.0	cv_transition	/intervals/trials	50	cv_transition_time	n/a	n/a	n/a	n/a	n/a	n/a	n/a	n/a	n/a	taa	75.4859487	50	true	75.4437135	75.9003817
76.7619802	0.506294699999998	trials	/intervals/trials	51	start_time	n/a	n/a	n/a	n/a	n/a	n/a	n/a	n/a	n/a	kaa	76.8144929	51	true	76.7619802	77.2682749
76.8144929	0.0	cv_transition	/intervals/trials	51	cv_transition_time	n/a	n/a	n/a	n/a	n/a	n/a	n/a	n/a	n/a	kaa	76.8144929	51	true	76.7619802	77.2682749
78.0469867	0.5136857999999904	trials	/intervals/trials	52	start_time	n/a	n/a	n/a	n/a	n/a	n/a	n/a	n/a	n/a	maa	78.1119233	52	true	78.0469867	78.5606725
78.1119233	0.0	cv_transition	/intervals/trials	52	cv_transition_time	n/a	n/a	n/a	n/a	n/a	n/a	n/a	n/a	n/a	maa	78.1119233	52	true	78.0469867	78.5606725
79.3737005	0.5179092999999995	trials	/intervals/trials	53	start_time	n/a	n/a	n/a	n/a	n/a	n/a	n/a	n/a	n/a	naa	79.4175195	53	true	79.3737005	79.8916098
79.4175195	0.0	cv_transition	/intervals/trials	53	cv_transition_time	n/a	n/a	n/a	n/a	n/a	n/a	n/a	n/a	n/a	naa	79.4175195	53	true	79.3737005	79.8916098
80.4575617	0.6483106000000021	trials	/intervals/trials	54	start_time	n/a	n/a	n/a	n/a	n/a	n/a	n/a	n/a	n/a	shaa	80.6629305	54	true	80.4575617	81.1058723
80.6629305	0.0	cv_transition	/intervals/trials	54	cv_transition_time	n/a	n/a	n/a	n/a	n/a	n/a	n/a	n/a	n/a	shaa	80.6629305	54	true	80.4575617	81.1058723
81.7330653	0.6182179999999988	trials	/intervals/trials	55	start_time	n/a	n/a	n/a	n/a	n/a	n/a	n/a	n/a	n/a	saa	81.9241797	55	true	81.7330653	82.3512833
81.9241797	0.0	cv_transition	/intervals/trials	55	cv_transition_time	n/a	n/a	n/a	n/a	n/a	n/a	n/a	n/a	n/a	saa	81.9241797	55	true	81.7330653	82.3512833
84.1726771	0.5384990000000016	trials	/intervals/trials	56	start_time	n/a	n/a	n/a	n/a	n/a	n/a	n/a	n/a	n/a	haa	84.3194444	56	true	84.1726771	84.7111761
84.3194444	0.0	cv_transition	/intervals/trials	56	cv_transition_time	n/a	n/a	n/a	n/a	n/a	n/a	n/a	n/a	n/a	haa	84.3194444	56	true	84.1726771	84.7111761
85.5437378	0.4904564999999934	trials	/intervals/trials	57	start_time	n/a	n/a	n/a	n/a	n/a	n/a	n/a	n/a	n/a	vaa	85.6260965	57	true	85.5437378	86.0341943
85.6260965	0.0	cv_transition	/intervals/trials	57	cv_transition_time	n/a	n/a	n/a	n/a	n/a	n/a	n/a	n/a	n/a	vaa	85.6260965	57	true	85.5437378	86.0341943
86.8699237	0.5353312999999957	trials	/intervals/trials	58	start_time	n/a	n/a	n/a	n/a	n/a	n/a	n/a	n/a	n/a	raa	87.0071881	58	true	86.8699237	87.405255
87.0071881	0.0	cv_transition	/intervals/trials	58	cv_transition_time	n/a	n/a	n/a	n/a	n/a	n/a	n/a	n/a	n/a	raa	87.0071881	58	true	86.8699237	87.405255
88.1834389	0.49943150000000003	trials	/intervals/trials	59	start_time	n/a	n/a	n/a	n/a	n/a	n/a	n/a	n/a	n/a	laa	88.2705491	59	true	88.1834389	88.6828704
88.2705491	0.0	cv_transition	/intervals/trials	59	cv_transition_time	n/a	n/a	n/a	n/a	n/a	n/a	n/a	n/a	n/a	laa	88.2705491	59	true	88.1834389	88.6828704
89.5106806	0.5527534000000003	trials	/intervals/trials	60	start_time	n/a	n/a	n/a	n/a	n/a	n/a	n/a	n/a	n/a	yaa	89.578257	60	true	89.5106806	90.063434
89.578257	0.0	cv_transition	/intervals/trials	60	cv_transition_time	n/a	n/a	n/a	n/a	n/a	n/a	n/a	n/a	n/a	yaa	89.578257	60	true	89.5106806	90.063434
90.1807753746861	0.18451067498874352	invalid_times	/intervals/invalid_times	23	start_time	n/a	n/a	n/a	n/a	23	90.1807753746861	90.36528604967485	"[""ECoG artifact""]"	"[{""idx_start"":275209,""count"":563,""timeseries"":""/acquisition/ElectricalSeries""}]"	n/a	n/a	n/a	n/a	n/a	n/a
90.42382653545097	0.6487128607886206	invalid_times	/intervals/invalid_times	3	start_time	n/a	n/a	n/a	n/a	3	90.42382653545097	91.07253939623959	"[""ECoG artifact""]"	"[{""idx_start"":275951,""count"":1980,""timeseries"":""/acquisition/ElectricalSeries""}]"	n/a	n/a	n/a	n/a	n/a	n/a
92.1852258	0.4212963000000087	trials	/intervals/trials	61	start_time	n/a	n/a	n/a	n/a	n/a	n/a	n/a	n/a	n/a	bee	92.192089	61	true	92.1852258	92.6065221
92.192089	0.0	cv_transition	/intervals/trials	61	cv_transition_time	n/a	n/a	n/a	n/a	n/a	n/a	n/a	n/a	n/a	bee	92.192089	61	true	92.1852258	92.6065221
93.4074074	0.4265757000000008	trials	/intervals/trials	62	start_time	n/a	n/a	n/a	n/a	n/a	n/a	n/a	n/a	n/a	dee	93.4279971	62	true	93.4074074	93.8339831
93.4279971	0.0	cv_transition	/intervals/trials	62	cv_transition_time	n/a	n/a	n/a	n/a	n/a	n/a	n/a	n/a	n/a	dee	93.4279971	62	true	93.4074074	93.8339831
94.5831303	0.49468000000000245	trials	/intervals/trials	63	start_time	n/a	n/a	n/a	n/a	n/a	n/a	n/a	n/a	n/a	gee	94.6686566	63	true	94.5831303	95.0778103
94.6686566	0.0	cv_transition	/intervals/trials	63	cv_transition_time	n/a	n/a	n/a	n/a	n/a	n/a	n/a	n/a	n/a	gee	94.6686566	63	true	94.5831303	95.0778103
95.8401559	0.44716540000000293	trials	/intervals/trials	64	start_time	n/a	n/a	n/a	n/a	n/a	n/a	n/a	n/a	n/a	pee	95.9177632	64	true	95.8401559	96.2873213
95.9177632	0.0	cv_transition	/intervals/trials	64	cv_transition_time	n/a	n/a	n/a	n/a	n/a	n/a	n/a	n/a	n/a	pee	95.9177632	64	true	95.8401559	96.2873213
97.1584227	0.47461819999999477	trials	/intervals/trials	65	start_time	n/a	n/a	n/a	n/a	n/a	n/a	n/a	n/a	n/a	tee	97.2191358	65	true	97.1584227	97.6330409
97.2191358	0.0	cv_transition	/intervals/trials	65	cv_transition_time	n/a	n/a	n/a	n/a	n/a	n/a	n/a	n/a	n/a	tee	97.2191358	65	true	97.1584227	97.6330409
98.4645468	0.5189652000000109	trials	/intervals/trials	66	start_time	n/a	n/a	n/a	n/a	n/a	n/a	n/a	n/a	n/a	kee	98.5653834	66	true	98.4645468	98.983512
98.5653834	0.0	cv_transition	/intervals/trials	66	cv_transition_time	n/a	n/a	n/a	n/a	n/a	n/a	n/a	n/a	n/a	kee	98.5653834	66	true	98.4645468	98.983512
99.8002355	0.6007960000000026	trials	/intervals/trials	67	start_time	n/a	n/a	n/a	n/a	n/a	n/a	n/a	n/a	n/a	mee	99.9163824	67	true	99.8002355	100.4010315
99.9163824	0.0	cv_transition	/intervals/trials	67	cv_transition_time	n/a	n/a	n/a	n/a	n/a	n/a	n/a	n/a	n/a	mee	99.9163824	67	true	99.8002355	100.4010315
101.1311728	0.5527534999999943	trials	/intervals/trials	68	start_time	n/a	n/a	n/a	n/a	n/a	n/a	n/a	n/a	n/a	nee	101.2298977	68	true	101.1311728	101.6839263
101.2298977	0.0	cv_transition	/intervals/trials	68	cv_transition_time	n/a	n/a	n/a	n/a	n/a	n/a	n/a	n/a	n/a	nee	101.2298977	68	true	101.1311728	101.6839263
102.3280133	0.6652047000000039	trials	/intervals/trials	69	start_time	n/a	n/a	n/a	n/a	n/a	n/a	n/a	n/a	n/a	shee	102.5735055	69	true	102.3280133	102.993218
102.5735055	0.0	cv_transition	/intervals/trials	69	cv_transition_time	n/a	n/a	n/a	n/a	n/a	n/a	n/a	n/a	n/a	shee	102.5735055	69	true	102.3280133	102.993218
103.5866228	0.7438678000000039	trials	/intervals/trials	70	start_time	n/a	n/a	n/a	n/a	n/a	n/a	n/a	n/a	n/a	see	103.8769899	70	true	103.5866228	104.3304906
103.8769899	0.0	cv_transition	/intervals/trials	70	cv_transition_time	n/a	n/a	n/a	n/a	n/a	n/a	n/a	n/a	n/a	see	103.8769899	70	true	103.5866228	104.3304906
106.2812297	0.6161062000000044	trials	/intervals/trials	71	start_time	n/a	n/a	n/a	n/a	n/a	n/a	n/a	n/a	n/a	hee	106.4792073	71	true	106.2812297	106.8973359
106.4792073	0.0	cv_transition	/intervals/trials	71	cv_transition_time	n/a	n/a	n/a	n/a	n/a	n/a	n/a	n/a	n/a	hee	106.4792073	71	true	106.2812297	106.8973359
107.6237817	0.5765107	trials	/intervals/trials	72	start_time	n/a	n/a	n/a	n/a	n/a	n/a	n/a	n/a	n/a	vee	107.7747726	72	true	107.6237817	108.2002924
107.7747726	0.0	cv_transition	/intervals/trials	72	cv_transition_time	n/a	n/a	n/a	n/a	n/a	n/a	n/a	n/a	n/a	vee	107.7747726	72	true	107.6237817	108.2002924
109.042885	0.48253739999999823	trials	/intervals/trials	73	start_time	n/a	n/a	n/a	n/a	n/a	n/a	n/a	n/a	n/a	ree	109.1717024	73	true	109.042885	109.5254224
109.1717024	0.0	cv_transition	/intervals/trials	73	cv_transition_time	n/a	n/a	n/a	n/a	n/a	n/a	n/a	n/a	n/a	ree	109.1717024	73	true	109.042885	109.5254224
110.3273635	0.5274122999999946	trials	/intervals/trials	74	start_time	n/a	n/a	n/a	n/a	n/a	n/a	n/a	n/a	n/a	lee	110.4287281	74	true	110.3273635	110.8547758
110.4287281	0.0	cv_transition	/intervals/trials	74	cv_transition_time	n/a	n/a	n/a	n/a	n/a	n/a	n/a	n/a	n/a	lee	110.4287281	74	true	110.3273635	110.8547758
111.683114	0.45930799999999294	trials	/intervals/trials	75	start_time	n/a	n/a	n/a	n/a	n/a	n/a	n/a	n/a	n/a	yee	111.7813109	75	true	111.683114	112.142422
111.7813109	0.0	cv_transition	/intervals/trials	75	cv_transition_time	n/a	n/a	n/a	n/a	n/a	n/a	n/a	n/a	n/a	yee	111.7813109	75	true	111.683114	112.142422
113.0665003	0.4523654999999991	trials	/intervals/trials	76	start_time	n/a	n/a	n/a	n/a	n/a	n/a	n/a	n/a	n/a	bee	113.0744167	76	true	113.0665003	113.5188658
113.0744167	0.0	cv_transition	/intervals/trials	76	cv_transition_time	n/a	n/a	n/a	n/a	n/a	n/a	n/a	n/a	n/a	bee	113.0744167	76	true	113.0665003	113.5188658
114.4204841	0.4482212000000061	trials	/intervals/trials	77	start_time	n/a	n/a	n/a	n/a	n/a	n/a	n/a	n/a	n/a	boo	114.4716943	77	true	114.4204841	114.8687053
114.4716943	0.0	cv_transition	/intervals/trials	77	cv_transition_time	n/a	n/a	n/a	n/a	n/a	n/a	n/a	n/a	n/a	boo	114.4716943	77	true	114.4204841	114.8687053
115.6627274	0.4587801000000127	trials	/intervals/trials	78	start_time	n/a	n/a	n/a	n/a	n/a	n/a	n/a	n/a	n/a	doo	115.7118259	78	true	115.6627274	116.1215075
115.7118259	0.0	cv_transition	/intervals/trials	78	cv_transition_time	n/a	n/a	n/a	n/a	n/a	n/a	n/a	n/a	n/a	doo	115.7118259	78	true	115.6627274	116.1215075
116.9978882	0.44822130000000016	trials	/intervals/trials	79	start_time	n/a	n/a	n/a	n/a	n/a	n/a	n/a	n/a	n/a	goo	117.0121426	79	true	116.9978882	117.4461095
117.0121426	0.0	cv_transition	/intervals/trials	79	cv_transition_time	n/a	n/a	n/a	n/a	n/a	n/a	n/a	n/a	n/a	goo	117.0121426	79	true	116.9978882	117.4461095
118.30718	0.493624099999991	trials	/intervals/trials	80	start_time	n/a	n/a	n/a	n/a	n/a	n/a	n/a	n/a	n/a	poo	118.3473034	80	true	118.30718	118.8008041
118.3473034	0.0	cv_transition	/intervals/trials	80	cv_transition_time	n/a	n/a	n/a	n/a	n/a	n/a	n/a	n/a	n/a	poo	118.3473034	80	true	118.30718	118.8008041
119.7072775	0.5490577999999999	trials	/intervals/trials	81	start_time	n/a	n/a	n/a	n/a	n/a	n/a	n/a	n/a	n/a	too	119.7954435	81	true	119.7072775	120.2563353
119.7954435	0.0	cv_transition	/intervals/trials	81	cv_transition_time	n/a	n/a	n/a	n/a	n/a	n/a	n/a	n/a	n/a	too	119.7954435	81	true	119.7072775	120.2563353
120.27569122132283	0.1297425721577241	invalid_times	/intervals/invalid_times	24	start_time	n/a	n/a	n/a	n/a	24	120.27569122132283	120.40543379348055	"[""ECoG artifact""]"	"[{""idx_start"":367052,""count"":396,""timeseries"":""/acquisition/ElectricalSeries""}]"	n/a	n/a	n/a	n/a	n/a	n/a
120.33574850267607	0.26236831258562177	invalid_times	/intervals/invalid_times	47	start_time	n/a	n/a	n/a	n/a	47	120.33574850267607	120.59811681526169	"[""ECoG artifact""]"	"[{""idx_start"":367235,""count"":801,""timeseries"":""/acquisition/ElectricalSeries""}]"	n/a	n/a	n/a	n/a	n/a	n/a
120.47869389546457	0.7611564233253176	invalid_times	/intervals/invalid_times	4	start_time	n/a	n/a	n/a	n/a	4	120.47869389546457	121.23985031878989	"[""ECoG artifact""]"	"[{""idx_start"":367671,""count"":2323,""timeseries"":""/acquisition/ElectricalSeries""}]"	n/a	n/a	n/a	n/a	n/a	n/a
122.405052	0.5501136999999972	trials	/intervals/trials	82	start_time	n/a	n/a	n/a	n/a	n/a	n/a	n/a	n/a	n/a	moo	122.4921621	82	true	122.405052	122.9551657
122.4921621	0.0	cv_transition	/intervals/trials	82	cv_transition_time	n/a	n/a	n/a	n/a	n/a	n/a	n/a	n/a	n/a	moo	122.4921621	82	true	122.405052	122.9551657
123.6842511	0.5923489999999987	trials	/intervals/trials	83	start_time	n/a	n/a	n/a	n/a	n/a	n/a	n/a	n/a	n/a	noo	123.8014539	83	true	123.6842511	124.2766001
123.8014539	0.0	cv_transition	/intervals/trials	83	cv_transition_time	n/a	n/a	n/a	n/a	n/a	n/a	n/a	n/a	n/a	noo	123.8014539	83	true	123.6842511	124.2766001
124.9856238	0.7216942999999958	trials	/intervals/trials	84	start_time	n/a	n/a	n/a	n/a	n/a	n/a	n/a	n/a	n/a	shoo	125.2495939	84	true	124.9856238	125.7073181
125.2495939	0.0	cv_transition	/intervals/trials	84	cv_transition_time	n/a	n/a	n/a	n/a	n/a	n/a	n/a	n/a	n/a	shoo	125.2495939	84	true	124.9856238	125.7073181
126.3477096	0.7290854000000024	trials	/intervals/trials	85	start_time	n/a	n/a	n/a	n/a	n/a	n/a	n/a	n/a	n/a	soo	126.6095679	85	true	126.3477096	127.076795
126.6095679	0.0	cv_transition	/intervals/trials	85	cv_transition_time	n/a	n/a	n/a	n/a	n/a	n/a	n/a	n/a	n/a	soo	126.6095679	85	true	126.3477096	127.076795
129.1093648	0.5200212000000022	trials	/intervals/trials	86	start_time	n/a	n/a	n/a	n/a	n/a	n/a	n/a	n/a	n/a	hoo	129.179053	86	true	129.1093648	129.629386
129.179053	0.0	cv_transition	/intervals/trials	86	cv_transition_time	n/a	n/a	n/a	n/a	n/a	n/a	n/a	n/a	n/a	hoo	129.179053	86	true	129.1093648	129.629386
130.3484405	0.48359329999999545	trials	/intervals/trials	87	start_time	n/a	n/a	n/a	n/a	n/a	n/a	n/a	n/a	n/a	voo	130.3922596	87	true	130.3484405	130.8320338
130.3922596	0.0	cv_transition	/intervals/trials	87	cv_transition_time	n/a	n/a	n/a	n/a	n/a	n/a	n/a	n/a	n/a	voo	130.3922596	87	true	130.3484405	130.8320338
131.6102177	0.5295240000000092	trials	/intervals/trials	88	start_time	n/a	n/a	n/a	n/a	n/a	n/a	n/a	n/a	n/a	roo	131.7390351	88	true	131.6102177	132.1397417
131.7390351	0.0	cv_transition	/intervals/trials	88	cv_transition_time	n/a	n/a	n/a	n/a	n/a	n/a	n/a	n/a	n/a	roo	131.7390351	88	true	131.6102177	132.1397417
132.9221491	0.5342754999999784	trials	/intervals/trials	89	start_time	n/a	n/a	n/a	n/a	n/a	n/a	n/a	n/a	n/a	loo	133.0314327	89	true	132.9221491	133.4564246
133.0314327	0.0	cv_transition	/intervals/trials	89	cv_transition_time	n/a	n/a	n/a	n/a	n/a	n/a	n/a	n/a	n/a	loo	133.0314327	89	true	132.9221491	133.4564246
134.230385	0.5738709999999969	trials	/intervals/trials	90	start_time	n/a	n/a	n/a	n/a	n/a	n/a	n/a	n/a	n/a	yoo	134.335973	90	true	134.230385	134.804256
134.335973	0.0	cv_transition	/intervals/trials	90	cv_transition_time	n/a	n/a	n/a	n/a	n/a	n/a	n/a	n/a	n/a	yoo	134.335973	90	true	134.230385	134.804256
135.5380929	0.5036549999999806	trials	/intervals/trials	91	start_time	n/a	n/a	n/a	n/a	n/a	n/a	n/a	n/a	n/a	woo	135.6278428	91	true	135.5380929	136.0417479
135.6278428	0.0	cv_transition	/intervals/trials	91	cv_transition_time	n/a	n/a	n/a	n/a	n/a	n/a	n/a	n/a	n/a	woo	135.6278428	91	true	135.5380929	136.0417479
137.5416261	0.42076829999999177	trials	/intervals/trials	92	start_time	n/a	n/a	n/a	n/a	n/a	n/a	n/a	n/a	n/a	baa	137.5474334	92	true	137.5416261	137.9623944
137.5474334	0.0	cv_transition	/intervals/trials	92	cv_transition_time	n/a	n/a	n/a	n/a	n/a	n/a	n/a	n/a	n/a	baa	137.5474334	92	true	137.5416261	137.9623944
138.6972872	0.415489000000008	trials	/intervals/trials	93	start_time	n/a	n/a	n/a	n/a	n/a	n/a	n/a	n/a	n/a	daa	138.716293	93	true	138.6972872	139.1127762
138.716293	0.0	cv_transition	/intervals/trials	93	cv_transition_time	n/a	n/a	n/a	n/a	n/a	n/a	n/a	n/a	n/a	daa	138.716293	93	true	138.6972872	139.1127762
140.554053	0.40070659999997815	trials	/intervals/trials	94	start_time	n/a	n/a	n/a	n/a	n/a	n/a	n/a	n/a	n/a	gaa	140.579922	94	true	140.554053	140.9547596
140.579922	0.0	cv_transition	/intervals/trials	94	cv_transition_time	n/a	n/a	n/a	n/a	n/a	n/a	n/a	n/a	n/a	gaa	140.579922	94	true	140.554053	140.9547596
141.6632554	0.41179329999999936	trials	/intervals/trials	95	start_time	n/a	n/a	n/a	n/a	n/a	n/a	n/a	n/a	n/a	paa	141.7002112	95	true	141.6632554	142.0750487
141.7002112	0.0	cv_transition	/intervals/trials	95	cv_transition_time	n/a	n/a	n/a	n/a	n/a	n/a	n/a	n/a	n/a	paa	141.7002112	95	true	141.6632554	142.0750487
143.6335283	0.4355505999999991	trials	/intervals/trials	96	start_time	n/a	n/a	n/a	n/a	n/a	n/a	n/a	n/a	n/a	taa	143.697937	96	true	143.6335283	144.0690789
143.697937	0.0	cv_transition	/intervals/trials	96	cv_transition_time	n/a	n/a	n/a	n/a	n/a	n/a	n/a	n/a	n/a	taa	143.697937	96	true	143.6335283	144.0690789
144.686769	0.4725065000000086	trials	/intervals/trials	97	start_time	n/a	n/a	n/a	n/a	n/a	n/a	n/a	n/a	n/a	kaa	144.7675439	97	true	144.686769	145.1592755
144.7675439	0.0	cv_transition	/intervals/trials	97	cv_transition_time	n/a	n/a	n/a	n/a	n/a	n/a	n/a	n/a	n/a	kaa	144.7675439	97	true	144.686769	145.1592755
146.0235136	0.4371344999999849	trials	/intervals/trials	98	start_time	n/a	n/a	n/a	n/a	n/a	n/a	n/a	n/a	n/a	maa	146.0631092	98	true	146.0235136	146.4606481
146.0631092	0.0	cv_transition	/intervals/trials	98	cv_transition_time	n/a	n/a	n/a	n/a	n/a	n/a	n/a	n/a	n/a	maa	146.0631092	98	true	146.0235136	146.4606481
147.3116878	0.49204030000001353	trials	/intervals/trials	99	start_time	n/a	n/a	n/a	n/a	n/a	n/a	n/a	n/a	n/a	naa	147.3914068	99	true	147.3116878	147.8037281
147.3914068	0.0	cv_transition	/intervals/trials	99	cv_transition_time	n/a	n/a	n/a	n/a	n/a	n/a	n/a	n/a	n/a	naa	147.3914068	99	true	147.3116878	147.8037281
148.3791829	0.63088860000002	trials	/intervals/trials	100	start_time	n/a	n/a	n/a	n/a	n/a	n/a	n/a	n/a	n/a	shaa	148.5924708	100	true	148.3791829	149.0100715
148.5924708	0.0	cv_transition	/intervals/trials	100	cv_transition_time	n/a	n/a	n/a	n/a	n/a	n/a	n/a	n/a	n/a	shaa	148.5924708	100	true	148.3791829	149.0100715
149.5147823	0.6789311999999939	trials	/intervals/trials	101	start_time	n/a	n/a	n/a	n/a	n/a	n/a	n/a	n/a	n/a	saa	149.773473	101	true	149.5147823	150.1937135
149.773473	0.0	cv_transition	/intervals/trials	101	cv_transition_time	n/a	n/a	n/a	n/a	n/a	n/a	n/a	n/a	n/a	saa	149.773473	101	true	149.5147823	150.1937135
150.2440635332313	0.17299009621029882	invalid_times	/intervals/invalid_times	25	start_time	n/a	n/a	n/a	n/a	25	150.2440635332313	150.4170536294416	"[""ECoG artifact""]"	"[{""idx_start"":458508,""count"":528,""timeseries"":""/acquisition/ElectricalSeries""}]"	n/a	n/a	n/a	n/a	n/a	n/a
150.48163332945236	0.6083086316035349	invalid_times	/intervals/invalid_times	5	start_time	n/a	n/a	n/a	n/a	5	150.48163332945236	151.0899419610559	"[""ECoG artifact""]"	"[{""idx_start"":459233,""count"":1856,""timeseries"":""/acquisition/ElectricalSeries""}]"	n/a	n/a	n/a	n/a	n/a	n/a
152.0362248	0.6530620999999996	trials	/intervals/trials	102	start_time	n/a	n/a	n/a	n/a	n/a	n/a	n/a	n/a	n/a	haa	152.246873	102	true	152.0362248	152.6892869
152.246873	0.0	cv_transition	/intervals/trials	102	cv_transition_time	n/a	n/a	n/a	n/a	n/a	n/a	n/a	n/a	n/a	haa	152.246873	102	true	152.0362248	152.6892869
153.6247969	0.4688109999999881	trials	/intervals/trials	103	start_time	n/a	n/a	n/a	n/a	n/a	n/a	n/a	n/a	n/a	vaa	153.6744233	103	true	153.6247969	154.0936079
153.6744233	0.0	cv_transition	/intervals/trials	103	cv_transition_time	n/a	n/a	n/a	n/a	n/a	n/a	n/a	n/a	n/a	vaa	153.6744233	103	true	153.6247969	154.0936079
154.9525666	0.45930799999999294	trials	/intervals/trials	104	start_time	n/a	n/a	n/a	n/a	n/a	n/a	n/a	n/a	n/a	raa	155.0211988	104	true	154.9525666	155.4118746
155.0211988	0.0	cv_transition	/intervals/trials	104	cv_transition_time	n/a	n/a	n/a	n/a	n/a	n/a	n/a	n/a	n/a	raa	155.0211988	104	true	154.9525666	155.4118746
156.2439084	0.48728879999998753	trials	/intervals/trials	105	start_time	n/a	n/a	n/a	n/a	n/a	n/a	n/a	n/a	n/a	laa	156.3326023	105	true	156.2439084	156.7311972
156.3326023	0.0	cv_transition	/intervals/trials	105	cv_transition_time	n/a	n/a	n/a	n/a	n/a	n/a	n/a	n/a	n/a	laa	156.3326023	105	true	156.2439084	156.7311972
157.4074886	0.7739603999999929	trials	/intervals/trials	106	start_time	n/a	n/a	n/a	n/a	n/a	n/a	n/a	n/a	n/a	yaa	157.7580409	106	true	157.4074886	158.181449
157.7580409	0.0	cv_transition	/intervals/trials	106	cv_transition_time	n/a	n/a	n/a	n/a	n/a	n/a	n/a	n/a	n/a	yaa	157.7580409	106	true	157.4074886	158.181449
158.9506579	0.5094622999999956	trials	/intervals/trials	107	start_time	n/a	n/a	n/a	n/a	n/a	n/a	n/a	n/a	n/a	waa	159.0340724	107	true	158.9506579	159.4601202
159.0340724	0.0	cv_transition	/intervals/trials	107	cv_transition_time	n/a	n/a	n/a	n/a	n/a	n/a	n/a	n/a	n/a	waa	159.0340724	107	true	158.9506579	159.4601202
160.39827	0.41020950000000767	trials	/intervals/trials	108	start_time	n/a	n/a	n/a	n/a	n/a	n/a	n/a	n/a	n/a	bee	160.4061891	108	true	160.39827	160.8084795
160.4061891	0.0	cv_transition	/intervals/trials	108	cv_transition_time	n/a	n/a	n/a	n/a	n/a	n/a	n/a	n/a	n/a	bee	160.4061891	108	true	160.39827	160.8084795
161.731847	0.5089344000000153	trials	/intervals/trials	109	start_time	n/a	n/a	n/a	n/a	n/a	n/a	n/a	n/a	n/a	dee	161.766691	109	true	161.731847	162.2407814
161.766691	0.0	cv_transition	/intervals/trials	109	cv_transition_time	n/a	n/a	n/a	n/a	n/a	n/a	n/a	n/a	n/a	dee	161.766691	109	true	161.731847	162.2407814
163.0749269	0.5548651999999947	trials	/intervals/trials	110	start_time	n/a	n/a	n/a	n/a	n/a	n/a	n/a	n/a	n/a	gee	163.1995208	110	true	163.0749269	163.6297921
163.1995208	0.0	cv_transition	/intervals/trials	110	cv_transition_time	n/a	n/a	n/a	n/a	n/a	n/a	n/a	n/a	n/a	gee	163.1995208	110	true	163.0749269	163.6297921
164.416423	0.554337199999992	trials	/intervals/trials	111	start_time	n/a	n/a	n/a	n/a	n/a	n/a	n/a	n/a	n/a	pee	164.4808317	111	true	164.416423	164.9707602
164.4808317	0.0	cv_transition	/intervals/trials	111	cv_transition_time	n/a	n/a	n/a	n/a	n/a	n/a	n/a	n/a	n/a	pee	164.4808317	111	true	164.416423	164.9707602
165.8365822	0.6102989000000036	trials	/intervals/trials	112	start_time	n/a	n/a	n/a	n/a	n/a	n/a	n/a	n/a	n/a	tee	165.9490335	112	true	165.8365822	166.4468811
165.9490335	0.0	cv_transition	/intervals/trials	112	cv_transition_time	n/a	n/a	n/a	n/a	n/a	n/a	n/a	n/a	n/a	tee	165.9490335	112	true	165.8365822	166.4468811
167.4599984	0.5707034000000135	trials	/intervals/trials	113	start_time	n/a	n/a	n/a	n/a	n/a	n/a	n/a	n/a	n/a	kee	167.5618908	113	true	167.4599984	168.0307018
167.5618908	0.0	cv_transition	/intervals/trials	113	cv_transition_time	n/a	n/a	n/a	n/a	n/a	n/a	n/a	n/a	n/a	kee	167.5618908	113	true	167.4599984	168.0307018
168.8036062	0.48676090000000727	trials	/intervals/trials	114	start_time	n/a	n/a	n/a	n/a	n/a	n/a	n/a	n/a	n/a	mee	168.8532326	114	true	168.8036062	169.2903671
168.8532326	0.0	cv_transition	/intervals/trials	114	cv_transition_time	n/a	n/a	n/a	n/a	n/a	n/a	n/a	n/a	n/a	mee	168.8532326	114	true	168.8036062	169.2903671
170.2311566	0.583373899999998	trials	/intervals/trials	115	start_time	n/a	n/a	n/a	n/a	n/a	n/a	n/a	n/a	n/a	nee	170.3230182	115	true	170.2311566	170.8145305
170.3230182	0.0	cv_transition	/intervals/trials	115	cv_transition_time	n/a	n/a	n/a	n/a	n/a	n/a	n/a	n/a	n/a	nee	170.3230182	115	true	170.2311566	170.8145305
171.4660088	0.7433398000000011	trials	/intervals/trials	116	start_time	n/a	n/a	n/a	n/a	n/a	n/a	n/a	n/a	n/a	shee	171.7310348	116	true	171.4660088	172.2093486
171.7310348	0.0	cv_transition	/intervals/trials	116	cv_transition_time	n/a	n/a	n/a	n/a	n/a	n/a	n/a	n/a	n/a	shee	171.7310348	116	true	171.4660088	172.2093486
172.8756092	0.7882146999999975	trials	/intervals/trials	117	start_time	n/a	n/a	n/a	n/a	n/a	n/a	n/a	n/a	n/a	see	173.1453866	117	true	172.8756092	173.6638239
173.1453866	0.0	cv_transition	/intervals/trials	117	cv_transition_time	n/a	n/a	n/a	n/a	n/a	n/a	n/a	n/a	n/a	see	173.1453866	117	true	172.8756092	173.6638239
175.8584714	0.5780945999999858	trials	/intervals/trials	118	start_time	n/a	n/a	n/a	n/a	n/a	n/a	n/a	n/a	n/a	hee	175.985705	118	true	175.8584714	176.436566
175.985705	0.0	cv_transition	/intervals/trials	118	cv_transition_time	n/a	n/a	n/a	n/a	n/a	n/a	n/a	n/a	n/a	hee	175.985705	118	true	175.8584714	176.436566
177.3129467	0.523188800000014	trials	/intervals/trials	119	start_time	n/a	n/a	n/a	n/a	n/a	n/a	n/a	n/a	n/a	vee	177.4032245	119	true	177.3129467	177.8361355
177.4032245	0.0	cv_transition	/intervals/trials	119	cv_transition_time	n/a	n/a	n/a	n/a	n/a	n/a	n/a	n/a	n/a	vee	177.4032245	119	true	177.3129467	177.8361355
178.7304662	0.5928768999999932	trials	/intervals/trials	120	start_time	n/a	n/a	n/a	n/a	n/a	n/a	n/a	n/a	n/a	ree	178.8708983	120	true	178.7304662	179.3233431
178.8708983	0.0	cv_transition	/intervals/trials	120	cv_transition_time	n/a	n/a	n/a	n/a	n/a	n/a	n/a	n/a	n/a	ree	178.8708983	120	true	178.7304662	179.3233431
180.31622990286593	0.12397623561739124	invalid_times	/intervals/invalid_times	26	start_time	n/a	n/a	n/a	n/a	26	180.31622990286593	180.44020613848332	"[""ECoG artifact""]"	"[{""idx_start"":550281,""count"":378,""timeseries"":""/acquisition/ElectricalSeries""}]"	n/a	n/a	n/a	n/a	n/a	n/a
180.41953470827175	0.17587326448045815	invalid_times	/intervals/invalid_times	46	start_time	n/a	n/a	n/a	n/a	46	180.41953470827175	180.5954079727522	"[""ECoG artifact""]"	"[{""idx_start"":550596,""count"":537,""timeseries"":""/acquisition/ElectricalSeries""}]"	n/a	n/a	n/a	n/a	n/a	n/a
180.52178806527655	0.7871049377568511	invalid_times	/intervals/invalid_times	6	start_time	n/a	n/a	n/a	n/a	6	180.52178806527655	181.3088930030334	"[""ECoG artifact""]"	"[{""idx_start"":550908,""count"":2402,""timeseries"":""/acquisition/ElectricalSeries""}]"	n/a	n/a	n/a	n/a	n/a	n/a
181.5750081	0.5078785000000039	trials	/intervals/trials	121	start_time	n/a	n/a	n/a	n/a	n/a	n/a	n/a	n/a	n/a	yee	181.6742609	121	true	181.5750081	182.0828866
181.6742609	0.0	cv_transition	/intervals/trials	121	cv_transition_time	n/a	n/a	n/a	n/a	n/a	n/a	n/a	n/a	n/a	yee	181.6742609	121	true	181.5750081	182.0828866
182.8758528	0.6081872000000033	trials	/intervals/trials	122	start_time	n/a	n/a	n/a	n/a	n/a	n/a	n/a	n/a	n/a	wee	183.0189246	122	true	182.8758528	183.48404
183.0189246	0.0	cv_transition	/intervals/trials	122	cv_transition_time	n/a	n/a	n/a	n/a	n/a	n/a	n/a	n/a	n/a	wee	183.0189246	122	true	182.8758528	183.48404
184.2675032	0.44822130000000016	trials	/intervals/trials	123	start_time	n/a	n/a	n/a	n/a	n/a	n/a	n/a	n/a	n/a	boo	184.2954841	123	true	184.2675032	184.7157245
184.2954841	0.0	cv_transition	/intervals/trials	123	cv_transition_time	n/a	n/a	n/a	n/a	n/a	n/a	n/a	n/a	n/a	boo	184.2954841	123	true	184.2675032	184.7157245
185.5625406	0.4909844000000021	trials	/intervals/trials	124	start_time	n/a	n/a	n/a	n/a	n/a	n/a	n/a	n/a	n/a	doo	185.6047758	124	true	185.5625406	186.053525
185.6047758	0.0	cv_transition	/intervals/trials	124	cv_transition_time	n/a	n/a	n/a	n/a	n/a	n/a	n/a	n/a	n/a	doo	185.6047758	124	true	185.5625406	186.053525
187.0127924	0.49679170000001704	trials	/intervals/trials	125	start_time	n/a	n/a	n/a	n/a	n/a	n/a	n/a	n/a	n/a	goo	187.0925114	125	true	187.0127924	187.5095841
187.0925114	0.0	cv_transition	/intervals/trials	125	cv_transition_time	n/a	n/a	n/a	n/a	n/a	n/a	n/a	n/a	n/a	goo	187.0925114	125	true	187.0127924	187.5095841
188.5469867	0.49626380000000836	trials	/intervals/trials	126	start_time	n/a	n/a	n/a	n/a	n/a	n/a	n/a	n/a	n/a	poo	188.5892219	126	true	188.5469867	189.0432505
188.5892219	0.0	cv_transition	/intervals/trials	126	cv_transition_time	n/a	n/a	n/a	n/a	n/a	n/a	n/a	n/a	n/a	poo	188.5892219	126	true	188.5469867	189.0432505
189.992487	0.5495857999999885	trials	/intervals/trials	127	start_time	n/a	n/a	n/a	n/a	n/a	n/a	n/a	n/a	n/a	too	190.0600634	127	true	189.992487	190.5420728
190.0600634	0.0	cv_transition	/intervals/trials	127	cv_transition_time	n/a	n/a	n/a	n/a	n/a	n/a	n/a	n/a	n/a	too	190.0600634	127	true	189.992487	190.5420728
191.3630198	0.5348035000000095	trials	/intervals/trials	128	start_time	n/a	n/a	n/a	n/a	n/a	n/a	n/a	n/a	n/a	koo	191.4385153	128	true	191.3630198	191.8978233
191.4385153	0.0	cv_transition	/intervals/trials	128	cv_transition_time	n/a	n/a	n/a	n/a	n/a	n/a	n/a	n/a	n/a	koo	191.4385153	128	true	191.3630198	191.8978233
193.0138889	0.4841211999999757	trials	/intervals/trials	129	start_time	n/a	n/a	n/a	n/a	n/a	n/a	n/a	n/a	n/a	moo	193.0777697	129	true	193.0138889	193.4980101
193.0777697	0.0	cv_transition	/intervals/trials	129	cv_transition_time	n/a	n/a	n/a	n/a	n/a	n/a	n/a	n/a	n/a	moo	193.0777697	129	true	193.0138889	193.4980101
194.4657245	0.559088700000018	trials	/intervals/trials	130	start_time	n/a	n/a	n/a	n/a	n/a	n/a	n/a	n/a	n/a	noo	194.5987654	130	true	194.4657245	195.0248132
194.5987654	0.0	cv_transition	/intervals/trials	130	cv_transition_time	n/a	n/a	n/a	n/a	n/a	n/a	n/a	n/a	n/a	noo	194.5987654	130	true	194.4657245	195.0248132
195.8251706	0.7924381999999923	trials	/intervals/trials	131	start_time	n/a	n/a	n/a	n/a	n/a	n/a	n/a	n/a	n/a	shoo	196.1662199	131	true	195.8251706	196.6176088
196.1662199	0.0	cv_transition	/intervals/trials	131	cv_transition_time	n/a	n/a	n/a	n/a	n/a	n/a	n/a	n/a	n/a	shoo	196.1662199	131	true	195.8251706	196.6176088
197.3387752	0.7407001000000264	trials	/intervals/trials	132	start_time	n/a	n/a	n/a	n/a	n/a	n/a	n/a	n/a	n/a	soo	197.605385	132	true	197.3387752	198.0794753
197.605385	0.0	cv_transition	/intervals/trials	132	cv_transition_time	n/a	n/a	n/a	n/a	n/a	n/a	n/a	n/a	n/a	soo	197.605385	132	true	197.3387752	198.0794753
200.4684048	0.6055474000000061	trials	/intervals/trials	133	start_time	n/a	n/a	n/a	n/a	n/a	n/a	n/a	n/a	n/a	hoo	200.5887752	133	true	200.4684048	201.0739522
200.5887752	0.0	cv_transition	/intervals/trials	133	cv_transition_time	n/a	n/a	n/a	n/a	n/a	n/a	n/a	n/a	n/a	hoo	200.5887752	133	true	200.4684048	201.0739522
202.1250812	0.4841211999999757	trials	/intervals/trials	134	start_time	n/a	n/a	n/a	n/a	n/a	n/a	n/a	n/a	n/a	voo	202.1952973	134	true	202.1250812	202.6092024
202.1952973	0.0	cv_transition	/intervals/trials	134	cv_transition_time	n/a	n/a	n/a	n/a	n/a	n/a	n/a	n/a	n/a	voo	202.1952973	134	true	202.1250812	202.6092024
203.5030052	0.5955165999999963	trials	/intervals/trials	135	start_time	n/a	n/a	n/a	n/a	n/a	n/a	n/a	n/a	n/a	roo	203.6244314	135	true	203.5030052	204.0985218
203.6244314	0.0	cv_transition	/intervals/trials	135	cv_transition_time	n/a	n/a	n/a	n/a	n/a	n/a	n/a	n/a	n/a	roo	203.6244314	135	true	203.5030052	204.0985218
204.9907407	0.5390270000000044	trials	/intervals/trials	136	start_time	n/a	n/a	n/a	n/a	n/a	n/a	n/a	n/a	n/a	loo	205.1047758	136	true	204.9907407	205.5297677
205.1047758	0.0	cv_transition	/intervals/trials	136	cv_transition_time	n/a	n/a	n/a	n/a	n/a	n/a	n/a	n/a	n/a	loo	205.1047758	136	true	204.9907407	205.5297677
206.3517706	0.6731237999999848	trials	/intervals/trials	137	start_time	n/a	n/a	n/a	n/a	n/a	n/a	n/a	n/a	n/a	yoo	206.4415205	137	true	206.3517706	207.0248944
206.4415205	0.0	cv_transition	/intervals/trials	137	cv_transition_time	n/a	n/a	n/a	n/a	n/a	n/a	n/a	n/a	n/a	yoo	206.4415205	137	true	206.3517706	207.0248944
207.8912443	0.5923488999999904	trials	/intervals/trials	138	start_time	n/a	n/a	n/a	n/a	n/a	n/a	n/a	n/a	n/a	woo	207.9619883	138	true	207.8912443	208.4835932
207.9619883	0.0	cv_transition	/intervals/trials	138	cv_transition_time	n/a	n/a	n/a	n/a	n/a	n/a	n/a	n/a	n/a	woo	207.9619883	138	true	207.8912443	208.4835932
209.4608106	0.4323829999999873	trials	/intervals/trials	139	start_time	n/a	n/a	n/a	n/a	n/a	n/a	n/a	n/a	n/a	baa	209.4692576	139	true	209.4608106	209.8931936
209.4692576	0.0	cv_transition	/intervals/trials	139	cv_transition_time	n/a	n/a	n/a	n/a	n/a	n/a	n/a	n/a	n/a	baa	209.4692576	139	true	209.4608106	209.8931936
210.3422431868214	0.21910642654913204	invalid_times	/intervals/invalid_times	39	start_time	n/a	n/a	n/a	n/a	39	210.3422431868214	210.56134961337054	"[""ECoG artifact""]"	"[{""idx_start"":641913,""count"":669,""timeseries"":""/acquisition/ElectricalSeries""}]"	n/a	n/a	n/a	n/a	n/a	n/a
210.4930435454552	0.7121425627323958	invalid_times	/intervals/invalid_times	7	start_time	n/a	n/a	n/a	n/a	7	210.4930435454552	211.2051861081876	"[""ECoG artifact""]"	"[{""idx_start"":642373,""count"":2174,""timeseries"":""/acquisition/ElectricalSeries""}]"	n/a	n/a	n/a	n/a	n/a	n/a
212.1807586	0.5062947000000122	trials	/intervals/trials	140	start_time	n/a	n/a	n/a	n/a	n/a	n/a	n/a	n/a	n/a	gaa	212.212963	140	true	212.1807586	212.6870533
212.212963	0.0	cv_transition	/intervals/trials	140	cv_transition_time	n/a	n/a	n/a	n/a	n/a	n/a	n/a	n/a	n/a	gaa	212.212963	140	true	212.1807586	212.6870533
213.5138077	0.5131579000000102	trials	/intervals/trials	141	start_time	n/a	n/a	n/a	n/a	n/a	n/a	n/a	n/a	n/a	paa	213.5576267	141	true	213.5138077	214.0269656
213.5576267	0.0	cv_transition	/intervals/trials	141	cv_transition_time	n/a	n/a	n/a	n/a	n/a	n/a	n/a	n/a	n/a	paa	213.5576267	141	true	213.5138077	214.0269656
214.8473847	0.547473999999994	trials	/intervals/trials	142	start_time	n/a	n/a	n/a	n/a	n/a	n/a	n/a	n/a	n/a	taa	214.9202404	142	true	214.8473847	215.3948587
214.9202404	0.0	cv_transition	/intervals/trials	142	cv_transition_time	n/a	n/a	n/a	n/a	n/a	n/a	n/a	n/a	n/a	taa	214.9202404	142	true	214.8473847	215.3948587
216.26596	0.5722872000000052	trials	/intervals/trials	143	start_time	n/a	n/a	n/a	n/a	n/a	n/a	n/a	n/a	n/a	kaa	216.3704922	143	true	216.26596	216.8382472
216.3704922	0.0	cv_transition	/intervals/trials	143	cv_transition_time	n/a	n/a	n/a	n/a	n/a	n/a	n/a	n/a	n/a	kaa	216.3704922	143	true	216.26596	216.8382472
217.6364929	0.5194931000000054	trials	/intervals/trials	144	start_time	n/a	n/a	n/a	n/a	n/a	n/a	n/a	n/a	n/a	maa	217.6940383	144	true	217.6364929	218.155986
217.6940383	0.0	cv_transition	/intervals/trials	144	cv_transition_time	n/a	n/a	n/a	n/a	n/a	n/a	n/a	n/a	n/a	maa	217.6940383	144	true	217.6364929	218.155986
218.969014	0.5342755000000068	trials	/intervals/trials	145	start_time	n/a	n/a	n/a	n/a	n/a	n/a	n/a	n/a	n/a	naa	219.0334227	145	true	218.969014	219.5032895
219.0334227	0.0	cv_transition	/intervals/trials	145	cv_transition_time	n/a	n/a	n/a	n/a	n/a	n/a	n/a	n/a	n/a	naa	219.0334227	145	true	218.969014	219.5032895
220.2561322	0.6947694000000126	trials	/intervals/trials	146	start_time	n/a	n/a	n/a	n/a	n/a	n/a	n/a	n/a	n/a	shaa	220.4847303	146	true	220.2561322	220.9509016
220.4847303	0.0	cv_transition	/intervals/trials	146	cv_transition_time	n/a	n/a	n/a	n/a	n/a	n/a	n/a	n/a	n/a	shaa	220.4847303	146	true	220.2561322	220.9509016
221.6234974	0.6372238000000152	trials	/intervals/trials	147	start_time	n/a	n/a	n/a	n/a	n/a	n/a	n/a	n/a	n/a	saa	221.8103882	147	true	221.6234974	222.2607212
221.8103882	0.0	cv_transition	/intervals/trials	147	cv_transition_time	n/a	n/a	n/a	n/a	n/a	n/a	n/a	n/a	n/a	saa	221.8103882	147	true	221.6234974	222.2607212
224.3223278	0.5891812999999786	trials	/intervals/trials	148	start_time	n/a	n/a	n/a	n/a	n/a	n/a	n/a	n/a	n/a	haa	224.4743746	148	true	224.3223278	224.9115091
224.4743746	0.0	cv_transition	/intervals/trials	148	cv_transition_time	n/a	n/a	n/a	n/a	n/a	n/a	n/a	n/a	n/a	haa	224.4743746	148	true	224.3223278	224.9115091
225.804256	0.5590886999999896	trials	/intervals/trials	149	start_time	n/a	n/a	n/a	n/a	n/a	n/a	n/a	n/a	n/a	vaa	225.901397	149	true	225.804256	226.3633447
225.901397	0.0	cv_transition	/intervals/trials	149	cv_transition_time	n/a	n/a	n/a	n/a	n/a	n/a	n/a	n/a	n/a	vaa	225.901397	149	true	225.804256	226.3633447
227.1272742	0.631944400000009	trials	/intervals/trials	150	start_time	n/a	n/a	n/a	n/a	n/a	n/a	n/a	n/a	n/a	raa	227.2597872	150	true	227.1272742	227.7592186
227.2597872	0.0	cv_transition	/intervals/trials	150	cv_transition_time	n/a	n/a	n/a	n/a	n/a	n/a	n/a	n/a	n/a	raa	227.2597872	150	true	227.1272742	227.7592186
228.4318145	0.5897091999999873	trials	/intervals/trials	151	start_time	n/a	n/a	n/a	n/a	n/a	n/a	n/a	n/a	n/a	laa	228.5801657	151	true	228.4318145	229.0215237
228.5801657	0.0	cv_transition	/intervals/trials	151	cv_transition_time	n/a	n/a	n/a	n/a	n/a	n/a	n/a	n/a	n/a	laa	228.5801657	151	true	228.4318145	229.0215237
229.875731	0.5854856999999924	trials	/intervals/trials	152	start_time	n/a	n/a	n/a	n/a	n/a	n/a	n/a	n/a	n/a	yaa	230.0003249	152	true	229.875731	230.4612167
230.0003249	0.0	cv_transition	/intervals/trials	152	cv_transition_time	n/a	n/a	n/a	n/a	n/a	n/a	n/a	n/a	n/a	yaa	230.0003249	152	true	229.875731	230.4612167
231.3909194	0.45455659999998943	trials	/intervals/trials	153	start_time	n/a	n/a	n/a	n/a	n/a	n/a	n/a	n/a	n/a	waa	231.4558561	153	true	231.3909194	231.845476
231.4558561	0.0	cv_transition	/intervals/trials	153	cv_transition_time	n/a	n/a	n/a	n/a	n/a	n/a	n/a	n/a	n/a	waa	231.4558561	153	true	231.3909194	231.845476
233.7666504	0.41601689999998825	trials	/intervals/trials	154	start_time	n/a	n/a	n/a	n/a	n/a	n/a	n/a	n/a	n/a	bee	233.7798489	154	true	233.7666504	234.1826673
233.7798489	0.0	cv_transition	/intervals/trials	154	cv_transition_time	n/a	n/a	n/a	n/a	n/a	n/a	n/a	n/a	n/a	bee	233.7798489	154	true	233.7666504	234.1826673
235.0057261	0.4476932999999974	trials	/intervals/trials	155	start_time	n/a	n/a	n/a	n/a	n/a	n/a	n/a	n/a	n/a	dee	235.0379305	155	true	235.0057261	235.4534194
235.0379305	0.0	cv_transition	/intervals/trials	155	cv_transition_time	n/a	n/a	n/a	n/a	n/a	n/a	n/a	n/a	n/a	dee	235.0379305	155	true	235.0057261	235.4534194
236.1888402	0.5691194999999993	trials	/intervals/trials	156	start_time	n/a	n/a	n/a	n/a	n/a	n/a	n/a	n/a	n/a	gee	236.2791179	156	true	236.1888402	236.7579597
236.2791179	0.0	cv_transition	/intervals/trials	156	cv_transition_time	n/a	n/a	n/a	n/a	n/a	n/a	n/a	n/a	n/a	gee	236.2791179	156	true	236.1888402	236.7579597
237.5635965	0.5474740000000224	trials	/intervals/trials	157	start_time	n/a	n/a	n/a	n/a	n/a	n/a	n/a	n/a	n/a	pee	237.647539	157	true	237.5635965	238.1110705
237.647539	0.0	cv_transition	/intervals/trials	157	cv_transition_time	n/a	n/a	n/a	n/a	n/a	n/a	n/a	n/a	n/a	pee	237.647539	157	true	237.5635965	238.1110705
238.9299058	0.48992849999999066	trials	/intervals/trials	158	start_time	n/a	n/a	n/a	n/a	n/a	n/a	n/a	n/a	n/a	tee	238.9842836	158	true	238.9299058	239.4198343
238.9842836	0.0	cv_transition	/intervals/trials	158	cv_transition_time	n/a	n/a	n/a	n/a	n/a	n/a	n/a	n/a	n/a	tee	238.9842836	158	true	238.9299058	239.4198343
240.37662308229892	0.12685940388755057	invalid_times	/intervals/invalid_times	27	start_time	n/a	n/a	n/a	n/a	27	240.37662308229892	240.50348248618647	"[""ECoG artifact""]"	"[{""idx_start"":733571,""count"":387,""timeseries"":""/acquisition/ElectricalSeries""}]"	n/a	n/a	n/a	n/a	n/a	n/a
240.47127838289424	0.2075881154523529	invalid_times	/intervals/invalid_times	45	start_time	n/a	n/a	n/a	n/a	45	240.47127838289424	240.6788664983466	"[""ECoG artifact""]"	"[{""idx_start"":733860,""count"":633,""timeseries"":""/acquisition/ElectricalSeries""}]"	n/a	n/a	n/a	n/a	n/a	n/a
240.56232674681965	0.7150257310025552	invalid_times	/intervals/invalid_times	8	start_time	n/a	n/a	n/a	n/a	8	240.56232674681965	241.2773524778222	"[""ECoG artifact""]"	"[{""idx_start"":734137,""count"":2183,""timeseries"":""/acquisition/ElectricalSeries""}]"	n/a	n/a	n/a	n/a	n/a	n/a
241.6614685	0.5131578999999817	trials	/intervals/trials	159	start_time	n/a	n/a	n/a	n/a	n/a	n/a	n/a	n/a	n/a	mee	241.7116228	159	true	241.6614685	242.1746264
241.7116228	0.0	cv_transition	/intervals/trials	159	cv_transition_time	n/a	n/a	n/a	n/a	n/a	n/a	n/a	n/a	n/a	mee	241.7116228	159	true	241.6614685	242.1746264
243.1444526	0.5992121000000168	trials	/intervals/trials	160	start_time	n/a	n/a	n/a	n/a	n/a	n/a	n/a	n/a	n/a	nee	243.2004142	160	true	243.1444526	243.7436647
243.2004142	0.0	cv_transition	/intervals/trials	160	cv_transition_time	n/a	n/a	n/a	n/a	n/a	n/a	n/a	n/a	n/a	nee	243.2004142	160	true	243.1444526	243.7436647
244.5461339	0.726973600000008	trials	/intervals/trials	161	start_time	n/a	n/a	n/a	n/a	n/a	n/a	n/a	n/a	n/a	shee	244.7895143	161	true	244.5461339	245.2731075
244.7895143	0.0	cv_transition	/intervals/trials	161	cv_transition_time	n/a	n/a	n/a	n/a	n/a	n/a	n/a	n/a	n/a	shee	244.7895143	161	true	244.5461339	245.2731075
245.9235299	0.7502029999999991	trials	/intervals/trials	162	start_time	n/a	n/a	n/a	n/a	n/a	n/a	n/a	n/a	n/a	see	246.1653265	162	true	245.9235299	246.6737329
246.1653265	0.0	cv_transition	/intervals/trials	162	cv_transition_time	n/a	n/a	n/a	n/a	n/a	n/a	n/a	n/a	n/a	see	246.1653265	162	true	245.9235299	246.6737329
248.7469542	0.6340562000000034	trials	/intervals/trials	163	start_time	n/a	n/a	n/a	n/a	n/a	n/a	n/a	n/a	n/a	hee	248.9032245	163	true	248.7469542	249.3810104
248.9032245	0.0	cv_transition	/intervals/trials	163	cv_transition_time	n/a	n/a	n/a	n/a	n/a	n/a	n/a	n/a	n/a	hee	248.9032245	163	true	248.7469542	249.3810104
250.2642544	0.5786224999999945	trials	/intervals/trials	164	start_time	n/a	n/a	n/a	n/a	n/a	n/a	n/a	n/a	n/a	vee	250.399935	164	true	250.2642544	250.8428769
250.399935	0.0	cv_transition	/intervals/trials	164	cv_transition_time	n/a	n/a	n/a	n/a	n/a	n/a	n/a	n/a	n/a	vee	250.399935	164	true	250.2642544	250.8428769
251.6691033	0.6055474000000061	trials	/intervals/trials	165	start_time	n/a	n/a	n/a	n/a	n/a	n/a	n/a	n/a	n/a	ree	251.8148148	165	true	251.6691033	252.2746507
251.8148148	0.0	cv_transition	/intervals/trials	165	cv_transition_time	n/a	n/a	n/a	n/a	n/a	n/a	n/a	n/a	n/a	ree	251.8148148	165	true	251.6691033	252.2746507
253.835242	0.5031271000000004	trials	/intervals/trials	166	start_time	n/a	n/a	n/a	n/a	n/a	n/a	n/a	n/a	n/a	lee	253.9545565	166	true	253.835242	254.3383691
253.9545565	0.0	cv_transition	/intervals/trials	166	cv_transition_time	n/a	n/a	n/a	n/a	n/a	n/a	n/a	n/a	n/a	lee	253.9545565	166	true	253.835242	254.3383691
255.0927956	0.6087151000000119	trials	/intervals/trials	167	start_time	n/a	n/a	n/a	n/a	n/a	n/a	n/a	n/a	n/a	yee	255.2559292	167	true	255.0927956	255.7015107
255.2559292	0.0	cv_transition	/intervals/trials	167	cv_transition_time	n/a	n/a	n/a	n/a	n/a	n/a	n/a	n/a	n/a	yee	255.2559292	167	true	255.0927956	255.7015107
256.5932018	0.5279402000000459	trials	/intervals/trials	168	start_time	n/a	n/a	n/a	n/a	n/a	n/a	n/a	n/a	n/a	wee	256.7098765	168	true	256.5932018	257.121142
256.7098765	0.0	cv_transition	/intervals/trials	168	cv_transition_time	n/a	n/a	n/a	n/a	n/a	n/a	n/a	n/a	n/a	wee	256.7098765	168	true	256.5932018	257.121142
258.1675195	0.4645873999999708	trials	/intervals/trials	169	start_time	n/a	n/a	n/a	n/a	n/a	n/a	n/a	n/a	n/a	boo	258.1727989	169	true	258.1675195	258.6321069
258.1727989	0.0	cv_transition	/intervals/trials	169	cv_transition_time	n/a	n/a	n/a	n/a	n/a	n/a	n/a	n/a	n/a	boo	258.1727989	169	true	258.1675195	258.6321069
259.5369964	0.41918459999999413	trials	/intervals/trials	170	start_time	n/a	n/a	n/a	n/a	n/a	n/a	n/a	n/a	n/a	doo	259.5723684	170	true	259.5369964	259.956181
259.5723684	0.0	cv_transition	/intervals/trials	170	cv_transition_time	n/a	n/a	n/a	n/a	n/a	n/a	n/a	n/a	n/a	doo	259.5723684	170	true	259.5369964	259.956181
261.0537687	0.47620210000002317	trials	/intervals/trials	171	start_time	n/a	n/a	n/a	n/a	n/a	n/a	n/a	n/a	n/a	goo	261.0822775	171	true	261.0537687	261.5299708
261.0822775	0.0	cv_transition	/intervals/trials	171	cv_transition_time	n/a	n/a	n/a	n/a	n/a	n/a	n/a	n/a	n/a	goo	261.0822775	171	true	261.0537687	261.5299708
262.472872	0.6002680000000282	trials	/intervals/trials	172	start_time	n/a	n/a	n/a	n/a	n/a	n/a	n/a	n/a	n/a	poo	262.5457277	172	true	262.472872	263.07314
262.5457277	0.0	cv_transition	/intervals/trials	172	cv_transition_time	n/a	n/a	n/a	n/a	n/a	n/a	n/a	n/a	n/a	poo	262.5457277	172	true	262.472872	263.07314
264.0223765	0.5464182000000051	trials	/intervals/trials	173	start_time	n/a	n/a	n/a	n/a	n/a	n/a	n/a	n/a	n/a	too	264.079922	173	true	264.0223765	264.5687947
264.079922	0.0	cv_transition	/intervals/trials	173	cv_transition_time	n/a	n/a	n/a	n/a	n/a	n/a	n/a	n/a	n/a	too	264.079922	173	true	264.0223765	264.5687947
265.3981888	0.5944605999999908	trials	/intervals/trials	174	start_time	n/a	n/a	n/a	n/a	n/a	n/a	n/a	n/a	n/a	koo	265.5280621	174	true	265.3981888	265.9926494
265.5280621	0.0	cv_transition	/intervals/trials	174	cv_transition_time	n/a	n/a	n/a	n/a	n/a	n/a	n/a	n/a	n/a	koo	265.5280621	174	true	265.3981888	265.9926494
266.9666992	0.5179092999999853	trials	/intervals/trials	175	start_time	n/a	n/a	n/a	n/a	n/a	n/a	n/a	n/a	n/a	moo	267.0627843	175	true	266.9666992	267.4846085
267.0627843	0.0	cv_transition	/intervals/trials	175	cv_transition_time	n/a	n/a	n/a	n/a	n/a	n/a	n/a	n/a	n/a	moo	267.0627843	175	true	266.9666992	267.4846085
268.328257	0.6029077000000029	trials	/intervals/trials	176	start_time	n/a	n/a	n/a	n/a	n/a	n/a	n/a	n/a	n/a	noo	268.4549626	176	true	268.328257	268.9311647
268.4549626	0.0	cv_transition	/intervals/trials	176	cv_transition_time	n/a	n/a	n/a	n/a	n/a	n/a	n/a	n/a	n/a	noo	268.4549626	176	true	268.328257	268.9311647
269.8064896	0.6752354999999852	trials	/intervals/trials	177	start_time	n/a	n/a	n/a	n/a	n/a	n/a	n/a	n/a	n/a	shoo	270.0804906	177	true	269.8064896	270.4817251
270.0804906	0.0	cv_transition	/intervals/trials	177	cv_transition_time	n/a	n/a	n/a	n/a	n/a	n/a	n/a	n/a	n/a	shoo	270.0804906	177	true	269.8064896	270.4817251
270.4257241057722	0.5420356347922848	invalid_times	/intervals/invalid_times	28	start_time	n/a	n/a	n/a	n/a	28	270.4257241057722	270.9677597405645	"[""ECoG artifact""]"	"[{""idx_start"":825273,""count"":1654,""timeseries"":""/acquisition/ElectricalSeries""}]"	n/a	n/a	n/a	n/a	n/a	n/a
270.87373948532354	0.45839370817515146	invalid_times	/intervals/invalid_times	9	start_time	n/a	n/a	n/a	n/a	9	270.87373948532354	271.3321331934987	"[""ECoG artifact""]"	"[{""idx_start"":826641,""count"":1398,""timeseries"":""/acquisition/ElectricalSeries""}]"	n/a	n/a	n/a	n/a	n/a	n/a
271.3285413	0.7327809999999886	trials	/intervals/trials	178	start_time	n/a	n/a	n/a	n/a	n/a	n/a	n/a	n/a	n/a	soo	271.5750893	178	true	271.3285413	272.0613223
271.5750893	0.0	cv_transition	/intervals/trials	178	cv_transition_time	n/a	n/a	n/a	n/a	n/a	n/a	n/a	n/a	n/a	soo	271.5750893	178	true	271.3285413	272.0613223
274.3172109	0.6398634999999899	trials	/intervals/trials	179	start_time	n/a	n/a	n/a	n/a	n/a	n/a	n/a	n/a	n/a	hoo	274.4903752	179	true	274.3172109	274.9570744
274.4903752	0.0	cv_transition	/intervals/trials	179	cv_transition_time	n/a	n/a	n/a	n/a	n/a	n/a	n/a	n/a	n/a	hoo	274.4903752	179	true	274.3172109	274.9570744
275.7769656	0.5712313000000222	trials	/intervals/trials	180	start_time	n/a	n/a	n/a	n/a	n/a	n/a	n/a	n/a	n/a	voo	275.8680328	180	true	275.7769656	276.3481969
275.8680328	0.0	cv_transition	/intervals/trials	180	cv_transition_time	n/a	n/a	n/a	n/a	n/a	n/a	n/a	n/a	n/a	voo	275.8680328	180	true	275.7769656	276.3481969
277.1258528	0.5897092999999813	trials	/intervals/trials	181	start_time	n/a	n/a	n/a	n/a	n/a	n/a	n/a	n/a	n/a	roo	277.2689246	181	true	277.1258528	277.7155621
277.2689246	0.0	cv_transition	/intervals/trials	181	cv_transition_time	n/a	n/a	n/a	n/a	n/a	n/a	n/a	n/a	n/a	roo	277.2689246	181	true	277.1258528	277.7155621
278.5449561	0.5733431000000451	trials	/intervals/trials	182	start_time	n/a	n/a	n/a	n/a	n/a	n/a	n/a	n/a	n/a	loo	278.6663824	182	true	278.5449561	279.1182992
278.6663824	0.0	cv_transition	/intervals/trials	182	cv_transition_time	n/a	n/a	n/a	n/a	n/a	n/a	n/a	n/a	n/a	loo	278.6663824	182	true	278.5449561	279.1182992
279.9603639	0.5965724000000137	trials	/intervals/trials	183	start_time	n/a	n/a	n/a	n/a	n/a	n/a	n/a	n/a	n/a	yoo	280.0850326	183	true	279.9603639	280.5569363
280.0850326	0.0	cv_transition	/intervals/trials	183	cv_transition_time	n/a	n/a	n/a	n/a	n/a	n/a	n/a	n/a	n/a	yoo	280.0850326	183	true	279.9603639	280.5569363
281.4908626	0.5480018999999743	trials	/intervals/trials	184	start_time	n/a	n/a	n/a	n/a	n/a	n/a	n/a	n/a	n/a	woo	281.6175682	184	true	281.4908626	282.0388645
281.6175682	0.0	cv_transition	/intervals/trials	184	cv_transition_time	n/a	n/a	n/a	n/a	n/a	n/a	n/a	n/a	n/a	woo	281.6175682	184	true	281.4908626	282.0388645
282.9379467	0.4798976999999809	trials	/intervals/trials	185	start_time	n/a	n/a	n/a	n/a	n/a	n/a	n/a	n/a	n/a	baa	282.9511452	185	true	282.9379467	283.4178444
282.9511452	0.0	cv_transition	/intervals/trials	185	cv_transition_time	n/a	n/a	n/a	n/a	n/a	n/a	n/a	n/a	n/a	baa	282.9511452	185	true	282.9379467	283.4178444
284.2736355	0.4814814999999726	trials	/intervals/trials	186	start_time	n/a	n/a	n/a	n/a	n/a	n/a	n/a	n/a	n/a	daa	284.2931693	186	true	284.2736355	284.755117
284.2931693	0.0	cv_transition	/intervals/trials	186	cv_transition_time	n/a	n/a	n/a	n/a	n/a	n/a	n/a	n/a	n/a	daa	284.2931693	186	true	284.2736355	284.755117
285.6235786	0.5068226000000209	trials	/intervals/trials	187	start_time	n/a	n/a	n/a	n/a	n/a	n/a	n/a	n/a	n/a	gaa	285.6478639	187	true	285.6235786	286.1304012
285.6478639	0.0	cv_transition	/intervals/trials	187	cv_transition_time	n/a	n/a	n/a	n/a	n/a	n/a	n/a	n/a	n/a	gaa	285.6478639	187	true	285.6235786	286.1304012
286.9455409	0.5870695999999498	trials	/intervals/trials	188	start_time	n/a	n/a	n/a	n/a	n/a	n/a	n/a	n/a	n/a	paa	287.0099496	188	true	286.9455409	287.5326105
287.0099496	0.0	cv_transition	/intervals/trials	188	cv_transition_time	n/a	n/a	n/a	n/a	n/a	n/a	n/a	n/a	n/a	paa	287.0099496	188	true	286.9455409	287.5326105
288.29654	0.5939326999999821	trials	/intervals/trials	189	start_time	n/a	n/a	n/a	n/a	n/a	n/a	n/a	n/a	n/a	taa	288.4232456	189	true	288.29654	288.8904727
288.4232456	0.0	cv_transition	/intervals/trials	189	cv_transition_time	n/a	n/a	n/a	n/a	n/a	n/a	n/a	n/a	n/a	taa	288.4232456	189	true	288.29654	288.8904727
289.8085608	0.5284680999999978	trials	/intervals/trials	190	start_time	n/a	n/a	n/a	n/a	n/a	n/a	n/a	n/a	n/a	kaa	289.8740253	190	true	289.8085608	290.3370289
289.8740253	0.0	cv_transition	/intervals/trials	190	cv_transition_time	n/a	n/a	n/a	n/a	n/a	n/a	n/a	n/a	n/a	kaa	289.8740253	190	true	289.8085608	290.3370289
291.2334714	0.45191679999999224	trials	/intervals/trials	191	start_time	n/a	n/a	n/a	n/a	n/a	n/a	n/a	n/a	n/a	maa	291.2915448	191	true	291.2334714	291.6853882
291.2915448	0.0	cv_transition	/intervals/trials	191	cv_transition_time	n/a	n/a	n/a	n/a	n/a	n/a	n/a	n/a	n/a	maa	291.2915448	191	true	291.2334714	291.6853882
292.6245939	0.4957358999999997	trials	/intervals/trials	192	start_time	n/a	n/a	n/a	n/a	n/a	n/a	n/a	n/a	n/a	naa	292.6911144	192	true	292.6245939	293.1203298
292.6911144	0.0	cv_transition	/intervals/trials	192	cv_transition_time	n/a	n/a	n/a	n/a	n/a	n/a	n/a	n/a	n/a	naa	292.6911144	192	true	292.6245939	293.1203298
293.8573343	0.646198800000036	trials	/intervals/trials	193	start_time	n/a	n/a	n/a	n/a	n/a	n/a	n/a	n/a	n/a	shaa	294.0500325	193	true	293.8573343	294.5035331
294.0500325	0.0	cv_transition	/intervals/trials	193	cv_transition_time	n/a	n/a	n/a	n/a	n/a	n/a	n/a	n/a	n/a	shaa	294.0500325	193	true	293.8573343	294.5035331
295.2014701	0.6894899000000123	trials	/intervals/trials	194	start_time	n/a	n/a	n/a	n/a	n/a	n/a	n/a	n/a	n/a	saa	295.414758	194	true	295.2014701	295.89096
295.414758	0.0	cv_transition	/intervals/trials	194	cv_transition_time	n/a	n/a	n/a	n/a	n/a	n/a	n/a	n/a	n/a	saa	295.414758	194	true	295.2014701	295.89096
298.0074724	0.6815708000000313	trials	/intervals/trials	195	start_time	n/a	n/a	n/a	n/a	n/a	n/a	n/a	n/a	n/a	haa	298.2249838	195	true	298.0074724	298.6890432
298.2249838	0.0	cv_transition	/intervals/trials	195	cv_transition_time	n/a	n/a	n/a	n/a	n/a	n/a	n/a	n/a	n/a	haa	298.2249838	195	true	298.0074724	298.6890432
299.5337476	0.6293046999999774	trials	/intervals/trials	196	start_time	n/a	n/a	n/a	n/a	n/a	n/a	n/a	n/a	n/a	vaa	299.6757635	196	true	299.5337476	300.1630523
299.6757635	0.0	cv_transition	/intervals/trials	196	cv_transition_time	n/a	n/a	n/a	n/a	n/a	n/a	n/a	n/a	n/a	vaa	299.6757635	196	true	299.5337476	300.1630523
300.40274592249125	0.2018217789120058	invalid_times	/intervals/invalid_times	29	start_time	n/a	n/a	n/a	n/a	29	300.40274592249125	300.60456770140325	"[""ECoG artifact""]"	"[{""idx_start"":916756,""count"":616,""timeseries"":""/acquisition/ElectricalSeries""}]"	n/a	n/a	n/a	n/a	n/a	n/a
300.663084282035	0.6198811780869278	invalid_times	/intervals/invalid_times	10	start_time	n/a	n/a	n/a	n/a	10	300.663084282035	301.28296546012194	"[""ECoG artifact""]"	"[{""idx_start"":917550,""count"":1892,""timeseries"":""/acquisition/ElectricalSeries""}]"	n/a	n/a	n/a	n/a	n/a	n/a
302.5039392	0.5316358000000037	trials	/intervals/trials	197	start_time	n/a	n/a	n/a	n/a	n/a	n/a	n/a	n/a	n/a	laa	302.6306449	197	true	302.5039392	303.035575
302.6306449	0.0	cv_transition	/intervals/trials	197	cv_transition_time	n/a	n/a	n/a	n/a	n/a	n/a	n/a	n/a	n/a	laa	302.6306449	197	true	302.5039392	303.035575
303.8713044	0.5448342999999909	trials	/intervals/trials	198	start_time	n/a	n/a	n/a	n/a	n/a	n/a	n/a	n/a	n/a	yaa	303.9848116	198	true	303.8713044	304.4161387
303.9848116	0.0	cv_transition	/intervals/trials	198	cv_transition_time	n/a	n/a	n/a	n/a	n/a	n/a	n/a	n/a	n/a	yaa	303.9848116	198	true	303.8713044	304.4161387
305.3152209	0.5648960999999986	trials	/intervals/trials	199	start_time	n/a	n/a	n/a	n/a	n/a	n/a	n/a	n/a	n/a	waa	305.4509016	199	true	305.3152209	305.880117
305.4509016	0.0	cv_transition	/intervals/trials	199	cv_transition_time	n/a	n/a	n/a	n/a	n/a	n/a	n/a	n/a	n/a	waa	305.4509016	199	true	305.3152209	305.880117
306.8193226	0.4244640000000004	trials	/intervals/trials	200	start_time	n/a	n/a	n/a	n/a	n/a	n/a	n/a	n/a	n/a	bee	306.8319932	200	true	306.8193226	307.2437866
306.8319932	0.0	cv_transition	/intervals/trials	200	cv_transition_time	n/a	n/a	n/a	n/a	n/a	n/a	n/a	n/a	n/a	bee	306.8319932	200	true	306.8193226	307.2437866
308.1967186	0.4751461999999833	trials	/intervals/trials	201	start_time	n/a	n/a	n/a	n/a	n/a	n/a	n/a	n/a	n/a	dee	308.2389539	201	true	308.1967186	308.6718648
308.2389539	0.0	cv_transition	/intervals/trials	201	cv_transition_time	n/a	n/a	n/a	n/a	n/a	n/a	n/a	n/a	n/a	dee	308.2389539	201	true	308.1967186	308.6718648
309.5556368	0.6161061999999902	trials	/intervals/trials	202	start_time	n/a	n/a	n/a	n/a	n/a	n/a	n/a	n/a	n/a	gee	309.6923733	202	true	309.5556368	310.171743
309.6923733	0.0	cv_transition	/intervals/trials	202	cv_transition_time	n/a	n/a	n/a	n/a	n/a	n/a	n/a	n/a	n/a	gee	309.6923733	202	true	309.5556368	310.171743
310.940424	0.5553931000000034	trials	/intervals/trials	203	start_time	n/a	n/a	n/a	n/a	n/a	n/a	n/a	n/a	n/a	pee	311.0011371	203	true	310.940424	311.4958171
311.0011371	0.0	cv_transition	/intervals/trials	203	cv_transition_time	n/a	n/a	n/a	n/a	n/a	n/a	n/a	n/a	n/a	pee	311.0011371	203	true	310.940424	311.4958171
312.3838125	0.5379711000000498	trials	/intervals/trials	204	start_time	n/a	n/a	n/a	n/a	n/a	n/a	n/a	n/a	n/a	tee	312.4582521	204	true	312.3838125	312.9217836
312.4582521	0.0	cv_transition	/intervals/trials	204	cv_transition_time	n/a	n/a	n/a	n/a	n/a	n/a	n/a	n/a	n/a	tee	312.4582521	204	true	312.3838125	312.9217836
313.7295322	0.5606725000000097	trials	/intervals/trials	205	start_time	n/a	n/a	n/a	n/a	n/a	n/a	n/a	n/a	n/a	kee	313.8256173	205	true	313.7295322	314.2902047
313.8256173	0.0	cv_transition	/intervals/trials	205	cv_transition_time	n/a	n/a	n/a	n/a	n/a	n/a	n/a	n/a	n/a	kee	313.8256173	205	true	313.7295322	314.2902047
315.1512752	0.5427225000000249	trials	/intervals/trials	206	start_time	n/a	n/a	n/a	n/a	n/a	n/a	n/a	n/a	n/a	mee	315.2431368	206	true	315.1512752	315.6939977
315.2431368	0.0	cv_transition	/intervals/trials	206	cv_transition_time	n/a	n/a	n/a	n/a	n/a	n/a	n/a	n/a	n/a	mee	315.2431368	206	true	315.1512752	315.6939977
316.6522092	0.6055475000000001	trials	/intervals/trials	207	start_time	n/a	n/a	n/a	n/a	n/a	n/a	n/a	n/a	n/a	nee	316.7651884	207	true	316.6522092	317.2577567
316.7651884	0.0	cv_transition	/intervals/trials	207	cv_transition_time	n/a	n/a	n/a	n/a	n/a	n/a	n/a	n/a	n/a	nee	316.7651884	207	true	316.6522092	317.2577567
318.0164068	0.7158868999999868	trials	/intervals/trials	208	start_time	n/a	n/a	n/a	n/a	n/a	n/a	n/a	n/a	n/a	shee	318.226527	208	true	318.0164068	318.7322937
318.226527	0.0	cv_transition	/intervals/trials	208	cv_transition_time	n/a	n/a	n/a	n/a	n/a	n/a	n/a	n/a	n/a	shee	318.226527	208	true	318.0164068	318.7322937
319.3631823	0.7861029999999687	trials	/intervals/trials	209	start_time	n/a	n/a	n/a	n/a	n/a	n/a	n/a	n/a	n/a	see	319.6583008	209	true	319.3631823	320.1492853
319.6583008	0.0	cv_transition	/intervals/trials	209	cv_transition_time	n/a	n/a	n/a	n/a	n/a	n/a	n/a	n/a	n/a	see	319.6583008	209	true	319.3631823	320.1492853
322.2024448	0.6551738	trials	/intervals/trials	210	start_time	n/a	n/a	n/a	n/a	n/a	n/a	n/a	n/a	n/a	hee	322.3471004	210	true	322.2024448	322.8576186
322.3471004	0.0	cv_transition	/intervals/trials	210	cv_transition_time	n/a	n/a	n/a	n/a	n/a	n/a	n/a	n/a	n/a	hee	322.3471004	210	true	322.2024448	322.8576186
323.6701186	0.5849576999999613	trials	/intervals/trials	211	start_time	n/a	n/a	n/a	n/a	n/a	n/a	n/a	n/a	n/a	vee	323.7625081	211	true	323.6701186	324.2550763
323.7625081	0.0	cv_transition	/intervals/trials	211	cv_transition_time	n/a	n/a	n/a	n/a	n/a	n/a	n/a	n/a	n/a	vee	323.7625081	211	true	323.6701186	324.2550763
324.9952485	0.6578135999999972	trials	/intervals/trials	212	start_time	n/a	n/a	n/a	n/a	n/a	n/a	n/a	n/a	n/a	ree	325.1874188	212	true	324.9952485	325.6530621
325.1874188	0.0	cv_transition	/intervals/trials	212	cv_transition_time	n/a	n/a	n/a	n/a	n/a	n/a	n/a	n/a	n/a	ree	325.1874188	212	true	324.9952485	325.6530621
326.3805637	0.596044500000005	trials	/intervals/trials	213	start_time	n/a	n/a	n/a	n/a	n/a	n/a	n/a	n/a	n/a	lee	326.4887914	213	true	326.3805637	326.9766082
326.4887914	0.0	cv_transition	/intervals/trials	213	cv_transition_time	n/a	n/a	n/a	n/a	n/a	n/a	n/a	n/a	n/a	lee	326.4887914	213	true	326.3805637	326.9766082
327.8038905	0.5685915999999906	trials	/intervals/trials	214	start_time	n/a	n/a	n/a	n/a	n/a	n/a	n/a	n/a	n/a	yee	327.8772742	214	true	327.8038905	328.3724821
327.8772742	0.0	cv_transition	/intervals/trials	214	cv_transition_time	n/a	n/a	n/a	n/a	n/a	n/a	n/a	n/a	n/a	yee	327.8772742	214	true	327.8038905	328.3724821
329.8417398	0.6382796999999982	trials	/intervals/trials	215	start_time	n/a	n/a	n/a	n/a	n/a	n/a	n/a	n/a	n/a	wee	330.0676982	215	true	329.8417398	330.4800195
330.0676982	0.0	cv_transition	/intervals/trials	215	cv_transition_time	n/a	n/a	n/a	n/a	n/a	n/a	n/a	n/a	n/a	wee	330.0676982	215	true	329.8417398	330.4800195
330.4861172852052	0.11820989907704416	invalid_times	/intervals/invalid_times	30	start_time	n/a	n/a	n/a	n/a	30	330.4861172852052	330.6043271842822	"[""ECoG artifact""]"	"[{""idx_start"":1008563,""count"":361,""timeseries"":""/acquisition/ElectricalSeries""}]"	n/a	n/a	n/a	n/a	n/a	n/a
330.52936480925774	0.2508356395049418	invalid_times	/intervals/invalid_times	40	start_time	n/a	n/a	n/a	n/a	40	330.52936480925774	330.7802004487627	"[""ECoG artifact""]"	"[{""idx_start"":1008695,""count"":766,""timeseries"":""/acquisition/ElectricalSeries""}]"	n/a	n/a	n/a	n/a	n/a	n/a
330.6862367910768	0.7698059281358383	invalid_times	/intervals/invalid_times	11	start_time	n/a	n/a	n/a	n/a	11	330.6862367910768	331.45604271921263	"[""ECoG artifact""]"	"[{""idx_start"":1009174,""count"":2349,""timeseries"":""/acquisition/ElectricalSeries""}]"	n/a	n/a	n/a	n/a	n/a	n/a
332.727989	0.4535006000000408	trials	/intervals/trials	216	start_time	n/a	n/a	n/a	n/a	n/a	n/a	n/a	n/a	n/a	boo	332.7464669	216	true	332.727989	333.1814896
332.7464669	0.0	cv_transition	/intervals/trials	216	cv_transition_time	n/a	n/a	n/a	n/a	n/a	n/a	n/a	n/a	n/a	boo	332.7464669	216	true	332.727989	333.1814896
333.9074074	0.4751461999999833	trials	/intervals/trials	217	start_time	n/a	n/a	n/a	n/a	n/a	n/a	n/a	n/a	n/a	doo	333.9496426	217	true	333.9074074	334.3825536
333.9496426	0.0	cv_transition	/intervals/trials	217	cv_transition_time	n/a	n/a	n/a	n/a	n/a	n/a	n/a	n/a	n/a	doo	333.9496426	217	true	333.9074074	334.3825536
335.2879711	0.4297432999999842	trials	/intervals/trials	218	start_time	n/a	n/a	n/a	n/a	n/a	n/a	n/a	n/a	n/a	goo	335.332846	218	true	335.2879711	335.7177144
335.332846	0.0	cv_transition	/intervals/trials	218	cv_transition_time	n/a	n/a	n/a	n/a	n/a	n/a	n/a	n/a	n/a	goo	335.332846	218	true	335.2879711	335.7177144
336.5281027	0.474618200000009	trials	/intervals/trials	219	start_time	n/a	n/a	n/a	n/a	n/a	n/a	n/a	n/a	n/a	poo	336.5719217	219	true	336.5281027	337.0027209
336.5719217	0.0	cv_transition	/intervals/trials	219	cv_transition_time	n/a	n/a	n/a	n/a	n/a	n/a	n/a	n/a	n/a	poo	336.5719217	219	true	336.5281027	337.0027209
337.9962087	0.557540500000016	trials	/intervals/trials	220	start_time	n/a	n/a	n/a	n/a	n/a	n/a	n/a	n/a	n/a	too	338.1008182	220	true	337.9962087	338.5537492
338.1008182	0.0	cv_transition	/intervals/trials	220	cv_transition_time	n/a	n/a	n/a	n/a	n/a	n/a	n/a	n/a	n/a	too	338.1008182	220	true	337.9962087	338.5537492
339.4869657	0.5431915000000345	trials	/intervals/trials	221	start_time	n/a	n/a	n/a	n/a	n/a	n/a	n/a	n/a	n/a	koo	339.5557388	221	true	339.4869657	340.0301572
339.5557388	0.0	cv_transition	/intervals/trials	221	cv_transition_time	n/a	n/a	n/a	n/a	n/a	n/a	n/a	n/a	n/a	koo	339.5557388	221	true	339.4869657	340.0301572
340.6956999	0.5869442999999706	trials	/intervals/trials	222	start_time	n/a	n/a	n/a	n/a	n/a	n/a	n/a	n/a	n/a	moo	340.8099222	222	true	340.6956999	341.2826442
340.8099222	0.0	cv_transition	/intervals/trials	222	cv_transition_time	n/a	n/a	n/a	n/a	n/a	n/a	n/a	n/a	n/a	moo	340.8099222	222	true	340.6956999	341.2826442
342.183417	0.5801587999999924	trials	/intervals/trials	223	start_time	n/a	n/a	n/a	n/a	n/a	n/a	n/a	n/a	n/a	noo	342.2778483	223	true	342.183417	342.7635758
342.2778483	0.0	cv_transition	/intervals/trials	223	cv_transition_time	n/a	n/a	n/a	n/a	n/a	n/a	n/a	n/a	n/a	noo	342.2778483	223	true	342.183417	342.7635758
343.594232	0.660453700000005	trials	/intervals/trials	224	start_time	n/a	n/a	n/a	n/a	n/a	n/a	n/a	n/a	n/a	shoo	343.8153257	224	true	343.594232	344.2546857
343.8153257	0.0	cv_transition	/intervals/trials	224	cv_transition_time	n/a	n/a	n/a	n/a	n/a	n/a	n/a	n/a	n/a	shoo	343.8153257	224	true	343.594232	344.2546857
344.9993924	0.7452722000000449	trials	/intervals/trials	225	start_time	n/a	n/a	n/a	n/a	n/a	n/a	n/a	n/a	n/a	soo	345.2532826	225	true	344.9993924	345.7446646
345.2532826	0.0	cv_transition	/intervals/trials	225	cv_transition_time	n/a	n/a	n/a	n/a	n/a	n/a	n/a	n/a	n/a	soo	345.2532826	225	true	344.9993924	345.7446646
347.799535	0.6350080999999932	trials	/intervals/trials	226	start_time	n/a	n/a	n/a	n/a	n/a	n/a	n/a	n/a	n/a	hoo	347.8945318	226	true	347.799535	348.4345431
347.8945318	0.0	cv_transition	/intervals/trials	226	cv_transition_time	n/a	n/a	n/a	n/a	n/a	n/a	n/a	n/a	n/a	hoo	347.8945318	226	true	347.799535	348.4345431
349.3319232	0.5315294999999765	trials	/intervals/trials	227	start_time	n/a	n/a	n/a	n/a	n/a	n/a	n/a	n/a	n/a	voo	349.3782907	227	true	349.3319232	349.8634527
349.3782907	0.0	cv_transition	/intervals/trials	227	cv_transition_time	n/a	n/a	n/a	n/a	n/a	n/a	n/a	n/a	n/a	voo	349.3782907	227	true	349.3319232	349.8634527
350.7025907	0.5858134000000064	trials	/intervals/trials	228	start_time	n/a	n/a	n/a	n/a	n/a	n/a	n/a	n/a	n/a	roo	350.7693146	228	true	350.7025907	351.2884041
350.7693146	0.0	cv_transition	/intervals/trials	228	cv_transition_time	n/a	n/a	n/a	n/a	n/a	n/a	n/a	n/a	n/a	roo	350.7693146	228	true	350.7025907	351.2884041
352.1139712	0.6203062000000159	trials	/intervals/trials	229	start_time	n/a	n/a	n/a	n/a	n/a	n/a	n/a	n/a	n/a	loo	352.2100988	229	true	352.1139712	352.7342774
352.2100988	0.0	cv_transition	/intervals/trials	229	cv_transition_time	n/a	n/a	n/a	n/a	n/a	n/a	n/a	n/a	n/a	loo	352.2100988	229	true	352.1139712	352.7342774
353.5468389	0.7198266999999987	trials	/intervals/trials	230	start_time	n/a	n/a	n/a	n/a	n/a	n/a	n/a	n/a	n/a	yoo	353.756058	230	true	353.5468389	354.2666656
353.756058	0.0	cv_transition	/intervals/trials	230	cv_transition_time	n/a	n/a	n/a	n/a	n/a	n/a	n/a	n/a	n/a	yoo	353.756058	230	true	353.5468389	354.2666656
355.2019313	0.34836749999999483	trials	/intervals/trials	231	start_time	n/a	n/a	n/a	n/a	n/a	n/a	n/a	n/a	n/a	woo	355.2663934	231	true	355.2019313	355.5502988
355.2663934	0.0	cv_transition	/intervals/trials	231	cv_transition_time	n/a	n/a	n/a	n/a	n/a	n/a	n/a	n/a	n/a	woo	355.2663934	231	true	355.2019313	355.5502988
357.7476183	0.4648055000000113	trials	/intervals/trials	232	start_time	n/a	n/a	n/a	n/a	n/a	n/a	n/a	n/a	n/a	baa	357.7617547	232	true	357.7476183	358.2124238
357.7617547	0.0	cv_transition	/intervals/trials	232	cv_transition_time	n/a	n/a	n/a	n/a	n/a	n/a	n/a	n/a	n/a	baa	357.7617547	232	true	357.7476183	358.2124238
359.161826	0.5366185999999971	trials	/intervals/trials	233	start_time	n/a	n/a	n/a	n/a	n/a	n/a	n/a	n/a	n/a	daa	359.1804861	233	true	359.161826	359.6984446
359.1804861	0.0	cv_transition	/intervals/trials	233	cv_transition_time	n/a	n/a	n/a	n/a	n/a	n/a	n/a	n/a	n/a	daa	359.1804861	233	true	359.161826	359.6984446
360.4516064288435	0.4814891011186546	invalid_times	/intervals/invalid_times	31	start_time	n/a	n/a	n/a	n/a	31	360.4516064288435	360.93309552996215	"[""ECoG artifact""]"	"[{""idx_start"":1100011,""count"":1469,""timeseries"":""/acquisition/ElectricalSeries""}]"	n/a	n/a	n/a	n/a	n/a	n/a
360.6755541	0.38111800000001494	trials	/intervals/trials	234	start_time	n/a	n/a	n/a	n/a	n/a	n/a	n/a	n/a	n/a	gaa	360.696476	234	true	360.6755541	361.0566721
360.696476	0.0	cv_transition	/intervals/trials	234	cv_transition_time	n/a	n/a	n/a	n/a	n/a	n/a	n/a	n/a	n/a	gaa	360.696476	234	true	360.6755541	361.0566721
360.69785662703777	0.09226138464549649	invalid_times	/intervals/invalid_times	12	start_time	n/a	n/a	n/a	n/a	12	360.69785662703777	360.79011801168326	"[""ECoG artifact""]"	"[{""idx_start"":1100762,""count"":282,""timeseries"":""/acquisition/ElectricalSeries""}]"	n/a	n/a	n/a	n/a	n/a	n/a
360.9792262222849	0.17587326448045815	invalid_times	/intervals/invalid_times	49	start_time	n/a	n/a	n/a	n/a	49	360.9792262222849	361.1550994867654	"[""ECoG artifact""]"	"[{""idx_start"":1101621,""count"":536,""timeseries"":""/acquisition/ElectricalSeries""}]"	n/a	n/a	n/a	n/a	n/a	n/a
362.0925891	0.5207857999999987	trials	/intervals/trials	235	start_time	n/a	n/a	n/a	n/a	n/a	n/a	n/a	n/a	n/a	paa	362.1525275	235	true	362.0925891	362.6133749
362.1525275	0.0	cv_transition	/intervals/trials	235	cv_transition_time	n/a	n/a	n/a	n/a	n/a	n/a	n/a	n/a	n/a	paa	362.1525275	235	true	362.0925891	362.6133749
363.518106	0.599384299999997	trials	/intervals/trials	236	start_time	n/a	n/a	n/a	n/a	n/a	n/a	n/a	n/a	n/a	taa	363.635721	236	true	363.518106	364.1174903
363.635721	0.0	cv_transition	/intervals/trials	236	cv_transition_time	n/a	n/a	n/a	n/a	n/a	n/a	n/a	n/a	n/a	taa	363.635721	236	true	363.518106	364.1174903
365.0464153	0.5254300999999941	trials	/intervals/trials	237	start_time	n/a	n/a	n/a	n/a	n/a	n/a	n/a	n/a	n/a	kaa	365.1087362	237	true	365.0464153	365.5718454
365.1087362	0.0	cv_transition	/intervals/trials	237	cv_transition_time	n/a	n/a	n/a	n/a	n/a	n/a	n/a	n/a	n/a	kaa	365.1087362	237	true	365.0464153	365.5718454
366.4347327	0.510042100000021	trials	/intervals/trials	238	start_time	n/a	n/a	n/a	n/a	n/a	n/a	n/a	n/a	n/a	maa	366.5280331	238	true	366.4347327	366.9447748
366.5280331	0.0	cv_transition	/intervals/trials	238	cv_transition_time	n/a	n/a	n/a	n/a	n/a	n/a	n/a	n/a	n/a	maa	366.5280331	238	true	366.4347327	366.9447748
367.8161439	0.5354877000000329	trials	/intervals/trials	239	start_time	n/a	n/a	n/a	n/a	n/a	n/a	n/a	n/a	n/a	naa	367.8783441	239	true	367.8161439	368.3516316
367.8783441	0.0	cv_transition	/intervals/trials	239	cv_transition_time	n/a	n/a	n/a	n/a	n/a	n/a	n/a	n/a	n/a	naa	367.8783441	239	true	367.8161439	368.3516316
369.1127366	0.7147375000000125	trials	/intervals/trials	240	start_time	n/a	n/a	n/a	n/a	n/a	n/a	n/a	n/a	n/a	shaa	369.3219556	240	true	369.1127366	369.8274741
369.3219556	0.0	cv_transition	/intervals/trials	240	cv_transition_time	n/a	n/a	n/a	n/a	n/a	n/a	n/a	n/a	n/a	shaa	369.3219556	240	true	369.1127366	369.8274741
370.4460839	0.7560158999999658	trials	/intervals/trials	241	start_time	n/a	n/a	n/a	n/a	n/a	n/a	n/a	n/a	n/a	saa	370.6564339	241	true	370.4460839	371.2020998
370.6564339	0.0	cv_transition	/intervals/trials	241	cv_transition_time	n/a	n/a	n/a	n/a	n/a	n/a	n/a	n/a	n/a	saa	370.6564339	241	true	370.4460839	371.2020998
373.3253905	0.68420279999998	trials	/intervals/trials	242	start_time	n/a	n/a	n/a	n/a	n/a	n/a	n/a	n/a	n/a	haa	373.5176458	242	true	373.3253905	374.0095933
373.5176458	0.0	cv_transition	/intervals/trials	242	cv_transition_time	n/a	n/a	n/a	n/a	n/a	n/a	n/a	n/a	n/a	haa	373.5176458	242	true	373.3253905	374.0095933
374.8950988	0.5569750999999883	trials	/intervals/trials	243	start_time	n/a	n/a	n/a	n/a	n/a	n/a	n/a	n/a	n/a	vaa	374.9895301	243	true	374.8950988	375.4520739
374.9895301	0.0	cv_transition	/intervals/trials	243	cv_transition_time	n/a	n/a	n/a	n/a	n/a	n/a	n/a	n/a	n/a	vaa	374.9895301	243	true	374.8950988	375.4520739
376.2363626	0.6644119000000046	trials	/intervals/trials	244	start_time	n/a	n/a	n/a	n/a	n/a	n/a	n/a	n/a	n/a	raa	376.4105233	244	true	376.2363626	376.9007745
376.4105233	0.0	cv_transition	/intervals/trials	244	cv_transition_time	n/a	n/a	n/a	n/a	n/a	n/a	n/a	n/a	n/a	raa	376.4105233	244	true	376.2363626	376.9007745
377.8349093	0.5648914000000218	trials	/intervals/trials	245	start_time	n/a	n/a	n/a	n/a	n/a	n/a	n/a	n/a	n/a	laa	377.9118114	245	true	377.8349093	378.3998007
377.9118114	0.0	cv_transition	/intervals/trials	245	cv_transition_time	n/a	n/a	n/a	n/a	n/a	n/a	n/a	n/a	n/a	laa	377.9118114	245	true	377.8349093	378.3998007
379.2140587	0.6056042999999818	trials	/intervals/trials	246	start_time	n/a	n/a	n/a	n/a	n/a	n/a	n/a	n/a	n/a	yaa	379.3441137	246	true	379.2140587	379.819663
379.3441137	0.0	cv_transition	/intervals/trials	246	cv_transition_time	n/a	n/a	n/a	n/a	n/a	n/a	n/a	n/a	n/a	yaa	379.3441137	246	true	379.2140587	379.819663
380.803558	0.5428385999999819	trials	/intervals/trials	247	start_time	n/a	n/a	n/a	n/a	n/a	n/a	n/a	n/a	n/a	waa	380.8623655	247	true	380.803558	381.3463966
380.8623655	0.0	cv_transition	/intervals/trials	247	cv_transition_time	n/a	n/a	n/a	n/a	n/a	n/a	n/a	n/a	n/a	waa	380.8623655	247	true	380.803558	381.3463966
382.240384	0.492512999999974	trials	/intervals/trials	248	start_time	n/a	n/a	n/a	n/a	n/a	n/a	n/a	n/a	n/a	bee	382.2460386	248	true	382.240384	382.732897
382.2460386	0.0	cv_transition	/intervals/trials	248	cv_transition_time	n/a	n/a	n/a	n/a	n/a	n/a	n/a	n/a	n/a	bee	382.2460386	248	true	382.240384	382.732897
383.5426312	0.5038220999999794	trials	/intervals/trials	249	start_time	n/a	n/a	n/a	n/a	n/a	n/a	n/a	n/a	n/a	dee	383.5629877	249	true	383.5426312	384.0464533
383.5629877	0.0	cv_transition	/intervals/trials	249	cv_transition_time	n/a	n/a	n/a	n/a	n/a	n/a	n/a	n/a	n/a	dee	383.5629877	249	true	383.5426312	384.0464533
384.8527949	0.6106934000000024	trials	/intervals/trials	250	start_time	n/a	n/a	n/a	n/a	n/a	n/a	n/a	n/a	n/a	gee	384.9568389	250	true	384.8527949	385.4634883
384.9568389	0.0	cv_transition	/intervals/trials	250	cv_transition_time	n/a	n/a	n/a	n/a	n/a	n/a	n/a	n/a	n/a	gee	384.9568389	250	true	384.8527949	385.4634883
386.2528662	0.550754999999981	trials	/intervals/trials	251	start_time	n/a	n/a	n/a	n/a	n/a	n/a	n/a	n/a	n/a	pee	386.3359883	251	true	386.2528662	386.8036212
386.3359883	0.0	cv_transition	/intervals/trials	251	cv_transition_time	n/a	n/a	n/a	n/a	n/a	n/a	n/a	n/a	n/a	pee	386.3359883	251	true	386.2528662	386.8036212
387.7304051	0.6361390000000142	trials	/intervals/trials	252	start_time	n/a	n/a	n/a	n/a	n/a	n/a	n/a	n/a	n/a	tee	387.82936	252	true	387.7304051	388.3665441
387.82936	0.0	cv_transition	/intervals/trials	252	cv_transition_time	n/a	n/a	n/a	n/a	n/a	n/a	n/a	n/a	n/a	tee	387.82936	252	true	387.7304051	388.3665441
389.1921111	0.5869443000000274	trials	/intervals/trials	253	start_time	n/a	n/a	n/a	n/a	n/a	n/a	n/a	n/a	n/a	kee	389.2941785	253	true	389.1921111	389.7790554
389.2941785	0.0	cv_transition	/intervals/trials	253	cv_transition_time	n/a	n/a	n/a	n/a	n/a	n/a	n/a	n/a	n/a	kee	389.2941785	253	true	389.1921111	389.7790554
390.5468381446394	0.12109306734726033	invalid_times	/intervals/invalid_times	32	start_time	n/a	n/a	n/a	n/a	32	390.5468381446394	390.6679312119867	"[""ECoG artifact""]"	"[{""idx_start"":1191854,""count"":369,""timeseries"":""/acquisition/ElectricalSeries""}]"	n/a	n/a	n/a	n/a	n/a	n/a
390.6506322023656	0.16145742312960465	invalid_times	/intervals/invalid_times	41	start_time	n/a	n/a	n/a	n/a	41	390.6506322023656	390.8120896254952	"[""ECoG artifact""]"	"[{""idx_start"":1192171,""count"":492,""timeseries"":""/acquisition/ElectricalSeries""}]"	n/a	n/a	n/a	n/a	n/a	n/a
390.7526753263823	0.689032051911056	invalid_times	/intervals/invalid_times	13	start_time	n/a	n/a	n/a	n/a	13	390.7526753263823	391.44170737829336	"[""ECoG artifact""]"	"[{""idx_start"":1192482,""count"":2103,""timeseries"":""/acquisition/ElectricalSeries""}]"	n/a	n/a	n/a	n/a	n/a	n/a
392.0770723	0.5920333000000255	trials	/intervals/trials	254	start_time	n/a	n/a	n/a	n/a	n/a	n/a	n/a	n/a	n/a	nee	392.2026037	254	true	392.0770723	392.6691056
392.2026037	0.0	cv_transition	/intervals/trials	254	cv_transition_time	n/a	n/a	n/a	n/a	n/a	n/a	n/a	n/a	n/a	nee	392.2026037	254	true	392.0770723	392.6691056
393.523511	0.7164339000000268	trials	/intervals/trials	255	start_time	n/a	n/a	n/a	n/a	n/a	n/a	n/a	n/a	n/a	shee	393.779663	255	true	393.523511	394.2399449
393.779663	0.0	cv_transition	/intervals/trials	255	cv_transition_time	n/a	n/a	n/a	n/a	n/a	n/a	n/a	n/a	n/a	shee	393.779663	255	true	393.523511	394.2399449
395.0355428	0.7435758000000305	trials	/intervals/trials	256	start_time	n/a	n/a	n/a	n/a	n/a	n/a	n/a	n/a	n/a	see	395.3007421	256	true	395.0355428	395.7791186
395.3007421	0.0	cv_transition	/intervals/trials	256	cv_transition_time	n/a	n/a	n/a	n/a	n/a	n/a	n/a	n/a	n/a	see	395.3007421	256	true	395.0355428	395.7791186
398.2162378	0.6955120000000079	trials	/intervals/trials	257	start_time	n/a	n/a	n/a	n/a	n/a	n/a	n/a	n/a	n/a	hee	398.416975	257	true	398.2162378	398.9117498
398.416975	0.0	cv_transition	/intervals/trials	257	cv_transition_time	n/a	n/a	n/a	n/a	n/a	n/a	n/a	n/a	n/a	hee	398.416975	257	true	398.2162378	398.9117498
398.52543856154125	3.3934890539919706	invalid_times	/intervals/invalid_times	33	start_time	n/a	n/a	n/a	n/a	33	398.52543856154125	401.9189276155332	"[""ECoG artifact""]"	"[{""idx_start"":1216203,""count"":10356,""timeseries"":""/acquisition/ElectricalSeries""}]"	n/a	n/a	n/a	n/a	n/a	n/a
399.7281075	0.47175319999996645	trials	/intervals/trials	258	start_time	n/a	n/a	n/a	n/a	n/a	n/a	n/a	n/a	n/a	vee	399.7678516	258	true	399.7281075	400.1998607
399.7678516	0.0	cv_transition	/intervals/trials	258	cv_transition_time	n/a	n/a	n/a	n/a	n/a	n/a	n/a	n/a	n/a	vee	399.7678516	258	true	399.7281075	400.1998607
402.6392417	0.5971225000000118	trials	/intervals/trials	259	start_time	n/a	n/a	n/a	n/a	n/a	n/a	n/a	n/a	n/a	lee	402.7998315	259	true	402.6392417	403.2363642
402.7998315	0.0	cv_transition	/intervals/trials	259	cv_transition_time	n/a	n/a	n/a	n/a	n/a	n/a	n/a	n/a	n/a	lee	402.7998315	259	true	402.6392417	403.2363642
404.164279	0.5733732999999575	trials	/intervals/trials	260	start_time	n/a	n/a	n/a	n/a	n/a	n/a	n/a	n/a	n/a	yee	404.2541866	260	true	404.164279	404.7376523
404.2541866	0.0	cv_transition	/intervals/trials	260	cv_transition_time	n/a	n/a	n/a	n/a	n/a	n/a	n/a	n/a	n/a	yee	404.2541866	260	true	404.164279	404.7376523
405.6502997	0.5451004999999896	trials	/intervals/trials	261	start_time	n/a	n/a	n/a	n/a	n/a	n/a	n/a	n/a	n/a	wee	405.7368146	261	true	405.6502997	406.1954002
405.7368146	0.0	cv_transition	/intervals/trials	261	cv_transition_time	n/a	n/a	n/a	n/a	n/a	n/a	n/a	n/a	n/a	wee	405.7368146	261	true	405.6502997	406.1954002
407.208699	0.47781099999997423	trials	/intervals/trials	262	start_time	n/a	n/a	n/a	n/a	n/a	n/a	n/a	n/a	n/a	boo	407.2335791	262	true	407.208699	407.68651
407.2335791	0.0	cv_transition	/intervals/trials	262	cv_transition_time	n/a	n/a	n/a	n/a	n/a	n/a	n/a	n/a	n/a	boo	407.2335791	262	true	407.208699	407.68651
408.5855865	0.4710256000000186	trials	/intervals/trials	263	start_time	n/a	n/a	n/a	n/a	n/a	n/a	n/a	n/a	n/a	doo	408.6070739	263	true	408.5855865	409.0566121
408.6070739	0.0	cv_transition	/intervals/trials	263	cv_transition_time	n/a	n/a	n/a	n/a	n/a	n/a	n/a	n/a	n/a	doo	408.6070739	263	true	408.5855865	409.0566121
410.0224125	0.4908166000000165	trials	/intervals/trials	264	start_time	n/a	n/a	n/a	n/a	n/a	n/a	n/a	n/a	n/a	goo	410.0602981	264	true	410.0224125	410.5132291
410.0602981	0.0	cv_transition	/intervals/trials	264	cv_transition_time	n/a	n/a	n/a	n/a	n/a	n/a	n/a	n/a	n/a	goo	410.0602981	264	true	410.0224125	410.5132291
412.2361763	0.5773315000000139	trials	/intervals/trials	265	start_time	n/a	n/a	n/a	n/a	n/a	n/a	n/a	n/a	n/a	poo	412.370755	265	true	412.2361763	412.8135078
412.370755	0.0	cv_transition	/intervals/trials	265	cv_transition_time	n/a	n/a	n/a	n/a	n/a	n/a	n/a	n/a	n/a	poo	412.370755	265	true	412.2361763	412.8135078
413.6522956	0.5567598000000089	trials	/intervals/trials	266	start_time	n/a	n/a	n/a	n/a	n/a	n/a	n/a	n/a	n/a	too	413.7250243	266	true	413.6522956	414.2090554
413.7250243	0.0	cv_transition	/intervals/trials	266	cv_transition_time	n/a	n/a	n/a	n/a	n/a	n/a	n/a	n/a	n/a	too	413.7250243	266	true	413.6522956	414.2090554
415.10998	0.5935779999999795	trials	/intervals/trials	267	start_time	n/a	n/a	n/a	n/a	n/a	n/a	n/a	n/a	n/a	koo	415.1969086	267	true	415.10998	415.703558
415.1969086	0.0	cv_transition	/intervals/trials	267	cv_transition_time	n/a	n/a	n/a	n/a	n/a	n/a	n/a	n/a	n/a	koo	415.1969086	267	true	415.10998	415.703558
416.7745334	0.6067352000000028	trials	/intervals/trials	268	start_time	n/a	n/a	n/a	n/a	n/a	n/a	n/a	n/a	n/a	moo	416.9045885	268	true	416.7745334	417.3812686
416.9045885	0.0	cv_transition	/intervals/trials	268	cv_transition_time	n/a	n/a	n/a	n/a	n/a	n/a	n/a	n/a	n/a	moo	416.9045885	268	true	416.7745334	417.3812686
418.4759932	0.5388803999999823	trials	/intervals/trials	269	start_time	n/a	n/a	n/a	n/a	n/a	n/a	n/a	n/a	n/a	noo	418.5478062	269	true	418.4759932	419.0148736
418.5478062	0.0	cv_transition	/intervals/trials	269	cv_transition_time	n/a	n/a	n/a	n/a	n/a	n/a	n/a	n/a	n/a	noo	418.5478062	269	true	418.4759932	419.0148736
419.8709754	0.6875955999999519	trials	/intervals/trials	270	start_time	n/a	n/a	n/a	n/a	n/a	n/a	n/a	n/a	n/a	shoo	420.0830217	270	true	419.8709754	420.558571
420.0830217	0.0	cv_transition	/intervals/trials	270	cv_transition_time	n/a	n/a	n/a	n/a	n/a	n/a	n/a	n/a	n/a	shoo	420.0830217	270	true	419.8709754	420.558571
420.6045490829808	0.1931596128788442	invalid_times	/intervals/invalid_times	42	start_time	n/a	n/a	n/a	n/a	42	420.6045490829808	420.7977086958596	"[""ECoG artifact""]"	"[{""idx_start"":1283583,""count"":589,""timeseries"":""/acquisition/ElectricalSeries""}]"	n/a	n/a	n/a	n/a	n/a	n/a
420.7294181237691	0.7179088992727429	invalid_times	/intervals/invalid_times	14	start_time	n/a	n/a	n/a	n/a	14	420.7294181237691	421.44732702304185	"[""ECoG artifact""]"	"[{""idx_start"":1283964,""count"":2191,""timeseries"":""/acquisition/ElectricalSeries""}]"	n/a	n/a	n/a	n/a	n/a	n/a
421.3191105	0.6757209999999532	trials	/intervals/trials	271	start_time	n/a	n/a	n/a	n/a	n/a	n/a	n/a	n/a	n/a	soo	421.5385078	271	true	421.3191105	421.9948315
421.5385078	0.0	cv_transition	/intervals/trials	271	cv_transition_time	n/a	n/a	n/a	n/a	n/a	n/a	n/a	n/a	n/a	soo	421.5385078	271	true	421.3191105	421.9948315
424.2770156	0.6463171999999986	trials	/intervals/trials	272	start_time	n/a	n/a	n/a	n/a	n/a	n/a	n/a	n/a	n/a	hoo	424.4098979	272	true	424.2770156	424.9233328
424.4098979	0.0	cv_transition	/intervals/trials	272	cv_transition_time	n/a	n/a	n/a	n/a	n/a	n/a	n/a	n/a	n/a	hoo	424.4098979	272	true	424.2770156	424.9233328
425.9813027	0.5942951999999764	trials	/intervals/trials	273	start_time	n/a	n/a	n/a	n/a	n/a	n/a	n/a	n/a	n/a	voo	426.0734721	273	true	425.9813027	426.5755979
426.0734721	0.0	cv_transition	/intervals/trials	273	cv_transition_time	n/a	n/a	n/a	n/a	n/a	n/a	n/a	n/a	n/a	voo	426.0734721	273	true	425.9813027	426.5755979
427.5617547	0.5439695000000029	trials	/intervals/trials	274	start_time	n/a	n/a	n/a	n/a	n/a	n/a	n/a	n/a	n/a	roo	427.6974644	274	true	427.5617547	428.1057242
427.6974644	0.0	cv_transition	/intervals/trials	274	cv_transition_time	n/a	n/a	n/a	n/a	n/a	n/a	n/a	n/a	n/a	roo	427.6974644	274	true	427.5617547	428.1057242
429.0466445	0.5937298000000055	trials	/intervals/trials	275	start_time	n/a	n/a	n/a	n/a	n/a	n/a	n/a	n/a	n/a	loo	429.1495577	275	true	429.0466445	429.6403743
429.1495577	0.0	cv_transition	/intervals/trials	275	cv_transition_time	n/a	n/a	n/a	n/a	n/a	n/a	n/a	n/a	n/a	loo	429.1495577	275	true	429.0466445	429.6403743
430.4631141	0.732832099999996	trials	/intervals/trials	276	start_time	n/a	n/a	n/a	n/a	n/a	n/a	n/a	n/a	n/a	yoo	430.653673	276	true	430.4631141	431.1959462
430.653673	0.0	cv_transition	/intervals/trials	276	cv_transition_time	n/a	n/a	n/a	n/a	n/a	n/a	n/a	n/a	n/a	yoo	430.653673	276	true	430.4631141	431.1959462
432.0735353	0.7628014000000007	trials	/intervals/trials	277	start_time	n/a	n/a	n/a	n/a	n/a	n/a	n/a	n/a	n/a	woo	432.2222505	277	true	432.0735353	432.8363367
432.2222505	0.0	cv_transition	/intervals/trials	277	cv_transition_time	n/a	n/a	n/a	n/a	n/a	n/a	n/a	n/a	n/a	woo	432.2222505	277	true	432.0735353	432.8363367
433.9853451	0.4862928999999667	trials	/intervals/trials	278	start_time	n/a	n/a	n/a	n/a	n/a	n/a	n/a	n/a	n/a	baa	434.0079634	278	true	433.9853451	434.471638
434.0079634	0.0	cv_transition	/intervals/trials	278	cv_transition_time	n/a	n/a	n/a	n/a	n/a	n/a	n/a	n/a	n/a	baa	434.0079634	278	true	433.9853451	434.471638
435.4498785	0.4902510999999663	trials	/intervals/trials	279	start_time	n/a	n/a	n/a	n/a	n/a	n/a	n/a	n/a	n/a	daa	435.4770204	279	true	435.4498785	435.9401296
435.4770204	0.0	cv_transition	/intervals/trials	279	cv_transition_time	n/a	n/a	n/a	n/a	n/a	n/a	n/a	n/a	n/a	daa	435.4770204	279	true	435.4498785	435.9401296
437.0382469	0.5524513999999954	trials	/intervals/trials	280	start_time	n/a	n/a	n/a	n/a	n/a	n/a	n/a	n/a	n/a	gaa	437.0699125	280	true	437.0382469	437.5906983
437.0699125	0.0	cv_transition	/intervals/trials	280	cv_transition_time	n/a	n/a	n/a	n/a	n/a	n/a	n/a	n/a	n/a	gaa	437.0699125	280	true	437.0382469	437.5906983
438.5378386	0.5241786000000275	trials	/intervals/trials	281	start_time	n/a	n/a	n/a	n/a	n/a	n/a	n/a	n/a	n/a	paa	438.5898607	281	true	438.5378386	439.0620172
438.5898607	0.0	cv_transition	/intervals/trials	281	cv_transition_time	n/a	n/a	n/a	n/a	n/a	n/a	n/a	n/a	n/a	paa	438.5898607	281	true	438.5378386	439.0620172
440.203264	0.5986641000000077	trials	/intervals/trials	282	start_time	n/a	n/a	n/a	n/a	n/a	n/a	n/a	n/a	n/a	taa	440.3258134	282	true	440.203264	440.8019281
440.3258134	0.0	cv_transition	/intervals/trials	282	cv_transition_time	n/a	n/a	n/a	n/a	n/a	n/a	n/a	n/a	n/a	taa	440.3258134	282	true	440.203264	440.8019281
441.8355833	0.5795932999999991	trials	/intervals/trials	283	start_time	n/a	n/a	n/a	n/a	n/a	n/a	n/a	n/a	n/a	kaa	441.8864744	283	true	441.8355833	442.4151766
441.8864744	0.0	cv_transition	/intervals/trials	283	cv_transition_time	n/a	n/a	n/a	n/a	n/a	n/a	n/a	n/a	n/a	kaa	441.8864744	283	true	441.8355833	442.4151766
443.335175	0.5043875000000071	trials	/intervals/trials	284	start_time	n/a	n/a	n/a	n/a	n/a	n/a	n/a	n/a	n/a	maa	443.3702333	284	true	443.335175	443.8395625
443.3702333	0.0	cv_transition	/intervals/trials	284	cv_transition_time	n/a	n/a	n/a	n/a	n/a	n/a	n/a	n/a	n/a	maa	443.3702333	284	true	443.335175	443.8395625
444.903187	0.5733733000000143	trials	/intervals/trials	285	start_time	n/a	n/a	n/a	n/a	n/a	n/a	n/a	n/a	n/a	naa	444.9817855	285	true	444.903187	445.4765603
444.9817855	0.0	cv_transition	/intervals/trials	285	cv_transition_time	n/a	n/a	n/a	n/a	n/a	n/a	n/a	n/a	n/a	naa	444.9817855	285	true	444.903187	445.4765603
446.3332275	0.6825064999999881	trials	/intervals/trials	286	start_time	n/a	n/a	n/a	n/a	n/a	n/a	n/a	n/a	n/a	shaa	446.5243519	286	true	446.3332275	447.015734
446.5243519	0.0	cv_transition	/intervals/trials	286	cv_transition_time	n/a	n/a	n/a	n/a	n/a	n/a	n/a	n/a	n/a	shaa	446.5243519	286	true	446.3332275	447.015734
447.8220755	0.7390522000000033	trials	/intervals/trials	287	start_time	n/a	n/a	n/a	n/a	n/a	n/a	n/a	n/a	n/a	saa	448.083882	287	true	447.8220755	448.5611277
448.083882	0.0	cv_transition	/intervals/trials	287	cv_transition_time	n/a	n/a	n/a	n/a	n/a	n/a	n/a	n/a	n/a	saa	448.083882	287	true	447.8220755	448.5611277
450.5465755637318	0.3257980145294255	invalid_times	/intervals/invalid_times	34	start_time	n/a	n/a	n/a	n/a	34	450.5465755637318	450.8723735782612	"[""ECoG artifact""]"	"[{""idx_start"":1374959,""count"":994,""timeseries"":""/acquisition/ElectricalSeries""}]"	n/a	n/a	n/a	n/a	n/a	n/a
450.79581815686333	0.7034930579218894	invalid_times	/intervals/invalid_times	15	start_time	n/a	n/a	n/a	n/a	15	450.79581815686333	451.4993112147852	"[""ECoG artifact""]"	"[{""idx_start"":1375719,""count"":2147,""timeseries"":""/acquisition/ElectricalSeries""}]"	n/a	n/a	n/a	n/a	n/a	n/a
452.7811325	0.625960799999973	trials	/intervals/trials	288	start_time	n/a	n/a	n/a	n/a	n/a	n/a	n/a	n/a	n/a	vaa	452.8563383	288	true	452.7811325	453.4070933
452.8563383	0.0	cv_transition	/intervals/trials	288	cv_transition_time	n/a	n/a	n/a	n/a	n/a	n/a	n/a	n/a	n/a	vaa	452.8563383	288	true	452.7811325	453.4070933
454.3921192	0.625960799999973	trials	/intervals/trials	289	start_time	n/a	n/a	n/a	n/a	n/a	n/a	n/a	n/a	n/a	raa	454.5459235	289	true	454.3921192	455.01808
454.5459235	0.0	cv_transition	/intervals/trials	289	cv_transition_time	n/a	n/a	n/a	n/a	n/a	n/a	n/a	n/a	n/a	raa	454.5459235	289	true	454.3921192	455.01808
455.9493876	0.54962409999996	trials	/intervals/trials	290	start_time	n/a	n/a	n/a	n/a	n/a	n/a	n/a	n/a	n/a	laa	456.0556935	290	true	455.9493876	456.4990117
456.0556935	0.0	cv_transition	/intervals/trials	290	cv_transition_time	n/a	n/a	n/a	n/a	n/a	n/a	n/a	n/a	n/a	laa	456.0556935	290	true	455.9493876	456.4990117
457.3907372	0.7153030000000058	trials	/intervals/trials	291	start_time	n/a	n/a	n/a	n/a	n/a	n/a	n/a	n/a	n/a	yaa	457.5812962	291	true	457.3907372	458.1060402
457.5812962	0.0	cv_transition	/intervals/trials	291	cv_transition_time	n/a	n/a	n/a	n/a	n/a	n/a	n/a	n/a	n/a	yaa	457.5812962	291	true	457.3907372	458.1060402
459.1102916	0.5762005999999928	trials	/intervals/trials	292	start_time	n/a	n/a	n/a	n/a	n/a	n/a	n/a	n/a	n/a	waa	459.2177285	292	true	459.1102916	459.6864922
459.2177285	0.0	cv_transition	/intervals/trials	292	cv_transition_time	n/a	n/a	n/a	n/a	n/a	n/a	n/a	n/a	n/a	waa	459.2177285	292	true	459.1102916	459.6864922
461.6327949	0.47385289999999713	trials	/intervals/trials	293	start_time	n/a	n/a	n/a	n/a	n/a	n/a	n/a	n/a	n/a	bee	461.644104	293	true	461.6327949	462.1066478
461.644104	0.0	cv_transition	/intervals/trials	293	cv_transition_time	n/a	n/a	n/a	n/a	n/a	n/a	n/a	n/a	n/a	bee	461.644104	293	true	461.6327949	462.1066478
462.9367385	0.48629290000002356	trials	/intervals/trials	294	start_time	n/a	n/a	n/a	n/a	n/a	n/a	n/a	n/a	n/a	dee	462.9621841	294	true	462.9367385	463.4230314
462.9621841	0.0	cv_transition	/intervals/trials	294	cv_transition_time	n/a	n/a	n/a	n/a	n/a	n/a	n/a	n/a	n/a	dee	462.9621841	294	true	462.9367385	463.4230314
464.2469021	0.5123039999999719	trials	/intervals/trials	295	start_time	n/a	n/a	n/a	n/a	n/a	n/a	n/a	n/a	n/a	gee	464.2927041	295	true	464.2469021	464.7592061
464.2927041	0.0	cv_transition	/intervals/trials	295	cv_transition_time	n/a	n/a	n/a	n/a	n/a	n/a	n/a	n/a	n/a	gee	464.2927041	295	true	464.2469021	464.7592061
465.6486698	0.590902500000027	trials	/intervals/trials	296	start_time	n/a	n/a	n/a	n/a	n/a	n/a	n/a	n/a	n/a	pee	465.7566721	296	true	465.6486698	466.2395723
465.7566721	0.0	cv_transition	/intervals/trials	296	cv_transition_time	n/a	n/a	n/a	n/a	n/a	n/a	n/a	n/a	n/a	pee	465.7566721	296	true	465.6486698	466.2395723
467.1867126	0.5999496999999678	trials	/intervals/trials	297	start_time	n/a	n/a	n/a	n/a	n/a	n/a	n/a	n/a	n/a	tee	467.2890603	297	true	467.1867126	467.7866623
467.2890603	0.0	cv_transition	/intervals/trials	297	cv_transition_time	n/a	n/a	n/a	n/a	n/a	n/a	n/a	n/a	n/a	tee	467.2890603	297	true	467.1867126	467.7866623
468.6953516	0.5168275999999992	trials	/intervals/trials	298	start_time	n/a	n/a	n/a	n/a	n/a	n/a	n/a	n/a	n/a	kee	468.7914793	298	true	468.6953516	469.2121792
468.7914793	0.0	cv_transition	/intervals/trials	298	cv_transition_time	n/a	n/a	n/a	n/a	n/a	n/a	n/a	n/a	n/a	kee	468.7914793	298	true	468.6953516	469.2121792
470.2124725	0.599384299999997	trials	/intervals/trials	299	start_time	n/a	n/a	n/a	n/a	n/a	n/a	n/a	n/a	n/a	mee	470.3052074	299	true	470.2124725	470.8118568
470.3052074	0.0	cv_transition	/intervals/trials	299	cv_transition_time	n/a	n/a	n/a	n/a	n/a	n/a	n/a	n/a	n/a	mee	470.3052074	299	true	470.2124725	470.8118568
471.6492984	0.5518859999999677	trials	/intervals/trials	300	start_time	n/a	n/a	n/a	n/a	n/a	n/a	n/a	n/a	n/a	nee	471.7273315	300	true	471.6492984	472.2011844
471.7273315	0.0	cv_transition	/intervals/trials	300	cv_transition_time	n/a	n/a	n/a	n/a	n/a	n/a	n/a	n/a	n/a	nee	471.7273315	300	true	471.6492984	472.2011844
473.0476734	0.7373557999999889	trials	/intervals/trials	301	start_time	n/a	n/a	n/a	n/a	n/a	n/a	n/a	n/a	n/a	shee	473.3111763	301	true	473.0476734	473.7850292
473.3111763	0.0	cv_transition	/intervals/trials	301	cv_transition_time	n/a	n/a	n/a	n/a	n/a	n/a	n/a	n/a	n/a	shee	473.3111763	301	true	473.0476734	473.7850292
474.4771484	0.7537541000000374	trials	/intervals/trials	302	start_time	n/a	n/a	n/a	n/a	n/a	n/a	n/a	n/a	n/a	see	474.7395204	302	true	474.4771484	475.2309025
474.7395204	0.0	cv_transition	/intervals/trials	302	cv_transition_time	n/a	n/a	n/a	n/a	n/a	n/a	n/a	n/a	n/a	see	474.7395204	302	true	474.4771484	475.2309025
477.6815927	0.6372698999999784	trials	/intervals/trials	303	start_time	n/a	n/a	n/a	n/a	n/a	n/a	n/a	n/a	n/a	hee	477.8331351	303	true	477.6815927	478.3188626
477.8331351	0.0	cv_transition	/intervals/trials	303	cv_transition_time	n/a	n/a	n/a	n/a	n/a	n/a	n/a	n/a	n/a	hee	477.8331351	303	true	477.6815927	478.3188626
479.3479942	0.6253952999999797	trials	/intervals/trials	304	start_time	n/a	n/a	n/a	n/a	n/a	n/a	n/a	n/a	n/a	vee	479.4243308	304	true	479.3479942	479.9733895
479.4243308	0.0	cv_transition	/intervals/trials	304	cv_transition_time	n/a	n/a	n/a	n/a	n/a	n/a	n/a	n/a	n/a	vee	479.4243308	304	true	479.3479942	479.9733895
480.6533399526084	0.4353584087959348	invalid_times	/intervals/invalid_times	35	start_time	n/a	n/a	n/a	n/a	35	480.6533399526084	481.08869836140434	"[""ECoG artifact""]"	"[{""idx_start"":1466837,""count"":1329,""timeseries"":""/acquisition/ElectricalSeries""}]"	n/a	n/a	n/a	n/a	n/a	n/a
481.09863798811176	0.48437226938881395	invalid_times	/intervals/invalid_times	16	start_time	n/a	n/a	n/a	n/a	16	481.09863798811176	481.5830102575006	"[""ECoG artifact""]"	"[{""idx_start"":1468196,""count"":1478,""timeseries"":""/acquisition/ElectricalSeries""}]"	n/a	n/a	n/a	n/a	n/a	n/a
482.3991996	0.6276572000000442	trials	/intervals/trials	305	start_time	n/a	n/a	n/a	n/a	n/a	n/a	n/a	n/a	n/a	lee	482.5026782	305	true	482.3991996	483.0268568
482.5026782	0.0	cv_transition	/intervals/trials	305	cv_transition_time	n/a	n/a	n/a	n/a	n/a	n/a	n/a	n/a	n/a	lee	482.5026782	305	true	482.3991996	483.0268568
483.9163205	0.6847683000000302	trials	/intervals/trials	306	start_time	n/a	n/a	n/a	n/a	n/a	n/a	n/a	n/a	n/a	yee	484.0853921	306	true	483.9163205	484.6010888
484.0853921	0.0	cv_transition	/intervals/trials	306	cv_transition_time	n/a	n/a	n/a	n/a	n/a	n/a	n/a	n/a	n/a	yee	484.0853921	306	true	483.9163205	484.6010888
485.3254391	0.6949465000000146	trials	/intervals/trials	307	start_time	n/a	n/a	n/a	n/a	n/a	n/a	n/a	n/a	n/a	wee	485.4730233	307	true	485.3254391	486.0203856
485.4730233	0.0	cv_transition	/intervals/trials	307	cv_transition_time	n/a	n/a	n/a	n/a	n/a	n/a	n/a	n/a	n/a	wee	485.4730233	307	true	485.3254391	486.0203856
486.7679196	0.5038220999999794	trials	/intervals/trials	308	start_time	n/a	n/a	n/a	n/a	n/a	n/a	n/a	n/a	n/a	boo	486.783187	308	true	486.7679196	487.2717417
486.783187	0.0	cv_transition	/intervals/trials	308	cv_transition_time	n/a	n/a	n/a	n/a	n/a	n/a	n/a	n/a	n/a	boo	486.783187	308	true	486.7679196	487.2717417
488.2256675	0.5366185999999971	trials	/intervals/trials	309	start_time	n/a	n/a	n/a	n/a	n/a	n/a	n/a	n/a	n/a	doo	488.2573331	309	true	488.2256675	488.7622861
488.2573331	0.0	cv_transition	/intervals/trials	309	cv_transition_time	n/a	n/a	n/a	n/a	n/a	n/a	n/a	n/a	n/a	doo	488.2573331	309	true	488.2256675	488.7622861
489.6251734	0.5665877999999793	trials	/intervals/trials	310	start_time	n/a	n/a	n/a	n/a	n/a	n/a	n/a	n/a	n/a	goo	489.6839809	310	true	489.6251734	490.1917612
489.6839809	0.0	cv_transition	/intervals/trials	310	cv_transition_time	n/a	n/a	n/a	n/a	n/a	n/a	n/a	n/a	n/a	goo	489.6839809	310	true	489.6251734	490.1917612
492.6167859	0.6295734999999922	trials	/intervals/trials	311	start_time	n/a	n/a	n/a	n/a	n/a	n/a	n/a	n/a	n/a	too	492.6820334	311	true	492.6167859	493.2463594
492.6820334	0.0	cv_transition	/intervals/trials	311	cv_transition_time	n/a	n/a	n/a	n/a	n/a	n/a	n/a	n/a	n/a	too	492.6820334	311	true	492.6167859	493.2463594
494.1115084	0.6220026000000303	trials	/intervals/trials	312	start_time	n/a	n/a	n/a	n/a	n/a	n/a	n/a	n/a	n/a	koo	494.2313853	312	true	494.1115084	494.733511
494.2313853	0.0	cv_transition	/intervals/trials	312	cv_transition_time	n/a	n/a	n/a	n/a	n/a	n/a	n/a	n/a	n/a	koo	494.2313853	312	true	494.1115084	494.733511
495.5217579	0.6570609999999988	trials	/intervals/trials	313	start_time	n/a	n/a	n/a	n/a	n/a	n/a	n/a	n/a	n/a	moo	495.6557712	313	true	495.5217579	496.1788189
495.6557712	0.0	cv_transition	/intervals/trials	313	cv_transition_time	n/a	n/a	n/a	n/a	n/a	n/a	n/a	n/a	n/a	moo	495.6557712	313	true	495.5217579	496.1788189
496.9981659	0.611824399999989	trials	/intervals/trials	314	start_time	n/a	n/a	n/a	n/a	n/a	n/a	n/a	n/a	n/a	noo	497.1203046	314	true	496.9981659	497.6099903
497.1203046	0.0	cv_transition	/intervals/trials	314	cv_transition_time	n/a	n/a	n/a	n/a	n/a	n/a	n/a	n/a	n/a	noo	497.1203046	314	true	496.9981659	497.6099903
498.4191591	0.7684558999999922	trials	/intervals/trials	315	start_time	n/a	n/a	n/a	n/a	n/a	n/a	n/a	n/a	n/a	shoo	498.6730493	315	true	498.4191591	499.187615
498.6730493	0.0	cv_transition	/intervals/trials	315	cv_transition_time	n/a	n/a	n/a	n/a	n/a	n/a	n/a	n/a	n/a	shoo	498.6730493	315	true	498.4191591	499.187615
499.9549401	0.766194100000007	trials	/intervals/trials	316	start_time	n/a	n/a	n/a	n/a	n/a	n/a	n/a	n/a	n/a	soo	500.1935629	316	true	499.9549401	500.7211342
500.1935629	0.0	cv_transition	/intervals/trials	316	cv_transition_time	n/a	n/a	n/a	n/a	n/a	n/a	n/a	n/a	n/a	soo	500.1935629	316	true	499.9549401	500.7211342
503.1254569	0.6892919999999663	trials	/intervals/trials	317	start_time	n/a	n/a	n/a	n/a	n/a	n/a	n/a	n/a	n/a	hoo	503.2849157	317	true	503.1254569	503.8147489
503.2849157	0.0	cv_transition	/intervals/trials	317	cv_transition_time	n/a	n/a	n/a	n/a	n/a	n/a	n/a	n/a	n/a	hoo	503.2849157	317	true	503.1254569	503.8147489
504.7782874	0.5756351999999652	trials	/intervals/trials	318	start_time	n/a	n/a	n/a	n/a	n/a	n/a	n/a	n/a	n/a	voo	504.881766	318	true	504.7782874	505.3539226
504.881766	0.0	cv_transition	/intervals/trials	318	cv_transition_time	n/a	n/a	n/a	n/a	n/a	n/a	n/a	n/a	n/a	voo	504.881766	318	true	504.7782874	505.3539226
506.0805347	0.6949465000000146	trials	/intervals/trials	319	start_time	n/a	n/a	n/a	n/a	n/a	n/a	n/a	n/a	n/a	roo	506.2953126	319	true	506.0805347	506.7754812
506.2953126	0.0	cv_transition	/intervals/trials	319	cv_transition_time	n/a	n/a	n/a	n/a	n/a	n/a	n/a	n/a	n/a	roo	506.2953126	319	true	506.0805347	506.7754812
507.8464566	0.6169135000000097	trials	/intervals/trials	320	start_time	n/a	n/a	n/a	n/a	n/a	n/a	n/a	n/a	n/a	loo	507.9058296	320	true	507.8464566	508.4633701
507.9058296	0.0	cv_transition	/intervals/trials	320	cv_transition_time	n/a	n/a	n/a	n/a	n/a	n/a	n/a	n/a	n/a	loo	507.9058296	320	true	507.8464566	508.4633701
509.5219054	0.6960774000000356	trials	/intervals/trials	321	start_time	n/a	n/a	n/a	n/a	n/a	n/a	n/a	n/a	n/a	yoo	509.6740133	321	true	509.5219054	510.2179828
509.6740133	0.0	cv_transition	/intervals/trials	321	cv_transition_time	n/a	n/a	n/a	n/a	n/a	n/a	n/a	n/a	n/a	yoo	509.6740133	321	true	509.5219054	510.2179828
510.61579635547304	0.24505324021941988	invalid_times	/intervals/invalid_times	36	start_time	n/a	n/a	n/a	n/a	36	510.61579635547304	510.86084959569246	"[""ECoG artifact""]"	"[{""idx_start"":1558275,""count"":748,""timeseries"":""/acquisition/ElectricalSeries""}]"	n/a	n/a	n/a	n/a	n/a	n/a
510.867744009377	0.6458296925184186	invalid_times	/intervals/invalid_times	17	start_time	n/a	n/a	n/a	n/a	17	510.867744009377	511.51357370189544	"[""ECoG artifact""]"	"[{""idx_start"":1559044,""count"":1971,""timeseries"":""/acquisition/ElectricalSeries""}]"	n/a	n/a	n/a	n/a	n/a	n/a
525.0	50.0	epochs	/intervals/epochs	0	start_time	0	rest_period	525.0	575.0	n/a	n/a	n/a	n/a	n/a	n/a	n/a	n/a	n/a	n/a	n/a
540.7194994685818	0.09514455291571267	invalid_times	/intervals/invalid_times	37	start_time	n/a	n/a	n/a	n/a	37	540.7194994685818	540.8146440214975	"[""ECoG artifact""]"	"[{""idx_start"":1650144,""count"":291,""timeseries"":""/acquisition/ElectricalSeries""}]"	n/a	n/a	n/a	n/a	n/a	n/a
540.7746658330061	0.18451067498881457	invalid_times	/intervals/invalid_times	43	start_time	n/a	n/a	n/a	n/a	43	540.7746658330061	540.9591765079949	"[""ECoG artifact""]"	"[{""idx_start"":1650313,""count"":563,""timeseries"":""/acquisition/ElectricalSeries""}]"	n/a	n/a	n/a	n/a	n/a	n/a
540.9110786963099	0.7611564233253603	invalid_times	/intervals/invalid_times	18	start_time	n/a	n/a	n/a	n/a	18	540.9110786963099	541.6722351196353	"[""ECoG artifact""]"	"[{""idx_start"":1650729,""count"":2323,""timeseries"":""/acquisition/ElectricalSeries""}]"	n/a	n/a	n/a	n/a	n/a	n/a
570.7507030034466	0.1874059375611523	invalid_times	/intervals/invalid_times	44	start_time	n/a	n/a	n/a	n/a	44	570.7507030034466	570.9381089410077	"[""ECoG artifact""]"	"[{""idx_start"":1741792,""count"":572,""timeseries"":""/acquisition/ElectricalSeries""}]"	n/a	n/a	n/a	n/a	n/a	n/a
570.9007369801626	0.6919603848411953	invalid_times	/intervals/invalid_times	19	start_time	n/a	n/a	n/a	n/a	19	570.9007369801626	571.5926973650038	"[""ECoG artifact""]"	"[{""idx_start"":1742250,""count"":2112,""timeseries"":""/acquisition/ElectricalSeries""}]"	n/a	n/a	n/a	n/a	n/a	n/a
