onset	duration	trial_type	source_table	source_row	source_onset_column	nwb_epochs_id	nwb_epochs_label	nwb_epochs_start_time	nwb_epochs_stop_time	nwb_trials_condition	nwb_trials_cv_transition_time	nwb_trials_id	nwb_trials_speak	nwb_trials_start_time	nwb_trials_stop_time
0.0	4.0	epochs	/intervals/epochs	0	start_time	0	rest_period	0.0	4.0	n/a	n/a	n/a	n/a	n/a	n/a
4.9240603	0.5146723	trials	/intervals/trials	0	start_time	n/a	n/a	n/a	n/a	raa	5.0966568	0	true	4.9240603	5.4387326
5.0966568	0.0	cv_transition	/intervals/trials	0	cv_transition_time	n/a	n/a	n/a	n/a	raa	5.0966568	0	true	4.9240603	5.4387326
5.7517728	0.5816194999999995	trials	/intervals/trials	1	start_time	n/a	n/a	n/a	n/a	shee	5.9731693	1	true	5.7517728	6.3333923
5.9731693	0.0	cv_transition	/intervals/trials	1	cv_transition_time	n/a	n/a	n/a	n/a	shee	5.9731693	1	true	5.7517728	6.3333923
6.6654871	0.48180970000000034	trials	/intervals/trials	2	start_time	n/a	n/a	n/a	n/a	yoo	6.7925179	2	true	6.6654871	7.1472968
6.7925179	0.0	cv_transition	/intervals/trials	2	cv_transition_time	n/a	n/a	n/a	n/a	yoo	6.7925179	2	true	6.6654871	7.1472968
7.5592395	0.3729260999999999	trials	/intervals/trials	3	start_time	n/a	n/a	n/a	n/a	baa	7.5683131	3	true	7.5592395	7.9321656
7.5683131	0.0	cv_transition	/intervals/trials	3	cv_transition_time	n/a	n/a	n/a	n/a	baa	7.5683131	3	true	7.5592395	7.9321656
8.2152628	0.4799949000000012	trials	/intervals/trials	4	start_time	n/a	n/a	n/a	n/a	zee	8.3640703	4	true	8.2152628	8.6952577
8.3640703	0.0	cv_transition	/intervals/trials	4	cv_transition_time	n/a	n/a	n/a	n/a	zee	8.3640703	4	true	8.2152628	8.6952577
9.1407728	0.39288809999999863	trials	/intervals/trials	5	start_time	n/a	n/a	n/a	n/a	gee	9.2197134	5	true	9.1407728	9.5336609
9.2197134	0.0	cv_transition	/intervals/trials	5	cv_transition_time	n/a	n/a	n/a	n/a	gee	9.2197134	5	true	9.1407728	9.5336609
9.9301785	0.4201088999999989	trials	/intervals/trials	6	start_time	n/a	n/a	n/a	n/a	kee	9.9973233	6	true	9.9301785	10.3502874
9.9973233	0.0	cv_transition	/intervals/trials	6	cv_transition_time	n/a	n/a	n/a	n/a	kee	9.9973233	6	true	9.9301785	10.3502874
10.6796601	0.41829430000000123	trials	/intervals/trials	7	start_time	n/a	n/a	n/a	n/a	ree	10.7821921	7	true	10.6796601	11.0979544
10.7821921	0.0	cv_transition	/intervals/trials	7	cv_transition_time	n/a	n/a	n/a	n/a	ree	10.7821921	7	true	10.6796601	11.0979544
11.4990088	0.37292609999999904	trials	/intervals/trials	8	start_time	n/a	n/a	n/a	n/a	thee	11.567061	8	true	11.4990088	11.8719349
11.567061	0.0	cv_transition	/intervals/trials	8	cv_transition_time	n/a	n/a	n/a	n/a	thee	11.567061	8	true	11.4990088	11.8719349
12.952604	0.4518666000000007	trials	/intervals/trials	9	start_time	n/a	n/a	n/a	n/a	noo	13.0950599	9	true	12.952604	13.4044706
13.0950599	0.0	cv_transition	/intervals/trials	9	cv_transition_time	n/a	n/a	n/a	n/a	noo	13.0950599	9	true	12.952604	13.4044706
13.8136913	0.3357241999999996	trials	/intervals/trials	10	start_time	n/a	n/a	n/a	n/a	dee	13.8400048	10	true	13.8136913	14.1494155
13.8400048	0.0	cv_transition	/intervals/trials	10	cv_transition_time	n/a	n/a	n/a	n/a	dee	13.8400048	10	true	13.8136913	14.1494155
15.0123175	0.48180969999999945	trials	/intervals/trials	11	start_time	n/a	n/a	n/a	n/a	yee	15.1384409	11	true	15.0123175	15.4941272
15.1384409	0.0	cv_transition	/intervals/trials	11	cv_transition_time	n/a	n/a	n/a	n/a	yee	15.1384409	11	true	15.0123175	15.4941272
15.9704926	0.3702040000000011	trials	/intervals/trials	12	start_time	n/a	n/a	n/a	n/a	koo	16.0349154	12	true	15.9704926	16.3406966
16.0349154	0.0	cv_transition	/intervals/trials	12	cv_transition_time	n/a	n/a	n/a	n/a	koo	16.0349154	12	true	15.9704926	16.3406966
16.7439242	0.4805438000000031	trials	/intervals/trials	13	start_time	n/a	n/a	n/a	n/a	fee	16.9087058	13	true	16.7439242	17.224468
16.9087058	0.0	cv_transition	/intervals/trials	13	cv_transition_time	n/a	n/a	n/a	n/a	fee	16.9087058	13	true	16.7439242	17.224468
17.5111947	0.5054009999999991	trials	/intervals/trials	14	start_time	n/a	n/a	n/a	n/a	hee	17.6618169	14	true	17.5111947	18.0165957
17.6618169	0.0	cv_transition	/intervals/trials	14	cv_transition_time	n/a	n/a	n/a	n/a	hee	17.6618169	14	true	17.5111947	18.0165957
18.4884244	0.43734889999999993	trials	/intervals/trials	15	start_time	n/a	n/a	n/a	n/a	vaa	18.5564766	15	true	18.4884244	18.9257733
18.5564766	0.0	cv_transition	/intervals/trials	15	cv_transition_time	n/a	n/a	n/a	n/a	vaa	18.5564766	15	true	18.4884244	18.9257733
19.2224809	0.39742490000000075	trials	/intervals/trials	16	start_time	n/a	n/a	n/a	n/a	loo	19.3395307	16	true	19.2224809	19.6199058
19.3395307	0.0	cv_transition	/intervals/trials	16	cv_transition_time	n/a	n/a	n/a	n/a	loo	19.3395307	16	true	19.2224809	19.6199058
20.0198736	0.4075850999999986	trials	/intervals/trials	17	start_time	n/a	n/a	n/a	n/a	hoo	20.1243995	17	true	20.0198736	20.4274587
20.1243995	0.0	cv_transition	/intervals/trials	17	cv_transition_time	n/a	n/a	n/a	n/a	hoo	20.1243995	17	true	20.0198736	20.4274587
21.1932729	0.4654771000000011	trials	/intervals/trials	18	start_time	n/a	n/a	n/a	n/a	kaa	21.288546	18	true	21.1932729	21.65875
21.288546	0.0	cv_transition	/intervals/trials	18	cv_transition_time	n/a	n/a	n/a	n/a	kaa	21.288546	18	true	21.1932729	21.65875
22.8746162	0.337538900000002	trials	/intervals/trials	19	start_time	n/a	n/a	n/a	n/a	bee	22.8864119	19	true	22.8746162	23.2121551
22.8864119	0.0	cv_transition	/intervals/trials	19	cv_transition_time	n/a	n/a	n/a	n/a	bee	22.8864119	19	true	22.8746162	23.2121551
23.6068579	0.36113039999999685	trials	/intervals/trials	20	start_time	n/a	n/a	n/a	n/a	paa	23.6531334	20	true	23.6068579	23.9679883
23.6531334	0.0	cv_transition	/intervals/trials	20	cv_transition_time	n/a	n/a	n/a	n/a	paa	23.6531334	20	true	23.6068579	23.9679883
24.4561495	0.3711114000000002	trials	/intervals/trials	21	start_time	n/a	n/a	n/a	n/a	taa	24.5659404	21	true	24.4561495	24.8272609
24.5659404	0.0	cv_transition	/intervals/trials	21	cv_transition_time	n/a	n/a	n/a	n/a	taa	24.5659404	21	true	24.4561495	24.8272609
25.322681	0.3729261000000008	trials	/intervals/trials	22	start_time	n/a	n/a	n/a	n/a	naa	25.4206762	22	true	25.322681	25.6956071
25.4206762	0.0	cv_transition	/intervals/trials	22	cv_transition_time	n/a	n/a	n/a	n/a	naa	25.4206762	22	true	25.322681	25.6956071
26.0286093	0.5199187999999992	trials	/intervals/trials	23	start_time	n/a	n/a	n/a	n/a	saa	26.2191554	23	true	26.0286093	26.5485281
26.2191554	0.0	cv_transition	/intervals/trials	23	cv_transition_time	n/a	n/a	n/a	n/a	saa	26.2191554	23	true	26.0286093	26.5485281
26.8896965	0.5416956000000006	trials	/intervals/trials	24	start_time	n/a	n/a	n/a	n/a	shoo	27.0992974	24	true	26.8896965	27.4313921
27.0992974	0.0	cv_transition	/intervals/trials	24	cv_transition_time	n/a	n/a	n/a	n/a	shoo	27.0992974	24	true	26.8896965	27.4313921
27.7271924	0.4854391000000007	trials	/intervals/trials	25	start_time	n/a	n/a	n/a	n/a	foo	27.9113871	25	true	27.7271924	28.2126315
27.9113871	0.0	cv_transition	/intervals/trials	25	cv_transition_time	n/a	n/a	n/a	n/a	foo	27.9113871	25	true	27.7271924	28.2126315
28.7888069	0.35659360000000007	trials	/intervals/trials	26	start_time	n/a	n/a	n/a	n/a	daa	28.8006026	26	true	28.7888069	29.1454005
28.8006026	0.0	cv_transition	/intervals/trials	26	cv_transition_time	n/a	n/a	n/a	n/a	daa	28.8006026	26	true	28.7888069	29.1454005
29.5301223	0.4772728000000015	trials	/intervals/trials	27	start_time	n/a	n/a	n/a	n/a	faa	29.6762077	27	true	29.5301223	30.0073951
29.6762077	0.0	cv_transition	/intervals/trials	27	cv_transition_time	n/a	n/a	n/a	n/a	faa	29.6762077	27	true	29.5301223	30.0073951
30.5862926	0.38925860000000156	trials	/intervals/trials	28	start_time	n/a	n/a	n/a	n/a	goo	30.6207724	28	true	30.5862926	30.9755512
30.6207724	0.0	cv_transition	/intervals/trials	28	cv_transition_time	n/a	n/a	n/a	n/a	goo	30.6207724	28	true	30.5862926	30.9755512
31.4283253	0.36294509999999747	trials	/intervals/trials	29	start_time	n/a	n/a	n/a	n/a	mee	31.5090806	29	true	31.4283253	31.7912704
31.5090806	0.0	cv_transition	/intervals/trials	29	cv_transition_time	n/a	n/a	n/a	n/a	mee	31.5090806	29	true	31.4283253	31.7912704
32.2059352	0.5126600000000039	trials	/intervals/trials	30	start_time	n/a	n/a	n/a	n/a	zaa	32.4001108	30	true	32.2059352	32.7185952
32.4001108	0.0	cv_transition	/intervals/trials	30	cv_transition_time	n/a	n/a	n/a	n/a	zaa	32.4001108	30	true	32.2059352	32.7185952
33.4063762	0.5507692000000048	trials	/intervals/trials	31	start_time	n/a	n/a	n/a	n/a	see	33.6132549	31	true	33.4063762	33.9571454
33.6132549	0.0	cv_transition	/intervals/trials	31	cv_transition_time	n/a	n/a	n/a	n/a	see	33.6132549	31	true	33.4063762	33.9571454
34.3373304	0.4926980000000043	trials	/intervals/trials	32	start_time	n/a	n/a	n/a	n/a	zoo	34.4915821	32	true	34.3373304	34.8300284
34.4915821	0.0	cv_transition	/intervals/trials	32	cv_transition_time	n/a	n/a	n/a	n/a	zoo	34.4915821	32	true	34.3373304	34.8300284
35.5214389	0.41103530000000177	trials	/intervals/trials	33	start_time	n/a	n/a	n/a	n/a	too	35.6058236	33	true	35.5214389	35.9324742
35.6058236	0.0	cv_transition	/intervals/trials	33	cv_transition_time	n/a	n/a	n/a	n/a	too	35.6058236	33	true	35.5214389	35.9324742
36.4033955	0.4573107999999948	trials	/intervals/trials	34	start_time	n/a	n/a	n/a	n/a	vee	36.5258895	34	true	36.4033955	36.8607063
36.5258895	0.0	cv_transition	/intervals/trials	34	cv_transition_time	n/a	n/a	n/a	n/a	vee	36.5258895	34	true	36.4033955	36.8607063
38.688135	0.465477099999994	trials	/intervals/trials	35	start_time	n/a	n/a	n/a	n/a	maa	38.7924817	35	true	38.688135	39.1536121
38.7924817	0.0	cv_transition	/intervals/trials	35	cv_transition_time	n/a	n/a	n/a	n/a	maa	38.7924817	35	true	38.688135	39.1536121
40.3449795	0.46729179999999815	trials	/intervals/trials	36	start_time	n/a	n/a	n/a	n/a	nee	40.4729177	36	true	40.3449795	40.8122713
40.4729177	0.0	cv_transition	/intervals/trials	36	cv_transition_time	n/a	n/a	n/a	n/a	nee	40.4729177	36	true	40.3449795	40.8122713
41.2251214	0.3584083000000007	trials	/intervals/trials	37	start_time	n/a	n/a	n/a	n/a	boo	41.2459908	37	true	41.2251214	41.5835297
41.2459908	0.0	cv_transition	/intervals/trials	37	cv_transition_time	n/a	n/a	n/a	n/a	boo	41.2459908	37	true	41.2251214	41.5835297
42.0608025	0.4164795999999953	trials	/intervals/trials	38	start_time	n/a	n/a	n/a	n/a	laa	42.1597051	38	true	42.0608025	42.4772821
42.1597051	0.0	cv_transition	/intervals/trials	38	cv_transition_time	n/a	n/a	n/a	n/a	laa	42.1597051	38	true	42.0608025	42.4772821
42.8574671	0.37564820000000054	trials	/intervals/trials	39	start_time	n/a	n/a	n/a	n/a	maa	42.957277	39	true	42.8574671	43.2331153
42.957277	0.0	cv_transition	/intervals/trials	39	cv_transition_time	n/a	n/a	n/a	n/a	maa	42.957277	39	true	42.8574671	43.2331153
43.6187445	0.49179060000000163	trials	/intervals/trials	40	start_time	n/a	n/a	n/a	n/a	soo	43.7984023	40	true	43.6187445	44.1105351
43.7984023	0.0	cv_transition	/intervals/trials	40	cv_transition_time	n/a	n/a	n/a	n/a	soo	43.7984023	40	true	43.6187445	44.1105351
44.5233852	0.39198069999999774	trials	/intervals/trials	41	start_time	n/a	n/a	n/a	n/a	roo	44.6141215	41	true	44.5233852	44.9153659
44.6141215	0.0	cv_transition	/intervals/trials	41	cv_transition_time	n/a	n/a	n/a	n/a	roo	44.6141215	41	true	44.5233852	44.9153659
45.7338072	0.46003290000000163	trials	/intervals/trials	42	start_time	n/a	n/a	n/a	n/a	tee	45.8354318	42	true	45.7338072	46.1938401
45.8354318	0.0	cv_transition	/intervals/trials	42	cv_transition_time	n/a	n/a	n/a	n/a	tee	45.8354318	42	true	45.7338072	46.1938401
46.4941772	0.4201089999999965	trials	/intervals/trials	43	start_time	n/a	n/a	n/a	n/a	haa	46.6711129	43	true	46.4941772	46.9142862
46.6711129	0.0	cv_transition	/intervals/trials	43	cv_transition_time	n/a	n/a	n/a	n/a	haa	46.6711129	43	true	46.4941772	46.9142862
47.5022573	0.4101279000000062	trials	/intervals/trials	44	start_time	n/a	n/a	n/a	n/a	waa	47.5920862	44	true	47.5022573	47.9123852
47.5920862	0.0	cv_transition	/intervals/trials	44	cv_transition_time	n/a	n/a	n/a	n/a	waa	47.5920862	44	true	47.5022573	47.9123852
48.3660666	0.3420757999999964	trials	/intervals/trials	45	start_time	n/a	n/a	n/a	n/a	pee	48.4141569	45	true	48.3660666	48.7081424
48.4141569	0.0	cv_transition	/intervals/trials	45	cv_transition_time	n/a	n/a	n/a	n/a	pee	48.4141569	45	true	48.3660666	48.7081424
49.2707073	0.39107340000000335	trials	/intervals/trials	46	start_time	n/a	n/a	n/a	n/a	lee	49.3550921	46	true	49.2707073	49.6617807
49.3550921	0.0	cv_transition	/intervals/trials	46	cv_transition_time	n/a	n/a	n/a	n/a	lee	49.3550921	46	true	49.2707073	49.6617807
50.1444977	0.44642249999999706	trials	/intervals/trials	47	start_time	n/a	n/a	n/a	n/a	wee	50.2306972	47	true	50.1444977	50.5909202
50.2306972	0.0	cv_transition	/intervals/trials	47	cv_transition_time	n/a	n/a	n/a	n/a	wee	50.2306972	47	true	50.1444977	50.5909202
51.0899698	0.46275500000000136	trials	/intervals/trials	48	start_time	n/a	n/a	n/a	n/a	yaa	51.2297036	48	true	51.0899698	51.5527248
51.2297036	0.0	cv_transition	/intervals/trials	48	cv_transition_time	n/a	n/a	n/a	n/a	yaa	51.2297036	48	true	51.0899698	51.5527248
52.0753658	0.3620377000000019	trials	/intervals/trials	49	start_time	n/a	n/a	n/a	n/a	gaa	52.0971425	49	true	52.0753658	52.4374035
52.0971425	0.0	cv_transition	/intervals/trials	49	cv_transition_time	n/a	n/a	n/a	n/a	gaa	52.0971425	49	true	52.0753658	52.4374035
52.9328236	0.5371588000000003	trials	/intervals/trials	50	start_time	n/a	n/a	n/a	n/a	shaa	53.1342581	50	true	52.9328236	53.4699824
53.1342581	0.0	cv_transition	/intervals/trials	50	cv_transition_time	n/a	n/a	n/a	n/a	shaa	53.1342581	50	true	52.9328236	53.4699824
53.9626804	0.3221137999999968	trials	/intervals/trials	51	start_time	n/a	n/a	n/a	n/a	doo	53.9771982	51	true	53.9626804	54.2847942
53.9771982	0.0	cv_transition	/intervals/trials	51	cv_transition_time	n/a	n/a	n/a	n/a	doo	53.9771982	51	true	53.9626804	54.2847942
54.9662236	0.38653659999999945	trials	/intervals/trials	52	start_time	n/a	n/a	n/a	n/a	woo	55.0714777	52	true	54.9662236	55.3527602
55.0714777	0.0	cv_transition	/intervals/trials	52	cv_transition_time	n/a	n/a	n/a	n/a	woo	55.0714777	52	true	54.9662236	55.3527602
57.605742	0.4600330000000028	trials	/intervals/trials	53	start_time	n/a	n/a	n/a	n/a	raa	57.7119035	53	true	57.605742	58.065775
57.7119035	0.0	cv_transition	/intervals/trials	53	cv_transition_time	n/a	n/a	n/a	n/a	raa	57.7119035	53	true	57.605742	58.065775
58.2953377	0.654208600000004	trials	/intervals/trials	54	start_time	n/a	n/a	n/a	n/a	shee	58.5748055	54	true	58.2953377	58.9495463
58.5748055	0.0	cv_transition	/intervals/trials	54	cv_transition_time	n/a	n/a	n/a	n/a	shee	58.5748055	54	true	58.2953377	58.9495463
59.4957787	0.4491445999999968	trials	/intervals/trials	55	start_time	n/a	n/a	n/a	n/a	yoo	59.6055696	55	true	59.4957787	59.9449233
59.6055696	0.0	cv_transition	/intervals/trials	55	cv_transition_time	n/a	n/a	n/a	n/a	yoo	59.6055696	55	true	59.4957787	59.9449233
60.4240109	0.36748190000000136	trials	/intervals/trials	56	start_time	n/a	n/a	n/a	n/a	baa	60.442965	56	true	60.4240109	60.7914928
60.442965	0.0	cv_transition	/intervals/trials	56	cv_transition_time	n/a	n/a	n/a	n/a	baa	60.442965	56	true	60.4240109	60.7914928
61.2451742	0.4881612000000004	trials	/intervals/trials	57	start_time	n/a	n/a	n/a	n/a	zee	61.3858154	57	true	61.2451742	61.7333354
61.3858154	0.0	cv_transition	/intervals/trials	57	cv_transition_time	n/a	n/a	n/a	n/a	zee	61.3858154	57	true	61.2451742	61.7333354
62.2078861	0.39833229999999986	trials	/intervals/trials	58	start_time	n/a	n/a	n/a	n/a	gee	62.2605132	58	true	62.2078861	62.6062184
62.2605132	0.0	cv_transition	/intervals/trials	58	cv_transition_time	n/a	n/a	n/a	n/a	gee	62.2605132	58	true	62.2078861	62.6062184
63.2359282	0.39198070000000484	trials	/intervals/trials	59	start_time	n/a	n/a	n/a	n/a	kee	63.3067025	59	true	63.2359282	63.6279089
63.3067025	0.0	cv_transition	/intervals/trials	59	cv_transition_time	n/a	n/a	n/a	n/a	kee	63.3067025	59	true	63.2359282	63.6279089
64.163253	0.40286910000000375	trials	/intervals/trials	60	start_time	n/a	n/a	n/a	n/a	ree	64.2394714	60	true	64.163253	64.5661221
64.2394714	0.0	cv_transition	/intervals/trials	60	cv_transition_time	n/a	n/a	n/a	n/a	ree	64.2394714	60	true	64.163253	64.5661221
67.0513888	0.4500519000000054	trials	/intervals/trials	61	start_time	n/a	n/a	n/a	n/a	noo	67.1775122	61	true	67.0513888	67.5014407
67.1775122	0.0	cv_transition	/intervals/trials	61	cv_transition_time	n/a	n/a	n/a	n/a	noo	67.1775122	61	true	67.0513888	67.5014407
68.0113786	0.36385249999999303	trials	/intervals/trials	62	start_time	n/a	n/a	n/a	n/a	dee	68.0304332	62	true	68.0113786	68.3752311
68.0304332	0.0	cv_transition	/intervals/trials	62	cv_transition_time	n/a	n/a	n/a	n/a	dee	68.0304332	62	true	68.0113786	68.3752311
69.1573778	0.4609402999999901	trials	/intervals/trials	63	start_time	n/a	n/a	n/a	n/a	yee	69.2408552	63	true	69.1573778	69.6183181
69.2408552	0.0	cv_transition	/intervals/trials	63	cv_transition_time	n/a	n/a	n/a	n/a	yee	69.2408552	63	true	69.1573778	69.6183181
70.2924887	0.4164794999999941	trials	/intervals/trials	64	start_time	n/a	n/a	n/a	n/a	koo	70.4304078	64	true	70.2924887	70.7089682
70.4304078	0.0	cv_transition	/intervals/trials	64	cv_transition_time	n/a	n/a	n/a	n/a	koo	70.4304078	64	true	70.2924887	70.7089682
71.3459369	0.5199189000000075	trials	/intervals/trials	65	start_time	n/a	n/a	n/a	n/a	fee	71.5265021	65	true	71.3459369	71.8658558
71.5265021	0.0	cv_transition	/intervals/trials	65	cv_transition_time	n/a	n/a	n/a	n/a	fee	71.5265021	65	true	71.3459369	71.8658558
72.3277034	0.5081232	trials	/intervals/trials	66	start_time	n/a	n/a	n/a	n/a	hee	72.5001024	66	true	72.3277034	72.8358266
72.5001024	0.0	cv_transition	/intervals/trials	66	cv_transition_time	n/a	n/a	n/a	n/a	hee	72.5001024	66	true	72.3277034	72.8358266
73.4337787	0.3810924	trials	/intervals/trials	67	start_time	n/a	n/a	n/a	n/a	vaa	73.5190708	67	true	73.4337787	73.8148711
73.5190708	0.0	cv_transition	/intervals/trials	67	cv_transition_time	n/a	n/a	n/a	n/a	vaa	73.5190708	67	true	73.4337787	73.8148711
74.4473029	0.3919807999999989	trials	/intervals/trials	68	start_time	n/a	n/a	n/a	n/a	loo	74.5298729	68	true	74.4473029	74.8392837
74.5298729	0.0	cv_transition	/intervals/trials	68	cv_transition_time	n/a	n/a	n/a	n/a	loo	74.5298729	68	true	74.4473029	74.8392837
75.4163664	0.42373840000000484	trials	/intervals/trials	69	start_time	n/a	n/a	n/a	n/a	hoo	75.4880481	69	true	75.4163664	75.8401048
75.4880481	0.0	cv_transition	/intervals/trials	69	cv_transition_time	n/a	n/a	n/a	n/a	hoo	75.4880481	69	true	75.4163664	75.8401048
76.4344275	0.4064984999999979	trials	/intervals/trials	70	start_time	n/a	n/a	n/a	n/a	kaa	76.5151828	70	true	76.4344275	76.840926
76.5151828	0.0	cv_transition	/intervals/trials	70	cv_transition_time	n/a	n/a	n/a	n/a	kaa	76.5151828	70	true	76.4344275	76.840926
77.4343413	0.39923960000000136	trials	/intervals/trials	71	start_time	n/a	n/a	n/a	n/a	poo	77.528707	71	true	77.4343413	77.8335809
77.528707	0.0	cv_transition	/intervals/trials	71	cv_transition_time	n/a	n/a	n/a	n/a	poo	77.528707	71	true	77.4343413	77.8335809
78.5150104	0.34389050000000054	trials	/intervals/trials	72	start_time	n/a	n/a	n/a	n/a	bee	78.524084	72	true	78.5150104	78.8589009
78.524084	0.0	cv_transition	/intervals/trials	72	cv_transition_time	n/a	n/a	n/a	n/a	bee	78.524084	72	true	78.5150104	78.8589009
79.4786297	0.4010542999999984	trials	/intervals/trials	73	start_time	n/a	n/a	n/a	n/a	paa	79.5657365	73	true	79.4786297	79.879684
79.5657365	0.0	cv_transition	/intervals/trials	73	cv_transition_time	n/a	n/a	n/a	n/a	paa	79.5657365	73	true	79.4786297	79.879684
80.5592987	0.42192380000000185	trials	/intervals/trials	74	start_time	n/a	n/a	n/a	n/a	taa	80.660016	74	true	80.5592987	80.9812225
80.660016	0.0	cv_transition	/intervals/trials	74	cv_transition_time	n/a	n/a	n/a	n/a	taa	80.660016	74	true	80.5592987	80.9812225
81.6109322	0.3847219000000024	trials	/intervals/trials	75	start_time	n/a	n/a	n/a	n/a	naa	81.6916875	75	true	81.6109322	81.9956541
81.6916875	0.0	cv_transition	/intervals/trials	75	cv_transition_time	n/a	n/a	n/a	n/a	naa	81.6916875	75	true	81.6109322	81.9956541
82.4829079	0.5335292999999979	trials	/intervals/trials	76	start_time	n/a	n/a	n/a	n/a	saa	82.6861571	76	true	82.4829079	83.0164372
82.6861571	0.0	cv_transition	/intervals/trials	76	cv_transition_time	n/a	n/a	n/a	n/a	saa	82.6861571	76	true	82.4829079	83.0164372
83.5508739	0.5562134000000043	trials	/intervals/trials	77	start_time	n/a	n/a	n/a	n/a	shoo	83.7758999	77	true	83.5508739	84.1070873
83.7758999	0.0	cv_transition	/intervals/trials	77	cv_transition_time	n/a	n/a	n/a	n/a	shoo	83.7758999	77	true	83.5508739	84.1070873
84.7286308	0.5335292999999979	trials	/intervals/trials	78	start_time	n/a	n/a	n/a	n/a	foo	84.9119181	78	true	84.7286308	85.2621601
84.9119181	0.0	cv_transition	/intervals/trials	78	cv_transition_time	n/a	n/a	n/a	n/a	foo	84.9119181	78	true	84.7286308	85.2621601
85.9199982	0.3774629000000118	trials	/intervals/trials	79	start_time	n/a	n/a	n/a	n/a	daa	85.9363307	79	true	85.9199982	86.2974611
85.9363307	0.0	cv_transition	/intervals/trials	79	cv_transition_time	n/a	n/a	n/a	n/a	daa	85.9363307	79	true	85.9199982	86.2974611
86.9389666	0.4890685000000019	trials	/intervals/trials	80	start_time	n/a	n/a	n/a	n/a	faa	87.0823299	80	true	86.9389666	87.4280351
87.0823299	0.0	cv_transition	/intervals/trials	80	cv_transition_time	n/a	n/a	n/a	n/a	faa	87.0823299	80	true	86.9389666	87.4280351
88.1366855	0.368389300000004	trials	/intervals/trials	81	start_time	n/a	n/a	n/a	n/a	goo	88.1956641	81	true	88.1366855	88.5050748
88.1956641	0.0	cv_transition	/intervals/trials	81	cv_transition_time	n/a	n/a	n/a	n/a	goo	88.1956641	81	true	88.1366855	88.5050748
89.1311551	0.4210163000000051	trials	/intervals/trials	82	start_time	n/a	n/a	n/a	n/a	mee	89.1928558	82	true	89.1311551	89.5521714
89.1928558	0.0	cv_transition	/intervals/trials	82	cv_transition_time	n/a	n/a	n/a	n/a	mee	89.1928558	82	true	89.1311551	89.5521714
90.1564751	0.4618475999999987	trials	/intervals/trials	83	start_time	n/a	n/a	n/a	n/a	zaa	90.2853206	83	true	90.1564751	90.6183227
90.2853206	0.0	cv_transition	/intervals/trials	83	cv_transition_time	n/a	n/a	n/a	n/a	zaa	90.2853206	83	true	90.1564751	90.6183227
91.1563889	0.5090305000000086	trials	/intervals/trials	84	start_time	n/a	n/a	n/a	n/a	see	91.3614529	84	true	91.1563889	91.6654194
91.3614529	0.0	cv_transition	/intervals/trials	84	cv_transition_time	n/a	n/a	n/a	n/a	see	91.3614529	84	true	91.1563889	91.6654194
92.2379653	0.46184770000000697	trials	/intervals/trials	85	start_time	n/a	n/a	n/a	n/a	zoo	92.3904023	85	true	92.2379653	92.699813
92.3904023	0.0	cv_transition	/intervals/trials	85	cv_transition_time	n/a	n/a	n/a	n/a	zoo	92.3904023	85	true	92.2379653	92.699813
93.4157222	0.47818019999999706	trials	/intervals/trials	86	start_time	n/a	n/a	n/a	n/a	too	93.5264205	86	true	93.4157222	93.8939024
93.5264205	0.0	cv_transition	/intervals/trials	86	cv_transition_time	n/a	n/a	n/a	n/a	too	93.5264205	86	true	93.4157222	93.8939024
94.5317785	0.4010542999999984	trials	/intervals/trials	87	start_time	n/a	n/a	n/a	n/a	vee	94.6016454	87	true	94.5317785	94.9328328
94.6016454	0.0	cv_transition	/intervals/trials	87	cv_transition_time	n/a	n/a	n/a	n/a	vee	94.6016454	87	true	94.5317785	94.9328328
96.6622663	0.4536814000000078	trials	/intervals/trials	88	start_time	n/a	n/a	n/a	n/a	moo	96.7520953	88	true	96.6622663	97.1159477
96.7520953	0.0	cv_transition	/intervals/trials	88	cv_transition_time	n/a	n/a	n/a	n/a	moo	96.7520953	88	true	96.6622663	97.1159477
98.8943788	0.4246458000000075	trials	/intervals/trials	89	start_time	n/a	n/a	n/a	n/a	nee	99.0114286	89	true	98.8943788	99.3190246
99.0114286	0.0	cv_transition	/intervals/trials	89	cv_transition_time	n/a	n/a	n/a	n/a	nee	99.0114286	89	true	98.8943788	99.3190246
99.8997368	0.32302119999999945	trials	/intervals/trials	90	start_time	n/a	n/a	n/a	n/a	boo	99.9187914	90	true	99.8997368	100.222758
99.9187914	0.0	cv_transition	/intervals/trials	90	cv_transition_time	n/a	n/a	n/a	n/a	boo	99.9187914	90	true	99.8997368	100.222758
100.8515604	0.4210163000000051	trials	/intervals/trials	91	start_time	n/a	n/a	n/a	n/a	laa	100.9840354	91	true	100.8515604	101.2725767
100.9840354	0.0	cv_transition	/intervals/trials	91	cv_transition_time	n/a	n/a	n/a	n/a	laa	100.9840354	91	true	100.8515604	101.2725767
101.9467473	0.3892586000000051	trials	/intervals/trials	92	start_time	n/a	n/a	n/a	n/a	maa	102.0202437	92	true	101.9467473	102.3360059
102.0202437	0.0	cv_transition	/intervals/trials	92	cv_transition_time	n/a	n/a	n/a	n/a	maa	102.0202437	92	true	101.9467473	102.3360059
102.9366801	0.5072157999999973	trials	/intervals/trials	93	start_time	n/a	n/a	n/a	n/a	soo	103.1453735	93	true	102.9366801	103.4438959
103.1453735	0.0	cv_transition	/intervals/trials	93	cv_transition_time	n/a	n/a	n/a	n/a	soo	103.1453735	93	true	102.9366801	103.4438959
104.0146271	0.43099730000000136	trials	/intervals/trials	94	start_time	n/a	n/a	n/a	n/a	roo	104.1262327	94	true	104.0146271	104.4456244
104.1262327	0.0	cv_transition	/intervals/trials	94	cv_transition_time	n/a	n/a	n/a	n/a	roo	104.1262327	94	true	104.0146271	104.4456244
105.1787736	0.4491445999999968	trials	/intervals/trials	95	start_time	n/a	n/a	n/a	n/a	tee	105.2885645	95	true	105.1787736	105.6279182
105.2885645	0.0	cv_transition	/intervals/trials	95	cv_transition_time	n/a	n/a	n/a	n/a	tee	105.2885645	95	true	105.1787736	105.6279182
106.1487444	0.4999569000000008	trials	/intervals/trials	96	start_time	n/a	n/a	n/a	n/a	haa	106.3519937	96	true	106.1487444	106.6487013
106.3519937	0.0	cv_transition	/intervals/trials	96	cv_transition_time	n/a	n/a	n/a	n/a	haa	106.3519937	96	true	106.1487444	106.6487013
107.3963683	0.3937953999999877	trials	/intervals/trials	97	start_time	n/a	n/a	n/a	n/a	waa	107.460791	97	true	107.3963683	107.7901637
107.460791	0.0	cv_transition	/intervals/trials	97	cv_transition_time	n/a	n/a	n/a	n/a	waa	107.460791	97	true	107.3963683	107.7901637
108.4189661	0.4010543999999925	trials	/intervals/trials	98	start_time	n/a	n/a	n/a	n/a	pee	108.5042582	98	true	108.4189661	108.8200205
108.5042582	0.0	cv_transition	/intervals/trials	98	cv_transition_time	n/a	n/a	n/a	n/a	pee	108.5042582	98	true	108.4189661	108.8200205
109.5250414	0.38290709999999706	trials	/intervals/trials	99	start_time	n/a	n/a	n/a	n/a	lee	109.6085188	99	true	109.5250414	109.9079485
109.6085188	0.0	cv_transition	/intervals/trials	99	cv_transition_time	n/a	n/a	n/a	n/a	lee	109.6085188	99	true	109.5250414	109.9079485
110.602081	0.3130402000000032	trials	/intervals/trials	100	start_time	n/a	n/a	n/a	n/a	wee	110.6928173	100	true	110.602081	110.9151212
110.6928173	0.0	cv_transition	/intervals/trials	100	cv_transition_time	n/a	n/a	n/a	n/a	wee	110.6928173	100	true	110.602081	110.9151212
114.1961451	0.40286910000000375	trials	/intervals/trials	101	start_time	n/a	n/a	n/a	n/a	gaa	114.2215512	101	true	114.1961451	114.5990142
114.2215512	0.0	cv_transition	/intervals/trials	101	cv_transition_time	n/a	n/a	n/a	n/a	gaa	114.2215512	101	true	114.1961451	114.5990142
114.9492562	0.5834343000000075	trials	/intervals/trials	102	start_time	n/a	n/a	n/a	n/a	shaa	115.1869852	102	true	114.9492562	115.5326905
115.1869852	0.0	cv_transition	/intervals/trials	102	cv_transition_time	n/a	n/a	n/a	n/a	shaa	115.1869852	102	true	114.9492562	115.5326905
116.021759	0.38744389999999385	trials	/intervals/trials	103	start_time	n/a	n/a	n/a	n/a	doo	116.0399063	103	true	116.021759	116.4092029
116.0399063	0.0	cv_transition	/intervals/trials	103	cv_transition_time	n/a	n/a	n/a	n/a	doo	116.0399063	103	true	116.021759	116.4092029
116.8728653	0.42283109999999624	trials	/intervals/trials	104	start_time	n/a	n/a	n/a	n/a	woo	116.9273071	104	true	116.8728653	117.2956964
116.9273071	0.0	cv_transition	/intervals/trials	104	cv_transition_time	n/a	n/a	n/a	n/a	woo	116.9273071	104	true	116.8728653	117.2956964
117.8655202	0.4446078	trials	/intervals/trials	105	start_time	n/a	n/a	n/a	n/a	raa	117.9390166	105	true	117.8655202	118.310128
117.9390166	0.0	cv_transition	/intervals/trials	105	cv_transition_time	n/a	n/a	n/a	n/a	raa	117.9390166	105	true	117.8655202	118.310128
118.7157192	0.5661944000000005	trials	/intervals/trials	106	start_time	n/a	n/a	n/a	n/a	shee	118.9516335	106	true	118.7157192	119.2819136
118.9516335	0.0	cv_transition	/intervals/trials	106	cv_transition_time	n/a	n/a	n/a	n/a	shee	118.9516335	106	true	118.7157192	119.2819136
119.8635331	0.41829429999999945	trials	/intervals/trials	107	start_time	n/a	n/a	n/a	n/a	yoo	119.9197896	107	true	119.8635331	120.2818274
119.9197896	0.0	cv_transition	/intervals/trials	107	cv_transition_time	n/a	n/a	n/a	n/a	yoo	119.9197896	107	true	119.8635331	120.2818274
120.8598175	0.3611303999999933	trials	/intervals/trials	108	start_time	n/a	n/a	n/a	n/a	baa	120.8679837	108	true	120.8598175	121.2209479
120.8679837	0.0	cv_transition	/intervals/trials	108	cv_transition_time	n/a	n/a	n/a	n/a	baa	120.8679837	108	true	120.8598175	121.2209479
121.8179926	0.47999490000000833	trials	/intervals/trials	109	start_time	n/a	n/a	n/a	n/a	zee	121.9704295	109	true	121.8179926	122.2979875
121.9704295	0.0	cv_transition	/intervals/trials	109	cv_transition_time	n/a	n/a	n/a	n/a	zee	121.9704295	109	true	121.8179926	122.2979875
122.9521961	0.4128501	trials	/intervals/trials	110	start_time	n/a	n/a	n/a	n/a	gee	123.0438397	110	true	122.9521961	123.3650462
123.0438397	0.0	cv_transition	/intervals/trials	110	cv_transition_time	n/a	n/a	n/a	n/a	gee	123.0438397	110	true	122.9521961	123.3650462
123.9212596	0.4101279000000062	trials	/intervals/trials	111	start_time	n/a	n/a	n/a	n/a	kee	124.0056443	111	true	123.9212596	124.3313875
124.0056443	0.0	cv_transition	/intervals/trials	111	cv_transition_time	n/a	n/a	n/a	n/a	kee	124.0056443	111	true	123.9212596	124.3313875
124.9148218	0.41920160000000806	trials	/intervals/trials	112	start_time	n/a	n/a	n/a	n/a	ree	124.9883182	112	true	124.9148218	125.3340234
124.9883182	0.0	cv_transition	/intervals/trials	112	cv_transition_time	n/a	n/a	n/a	n/a	ree	124.9883182	112	true	124.9148218	125.3340234
126.9926826	0.37927770000000294	trials	/intervals/trials	113	start_time	n/a	n/a	n/a	n/a	voo	127.046217	113	true	126.9926826	127.3719603
127.046217	0.0	cv_transition	/intervals/trials	113	cv_transition_time	n/a	n/a	n/a	n/a	voo	127.046217	113	true	126.9926826	127.3719603
127.9000454	0.48725380000000484	trials	/intervals/trials	114	start_time	n/a	n/a	n/a	n/a	noo	128.0379646	114	true	127.9000454	128.3872992
128.0379646	0.0	cv_transition	/intervals/trials	114	cv_transition_time	n/a	n/a	n/a	n/a	noo	128.0379646	114	true	127.9000454	128.3872992
129.0024912	0.3729261000000008	trials	/intervals/trials	115	start_time	n/a	n/a	n/a	n/a	dee	129.02699	115	true	129.0024912	129.3754173
129.02699	0.0	cv_transition	/intervals/trials	115	cv_transition_time	n/a	n/a	n/a	n/a	dee	129.02699	115	true	129.0024912	129.3754173
130.0169228	0.4473298999999997	trials	/intervals/trials	116	start_time	n/a	n/a	n/a	n/a	yee	130.1194548	116	true	130.0169228	130.4642527
130.1194548	0.0	cv_transition	/intervals/trials	116	cv_transition_time	n/a	n/a	n/a	n/a	yee	130.1194548	116	true	130.0169228	130.4642527
131.017744	0.4291826000000185	trials	/intervals/trials	117	start_time	n/a	n/a	n/a	n/a	koo	131.1211834	117	true	131.017744	131.4469266
131.1211834	0.0	cv_transition	/intervals/trials	117	cv_transition_time	n/a	n/a	n/a	n/a	koo	131.1211834	117	true	131.017744	131.4469266
132.0675628	0.49541999999999575	trials	/intervals/trials	118	start_time	n/a	n/a	n/a	n/a	fee	132.2136482	118	true	132.0675628	132.5629828
132.2136482	0.0	cv_transition	/intervals/trials	118	cv_transition_time	n/a	n/a	n/a	n/a	fee	132.2136482	118	true	132.0675628	132.5629828
133.1255478	0.4881612000000075	trials	/intervals/trials	119	start_time	n/a	n/a	n/a	n/a	hee	133.2870584	119	true	133.1255478	133.613709
133.2870584	0.0	cv_transition	/intervals/trials	119	cv_transition_time	n/a	n/a	n/a	n/a	hee	133.2870584	119	true	133.1255478	133.613709
134.2987679	0.41466479999999706	trials	/intervals/trials	120	start_time	n/a	n/a	n/a	n/a	vaa	134.3532097	120	true	134.2987679	134.7134327
134.3532097	0.0	cv_transition	/intervals/trials	120	cv_transition_time	n/a	n/a	n/a	n/a	vaa	134.3532097	120	true	134.2987679	134.7134327
135.3404204	0.4064984999999979	trials	/intervals/trials	121	start_time	n/a	n/a	n/a	n/a	loo	135.3749002	121	true	135.3404204	135.7469189
135.3749002	0.0	cv_transition	/intervals/trials	121	cv_transition_time	n/a	n/a	n/a	n/a	loo	135.3749002	121	true	135.3404204	135.7469189
136.4401441	0.4182941999999912	trials	/intervals/trials	122	start_time	n/a	n/a	n/a	n/a	hoo	136.5345098	122	true	136.4401441	136.8584383
136.5345098	0.0	cv_transition	/intervals/trials	122	cv_transition_time	n/a	n/a	n/a	n/a	hoo	136.5345098	122	true	136.4401441	136.8584383
137.545312	0.43281200000001263	trials	/intervals/trials	123	start_time	n/a	n/a	n/a	n/a	kaa	137.6659912	123	true	137.545312	137.978124
137.6659912	0.0	cv_transition	/intervals/trials	123	cv_transition_time	n/a	n/a	n/a	n/a	kaa	137.6659912	123	true	137.545312	137.978124
138.6786081	0.3629451000000188	trials	/intervals/trials	124	start_time	n/a	n/a	n/a	n/a	poo	138.7430309	124	true	138.6786081	139.0415532
138.7430309	0.0	cv_transition	/intervals/trials	124	cv_transition_time	n/a	n/a	n/a	n/a	poo	138.7430309	124	true	138.6786081	139.0415532
139.8309589	0.3139474999999834	trials	/intervals/trials	125	start_time	n/a	n/a	n/a	n/a	bee	139.8400325	125	true	139.8309589	140.1449064
139.8400325	0.0	cv_transition	/intervals/trials	125	cv_transition_time	n/a	n/a	n/a	n/a	bee	139.8400325	125	true	139.8309589	140.1449064
140.7927634	0.4309973999999954	trials	/intervals/trials	126	start_time	n/a	n/a	n/a	n/a	paa	140.9061838	126	true	140.7927634	141.2237608
140.9061838	0.0	cv_transition	/intervals/trials	126	cv_transition_time	n/a	n/a	n/a	n/a	paa	140.9061838	126	true	140.7927634	141.2237608
141.9550952	0.44732980000000566	trials	/intervals/trials	127	start_time	n/a	n/a	n/a	n/a	taa	142.0748671	127	true	141.9550952	142.402425
142.0748671	0.0	cv_transition	/intervals/trials	127	cv_transition_time	n/a	n/a	n/a	n/a	taa	142.0748671	127	true	141.9550952	142.402425
143.0094508	0.40377639999999815	trials	/intervals/trials	128	start_time	n/a	n/a	n/a	n/a	naa	143.0956502	128	true	143.0094508	143.4132272
143.0956502	0.0	cv_transition	/intervals/trials	128	cv_transition_time	n/a	n/a	n/a	n/a	naa	143.0956502	128	true	143.0094508	143.4132272
143.9766995	0.5144746999999938	trials	/intervals/trials	129	start_time	n/a	n/a	n/a	n/a	saa	144.1509132	129	true	143.9766995	144.4911742
144.1509132	0.0	cv_transition	/intervals/trials	129	cv_transition_time	n/a	n/a	n/a	n/a	saa	144.1509132	129	true	143.9766995	144.4911742
144.9929458	0.5743606999999997	trials	/intervals/trials	130	start_time	n/a	n/a	n/a	n/a	shoo	145.2161571	130	true	144.9929458	145.5673065
145.2161571	0.0	cv_transition	/intervals/trials	130	cv_transition_time	n/a	n/a	n/a	n/a	shoo	145.2161571	130	true	144.9929458	145.5673065
146.158907	0.49088330000000724	trials	/intervals/trials	131	start_time	n/a	n/a	n/a	n/a	foo	146.3303986	131	true	146.158907	146.6497903
146.3303986	0.0	cv_transition	/intervals/trials	131	cv_transition_time	n/a	n/a	n/a	n/a	foo	146.3303986	131	true	146.158907	146.6497903
147.319424	0.4291827000000126	trials	/intervals/trials	132	start_time	n/a	n/a	n/a	n/a	daa	147.3357566	132	true	147.319424	147.7486067
147.3357566	0.0	cv_transition	/intervals/trials	132	cv_transition_time	n/a	n/a	n/a	n/a	daa	147.3357566	132	true	147.319424	147.7486067
148.324782	0.5162894999999992	trials	/intervals/trials	133	start_time	n/a	n/a	n/a	n/a	faa	148.4881073	133	true	148.324782	148.8410715
148.4881073	0.0	cv_transition	/intervals/trials	133	cv_transition_time	n/a	n/a	n/a	n/a	faa	148.4881073	133	true	148.324782	148.8410715
149.5533513	0.37927759999999466	trials	/intervals/trials	134	start_time	n/a	n/a	n/a	n/a	goo	149.5842016	134	true	149.5533513	149.9326289
149.5842016	0.0	cv_transition	/intervals/trials	134	cv_transition_time	n/a	n/a	n/a	n/a	goo	149.5842016	134	true	149.5533513	149.9326289
150.5088043	0.39923959999998715	trials	/intervals/trials	135	start_time	n/a	n/a	n/a	n/a	mee	150.5786712	135	true	150.5088043	150.9080439
150.5786712	0.0	cv_transition	/intervals/trials	135	cv_transition_time	n/a	n/a	n/a	n/a	mee	150.5786712	135	true	150.5088043	150.9080439
151.4497395	0.46638450000000375	trials	/intervals/trials	136	start_time	n/a	n/a	n/a	n/a	zaa	151.5794924	136	true	151.4497395	151.916124
151.5794924	0.0	cv_transition	/intervals/trials	136	cv_transition_time	n/a	n/a	n/a	n/a	zaa	151.5794924	136	true	151.4497395	151.916124
152.5068172	0.5298998000000097	trials	/intervals/trials	137	start_time	n/a	n/a	n/a	n/a	see	152.7037149	137	true	152.5068172	153.036717
152.7037149	0.0	cv_transition	/intervals/trials	137	cv_transition_time	n/a	n/a	n/a	n/a	see	152.7037149	137	true	152.5068172	153.036717
153.6255955	0.503586399999989	trials	/intervals/trials	138	start_time	n/a	n/a	n/a	n/a	zoo	153.784384	138	true	153.6255955	154.1291819
153.784384	0.0	cv_transition	/intervals/trials	138	cv_transition_time	n/a	n/a	n/a	n/a	zoo	153.784384	138	true	153.6255955	154.1291819
154.8269438	0.4473298999999997	trials	/intervals/trials	139	start_time	n/a	n/a	n/a	n/a	too	154.9303832	139	true	154.8269438	155.2742737
154.9303832	0.0	cv_transition	/intervals/trials	139	cv_transition_time	n/a	n/a	n/a	n/a	too	154.9303832	139	true	154.8269438	155.2742737
155.9393706	0.3965176000000099	trials	/intervals/trials	140	start_time	n/a	n/a	n/a	n/a	vee	156.0219407	140	true	155.9393706	156.3358882
156.0219407	0.0	cv_transition	/intervals/trials	140	cv_transition_time	n/a	n/a	n/a	n/a	vee	156.0219407	140	true	155.9393706	156.3358882
158.0408229	0.4092205999999976	trials	/intervals/trials	141	start_time	n/a	n/a	n/a	n/a	moo	158.1651316	141	true	158.0408229	158.4500435
158.1651316	0.0	cv_transition	/intervals/trials	141	cv_transition_time	n/a	n/a	n/a	n/a	moo	158.1651316	141	true	158.0408229	158.4500435
160.282009	0.43462680000001797	trials	/intervals/trials	142	start_time	n/a	n/a	n/a	n/a	nee	160.4072251	142	true	160.282009	160.7166358
160.4072251	0.0	cv_transition	/intervals/trials	142	cv_transition_time	n/a	n/a	n/a	n/a	nee	160.4072251	142	true	160.282009	160.7166358
161.4379892	0.3411683999999866	trials	/intervals/trials	143	start_time	n/a	n/a	n/a	n/a	boo	161.4461555	143	true	161.4379892	161.7791576
161.4461555	0.0	cv_transition	/intervals/trials	143	cv_transition_time	n/a	n/a	n/a	n/a	boo	161.4461555	143	true	161.4379892	161.7791576
162.3889054	0.39561019999999303	trials	/intervals/trials	144	start_time	n/a	n/a	n/a	n/a	laa	162.4996037	144	true	162.3889054	162.7845156
162.4996037	0.0	cv_transition	/intervals/trials	144	cv_transition_time	n/a	n/a	n/a	n/a	laa	162.4996037	144	true	162.3889054	162.7845156
163.4577788	0.39198070000000484	trials	/intervals/trials	145	start_time	n/a	n/a	n/a	n/a	maa	163.5203868	145	true	163.4577788	163.8497595
163.5203868	0.0	cv_transition	/intervals/trials	145	cv_transition_time	n/a	n/a	n/a	n/a	maa	163.5203868	145	true	163.4577788	163.8497595
164.4449895	0.5553060999999957	trials	/intervals/trials	146	start_time	n/a	n/a	n/a	n/a	soo	164.6727376	146	true	164.4449895	165.0002956
164.6727376	0.0	cv_transition	/intervals/trials	146	cv_transition_time	n/a	n/a	n/a	n/a	soo	164.6727376	146	true	164.4449895	165.0002956
165.5619531	0.4409782999999834	trials	/intervals/trials	147	start_time	n/a	n/a	n/a	n/a	roo	165.6862618	147	true	165.5619531	166.0029314
165.6862618	0.0	cv_transition	/intervals/trials	147	cv_transition_time	n/a	n/a	n/a	n/a	roo	165.6862618	147	true	165.5619531	166.0029314
166.6625842	0.42555319999999597	trials	/intervals/trials	148	start_time	n/a	n/a	n/a	n/a	tee	166.7614867	148	true	166.6625842	167.0881374
166.7614867	0.0	cv_transition	/intervals/trials	148	cv_transition_time	n/a	n/a	n/a	n/a	tee	166.7614867	148	true	166.6625842	167.0881374
167.662498	0.620636200000007	trials	/intervals/trials	149	start_time	n/a	n/a	n/a	n/a	haa	167.9347068	149	true	167.662498	168.2831342
167.9347068	0.0	cv_transition	/intervals/trials	149	cv_transition_time	n/a	n/a	n/a	n/a	haa	167.9347068	149	true	167.662498	168.2831342
169.3701548	0.46638450000000375	trials	/intervals/trials	150	start_time	n/a	n/a	n/a	n/a	waa	169.4599837	150	true	169.3701548	169.8365393
169.4599837	0.0	cv_transition	/intervals/trials	150	cv_transition_time	n/a	n/a	n/a	n/a	waa	169.4599837	150	true	169.3701548	169.8365393
170.5488191	0.3729261000000008	trials	/intervals/trials	151	start_time	n/a	n/a	n/a	n/a	pee	170.5950946	151	true	170.5488191	170.9217452
170.5950946	0.0	cv_transition	/intervals/trials	151	cv_transition_time	n/a	n/a	n/a	n/a	pee	170.5950946	151	true	170.5488191	170.9217452
171.6612459	0.4446076999999775	trials	/intervals/trials	152	start_time	n/a	n/a	n/a	n/a	lee	171.7773883	152	true	171.6612459	172.1058536
171.7773883	0.0	cv_transition	/intervals/trials	152	cv_transition_time	n/a	n/a	n/a	n/a	lee	171.7773883	152	true	171.6612459	172.1058536
172.85715	0.4010544000000209	trials	/intervals/trials	153	start_time	n/a	n/a	n/a	n/a	wee	172.9478863	153	true	172.85715	173.2582044
172.9478863	0.0	cv_transition	/intervals/trials	153	cv_transition_time	n/a	n/a	n/a	n/a	wee	172.9478863	153	true	172.85715	173.2582044
174.037629	0.4273678999999788	trials	/intervals/trials	154	start_time	n/a	n/a	n/a	n/a	yaa	174.120199	154	true	174.037629	174.4649969
174.120199	0.0	cv_transition	/intervals/trials	154	cv_transition_time	n/a	n/a	n/a	n/a	yaa	174.120199	154	true	174.037629	174.4649969
175.2698277	0.3928880999999933	trials	/intervals/trials	155	start_time	n/a	n/a	n/a	n/a	gaa	175.300678	155	true	175.2698277	175.6627158
175.300678	0.0	cv_transition	/intervals/trials	155	cv_transition_time	n/a	n/a	n/a	n/a	gaa	175.300678	155	true	175.2698277	175.6627158
176.1844494	0.5897857999999871	trials	/intervals/trials	156	start_time	n/a	n/a	n/a	n/a	shaa	176.408568	156	true	176.1844494	176.7742352
176.408568	0.0	cv_transition	/intervals/trials	156	cv_transition_time	n/a	n/a	n/a	n/a	shaa	176.408568	156	true	176.1844494	176.7742352
177.5999354	0.30033710000000724	trials	/intervals/trials	157	start_time	n/a	n/a	n/a	n/a	doo	177.6226194	157	true	177.5999354	177.9002725
177.6226194	0.0	cv_transition	/intervals/trials	157	cv_transition_time	n/a	n/a	n/a	n/a	doo	177.6226194	157	true	177.5999354	177.9002725
178.7404904	0.3575010000000134	trials	/intervals/trials	158	start_time	n/a	n/a	n/a	n/a	woo	178.849374	158	true	178.7404904	179.0979914
178.849374	0.0	cv_transition	/intervals/trials	158	cv_transition_time	n/a	n/a	n/a	n/a	woo	178.849374	158	true	178.7404904	179.0979914
181.1014484	0.4536813999999936	trials	/intervals/trials	159	start_time	n/a	n/a	n/a	n/a	raa	181.2502559	159	true	181.1014484	181.5551298
181.2502559	0.0	cv_transition	/intervals/trials	159	cv_transition_time	n/a	n/a	n/a	n/a	raa	181.2502559	159	true	181.1014484	181.5551298
183.081314	0.5925080000000094	trials	/intervals/trials	160	start_time	n/a	n/a	n/a	n/a	shee	183.3108768	160	true	183.081314	183.673822
183.3108768	0.0	cv_transition	/intervals/trials	160	cv_transition_time	n/a	n/a	n/a	n/a	shee	183.3108768	160	true	183.081314	183.673822
184.2282206	0.4881612000000075	trials	/intervals/trials	161	start_time	n/a	n/a	n/a	n/a	yoo	184.3933607	161	true	184.2282206	184.7163818
184.3933607	0.0	cv_transition	/intervals/trials	161	cv_transition_time	n/a	n/a	n/a	n/a	yoo	184.3933607	161	true	184.2282206	184.7163818
185.2798541	0.3466126000000145	trials	/intervals/trials	162	start_time	n/a	n/a	n/a	n/a	baa	185.2925572	162	true	185.2798541	185.6264667
185.2925572	0.0	cv_transition	/intervals/trials	162	cv_transition_time	n/a	n/a	n/a	n/a	baa	185.2925572	162	true	185.2798541	185.6264667
186.2471029	0.5843416000000161	trials	/intervals/trials	163	start_time	n/a	n/a	n/a	n/a	zee	186.434927	163	true	186.2471029	186.8314445
186.434927	0.0	cv_transition	/intervals/trials	163	cv_transition_time	n/a	n/a	n/a	n/a	zee	186.434927	163	true	186.2471029	186.8314445
187.3885653	0.3965174999999874	trials	/intervals/trials	164	start_time	n/a	n/a	n/a	n/a	gee	187.4638764	164	true	187.3885653	187.7850828
187.4638764	0.0	cv_transition	/intervals/trials	164	cv_transition_time	n/a	n/a	n/a	n/a	gee	187.4638764	164	true	187.3885653	187.7850828
188.458346	0.41466479999999706	trials	/intervals/trials	165	start_time	n/a	n/a	n/a	n/a	kee	188.5445455	165	true	188.458346	188.8730108
188.5445455	0.0	cv_transition	/intervals/trials	165	cv_transition_time	n/a	n/a	n/a	n/a	kee	188.5445455	165	true	188.458346	188.8730108
189.4782218	0.4527740000000051	trials	/intervals/trials	166	start_time	n/a	n/a	n/a	n/a	ree	189.5798464	166	true	189.4782218	189.9309958
189.5798464	0.0	cv_transition	/intervals/trials	166	cv_transition_time	n/a	n/a	n/a	n/a	ree	189.5798464	166	true	189.4782218	189.9309958
191.6731324	0.3937954000000161	trials	/intervals/trials	167	start_time	n/a	n/a	n/a	n/a	voo	191.7275742	167	true	191.6731324	192.0669278
191.7275742	0.0	cv_transition	/intervals/trials	167	cv_transition_time	n/a	n/a	n/a	n/a	voo	191.7275742	167	true	191.6731324	192.0669278
192.667602	0.449144600000011	trials	/intervals/trials	168	start_time	n/a	n/a	n/a	n/a	noo	192.7719487	168	true	192.667602	193.1167466
192.7719487	0.0	cv_transition	/intervals/trials	168	cv_transition_time	n/a	n/a	n/a	n/a	noo	192.7719487	168	true	192.667602	193.1167466
193.8725798	0.3702040000000011	trials	/intervals/trials	169	start_time	n/a	n/a	n/a	n/a	dee	193.8898197	169	true	193.8725798	194.2427838
193.8898197	0.0	cv_transition	/intervals/trials	169	cv_transition_time	n/a	n/a	n/a	n/a	dee	193.8898197	169	true	193.8725798	194.2427838
194.9078808	0.4019617000000153	trials	/intervals/trials	170	start_time	n/a	n/a	n/a	n/a	yee	195.008598	170	true	194.9078808	195.3098425
195.008598	0.0	cv_transition	/intervals/trials	170	cv_transition_time	n/a	n/a	n/a	n/a	yee	195.008598	170	true	194.9078808	195.3098425
196.0584168	0.44279299999999466	trials	/intervals/trials	171	start_time	n/a	n/a	n/a	n/a	koo	196.1536899	171	true	196.0584168	196.5012098
196.1536899	0.0	cv_transition	/intervals/trials	171	cv_transition_time	n/a	n/a	n/a	n/a	koo	196.1536899	171	true	196.0584168	196.5012098
197.0937178	0.5081231000000059	trials	/intervals/trials	172	start_time	n/a	n/a	n/a	n/a	fee	197.264302	172	true	197.0937178	197.6018409
197.264302	0.0	cv_transition	/intervals/trials	172	cv_transition_time	n/a	n/a	n/a	n/a	fee	197.264302	172	true	197.0937178	197.6018409
198.1825531	0.2722088999999812	trials	/intervals/trials	173	start_time	n/a	n/a	n/a	n/a	hee	198.3186575	173	true	198.1825531	198.454762
198.3186575	0.0	cv_transition	/intervals/trials	173	cv_transition_time	n/a	n/a	n/a	n/a	hee	198.3186575	173	true	198.1825531	198.454762
199.3140345	0.463662400000004	trials	/intervals/trials	174	start_time	n/a	n/a	n/a	n/a	vaa	199.4211033	174	true	199.3140345	199.7776969
199.4211033	0.0	cv_transition	/intervals/trials	174	cv_transition_time	n/a	n/a	n/a	n/a	vaa	199.4211033	174	true	199.3140345	199.7776969
200.4936062	0.4228310000000022	trials	/intervals/trials	175	start_time	n/a	n/a	n/a	n/a	loo	200.6061191	175	true	200.4936062	200.9164372
200.6061191	0.0	cv_transition	/intervals/trials	175	cv_transition_time	n/a	n/a	n/a	n/a	loo	200.6061191	175	true	200.4936062	200.9164372
201.6250876	0.4064984999999979	trials	/intervals/trials	176	start_time	n/a	n/a	n/a	n/a	hoo	201.7103797	176	true	201.6250876	202.0315861
201.7103797	0.0	cv_transition	/intervals/trials	176	cv_transition_time	n/a	n/a	n/a	n/a	hoo	201.7103797	176	true	201.6250876	202.0315861
202.7792531	0.4681991999999866	trials	/intervals/trials	177	start_time	n/a	n/a	n/a	n/a	kaa	202.9053765	177	true	202.7792531	203.2474523
202.9053765	0.0	cv_transition	/intervals/trials	177	cv_transition_time	n/a	n/a	n/a	n/a	kaa	202.9053765	177	true	202.7792531	203.2474523
205.1855792	0.3565935999999965	trials	/intervals/trials	178	start_time	n/a	n/a	n/a	n/a	bee	205.1955602	178	true	205.1855792	205.5421728
205.1955602	0.0	cv_transition	/intervals/trials	178	cv_transition_time	n/a	n/a	n/a	n/a	bee	205.1955602	178	true	205.1855792	205.5421728
206.2317685	0.4055912000000035	trials	/intervals/trials	179	start_time	n/a	n/a	n/a	n/a	paa	206.3143385	179	true	206.2317685	206.6373597
206.3143385	0.0	cv_transition	/intervals/trials	179	cv_transition_time	n/a	n/a	n/a	n/a	paa	206.3143385	179	true	206.2317685	206.6373597
207.3823045	0.47455080000000294	trials	/intervals/trials	180	start_time	n/a	n/a	n/a	n/a	taa	207.5420004	180	true	207.3823045	207.8568553
207.5420004	0.0	cv_transition	/intervals/trials	180	cv_transition_time	n/a	n/a	n/a	n/a	taa	207.5420004	180	true	207.3823045	207.8568553
208.6117811	0.4155721999999855	trials	/intervals/trials	181	start_time	n/a	n/a	n/a	n/a	naa	208.7043321	181	true	208.6117811	209.0273533
208.7043321	0.0	cv_transition	/intervals/trials	181	cv_transition_time	n/a	n/a	n/a	n/a	naa	208.7043321	181	true	208.6117811	209.0273533
209.7405404	0.5335294000000204	trials	/intervals/trials	182	start_time	n/a	n/a	n/a	n/a	saa	209.9356234	182	true	209.7405404	210.2740698
209.9356234	0.0	cv_transition	/intervals/trials	182	cv_transition_time	n/a	n/a	n/a	n/a	saa	209.9356234	182	true	209.7405404	210.2740698
210.8466157	0.5725458999999944	trials	/intervals/trials	183	start_time	n/a	n/a	n/a	n/a	shoo	211.092511	183	true	210.8466157	211.4191616
211.092511	0.0	cv_transition	/intervals/trials	183	cv_transition_time	n/a	n/a	n/a	n/a	shoo	211.092511	183	true	210.8466157	211.4191616
212.1468666	0.5235482999999874	trials	/intervals/trials	184	start_time	n/a	n/a	n/a	n/a	foo	212.3120066	184	true	212.1468666	212.6704149
212.3120066	0.0	cv_transition	/intervals/trials	184	cv_transition_time	n/a	n/a	n/a	n/a	foo	212.3120066	184	true	212.1468666	212.6704149
213.4099156	0.37837030000000027	trials	/intervals/trials	185	start_time	n/a	n/a	n/a	n/a	daa	213.4226187	185	true	213.4099156	213.7882859
213.4226187	0.0	cv_transition	/intervals/trials	185	cv_transition_time	n/a	n/a	n/a	n/a	daa	213.4226187	185	true	213.4099156	213.7882859
214.418903	0.45458880000001045	trials	/intervals/trials	186	start_time	n/a	n/a	n/a	n/a	faa	214.521435	186	true	214.418903	214.8734918
214.521435	0.0	cv_transition	/intervals/trials	186	cv_transition_time	n/a	n/a	n/a	n/a	faa	214.521435	186	true	214.418903	214.8734918
215.5748832	0.35205680000001394	trials	/intervals/trials	187	start_time	n/a	n/a	n/a	n/a	goo	215.6166219	187	true	215.5748832	215.92694
215.6166219	0.0	cv_transition	/intervals/trials	187	cv_transition_time	n/a	n/a	n/a	n/a	goo	215.6166219	187	true	215.5748832	215.92694
216.5557424	0.4173868999999968	trials	/intervals/trials	188	start_time	n/a	n/a	n/a	n/a	mee	216.6437566	188	true	216.5557424	216.9731293
216.6437566	0.0	cv_transition	/intervals/trials	188	cv_transition_time	n/a	n/a	n/a	n/a	mee	216.6437566	188	true	216.5557424	216.9731293
217.6046538	0.5298999000000038	trials	/intervals/trials	189	start_time	n/a	n/a	n/a	n/a	zaa	217.7688865	189	true	217.6046538	218.1345537
217.7688865	0.0	cv_transition	/intervals/trials	189	cv_transition_time	n/a	n/a	n/a	n/a	zaa	217.7688865	189	true	217.6046538	218.1345537
218.5809762	0.5652869999999837	trials	/intervals/trials	190	start_time	n/a	n/a	n/a	n/a	see	218.8177979	190	true	218.5809762	219.1462632
218.8177979	0.0	cv_transition	/intervals/trials	190	cv_transition_time	n/a	n/a	n/a	n/a	see	218.8177979	190	true	218.5809762	219.1462632
219.7968423	0.5117526999999882	trials	/intervals/trials	191	start_time	n/a	n/a	n/a	n/a	zoo	219.9656118	191	true	219.7968423	220.308595
219.9656118	0.0	cv_transition	/intervals/trials	191	cv_transition_time	n/a	n/a	n/a	n/a	zoo	219.9656118	191	true	219.7968423	220.308595
220.9600815	0.4364415000000008	trials	/intervals/trials	192	start_time	n/a	n/a	n/a	n/a	too	221.0744092	192	true	220.9600815	221.396523
221.0744092	0.0	cv_transition	/intervals/trials	192	cv_transition_time	n/a	n/a	n/a	n/a	too	221.0744092	192	true	220.9600815	221.396523
222.0806745	0.45095930000002227	trials	/intervals/trials	193	start_time	n/a	n/a	n/a	n/a	vee	222.1777623	193	true	222.0806745	222.5316338
222.1777623	0.0	cv_transition	/intervals/trials	193	cv_transition_time	n/a	n/a	n/a	n/a	vee	222.1777623	193	true	222.0806745	222.5316338
224.2646968	0.45549610000000484	trials	/intervals/trials	194	start_time	n/a	n/a	n/a	n/a	moo	224.3808392	194	true	224.2646968	224.7201929
224.3808392	0.0	cv_transition	/intervals/trials	194	cv_transition_time	n/a	n/a	n/a	n/a	moo	224.3808392	194	true	224.2646968	224.7201929
226.5140491	0.4963275000000067	trials	/intervals/trials	195	start_time	n/a	n/a	n/a	n/a	nee	226.643802	195	true	226.5140491	227.0103766
226.643802	0.0	cv_transition	/intervals/trials	195	cv_transition_time	n/a	n/a	n/a	n/a	nee	226.643802	195	true	226.5140491	227.0103766
227.6627705	0.37927759999999466	trials	/intervals/trials	196	start_time	n/a	n/a	n/a	n/a	boo	227.6936208	196	true	227.6627705	228.0420481
227.6936208	0.0	cv_transition	/intervals/trials	196	cv_transition_time	n/a	n/a	n/a	n/a	boo	227.6936208	196	true	227.6627705	228.0420481
228.7207555	0.4101280000000145	trials	/intervals/trials	197	start_time	n/a	n/a	n/a	n/a	laa	228.83962	197	true	228.7207555	229.1308835
228.83962	0.0	cv_transition	/intervals/trials	197	cv_transition_time	n/a	n/a	n/a	n/a	laa	228.83962	197	true	228.7207555	229.1308835
229.78237	0.3783702000000062	trials	/intervals/trials	198	start_time	n/a	n/a	n/a	n/a	maa	229.8685694	198	true	229.78237	230.1607402
229.8685694	0.0	cv_transition	/intervals/trials	198	cv_transition_time	n/a	n/a	n/a	n/a	maa	229.8685694	198	true	229.78237	230.1607402
230.7931721	0.5698237999999947	trials	/intervals/trials	199	start_time	n/a	n/a	n/a	n/a	soo	231.0309012	199	true	230.7931721	231.3629959
231.0309012	0.0	cv_transition	/intervals/trials	199	cv_transition_time	n/a	n/a	n/a	n/a	soo	231.0309012	199	true	230.7931721	231.3629959
231.9763732	0.4364415000000008	trials	/intervals/trials	200	start_time	n/a	n/a	n/a	n/a	roo	232.1306249	200	true	231.9763732	232.4128147
232.1306249	0.0	cv_transition	/intervals/trials	200	cv_transition_time	n/a	n/a	n/a	n/a	roo	232.1306249	200	true	231.9763732	232.4128147
233.1895173	0.42010890000000245	trials	/intervals/trials	201	start_time	n/a	n/a	n/a	n/a	tee	233.2884198	201	true	233.1895173	233.6096262
233.2884198	0.0	cv_transition	/intervals/trials	201	cv_transition_time	n/a	n/a	n/a	n/a	tee	233.2884198	201	true	233.1895173	233.6096262
234.3645521	0.4936053000000129	trials	/intervals/trials	202	start_time	n/a	n/a	n/a	n/a	haa	234.5578204	202	true	234.3645521	234.8581574
234.5578204	0.0	cv_transition	/intervals/trials	202	cv_transition_time	n/a	n/a	n/a	n/a	haa	234.5578204	202	true	234.3645521	234.8581574
235.5314206	0.4999569000000008	trials	/intervals/trials	203	start_time	n/a	n/a	n/a	n/a	waa	235.7147079	203	true	235.5314206	236.0313775
235.7147079	0.0	cv_transition	/intervals/trials	203	cv_transition_time	n/a	n/a	n/a	n/a	waa	235.7147079	203	true	235.5314206	236.0313775
236.7164365	0.41194270000002575	trials	/intervals/trials	204	start_time	n/a	n/a	n/a	n/a	pee	236.7881181	204	true	236.7164365	237.1283792
236.7881181	0.0	cv_transition	/intervals/trials	204	cv_transition_time	n/a	n/a	n/a	n/a	pee	236.7881181	204	true	236.7164365	237.1283792
237.8016424	0.46729179999999815	trials	/intervals/trials	205	start_time	n/a	n/a	n/a	n/a	lee	237.9259511	205	true	237.8016424	238.2689342
237.9259511	0.0	cv_transition	/intervals/trials	205	cv_transition_time	n/a	n/a	n/a	n/a	lee	237.9259511	205	true	237.8016424	238.2689342
238.898644	0.43099730000000136	trials	/intervals/trials	206	start_time	n/a	n/a	n/a	n/a	wee	239.0102496	206	true	238.898644	239.3296413
239.0102496	0.0	cv_transition	/intervals/trials	206	cv_transition_time	n/a	n/a	n/a	n/a	wee	239.0102496	206	true	238.898644	239.3296413
240.0219591	0.44642249999998285	trials	/intervals/trials	207	start_time	n/a	n/a	n/a	n/a	yaa	240.1099733	207	true	240.0219591	240.4683816
240.1099733	0.0	cv_transition	/intervals/trials	207	cv_transition_time	n/a	n/a	n/a	n/a	yaa	240.1099733	207	true	240.0219591	240.4683816
241.1180534	0.3819996999999944	trials	/intervals/trials	208	start_time	n/a	n/a	n/a	n/a	gaa	241.1516258	208	true	241.1180534	241.5000531
241.1516258	0.0	cv_transition	/intervals/trials	208	cv_transition_time	n/a	n/a	n/a	n/a	gaa	241.1516258	208	true	241.1180534	241.5000531
242.1161525	0.5416955999999971	trials	/intervals/trials	209	start_time	n/a	n/a	n/a	n/a	shaa	242.3529742	209	true	242.1161525	242.6578481
242.3529742	0.0	cv_transition	/intervals/trials	209	cv_transition_time	n/a	n/a	n/a	n/a	shaa	242.3529742	209	true	242.1161525	242.6578481
243.4962513	0.39561019999999303	trials	/intervals/trials	210	start_time	n/a	n/a	n/a	n/a	doo	243.5189354	210	true	243.4962513	243.8918615
243.5189354	0.0	cv_transition	/intervals/trials	210	cv_transition_time	n/a	n/a	n/a	n/a	doo	243.5189354	210	true	243.4962513	243.8918615
244.5651247	0.3892585999999767	trials	/intervals/trials	211	start_time	n/a	n/a	n/a	n/a	woo	244.636536	211	true	244.5651247	244.9543833
244.636536	0.0	cv_transition	/intervals/trials	211	cv_transition_time	n/a	n/a	n/a	n/a	woo	244.636536	211	true	244.5651247	244.9543833
245.668759	0.437581200000011	trials	/intervals/trials	212	start_time	n/a	n/a	n/a	n/a	raa	245.8074112	212	true	245.668759	246.1063402
245.8074112	0.0	cv_transition	/intervals/trials	212	cv_transition_time	n/a	n/a	n/a	n/a	raa	245.8074112	212	true	245.668759	246.1063402
246.6927498	0.6054902999999854	trials	/intervals/trials	213	start_time	n/a	n/a	n/a	n/a	shee	246.9700542	213	true	246.6927498	247.2982401
246.9700542	0.0	cv_transition	/intervals/trials	213	cv_transition_time	n/a	n/a	n/a	n/a	shee	246.9700542	213	true	246.6927498	247.2982401
248.0169417	0.44139730000000554	trials	/intervals/trials	214	start_time	n/a	n/a	n/a	n/a	yoo	248.1454176	214	true	248.0169417	248.458339
248.1454176	0.0	cv_transition	/intervals/trials	214	cv_transition_time	n/a	n/a	n/a	n/a	yoo	248.1454176	214	true	248.0169417	248.458339
249.1503278	0.3434503999999947	trials	/intervals/trials	215	start_time	n/a	n/a	n/a	n/a	baa	249.1579601	215	true	249.1503278	249.4937782
249.1579601	0.0	cv_transition	/intervals/trials	215	cv_transition_time	n/a	n/a	n/a	n/a	baa	249.1579601	215	true	249.1503278	249.4937782
250.1819509	0.5800495000000012	trials	/intervals/trials	216	start_time	n/a	n/a	n/a	n/a	zee	250.4071017	216	true	250.1819509	250.7620004
250.4071017	0.0	cv_transition	/intervals/trials	216	cv_transition_time	n/a	n/a	n/a	n/a	zee	250.4071017	216	true	250.1819509	250.7620004
252.5670228	0.43758110000001693	trials	/intervals/trials	217	start_time	n/a	n/a	n/a	n/a	kee	252.6547934	217	true	252.5670228	253.0046039
252.6547934	0.0	cv_transition	/intervals/trials	217	cv_transition_time	n/a	n/a	n/a	n/a	kee	252.6547934	217	true	252.5670228	253.0046039
253.638079	0.5139034999999978	trials	/intervals/trials	218	start_time	n/a	n/a	n/a	n/a	ree	253.7512904	218	true	253.638079	254.1519825
253.7512904	0.0	cv_transition	/intervals/trials	218	cv_transition_time	n/a	n/a	n/a	n/a	ree	253.7512904	218	true	253.638079	254.1519825
255.960821	0.4197725999999875	trials	/intervals/trials	219	start_time	n/a	n/a	n/a	n/a	voo	256.0867528	219	true	255.960821	256.3805936
256.0867528	0.0	cv_transition	/intervals/trials	219	cv_transition_time	n/a	n/a	n/a	n/a	voo	256.0867528	219	true	255.960821	256.3805936
257.0687663	0.4706542000000127	trials	/intervals/trials	220	start_time	n/a	n/a	n/a	n/a	noo	257.1857939	220	true	257.0687663	257.5394205
257.1857939	0.0	cv_transition	/intervals/trials	220	cv_transition_time	n/a	n/a	n/a	n/a	noo	257.1857939	220	true	257.0687663	257.5394205
258.1589032	0.3790673999999967	trials	/intervals/trials	221	start_time	n/a	n/a	n/a	n/a	dee	258.1919762	221	true	258.1589032	258.5379706
258.1919762	0.0	cv_transition	/intervals/trials	221	cv_transition_time	n/a	n/a	n/a	n/a	dee	258.1919762	221	true	258.1589032	258.5379706
259.2325035	0.44648539999997183	trials	/intervals/trials	222	start_time	n/a	n/a	n/a	n/a	yee	259.3635234	222	true	259.2325035	259.6789889
259.3635234	0.0	cv_transition	/intervals/trials	222	cv_transition_time	n/a	n/a	n/a	n/a	yee	259.3635234	222	true	259.2325035	259.6789889
260.276847	0.4986390000000256	trials	/intervals/trials	223	start_time	n/a	n/a	n/a	n/a	koo	260.3913304	223	true	260.276847	260.775486
260.3913304	0.0	cv_transition	/intervals/trials	223	cv_transition_time	n/a	n/a	n/a	n/a	koo	260.3913304	223	true	260.276847	260.775486
261.4331298	0.5558806999999888	trials	/intervals/trials	224	start_time	n/a	n/a	n/a	n/a	fee	261.5934066	224	true	261.4331298	261.9890105
261.5934066	0.0	cv_transition	/intervals/trials	224	cv_transition_time	n/a	n/a	n/a	n/a	fee	261.5934066	224	true	261.4331298	261.9890105
262.5207225	0.497366999999997	trials	/intervals/trials	225	start_time	n/a	n/a	n/a	n/a	hee	262.6568306	225	true	262.5207225	263.0180895
262.6568306	0.0	cv_transition	/intervals/trials	225	cv_transition_time	n/a	n/a	n/a	n/a	hee	262.6568306	225	true	262.5207225	263.0180895
263.7138945	0.4464854000000287	trials	/intervals/trials	226	start_time	n/a	n/a	n/a	n/a	vaa	263.7825845	226	true	263.7138945	264.1603799
263.7825845	0.0	cv_transition	/intervals/trials	226	cv_transition_time	n/a	n/a	n/a	n/a	vaa	263.7825845	226	true	263.7138945	264.1603799
264.7544218	0.4630220000000236	trials	/intervals/trials	227	start_time	n/a	n/a	n/a	n/a	loo	264.8778095	227	true	264.7544218	265.2174438
264.8778095	0.0	cv_transition	/intervals/trials	227	cv_transition_time	n/a	n/a	n/a	n/a	loo	264.8778095	227	true	264.7544218	265.2174438
265.8610951	0.4617498999999725	trials	/intervals/trials	228	start_time	n/a	n/a	n/a	n/a	hoo	265.9806667	228	true	265.8610951	266.322845
265.9806667	0.0	cv_transition	/intervals/trials	228	cv_transition_time	n/a	n/a	n/a	n/a	hoo	265.9806667	228	true	265.8610951	266.322845
266.9932092	0.47574240000000145	trials	/intervals/trials	229	start_time	n/a	n/a	n/a	n/a	kaa	267.0962443	229	true	266.9932092	267.4689516
267.0962443	0.0	cv_transition	/intervals/trials	229	cv_transition_time	n/a	n/a	n/a	n/a	kaa	267.0962443	229	true	266.9932092	267.4689516
269.3999057	0.36634710000004134	trials	/intervals/trials	230	start_time	n/a	n/a	n/a	n/a	bee	269.4228024	230	true	269.3999057	269.7662528
269.4228024	0.0	cv_transition	/intervals/trials	230	cv_transition_time	n/a	n/a	n/a	n/a	bee	269.4228024	230	true	269.3999057	269.7662528
270.5243876	0.36380289999999604	trials	/intervals/trials	231	start_time	n/a	n/a	n/a	n/a	paa	270.5484089	231	true	270.5243876	270.8881905
270.5484089	0.0	cv_transition	/intervals/trials	231	cv_transition_time	n/a	n/a	n/a	n/a	paa	270.5484089	231	true	270.5243876	270.8881905
271.6392968	0.416624899999988	trials	/intervals/trials	232	start_time	n/a	n/a	n/a	n/a	taa	271.7264638	232	true	271.6392968	272.0559217
271.7264638	0.0	cv_transition	/intervals/trials	232	cv_transition_time	n/a	n/a	n/a	n/a	taa	271.7264638	232	true	271.6392968	272.0559217
272.7835276	0.44139730000000554	trials	/intervals/trials	233	start_time	n/a	n/a	n/a	n/a	naa	272.8534897	233	true	272.7835276	273.2249249
272.8534897	0.0	cv_transition	/intervals/trials	233	cv_transition_time	n/a	n/a	n/a	n/a	naa	272.8534897	233	true	272.7835276	273.2249249
273.9487147	0.5775054000000068	trials	/intervals/trials	234	start_time	n/a	n/a	n/a	n/a	saa	274.1382484	234	true	273.9487147	274.5262201
274.1382484	0.0	cv_transition	/intervals/trials	234	cv_transition_time	n/a	n/a	n/a	n/a	saa	274.1382484	234	true	273.9487147	274.5262201
275.2067606	0.5800495000000296	trials	/intervals/trials	235	start_time	n/a	n/a	n/a	n/a	shoo	275.4217351	235	true	275.2067606	275.7868101
275.4217351	0.0	cv_transition	/intervals/trials	235	cv_transition_time	n/a	n/a	n/a	n/a	shoo	275.4217351	235	true	275.2067606	275.7868101
276.3948444	0.5457043999999769	trials	/intervals/trials	236	start_time	n/a	n/a	n/a	n/a	foo	276.5665696	236	true	276.3948444	276.9405488
276.5665696	0.0	cv_transition	/intervals/trials	236	cv_transition_time	n/a	n/a	n/a	n/a	foo	276.5665696	236	true	276.3948444	276.9405488
277.5905604	0.4197725999999875	trials	/intervals/trials	237	start_time	n/a	n/a	n/a	n/a	daa	277.6032808	237	true	277.5905604	278.010333
277.6032808	0.0	cv_transition	/intervals/trials	237	cv_transition_time	n/a	n/a	n/a	n/a	daa	277.6032808	237	true	277.5905604	278.010333
278.6183674	0.5037270999999919	trials	/intervals/trials	238	start_time	n/a	n/a	n/a	n/a	faa	278.7582916	238	true	278.6183674	279.1220945
278.7582916	0.0	cv_transition	/intervals/trials	238	cv_transition_time	n/a	n/a	n/a	n/a	faa	278.7582916	238	true	278.6183674	279.1220945
279.8153554	0.3536267000000066	trials	/intervals/trials	239	start_time	n/a	n/a	n/a	n/a	goo	279.8547886	239	true	279.8153554	280.1689821
279.8547886	0.0	cv_transition	/intervals/trials	239	cv_transition_time	n/a	n/a	n/a	n/a	goo	279.8547886	239	true	279.8153554	280.1689821
280.8825956	0.43630910000001677	trials	/intervals/trials	240	start_time	n/a	n/a	n/a	n/a	mee	280.9512856	240	true	280.8825956	281.3189047
280.9512856	0.0	cv_transition	/intervals/trials	240	cv_transition_time	n/a	n/a	n/a	n/a	mee	280.9512856	240	true	280.8825956	281.3189047
281.8798736	0.5177196000000208	trials	/intervals/trials	241	start_time	n/a	n/a	n/a	n/a	zaa	282.0350623	241	true	281.8798736	282.3975932
282.0350623	0.0	cv_transition	/intervals/trials	241	cv_transition_time	n/a	n/a	n/a	n/a	zaa	282.0350623	241	true	281.8798736	282.3975932
282.9064085	0.5889536999999905	trials	/intervals/trials	242	start_time	n/a	n/a	n/a	n/a	see	283.1468237	242	true	282.9064085	283.4953622
283.1468237	0.0	cv_transition	/intervals/trials	242	cv_transition_time	n/a	n/a	n/a	n/a	see	283.1468237	242	true	282.9064085	283.4953622
284.1072127	0.515175499999998	trials	/intervals/trials	243	start_time	n/a	n/a	n/a	n/a	zoo	284.2789378	243	true	284.1072127	284.6223882
284.2789378	0.0	cv_transition	/intervals/trials	243	cv_transition_time	n/a	n/a	n/a	n/a	zoo	284.2789378	243	true	284.1072127	284.6223882
285.4186842	0.46938210000001845	trials	/intervals/trials	244	start_time	n/a	n/a	n/a	n/a	too	285.5229913	244	true	285.4186842	285.8880663
285.5229913	0.0	cv_transition	/intervals/trials	244	cv_transition_time	n/a	n/a	n/a	n/a	too	285.5229913	244	true	285.4186842	285.8880663
286.5978637	0.473198200000013	trials	/intervals/trials	245	start_time	n/a	n/a	n/a	n/a	vee	286.6983547	245	true	286.5978637	287.0710619
286.6983547	0.0	cv_transition	/intervals/trials	245	cv_transition_time	n/a	n/a	n/a	n/a	vee	286.6983547	245	true	286.5978637	287.0710619
289.79704	0.4324931000000447	trials	/intervals/trials	246	start_time	n/a	n/a	n/a	n/a	moo	289.8644581	246	true	289.79704	290.2295331
289.8644581	0.0	cv_transition	/intervals/trials	246	cv_transition_time	n/a	n/a	n/a	n/a	moo	289.8644581	246	true	289.79704	290.2295331
291.8106767	0.4566617000000406	trials	/intervals/trials	247	start_time	n/a	n/a	n/a	n/a	nee	291.9277042	247	true	291.8106767	292.2673384
291.9277042	0.0	cv_transition	/intervals/trials	247	cv_transition_time	n/a	n/a	n/a	n/a	nee	291.9277042	247	true	291.8106767	292.2673384
292.9084457	0.33963430000000017	trials	/intervals/trials	248	start_time	n/a	n/a	n/a	n/a	boo	292.9186221	248	true	292.9084457	293.24808
292.9186221	0.0	cv_transition	/intervals/trials	248	cv_transition_time	n/a	n/a	n/a	n/a	boo	292.9186221	248	true	292.9084457	293.24808
293.8751949	0.4503015000000232	trials	/intervals/trials	249	start_time	n/a	n/a	n/a	n/a	laa	293.9985826	249	true	293.8751949	294.3254964
293.9985826	0.0	cv_transition	/intervals/trials	249	cv_transition_time	n/a	n/a	n/a	n/a	laa	293.9985826	249	true	293.8751949	294.3254964
294.9640597	0.4032361000000151	trials	/intervals/trials	250	start_time	n/a	n/a	n/a	n/a	maa	295.0213014	250	true	294.9640597	295.3672958
295.0213014	0.0	cv_transition	/intervals/trials	250	cv_transition_time	n/a	n/a	n/a	n/a	maa	295.0213014	250	true	294.9640597	295.3672958
295.8150533	0.6169386000000259	trials	/intervals/trials	251	start_time	n/a	n/a	n/a	n/a	soo	296.070733	251	true	295.8150533	296.4319919
296.070733	0.0	cv_transition	/intervals/trials	251	cv_transition_time	n/a	n/a	n/a	n/a	soo	296.070733	251	true	295.8150533	296.4319919
296.9446233	0.5507926000000225	trials	/intervals/trials	252	start_time	n/a	n/a	n/a	n/a	roo	297.1379731	252	true	296.9446233	297.4954159
297.1379731	0.0	cv_transition	/intervals/trials	252	cv_transition_time	n/a	n/a	n/a	n/a	roo	297.1379731	252	true	296.9446233	297.4954159
298.0678331	0.47192620000004126	trials	/intervals/trials	253	start_time	n/a	n/a	n/a	n/a	tee	298.1797725	253	true	298.0678331	298.5397593
298.1797725	0.0	cv_transition	/intervals/trials	253	cv_transition_time	n/a	n/a	n/a	n/a	tee	298.1797725	253	true	298.0678331	298.5397593
299.1070884	0.518991700000015	trials	/intervals/trials	254	start_time	n/a	n/a	n/a	n/a	haa	299.2724534	254	true	299.1070884	299.6260801
299.2724534	0.0	cv_transition	/intervals/trials	254	cv_transition_time	n/a	n/a	n/a	n/a	haa	299.2724534	254	true	299.1070884	299.6260801
300.2328423	0.4528457000000117	trials	/intervals/trials	255	start_time	n/a	n/a	n/a	n/a	waa	300.3193409	255	true	300.2328423	300.685688
300.3193409	0.0	cv_transition	/intervals/trials	255	cv_transition_time	n/a	n/a	n/a	n/a	waa	300.3193409	255	true	300.2328423	300.685688
301.2670095	0.42613280000000486	trials	/intervals/trials	256	start_time	n/a	n/a	n/a	n/a	pee	301.350964	256	true	301.2670095	301.6931423
301.350964	0.0	cv_transition	/intervals/trials	256	cv_transition_time	n/a	n/a	n/a	n/a	pee	301.350964	256	true	301.2670095	301.6931423
302.3202572	0.4859185999999909	trials	/intervals/trials	257	start_time	n/a	n/a	n/a	n/a	lee	302.4321966	257	true	302.3202572	302.8061758
302.4321966	0.0	cv_transition	/intervals/trials	257	cv_transition_time	n/a	n/a	n/a	n/a	lee	302.4321966	257	true	302.3202572	302.8061758
303.3658727	0.4515735999999606	trials	/intervals/trials	258	start_time	n/a	n/a	n/a	n/a	wee	303.4472832	258	true	303.3658727	303.8174463
303.4472832	0.0	cv_transition	/intervals/trials	258	cv_transition_time	n/a	n/a	n/a	n/a	wee	303.4472832	258	true	303.3658727	303.8174463
304.4280247	0.4604779000000008	trials	/intervals/trials	259	start_time	n/a	n/a	n/a	n/a	yaa	304.5157953	259	true	304.4280247	304.8885026
304.5157953	0.0	cv_transition	/intervals/trials	259	cv_transition_time	n/a	n/a	n/a	n/a	yaa	304.5157953	259	true	304.4280247	304.8885026
305.5944838	0.4134125000000495	trials	/intervals/trials	260	start_time	n/a	n/a	n/a	n/a	gaa	305.6211966	260	true	305.5944838	306.0078963
305.6211966	0.0	cv_transition	/intervals/trials	260	cv_transition_time	n/a	n/a	n/a	n/a	gaa	305.6211966	260	true	305.5944838	306.0078963
306.5879457	0.5953140000000303	trials	/intervals/trials	261	start_time	n/a	n/a	n/a	n/a	shaa	306.8016482	261	true	306.5879457	307.1832597
306.8016482	0.0	cv_transition	/intervals/trials	261	cv_transition_time	n/a	n/a	n/a	n/a	shaa	306.8016482	261	true	306.5879457	307.1832597
307.8116466	0.3256417999999712	trials	/intervals/trials	262	start_time	n/a	n/a	n/a	n/a	doo	307.8294551	262	true	307.8116466	308.1372884
307.8294551	0.0	cv_transition	/intervals/trials	262	cv_transition_time	n/a	n/a	n/a	n/a	doo	307.8294551	262	true	307.8116466	308.1372884
308.8178289	0.32309770000000526	trials	/intervals/trials	263	start_time	n/a	n/a	n/a	n/a	woo	308.9094157	263	true	308.8178289	309.1409266
308.9094157	0.0	cv_transition	/intervals/trials	263	cv_transition_time	n/a	n/a	n/a	n/a	woo	308.9094157	263	true	308.8178289	309.1409266
314.4046212	0.44139730000000554	trials	/intervals/trials	264	start_time	n/a	n/a	n/a	n/a	raa	314.4783994	264	true	314.4046212	314.8460185
314.4783994	0.0	cv_transition	/intervals/trials	264	cv_transition_time	n/a	n/a	n/a	n/a	raa	314.4783994	264	true	314.4046212	314.8460185
315.2390783	0.497366999999997	trials	/intervals/trials	265	start_time	n/a	n/a	n/a	n/a	shee	315.4387883	265	true	315.2390783	315.7364453
315.4387883	0.0	cv_transition	/intervals/trials	265	cv_transition_time	n/a	n/a	n/a	n/a	shee	315.4387883	265	true	315.2390783	315.7364453
316.259253	0.48591870000001336	trials	/intervals/trials	266	start_time	n/a	n/a	n/a	n/a	yoo	316.3661042	266	true	316.259253	316.7451717
316.3661042	0.0	cv_transition	/intervals/trials	266	cv_transition_time	n/a	n/a	n/a	n/a	yoo	316.3661042	266	true	316.259253	316.7451717
317.2857879	0.38797169999998005	trials	/intervals/trials	267	start_time	n/a	n/a	n/a	n/a	baa	317.2972363	267	true	317.2857879	317.6737596
317.2972363	0.0	cv_transition	/intervals/trials	267	cv_transition_time	n/a	n/a	n/a	n/a	baa	317.2972363	267	true	317.2857879	317.6737596
318.1609503	0.517719599999964	trials	/intervals/trials	268	start_time	n/a	n/a	n/a	n/a	zee	318.3364916	268	true	318.1609503	318.6786699
318.3364916	0.0	cv_transition	/intervals/trials	268	cv_transition_time	n/a	n/a	n/a	n/a	zee	318.3364916	268	true	318.1609503	318.6786699
319.3655706	0.4630219000000011	trials	/intervals/trials	269	start_time	n/a	n/a	n/a	n/a	gee	319.4546133	269	true	319.3655706	319.8285925
319.4546133	0.0	cv_transition	/intervals/trials	269	cv_transition_time	n/a	n/a	n/a	n/a	gee	319.4546133	269	true	319.3655706	319.8285925
320.3246875	0.4503015000000232	trials	/intervals/trials	270	start_time	n/a	n/a	n/a	n/a	kee	320.4302666	270	true	320.3246875	320.774989
320.4302666	0.0	cv_transition	/intervals/trials	270	cv_transition_time	n/a	n/a	n/a	n/a	kee	320.4302666	270	true	320.3246875	320.774989
321.33723	0.4159565000000498	trials	/intervals/trials	271	start_time	n/a	n/a	n/a	n/a	ree	321.4148243	271	true	321.33723	321.7531865
321.4148243	0.0	cv_transition	/intervals/trials	271	cv_transition_time	n/a	n/a	n/a	n/a	ree	321.4148243	271	true	321.33723	321.7531865
323.397932	0.42994899999996505	trials	/intervals/trials	272	start_time	n/a	n/a	n/a	n/a	voo	323.5009671	272	true	323.397932	323.827881
323.5009671	0.0	cv_transition	/intervals/trials	272	cv_transition_time	n/a	n/a	n/a	n/a	voo	323.5009671	272	true	323.397932	323.827881
324.4053864	0.4528455999999892	trials	/intervals/trials	273	start_time	n/a	n/a	n/a	n/a	noo	324.527502	273	true	324.4053864	324.858232
324.527502	0.0	cv_transition	/intervals/trials	273	cv_transition_time	n/a	n/a	n/a	n/a	noo	324.527502	273	true	324.4053864	324.858232
325.4535459	0.3459945000000175	trials	/intervals/trials	274	start_time	n/a	n/a	n/a	n/a	dee	325.4777147	274	true	325.4535459	325.7995404
325.4777147	0.0	cv_transition	/intervals/trials	274	cv_transition_time	n/a	n/a	n/a	n/a	dee	325.4777147	274	true	325.4535459	325.7995404
326.4152069	0.46938210000001845	trials	/intervals/trials	275	start_time	n/a	n/a	n/a	n/a	yee	326.5284183	275	true	326.4152069	326.884589
326.5284183	0.0	cv_transition	/intervals/trials	275	cv_transition_time	n/a	n/a	n/a	n/a	yee	326.5284183	275	true	326.4152069	326.884589
327.5206082	0.4019640999999865	trials	/intervals/trials	276	start_time	n/a	n/a	n/a	n/a	koo	327.6083788	276	true	327.5206082	327.9225723
327.6083788	0.0	cv_transition	/intervals/trials	276	cv_transition_time	n/a	n/a	n/a	n/a	koo	327.6083788	276	true	327.5206082	327.9225723
328.5687678	0.5673290000000293	trials	/intervals/trials	277	start_time	n/a	n/a	n/a	n/a	fee	328.7850143	277	true	328.5687678	329.1360968
328.7850143	0.0	cv_transition	/intervals/trials	277	cv_transition_time	n/a	n/a	n/a	n/a	fee	328.7850143	277	true	328.5687678	329.1360968
329.6372799	0.578777500000001	trials	/intervals/trials	278	start_time	n/a	n/a	n/a	n/a	hee	329.8484383	278	true	329.6372799	330.2160574
329.8484383	0.0	cv_transition	/intervals/trials	278	cv_transition_time	n/a	n/a	n/a	n/a	hee	329.8484383	278	true	329.6372799	330.2160574
330.8368121	0.4910068000000365	trials	/intervals/trials	279	start_time	n/a	n/a	n/a	n/a	vaa	330.9614718	279	true	330.8368121	331.3278189
330.9614718	0.0	cv_transition	/intervals/trials	279	cv_transition_time	n/a	n/a	n/a	n/a	vaa	330.9614718	279	true	330.8368121	331.3278189
332.0477925	0.4185005999999589	trials	/intervals/trials	280	start_time	n/a	n/a	n/a	n/a	loo	332.1597319	280	true	332.0477925	332.4662931
332.1597319	0.0	cv_transition	/intervals/trials	280	cv_transition_time	n/a	n/a	n/a	n/a	loo	332.1597319	280	true	332.0477925	332.4662931
333.1213929	0.4464854000000287	trials	/intervals/trials	281	start_time	n/a	n/a	n/a	n/a	hoo	333.2447806	281	true	333.1213929	333.5678783
333.2447806	0.0	cv_transition	/intervals/trials	281	cv_transition_time	n/a	n/a	n/a	n/a	hoo	333.2447806	281	true	333.1213929	333.5678783
334.221706	0.5088153000000375	trials	/intervals/trials	282	start_time	n/a	n/a	n/a	n/a	kaa	334.3412776	282	true	334.221706	334.7305213
334.3412776	0.0	cv_transition	/intervals/trials	282	cv_transition_time	n/a	n/a	n/a	n/a	kaa	334.3412776	282	true	334.221706	334.7305213
335.4962884	0.4871906999999851	trials	/intervals/trials	283	start_time	n/a	n/a	n/a	n/a	poo	335.614588	283	true	335.4962884	335.9834791
335.614588	0.0	cv_transition	/intervals/trials	283	cv_transition_time	n/a	n/a	n/a	n/a	poo	335.614588	283	true	335.4962884	335.9834791
336.7897278	0.40981990000000224	trials	/intervals/trials	284	start_time	n/a	n/a	n/a	n/a	bee	336.8105379	284	true	336.7897278	337.1995477
336.8105379	0.0	cv_transition	/intervals/trials	284	cv_transition_time	n/a	n/a	n/a	n/a	bee	336.8105379	284	true	336.7897278	337.1995477
337.9157053	0.43376499999999396	trials	/intervals/trials	285	start_time	n/a	n/a	n/a	n/a	paa	337.9983878	285	true	337.9157053	338.3494703
337.9983878	0.0	cv_transition	/intervals/trials	285	cv_transition_time	n/a	n/a	n/a	n/a	paa	337.9983878	285	true	337.9157053	338.3494703
339.0656279	0.47955840000003036	trials	/intervals/trials	286	start_time	n/a	n/a	n/a	n/a	taa	339.1966478	286	true	339.0656279	339.5451863
339.1966478	0.0	cv_transition	/intervals/trials	286	cv_transition_time	n/a	n/a	n/a	n/a	taa	339.1966478	286	true	339.0656279	339.5451863
340.2600719	0.44139730000000554	trials	/intervals/trials	287	start_time	n/a	n/a	n/a	n/a	naa	340.3452984	287	true	340.2600719	340.7014692
340.3452984	0.0	cv_transition	/intervals/trials	287	cv_transition_time	n/a	n/a	n/a	n/a	naa	340.3452984	287	true	340.2600719	340.7014692
341.3794656	0.5202636999999868	trials	/intervals/trials	288	start_time	n/a	n/a	n/a	n/a	saa	341.5346543	288	true	341.3794656	341.8997293
341.5346543	0.0	cv_transition	/intervals/trials	288	cv_transition_time	n/a	n/a	n/a	n/a	saa	341.5346543	288	true	341.3794656	341.8997293
342.5764536	0.5736893000000123	trials	/intervals/trials	289	start_time	n/a	n/a	n/a	n/a	shoo	342.8079646	289	true	342.5764536	343.1501429
342.8079646	0.0	cv_transition	/intervals/trials	289	cv_transition_time	n/a	n/a	n/a	n/a	shoo	342.8079646	289	true	342.5764536	343.1501429
343.8026986	0.4706540999999902	trials	/intervals/trials	290	start_time	n/a	n/a	n/a	n/a	foo	344.0074967	290	true	343.8026986	344.2733527
344.0074967	0.0	cv_transition	/intervals/trials	290	cv_transition_time	n/a	n/a	n/a	n/a	foo	344.0074967	290	true	343.8026986	344.2733527
345.0365757	0.41341249999999263	trials	/intervals/trials	291	start_time	n/a	n/a	n/a	n/a	daa	345.0594724	291	true	345.0365757	345.4499882
345.0594724	0.0	cv_transition	/intervals/trials	291	cv_transition_time	n/a	n/a	n/a	n/a	daa	345.0594724	291	true	345.0365757	345.4499882
345.9778841	0.5902258000000415	trials	/intervals/trials	292	start_time	n/a	n/a	n/a	n/a	faa	346.1915865	292	true	345.9778841	346.5681099
346.1915865	0.0	cv_transition	/intervals/trials	292	cv_transition_time	n/a	n/a	n/a	n/a	faa	346.1915865	292	true	345.9778841	346.5681099
347.2600987	0.3587147999999729	trials	/intervals/trials	293	start_time	n/a	n/a	n/a	n/a	goo	347.3008039	293	true	347.2600987	347.6188135
347.3008039	0.0	cv_transition	/intervals/trials	293	cv_transition_time	n/a	n/a	n/a	n/a	goo	347.3008039	293	true	347.2600987	347.6188135
348.3095303	0.34345029999997223	trials	/intervals/trials	294	start_time	n/a	n/a	n/a	n/a	mee	348.4062052	294	true	348.3095303	348.6529806
348.4062052	0.0	cv_transition	/intervals/trials	294	cv_transition_time	n/a	n/a	n/a	n/a	mee	348.4062052	294	true	348.3095303	348.6529806
349.2559268	0.557152799999983	trials	/intervals/trials	295	start_time	n/a	n/a	n/a	n/a	zaa	349.4352842	295	true	349.2559268	349.8130796
349.4352842	0.0	cv_transition	/intervals/trials	295	cv_transition_time	n/a	n/a	n/a	n/a	zaa	349.4352842	295	true	349.2559268	349.8130796
350.3816807	0.5775054000000068	trials	/intervals/trials	296	start_time	n/a	n/a	n/a	n/a	see	350.5826628	296	true	350.3816807	350.9591861
350.5826628	0.0	cv_transition	/intervals/trials	296	cv_transition_time	n/a	n/a	n/a	n/a	see	350.5826628	296	true	350.3816807	350.9591861
351.586301	0.5775054000000068	trials	/intervals/trials	297	start_time	n/a	n/a	n/a	n/a	zoo	351.7732906	297	true	351.586301	352.1638064
351.7732906	0.0	cv_transition	/intervals/trials	297	cv_transition_time	n/a	n/a	n/a	n/a	zoo	351.7732906	297	true	351.586301	352.1638064
352.8532511	0.4108683999999698	trials	/intervals/trials	298	start_time	n/a	n/a	n/a	n/a	too	352.9562863	298	true	352.8532511	353.2641195
352.9562863	0.0	cv_transition	/intervals/trials	298	cv_transition_time	n/a	n/a	n/a	n/a	too	352.9562863	298	true	352.8532511	353.2641195
353.9955416	0.45538969999995516	trials	/intervals/trials	299	start_time	n/a	n/a	n/a	n/a	vee	354.0464231	299	true	353.9955416	354.4509313
354.0464231	0.0	cv_transition	/intervals/trials	299	cv_transition_time	n/a	n/a	n/a	n/a	vee	354.0464231	299	true	353.9955416	354.4509313
356.2559536	0.43122099999999364	trials	/intervals/trials	300	start_time	n/a	n/a	n/a	n/a	moo	356.3564447	300	true	356.2559536	356.6871746
356.3564447	0.0	cv_transition	/intervals/trials	300	cv_transition_time	n/a	n/a	n/a	n/a	moo	356.3564447	300	true	356.2559536	356.6871746
358.5557989	0.49863899999996875	trials	/intervals/trials	301	start_time	n/a	n/a	n/a	n/a	nee	358.6702823	301	true	358.5557989	359.0544379
358.6702823	0.0	cv_transition	/intervals/trials	301	cv_transition_time	n/a	n/a	n/a	n/a	nee	358.6702823	301	true	358.5557989	359.0544379
359.7794998	0.3854276000000141	trials	/intervals/trials	302	start_time	n/a	n/a	n/a	n/a	boo	359.7998524	302	true	359.7794998	360.1649274
359.7998524	0.0	cv_transition	/intervals/trials	302	cv_transition_time	n/a	n/a	n/a	n/a	boo	359.7998524	302	true	359.7794998	360.1649274
360.8276593	0.4884627000000137	trials	/intervals/trials	303	start_time	n/a	n/a	n/a	n/a	laa	360.9535911	303	true	360.8276593	361.316122
360.9535911	0.0	cv_transition	/intervals/trials	303	cv_transition_time	n/a	n/a	n/a	n/a	laa	360.9535911	303	true	360.8276593	361.316122
361.9216123	0.44139730000000554	trials	/intervals/trials	304	start_time	n/a	n/a	n/a	n/a	maa	361.9877583	304	true	361.9216123	362.3630096
361.9877583	0.0	cv_transition	/intervals/trials	304	cv_transition_time	n/a	n/a	n/a	n/a	maa	361.9877583	304	true	361.9216123	362.3630096
362.8870893	0.578777500000001	trials	/intervals/trials	305	start_time	n/a	n/a	n/a	n/a	soo	363.1186003	305	true	362.8870893	363.4658668
363.1186003	0.0	cv_transition	/intervals/trials	305	cv_transition_time	n/a	n/a	n/a	n/a	soo	363.1186003	305	true	362.8870893	363.4658668
364.103158	0.4706540999999902	trials	/intervals/trials	306	start_time	n/a	n/a	n/a	n/a	roo	364.1922007	306	true	364.103158	364.5738121
364.1922007	0.0	cv_transition	/intervals/trials	306	cv_transition_time	n/a	n/a	n/a	n/a	roo	364.1922007	306	true	364.103158	364.5738121
365.2645289	0.437581200000011	trials	/intervals/trials	307	start_time	n/a	n/a	n/a	n/a	tee	365.3510276	307	true	365.2645289	365.7021101
365.3510276	0.0	cv_transition	/intervals/trials	307	cv_transition_time	n/a	n/a	n/a	n/a	tee	365.3510276	307	true	365.2645289	365.7021101
366.3241369	0.44394130000000587	trials	/intervals/trials	308	start_time	n/a	n/a	n/a	n/a	haa	366.4500687	308	true	366.3241369	366.7680782
366.4500687	0.0	cv_transition	/intervals/trials	308	cv_transition_time	n/a	n/a	n/a	n/a	haa	366.4500687	308	true	366.3241369	366.7680782
367.457523	0.44394140000002835	trials	/intervals/trials	309	start_time	n/a	n/a	n/a	n/a	waa	367.5185808	309	true	367.457523	367.9014644
367.5185808	0.0	cv_transition	/intervals/trials	309	cv_transition_time	n/a	n/a	n/a	n/a	waa	367.5185808	309	true	367.457523	367.9014644
368.6430627	0.44394140000002835	trials	/intervals/trials	310	start_time	n/a	n/a	n/a	n/a	pee	368.7397376	310	true	368.6430627	369.0870041
368.7397376	0.0	cv_transition	/intervals/trials	310	cv_transition_time	n/a	n/a	n/a	n/a	pee	368.7397376	310	true	368.6430627	369.0870041
369.7128469	0.44394140000002835	trials	/intervals/trials	311	start_time	n/a	n/a	n/a	n/a	lee	369.8120659	311	true	369.7128469	370.1567883
369.8120659	0.0	cv_transition	/intervals/trials	311	cv_transition_time	n/a	n/a	n/a	n/a	lee	369.8120659	311	true	369.7128469	370.1567883
370.8487771	0.46302199999996674	trials	/intervals/trials	312	start_time	n/a	n/a	n/a	n/a	wee	370.9009307	312	true	370.8487771	371.3117991
370.9009307	0.0	cv_transition	/intervals/trials	312	cv_transition_time	n/a	n/a	n/a	n/a	wee	370.9009307	312	true	370.8487771	371.3117991
371.9020249	0.4706540999999902	trials	/intervals/trials	313	start_time	n/a	n/a	n/a	n/a	yaa	371.974531	313	true	371.9020249	372.372679
371.974531	0.0	cv_transition	/intervals/trials	313	cv_transition_time	n/a	n/a	n/a	n/a	yaa	371.974531	313	true	371.9020249	372.372679
373.0481314	0.4032361000000151	trials	/intervals/trials	314	start_time	n/a	n/a	n/a	n/a	gaa	373.0723001	314	true	373.0481314	373.4513675
373.0723001	0.0	cv_transition	/intervals/trials	314	cv_transition_time	n/a	n/a	n/a	n/a	gaa	373.0723001	314	true	373.0481314	373.4513675
374.0415933	0.5660570000000007	trials	/intervals/trials	315	start_time	n/a	n/a	n/a	n/a	shaa	374.2527517	315	true	374.0415933	374.6076503
374.2527517	0.0	cv_transition	/intervals/trials	315	cv_transition_time	n/a	n/a	n/a	n/a	shaa	374.2527517	315	true	374.0415933	374.6076503
375.3619691	0.32309770000000526	trials	/intervals/trials	316	start_time	n/a	n/a	n/a	n/a	doo	375.3772335	316	true	375.3619691	375.6850668
375.3772335	0.0	cv_transition	/intervals/trials	316	cv_transition_time	n/a	n/a	n/a	n/a	doo	375.3772335	316	true	375.3619691	375.6850668
377.4811849	0.4871906999999851	trials	/intervals/trials	317	start_time	n/a	n/a	n/a	n/a	raa	377.5816759	317	true	377.4811849	377.9683756
377.5816759	0.0	cv_transition	/intervals/trials	317	cv_transition_time	n/a	n/a	n/a	n/a	raa	377.5816759	317	true	377.4811849	377.9683756
378.4670146	0.6232987999999864	trials	/intervals/trials	318	start_time	n/a	n/a	n/a	n/a	shee	378.7252384	318	true	378.4670146	379.0903134
378.7252384	0.0	cv_transition	/intervals/trials	318	cv_transition_time	n/a	n/a	n/a	n/a	shee	378.7252384	318	true	378.4670146	379.0903134
379.8726169	0.46302199999996674	trials	/intervals/trials	319	start_time	n/a	n/a	n/a	n/a	yoo	379.9616596	319	true	379.8726169	380.3356389
379.9616596	0.0	cv_transition	/intervals/trials	319	cv_transition_time	n/a	n/a	n/a	n/a	yoo	379.9616596	319	true	379.8726169	380.3356389
381.1243026	0.4121403999999984	trials	/intervals/trials	320	start_time	n/a	n/a	n/a	n/a	baa	381.1344789	320	true	381.1243026	381.536443
381.1344789	0.0	cv_transition	/intervals/trials	320	cv_transition_time	n/a	n/a	n/a	n/a	baa	381.1344789	320	true	381.1243026	381.536443
382.1800944	0.5228078000000096	trials	/intervals/trials	321	start_time	n/a	n/a	n/a	n/a	zee	382.3365551	321	true	382.1800944	382.7029022
382.3365551	0.0	cv_transition	/intervals/trials	321	cv_transition_time	n/a	n/a	n/a	n/a	zee	382.3365551	321	true	382.1800944	382.7029022
383.3974351	0.4045082000000093	trials	/intervals/trials	322	start_time	n/a	n/a	n/a	n/a	gee	383.4546768	322	true	383.3974351	383.8019433
383.4546768	0.0	cv_transition	/intervals/trials	322	cv_transition_time	n/a	n/a	n/a	n/a	gee	383.4546768	322	true	383.3974351	383.8019433
384.5053804	0.4286769999999933	trials	/intervals/trials	323	start_time	n/a	n/a	n/a	n/a	kee	384.5613501	323	true	384.5053804	384.9340574
384.5613501	0.0	cv_transition	/intervals/trials	323	cv_transition_time	n/a	n/a	n/a	n/a	kee	384.5613501	323	true	384.5053804	384.9340574
385.5013864	0.5151756000000205	trials	/intervals/trials	324	start_time	n/a	n/a	n/a	n/a	ree	385.6362225	324	true	385.5013864	386.016562
385.6362225	0.0	cv_transition	/intervals/trials	324	cv_transition_time	n/a	n/a	n/a	n/a	ree	385.6362225	324	true	385.5013864	386.016562
387.8610175	0.4604779000000008	trials	/intervals/trials	325	start_time	n/a	n/a	n/a	n/a	voo	387.9220753	325	true	387.8610175	388.3214954
387.9220753	0.0	cv_transition	/intervals/trials	325	cv_transition_time	n/a	n/a	n/a	n/a	voo	387.9220753	325	true	387.8610175	388.3214954
388.9918596	0.4146845000000212	trials	/intervals/trials	326	start_time	n/a	n/a	n/a	n/a	noo	389.0809022	326	true	388.9918596	389.4065441
389.0809022	0.0	cv_transition	/intervals/trials	326	cv_transition_time	n/a	n/a	n/a	n/a	noo	389.0809022	326	true	388.9918596	389.4065441
390.1494144	0.35744280000000117	trials	/intervals/trials	327	start_time	n/a	n/a	n/a	n/a	dee	390.1710391	327	true	390.1494144	390.5068572
390.1710391	0.0	cv_transition	/intervals/trials	327	cv_transition_time	n/a	n/a	n/a	n/a	dee	390.1710391	327	true	390.1494144	390.5068572
391.2255588	0.44139730000000554	trials	/intervals/trials	328	start_time	n/a	n/a	n/a	n/a	yee	391.2777124	328	true	391.2255588	391.6669561
391.2777124	0.0	cv_transition	/intervals/trials	328	cv_transition_time	n/a	n/a	n/a	n/a	yee	391.2777124	328	true	391.2255588	391.6669561
393.3663993	0.5813215000000014	trials	/intervals/trials	329	start_time	n/a	n/a	n/a	n/a	fee	393.5381245	329	true	393.3663993	393.9477208
393.5381245	0.0	cv_transition	/intervals/trials	329	cv_transition_time	n/a	n/a	n/a	n/a	fee	393.5381245	329	true	393.3663993	393.9477208
394.5341305	0.4897346999999854	trials	/intervals/trials	330	start_time	n/a	n/a	n/a	n/a	hee	394.6257172	330	true	394.5341305	395.0238652
394.6257172	0.0	cv_transition	/intervals/trials	330	cv_transition_time	n/a	n/a	n/a	n/a	hee	394.6257172	330	true	394.5341305	395.0238652
395.5962825	0.42740480000003345	trials	/intervals/trials	331	start_time	n/a	n/a	n/a	n/a	vaa	395.6687887	331	true	395.5962825	396.0236873
395.6687887	0.0	cv_transition	/intervals/trials	331	cv_transition_time	n/a	n/a	n/a	n/a	vaa	395.6687887	331	true	395.5962825	396.0236873
396.708044	0.4388532000000396	trials	/intervals/trials	332	start_time	n/a	n/a	n/a	n/a	loo	396.775462	332	true	396.708044	397.1468972
396.775462	0.0	cv_transition	/intervals/trials	332	cv_transition_time	n/a	n/a	n/a	n/a	loo	396.775462	332	true	396.708044	397.1468972
397.8846794	0.4274048999999991	trials	/intervals/trials	333	start_time	n/a	n/a	n/a	n/a	hoo	397.9597297	333	true	397.8846794	398.3120843
397.9597297	0.0	cv_transition	/intervals/trials	333	cv_transition_time	n/a	n/a	n/a	n/a	hoo	397.9597297	333	true	397.8846794	398.3120843
398.9951688	0.4553898000000345	trials	/intervals/trials	334	start_time	n/a	n/a	n/a	n/a	kaa	399.0587708	334	true	398.9951688	399.4505586
399.0587708	0.0	cv_transition	/intervals/trials	334	cv_transition_time	n/a	n/a	n/a	n/a	kaa	399.0587708	334	true	398.9951688	399.4505586
401.22378	0.44139730000000554	trials	/intervals/trials	335	start_time	n/a	n/a	n/a	n/a	bee	401.2428605	335	true	401.22378	401.6651773
401.2428605	0.0	cv_transition	/intervals/trials	335	cv_transition_time	n/a	n/a	n/a	n/a	bee	401.2428605	335	true	401.22378	401.6651773
402.2732116	0.41341239999997015	trials	/intervals/trials	336	start_time	n/a	n/a	n/a	n/a	pee	402.3368135	336	true	402.2732116	402.686624
402.3368135	0.0	cv_transition	/intervals/trials	336	cv_transition_time	n/a	n/a	n/a	n/a	pee	402.3368135	336	true	402.2732116	402.686624
403.4587513	0.42867689999997083	trials	/intervals/trials	337	start_time	n/a	n/a	n/a	n/a	taa	403.5363456	337	true	403.4587513	403.8874282
403.5363456	0.0	cv_transition	/intervals/trials	337	cv_transition_time	n/a	n/a	n/a	n/a	taa	403.5363456	337	true	403.4587513	403.8874282
404.6468351	0.42613280000000486	trials	/intervals/trials	338	start_time	n/a	n/a	n/a	n/a	naa	404.7180692	338	true	404.6468351	405.0729679
404.7180692	0.0	cv_transition	/intervals/trials	338	cv_transition_time	n/a	n/a	n/a	n/a	naa	404.7180692	338	true	404.6468351	405.0729679
405.5868714	0.6258427999999867	trials	/intervals/trials	339	start_time	n/a	n/a	n/a	n/a	saa	405.8260146	339	true	405.5868714	406.2127142
405.8260146	0.0	cv_transition	/intervals/trials	339	cv_transition_time	n/a	n/a	n/a	n/a	saa	405.8260146	339	true	405.5868714	406.2127142
406.7991239	0.5164475000000266	trials	/intervals/trials	340	start_time	n/a	n/a	n/a	n/a	shoo	406.9873855	340	true	406.7991239	407.3155714
406.9873855	0.0	cv_transition	/intervals/trials	340	cv_transition_time	n/a	n/a	n/a	n/a	shoo	406.9873855	340	true	406.7991239	407.3155714
407.9783034	0.5711451999999895	trials	/intervals/trials	341	start_time	n/a	n/a	n/a	n/a	foo	408.1665651	341	true	407.9783034	408.5494486
408.1665651	0.0	cv_transition	/intervals/trials	341	cv_transition_time	n/a	n/a	n/a	n/a	foo	408.1665651	341	true	407.9783034	408.5494486
409.326664	0.3625309000000243	trials	/intervals/trials	342	start_time	n/a	n/a	n/a	n/a	daa	409.3482887	342	true	409.326664	409.6891949
409.3482887	0.0	cv_transition	/intervals/trials	342	cv_transition_time	n/a	n/a	n/a	n/a	daa	409.3482887	342	true	409.326664	409.6891949
410.3061335	0.5011830999999916	trials	/intervals/trials	343	start_time	n/a	n/a	n/a	n/a	faa	410.4625942	343	true	410.3061335	410.8073166
410.4625942	0.0	cv_transition	/intervals/trials	343	cv_transition_time	n/a	n/a	n/a	n/a	faa	410.4625942	343	true	410.3061335	410.8073166
411.5120258	0.38924370000000863	trials	/intervals/trials	344	start_time	n/a	n/a	n/a	n/a	goo	411.5578192	344	true	411.5120258	411.9012695
411.5578192	0.0	cv_transition	/intervals/trials	344	cv_transition_time	n/a	n/a	n/a	n/a	goo	411.5578192	344	true	411.5120258	411.9012695
412.5703617	0.4248608000000331	trials	/intervals/trials	345	start_time	n/a	n/a	n/a	n/a	mee	412.645412	345	true	412.5703617	412.9952225
412.645412	0.0	cv_transition	/intervals/trials	345	cv_transition_time	n/a	n/a	n/a	n/a	mee	412.645412	345	true	412.5703617	412.9952225
413.6554104	0.455389700000012	trials	/intervals/trials	346	start_time	n/a	n/a	n/a	n/a	zaa	413.7546294	346	true	413.6554104	414.1108001
413.7546294	0.0	cv_transition	/intervals/trials	346	cv_transition_time	n/a	n/a	n/a	n/a	zaa	413.7546294	346	true	413.6554104	414.1108001
414.8104212	0.6080342999999857	trials	/intervals/trials	347	start_time	n/a	n/a	n/a	n/a	see	415.0253956	347	true	414.8104212	415.4184555
415.0253956	0.0	cv_transition	/intervals/trials	347	cv_transition_time	n/a	n/a	n/a	n/a	see	415.0253956	347	true	414.8104212	415.4184555
416.0290339	0.5469764000000055	trials	/intervals/trials	348	start_time	n/a	n/a	n/a	n/a	zoo	416.1969429	348	true	416.0290339	416.5760103
416.1969429	0.0	cv_transition	/intervals/trials	348	cv_transition_time	n/a	n/a	n/a	n/a	zoo	416.1969429	348	true	416.0290339	416.5760103
417.3226968	0.35744280000000117	trials	/intervals/trials	349	start_time	n/a	n/a	n/a	n/a	too	417.4053793	349	true	417.3226968	417.6801396
417.4053793	0.0	cv_transition	/intervals/trials	349	cv_transition_time	n/a	n/a	n/a	n/a	too	417.4053793	349	true	417.3226968	417.6801396
418.4878839	0.5049991999999861	trials	/intervals/trials	350	start_time	n/a	n/a	n/a	n/a	vee	418.5781986	350	true	418.4878839	418.9928831
418.5781986	0.0	cv_transition	/intervals/trials	350	cv_transition_time	n/a	n/a	n/a	n/a	vee	418.5781986	350	true	418.4878839	418.9928831
420.7610164	0.5024550999999633	trials	/intervals/trials	351	start_time	n/a	n/a	n/a	n/a	moo	420.8526031	351	true	420.7610164	421.2634715
420.8526031	0.0	cv_transition	/intervals/trials	351	cv_transition_time	n/a	n/a	n/a	n/a	moo	420.8526031	351	true	420.7610164	421.2634715
423.0366929	0.4579338000000348	trials	/intervals/trials	352	start_time	n/a	n/a	n/a	n/a	nee	423.1410001	352	true	423.0366929	423.4946267
423.1410001	0.0	cv_transition	/intervals/trials	352	cv_transition_time	n/a	n/a	n/a	n/a	nee	423.1410001	352	true	423.0366929	423.4946267
424.2311369	0.3943318999999974	trials	/intervals/trials	353	start_time	n/a	n/a	n/a	n/a	boo	424.2553056	353	true	424.2311369	424.6254688
424.2553056	0.0	cv_transition	/intervals/trials	353	cv_transition_time	n/a	n/a	n/a	n/a	boo	424.2553056	353	true	424.2311369	424.6254688
425.264032	0.4999111000000198	trials	/intervals/trials	354	start_time	n/a	n/a	n/a	n/a	laa	425.3912358	354	true	425.264032	425.7639431
425.3912358	0.0	cv_transition	/intervals/trials	354	cv_transition_time	n/a	n/a	n/a	n/a	laa	425.3912358	354	true	425.264032	425.7639431
426.4508437	0.46556609999998955	trials	/intervals/trials	355	start_time	n/a	n/a	n/a	n/a	maa	426.5347983	355	true	426.4508437	426.9164098
426.5347983	0.0	cv_transition	/intervals/trials	355	cv_transition_time	n/a	n/a	n/a	n/a	maa	426.5347983	355	true	426.4508437	426.9164098
427.4964592	0.5940418999999793	trials	/intervals/trials	356	start_time	n/a	n/a	n/a	n/a	soo	427.720338	356	true	427.4964592	428.0905011
427.720338	0.0	cv_transition	/intervals/trials	356	cv_transition_time	n/a	n/a	n/a	n/a	soo	427.720338	356	true	427.4964592	428.0905011
428.7214321	0.5202636999999868	trials	/intervals/trials	357	start_time	n/a	n/a	n/a	n/a	roo	428.8473639	357	true	428.7214321	429.2416958
428.8473639	0.0	cv_transition	/intervals/trials	357	cv_transition_time	n/a	n/a	n/a	n/a	roo	428.8473639	357	true	428.7214321	429.2416958
430.0023747	0.4668380999999613	trials	/intervals/trials	358	start_time	n/a	n/a	n/a	n/a	tee	430.1257624	358	true	430.0023747	430.4692128
430.1257624	0.0	cv_transition	/intervals/trials	358	cv_transition_time	n/a	n/a	n/a	n/a	tee	430.1257624	358	true	430.0023747	430.4692128
431.0836073	0.5317120000000273	trials	/intervals/trials	359	start_time	n/a	n/a	n/a	n/a	haa	431.2884054	359	true	431.0836073	431.6153193
431.2884054	0.0	cv_transition	/intervals/trials	359	cv_transition_time	n/a	n/a	n/a	n/a	haa	431.2884054	359	true	431.0836073	431.6153193
432.3759982	0.44902949999999464	trials	/intervals/trials	360	start_time	n/a	n/a	n/a	n/a	waa	432.470129	360	true	432.3759982	432.8250277
432.470129	0.0	cv_transition	/intervals/trials	360	cv_transition_time	n/a	n/a	n/a	n/a	waa	432.470129	360	true	432.3759982	432.8250277
433.6518526	0.44902949999999464	trials	/intervals/trials	361	start_time	n/a	n/a	n/a	n/a	pee	433.7510716	361	true	433.6518526	434.1008821
433.7510716	0.0	cv_transition	/intervals/trials	361	cv_transition_time	n/a	n/a	n/a	n/a	pee	433.7510716	361	true	433.6518526	434.1008821
434.8043193	0.4833746000000474	trials	/intervals/trials	362	start_time	n/a	n/a	n/a	n/a	lee	434.8793696	362	true	434.8043193	435.2876939
434.8793696	0.0	cv_transition	/intervals/trials	362	cv_transition_time	n/a	n/a	n/a	n/a	lee	434.8793696	362	true	434.8043193	435.2876939
436.0369245	0.4528455999999892	trials	/intervals/trials	363	start_time	n/a	n/a	n/a	n/a	wee	436.1335994	363	true	436.0369245	436.4897701
436.1335994	0.0	cv_transition	/intervals/trials	363	cv_transition_time	n/a	n/a	n/a	n/a	wee	436.1335994	363	true	436.0369245	436.4897701
437.0978044	0.5965860000000021	trials	/intervals/trials	364	start_time	n/a	n/a	n/a	n/a	yaa	437.283522	364	true	437.0978044	437.6943904
437.283522	0.0	cv_transition	/intervals/trials	364	cv_transition_time	n/a	n/a	n/a	n/a	yaa	437.283522	364	true	437.0978044	437.6943904
438.4359887	0.4172285999999872	trials	/intervals/trials	365	start_time	n/a	n/a	n/a	n/a	gaa	438.4690617	365	true	438.4359887	438.8532173
438.4690617	0.0	cv_transition	/intervals/trials	365	cv_transition_time	n/a	n/a	n/a	n/a	gaa	438.4690617	365	true	438.4359887	438.8532173
439.4968687	0.5965858999999796	trials	/intervals/trials	366	start_time	n/a	n/a	n/a	n/a	shaa	439.7016668	366	true	439.4968687	440.0934546
439.7016668	0.0	cv_transition	/intervals/trials	366	cv_transition_time	n/a	n/a	n/a	n/a	shaa	439.7016668	366	true	439.4968687	440.0934546
440.9838814	0.4388533000000052	trials	/intervals/trials	367	start_time	n/a	n/a	n/a	n/a	doo	441.0042341	367	true	440.9838814	441.4227347
441.0042341	0.0	cv_transition	/intervals/trials	367	cv_transition_time	n/a	n/a	n/a	n/a	doo	441.0042341	367	true	440.9838814	441.4227347
442.1910458	0.46811009999998987	trials	/intervals/trials	368	start_time	n/a	n/a	n/a	n/a	woo	442.2330231	368	true	442.1910458	442.6591559
442.2330231	0.0	cv_transition	/intervals/trials	368	cv_transition_time	n/a	n/a	n/a	n/a	woo	442.2330231	368	true	442.1910458	442.6591559
443.4745325	0.43885319999998273	trials	/intervals/trials	369	start_time	n/a	n/a	n/a	n/a	raa	443.5572149	369	true	443.4745325	443.9133857
443.5572149	0.0	cv_transition	/intervals/trials	369	cv_transition_time	n/a	n/a	n/a	n/a	raa	443.5572149	369	true	443.4745325	443.9133857
444.6002864	0.6512835999999993	trials	/intervals/trials	370	start_time	n/a	n/a	n/a	n/a	shee	444.8419736	370	true	444.6002864	445.25157
444.8419736	0.0	cv_transition	/intervals/trials	370	cv_transition_time	n/a	n/a	n/a	n/a	shee	444.8419736	370	true	444.6002864	445.25157
445.9015816	0.5698730999999952	trials	/intervals/trials	371	start_time	n/a	n/a	n/a	n/a	yoo	446.0608782	371	true	445.9015816	446.4714547
446.0608782	0.0	cv_transition	/intervals/trials	371	cv_transition_time	n/a	n/a	n/a	n/a	yoo	446.0608782	371	true	445.9015816	446.4714547
447.2702948	0.3752513000000022	trials	/intervals/trials	372	start_time	n/a	n/a	n/a	n/a	baa	447.2830152	372	true	447.2702948	447.6455461
447.2830152	0.0	cv_transition	/intervals/trials	372	cv_transition_time	n/a	n/a	n/a	n/a	baa	447.2830152	372	true	447.2702948	447.6455461
448.2090591	0.6970769000000132	trials	/intervals/trials	373	start_time	n/a	n/a	n/a	n/a	zee	448.4901795	373	true	448.2090591	448.906136
448.4901795	0.0	cv_transition	/intervals/trials	373	cv_transition_time	n/a	n/a	n/a	n/a	zee	448.4901795	373	true	448.2090591	448.906136
450.8409063	0.4630220000000236	trials	/intervals/trials	374	start_time	n/a	n/a	n/a	n/a	kee	450.9426694	374	true	450.8409063	451.3039283
450.9426694	0.0	cv_transition	/intervals/trials	374	cv_transition_time	n/a	n/a	n/a	n/a	kee	450.9426694	374	true	450.8409063	451.3039283
451.9513958	0.5991300000000024	trials	/intervals/trials	375	start_time	n/a	n/a	n/a	n/a	ree	452.1307532	375	true	451.9513958	452.5505258
452.1307532	0.0	cv_transition	/intervals/trials	375	cv_transition_time	n/a	n/a	n/a	n/a	ree	452.1307532	375	true	451.9513958	452.5505258
454.5743388	0.4846465999999623	trials	/intervals/trials	376	start_time	n/a	n/a	n/a	n/a	voo	454.6926383	376	true	454.5743388	455.0589854
454.6926383	0.0	cv_transition	/intervals/trials	376	cv_transition_time	n/a	n/a	n/a	n/a	voo	454.6926383	376	true	454.5743388	455.0589854
455.7865913	0.532983999999999	trials	/intervals/trials	377	start_time	n/a	n/a	n/a	n/a	noo	455.9392359	377	true	455.7865913	456.3195753
455.9392359	0.0	cv_transition	/intervals/trials	377	cv_transition_time	n/a	n/a	n/a	n/a	noo	455.9392359	377	true	455.7865913	456.3195753
457.1654808	0.4121403999999984	trials	/intervals/trials	378	start_time	n/a	n/a	n/a	n/a	dee	457.1871055	378	true	457.1654808	457.5776212
457.1871055	0.0	cv_transition	/intervals/trials	378	cv_transition_time	n/a	n/a	n/a	n/a	dee	457.1871055	378	true	457.1654808	457.5776212
458.2963229	0.4859185999999909	trials	/intervals/trials	379	start_time	n/a	n/a	n/a	n/a	yee	458.3573807	379	true	458.2963229	458.7822415
458.3573807	0.0	cv_transition	/intervals/trials	379	cv_transition_time	n/a	n/a	n/a	n/a	yee	458.3573807	379	true	458.2963229	458.7822415
459.4755024	0.4642939999999953	trials	/intervals/trials	380	start_time	n/a	n/a	n/a	n/a	koo	459.5899858	380	true	459.4755024	459.9397964
459.5899858	0.0	cv_transition	/intervals/trials	380	cv_transition_time	n/a	n/a	n/a	n/a	koo	459.5899858	380	true	459.4755024	459.9397964
460.6953871	0.5584248000000116	trials	/intervals/trials	381	start_time	n/a	n/a	n/a	n/a	fee	460.856936	381	true	460.6953871	461.2538119
460.856936	0.0	cv_transition	/intervals/trials	381	cv_transition_time	n/a	n/a	n/a	n/a	fee	460.856936	381	true	460.6953871	461.2538119
461.8949192	0.5927699000000075	trials	/intervals/trials	382	start_time	n/a	n/a	n/a	n/a	hee	462.0437477	382	true	461.8949192	462.4876891
462.0437477	0.0	cv_transition	/intervals/trials	382	cv_transition_time	n/a	n/a	n/a	n/a	hee	462.0437477	382	true	461.8949192	462.4876891
463.1796779	0.4477575000000229	trials	/intervals/trials	383	start_time	n/a	n/a	n/a	n/a	vaa	463.24964	383	true	463.1796779	463.6274354
463.24964	0.0	cv_transition	/intervals/trials	383	cv_transition_time	n/a	n/a	n/a	n/a	vaa	463.24964	383	true	463.1796779	463.6274354
464.343593	0.46938210000001845	trials	/intervals/trials	384	start_time	n/a	n/a	n/a	n/a	loo	464.444084	384	true	464.343593	464.8129751
464.444084	0.0	cv_transition	/intervals/trials	384	cv_transition_time	n/a	n/a	n/a	n/a	loo	464.444084	384	true	464.343593	464.8129751
465.604183	0.5088153000000375	trials	/intervals/trials	385	start_time	n/a	n/a	n/a	n/a	hoo	465.7479233	385	true	465.604183	466.1129983
465.7479233	0.0	cv_transition	/intervals/trials	385	cv_transition_time	n/a	n/a	n/a	n/a	hoo	465.7479233	385	true	465.604183	466.1129983
466.8482364	0.5215356999999585	trials	/intervals/trials	386	start_time	n/a	n/a	n/a	n/a	kaa	467.0034251	386	true	466.8482364	467.3697721
467.0034251	0.0	cv_transition	/intervals/trials	386	cv_transition_time	n/a	n/a	n/a	n/a	kaa	467.0034251	386	true	466.8482364	467.3697721
469.523333	0.39178780000003144	trials	/intervals/trials	387	start_time	n/a	n/a	n/a	n/a	bee	469.5373254	387	true	469.523333	469.9151208
469.5373254	0.0	cv_transition	/intervals/trials	387	cv_transition_time	n/a	n/a	n/a	n/a	bee	469.5373254	387	true	469.523333	469.9151208
473.1918915	0.5113594000000035	trials	/intervals/trials	388	start_time	n/a	n/a	n/a	n/a	taa	473.3178233	388	true	473.1918915	473.7032509
473.3178233	0.0	cv_transition	/intervals/trials	388	cv_transition_time	n/a	n/a	n/a	n/a	taa	473.3178233	388	true	473.1918915	473.7032509
474.2464112	0.6093063999999799	trials	/intervals/trials	389	start_time	n/a	n/a	n/a	n/a	naa	474.4664739	389	true	474.2464112	474.8557176
474.4664739	0.0	cv_transition	/intervals/trials	389	cv_transition_time	n/a	n/a	n/a	n/a	naa	474.4664739	389	true	474.2464112	474.8557176
475.4650239	0.6207547000000204	trials	/intervals/trials	390	start_time	n/a	n/a	n/a	n/a	saa	475.6965349	390	true	475.4650239	476.0857786
475.6965349	0.0	cv_transition	/intervals/trials	390	cv_transition_time	n/a	n/a	n/a	n/a	saa	475.6965349	390	true	475.4650239	476.0857786
476.7319741	0.624570800000015	trials	/intervals/trials	391	start_time	n/a	n/a	n/a	n/a	shoo	476.995286	391	true	476.7319741	477.3565449
476.995286	0.0	cv_transition	/intervals/trials	391	cv_transition_time	n/a	n/a	n/a	n/a	shoo	476.995286	391	true	476.7319741	477.3565449
478.0701584	0.5711451999999895	trials	/intervals/trials	392	start_time	n/a	n/a	n/a	n/a	foo	478.3054855	392	true	478.0701584	478.6413036
478.3054855	0.0	cv_transition	/intervals/trials	392	cv_transition_time	n/a	n/a	n/a	n/a	foo	478.3054855	392	true	478.0701584	478.6413036
481.8341198	0.42358869999998205	trials	/intervals/trials	393	start_time	n/a	n/a	n/a	n/a	daa	481.8532003	393	true	481.8341198	482.2577085
481.8532003	0.0	cv_transition	/intervals/trials	393	cv_transition_time	n/a	n/a	n/a	n/a	daa	481.8532003	393	true	481.8341198	482.2577085
482.8352139	0.5660571000000232	trials	/intervals/trials	394	start_time	n/a	n/a	n/a	n/a	faa	483.005667	394	true	482.8352139	483.401271
483.005667	0.0	cv_transition	/intervals/trials	394	cv_transition_time	n/a	n/a	n/a	n/a	faa	483.005667	394	true	482.8352139	483.401271
484.1301489	0.4859185999999909	trials	/intervals/trials	395	start_time	n/a	n/a	n/a	n/a	goo	484.1784864	395	true	484.1301489	484.6160675
484.1784864	0.0	cv_transition	/intervals/trials	395	cv_transition_time	n/a	n/a	n/a	n/a	goo	484.1784864	395	true	484.1301489	484.6160675
485.2533587	0.5202637000000436	trials	/intervals/trials	396	start_time	n/a	n/a	n/a	n/a	mee	485.3538498	396	true	485.2533587	485.7736224
485.3538498	0.0	cv_transition	/intervals/trials	396	cv_transition_time	n/a	n/a	n/a	n/a	mee	485.3538498	396	true	485.2533587	485.7736224
486.4121856	0.546976500000028	trials	/intervals/trials	397	start_time	n/a	n/a	n/a	n/a	zaa	486.5470217	397	true	486.4121856	486.9591621
486.5470217	0.0	cv_transition	/intervals/trials	397	cv_transition_time	n/a	n/a	n/a	n/a	zaa	486.5470217	397	true	486.4121856	486.9591621
487.5442997	0.5775054000000068	trials	/intervals/trials	398	start_time	n/a	n/a	n/a	n/a	see	487.7707226	398	true	487.5442997	488.1218051
487.7707226	0.0	cv_transition	/intervals/trials	398	cv_transition_time	n/a	n/a	n/a	n/a	see	487.7707226	398	true	487.5442997	488.1218051
488.848139	0.6131224999999745	trials	/intervals/trials	399	start_time	n/a	n/a	n/a	n/a	zoo	489.1038187	399	true	488.848139	489.4612615
489.1038187	0.0	cv_transition	/intervals/trials	399	cv_transition_time	n/a	n/a	n/a	n/a	zoo	489.1038187	399	true	488.848139	489.4612615
490.1837792	0.4999111000000198	trials	/intervals/trials	400	start_time	n/a	n/a	n/a	n/a	too	490.275366	400	true	490.1837792	490.6836903
490.275366	0.0	cv_transition	/intervals/trials	400	cv_transition_time	n/a	n/a	n/a	n/a	too	490.275366	400	true	490.1837792	490.6836903
491.4074801	0.5049991999999861	trials	/intervals/trials	401	start_time	n/a	n/a	n/a	n/a	vee	491.5227544	401	true	491.4074801	491.9124793
491.5227544	0.0	cv_transition	/intervals/trials	401	cv_transition_time	n/a	n/a	n/a	n/a	vee	491.5227544	401	true	491.4074801	491.9124793
493.9324761	0.5406163000000106	trials	/intervals/trials	402	start_time	n/a	n/a	n/a	n/a	moo	494.0660402	402	true	493.9324761	494.4730924
494.0660402	0.0	cv_transition	/intervals/trials	402	cv_transition_time	n/a	n/a	n/a	n/a	moo	494.0660402	402	true	493.9324761	494.4730924
496.3951423	0.49227880000000823	trials	/intervals/trials	403	start_time	n/a	n/a	n/a	n/a	nee	496.4867291	403	true	496.3951423	496.8874211
496.4867291	0.0	cv_transition	/intervals/trials	403	cv_transition_time	n/a	n/a	n/a	n/a	nee	496.4867291	403	true	496.3951423	496.8874211
497.6188432	0.39051569999998037	trials	/intervals/trials	404	start_time	n/a	n/a	n/a	n/a	boo	497.6353797	404	true	497.6188432	498.0093589
497.6353797	0.0	cv_transition	/intervals/trials	404	cv_transition_time	n/a	n/a	n/a	n/a	boo	497.6353797	404	true	497.6188432	498.0093589
498.6937155	0.4871906999999851	trials	/intervals/trials	405	start_time	n/a	n/a	n/a	n/a	laa	498.8069269	405	true	498.6937155	499.1809062
498.8069269	0.0	cv_transition	/intervals/trials	405	cv_transition_time	n/a	n/a	n/a	n/a	laa	498.8069269	405	true	498.6937155	499.1809062
499.8538145	0.4706542000000127	trials	/intervals/trials	406	start_time	n/a	n/a	n/a	n/a	maa	499.9479453	406	true	499.8538145	500.3244687
499.9479453	0.0	cv_transition	/intervals/trials	406	cv_transition_time	n/a	n/a	n/a	n/a	maa	499.9479453	406	true	499.8538145	500.3244687
500.9579437	0.5749613000000409	trials	/intervals/trials	407	start_time	n/a	n/a	n/a	n/a	soo	501.1627419	407	true	500.9579437	501.532905
501.1627419	0.0	cv_transition	/intervals/trials	407	cv_transition_time	n/a	n/a	n/a	n/a	soo	501.1627419	407	true	500.9579437	501.532905
502.4996542	0.47447030000000723	trials	/intervals/trials	408	start_time	n/a	n/a	n/a	n/a	roo	502.561984	408	true	502.4996542	502.9741245
502.561984	0.0	cv_transition	/intervals/trials	408	cv_transition_time	n/a	n/a	n/a	n/a	roo	502.561984	408	true	502.4996542	502.9741245
503.6139597	0.4452134000000001	trials	/intervals/trials	409	start_time	n/a	n/a	n/a	n/a	tee	503.7080906	409	true	503.6139597	504.0591731
503.7080906	0.0	cv_transition	/intervals/trials	409	cv_transition_time	n/a	n/a	n/a	n/a	tee	503.7080906	409	true	503.6139597	504.0591731
504.5629003	0.5902257999999847	trials	/intervals/trials	410	start_time	n/a	n/a	n/a	n/a	haa	504.8325724	410	true	504.5629003	505.1531261
504.8325724	0.0	cv_transition	/intervals/trials	410	cv_transition_time	n/a	n/a	n/a	n/a	haa	504.8325724	410	true	504.5629003	505.1531261
505.9201652	0.45157360000001745	trials	/intervals/trials	411	start_time	n/a	n/a	n/a	n/a	waa	505.9863112	411	true	505.9201652	506.3717388
505.9863112	0.0	cv_transition	/intervals/trials	411	cv_transition_time	n/a	n/a	n/a	n/a	waa	505.9863112	411	true	505.9201652	506.3717388
507.0153902	0.45920580000000655	trials	/intervals/trials	412	start_time	n/a	n/a	n/a	n/a	pee	507.108249	412	true	507.0153902	507.474596
507.108249	0.0	cv_transition	/intervals/trials	412	cv_transition_time	n/a	n/a	n/a	n/a	pee	507.108249	412	true	507.0153902	507.474596
508.1322398	0.45284560000004603	trials	/intervals/trials	413	start_time	n/a	n/a	n/a	n/a	lee	508.239091	413	true	508.1322398	508.5850854
508.239091	0.0	cv_transition	/intervals/trials	413	cv_transition_time	n/a	n/a	n/a	n/a	lee	508.239091	413	true	508.1322398	508.5850854
509.3152354	0.44012529999997696	trials	/intervals/trials	414	start_time	n/a	n/a	n/a	n/a	wee	509.3724772	414	true	509.3152354	509.7553607
509.3724772	0.0	cv_transition	/intervals/trials	414	cv_transition_time	n/a	n/a	n/a	n/a	wee	509.3724772	414	true	509.3152354	509.7553607
510.3557628	0.5393442000000164	trials	/intervals/trials	415	start_time	n/a	n/a	n/a	n/a	yaa	510.4804225	415	true	510.3557628	510.895107
510.4804225	0.0	cv_transition	/intervals/trials	415	cv_transition_time	n/a	n/a	n/a	n/a	yaa	510.4804225	415	true	510.3557628	510.895107
511.623985	0.41214039999994156	trials	/intervals/trials	416	start_time	n/a	n/a	n/a	n/a	gaa	511.6634182	416	true	511.623985	512.0361254
511.6634182	0.0	cv_transition	/intervals/trials	416	cv_transition_time	n/a	n/a	n/a	n/a	gaa	511.6634182	416	true	511.623985	512.0361254
512.6568801	0.6143945000000031	trials	/intervals/trials	417	start_time	n/a	n/a	n/a	n/a	shaa	512.8833029	417	true	512.6568801	513.2712746
512.8833029	0.0	cv_transition	/intervals/trials	417	cv_transition_time	n/a	n/a	n/a	n/a	shaa	512.8833029	417	true	512.6568801	513.2712746
514.0319535	0.45538970000006884	trials	/intervals/trials	418	start_time	n/a	n/a	n/a	n/a	doo	514.0675706	418	true	514.0319535	514.4873432
514.0675706	0.0	cv_transition	/intervals/trials	418	cv_transition_time	n/a	n/a	n/a	n/a	doo	514.0675706	418	true	514.0319535	514.4873432
515.1538913	0.46047779999992144	trials	/intervals/trials	419	start_time	n/a	n/a	n/a	n/a	woo	515.2314856	419	true	515.1538913	515.6143691
515.2314856	0.0	cv_transition	/intervals/trials	419	cv_transition_time	n/a	n/a	n/a	n/a	woo	515.2314856	419	true	515.1538913	515.6143691
516.8164454	0.4973668999999745	trials	/intervals/trials	420	start_time	n/a	n/a	n/a	n/a	raa	516.8902236	420	true	516.8164454	517.3138123
516.8902236	0.0	cv_transition	/intervals/trials	420	cv_transition_time	n/a	n/a	n/a	n/a	raa	516.8902236	420	true	516.8164454	517.3138123
517.7781063	0.625842900000066	trials	/intervals/trials	421	start_time	n/a	n/a	n/a	n/a	shee	518.0185216	421	true	517.7781063	518.4039492
518.0185216	0.0	cv_transition	/intervals/trials	421	cv_transition_time	n/a	n/a	n/a	n/a	shee	518.0185216	421	true	517.7781063	518.4039492
519.02852	0.5139035000000831	trials	/intervals/trials	422	start_time	n/a	n/a	n/a	n/a	yoo	519.1646281	422	true	519.02852	519.5424235
519.1646281	0.0	cv_transition	/intervals/trials	422	cv_transition_time	n/a	n/a	n/a	n/a	yoo	519.1646281	422	true	519.02852	519.5424235
520.3399915	0.36125890000005256	trials	/intervals/trials	423	start_time	n/a	n/a	n/a	n/a	baa	520.3539839	423	true	520.3399915	520.7012504
520.3539839	0.0	cv_transition	/intervals/trials	423	cv_transition_time	n/a	n/a	n/a	n/a	baa	520.3539839	423	true	520.3399915	520.7012504
521.3665264	0.5902257999999847	trials	/intervals/trials	424	start_time	n/a	n/a	n/a	n/a	zee	521.5471558	424	true	521.3665264	521.9567522
521.5471558	0.0	cv_transition	/intervals/trials	424	cv_transition_time	n/a	n/a	n/a	n/a	zee	521.5471558	424	true	521.3665264	521.9567522
522.6601894	0.4146843999999419	trials	/intervals/trials	425	start_time	n/a	n/a	n/a	n/a	gee	522.6945344	425	true	522.6601894	523.0748738
522.6945344	0.0	cv_transition	/intervals/trials	425	cv_transition_time	n/a	n/a	n/a	n/a	gee	522.6945344	425	true	522.6601894	523.0748738
523.6879963	0.4884627000000137	trials	/intervals/trials	426	start_time	n/a	n/a	n/a	n/a	kee	523.777039	426	true	523.6879963	524.176459
523.777039	0.0	cv_transition	/intervals/trials	426	cv_transition_time	n/a	n/a	n/a	n/a	kee	523.777039	426	true	523.6879963	524.176459
524.7030829	0.5393441999999595	trials	/intervals/trials	427	start_time	n/a	n/a	n/a	n/a	ree	524.8341028	427	true	524.7030829	525.2424271
524.8341028	0.0	cv_transition	/intervals/trials	427	cv_transition_time	n/a	n/a	n/a	n/a	ree	524.8341028	427	true	524.7030829	525.2424271
527.0550817	0.42994900000007874	trials	/intervals/trials	428	start_time	n/a	n/a	n/a	n/a	voo	527.1390362	428	true	527.0550817	527.4850307
527.1390362	0.0	cv_transition	/intervals/trials	428	cv_transition_time	n/a	n/a	n/a	n/a	voo	527.1390362	428	true	527.0550817	527.4850307
528.094337	0.4235887999999477	trials	/intervals/trials	429	start_time	n/a	n/a	n/a	n/a	noo	528.1999162	429	true	528.094337	528.5179258
528.1999162	0.0	cv_transition	/intervals/trials	429	cv_transition_time	n/a	n/a	n/a	n/a	noo	528.1999162	429	true	528.094337	528.5179258
529.2798767	0.4032361999999239	trials	/intervals/trials	430	start_time	n/a	n/a	n/a	n/a	dee	529.3205819	430	true	529.2798767	529.6831129
529.3205819	0.0	cv_transition	/intervals/trials	430	cv_transition_time	n/a	n/a	n/a	n/a	dee	529.3205819	430	true	529.2798767	529.6831129
530.2975074	0.46047780000003513	trials	/intervals/trials	431	start_time	n/a	n/a	n/a	n/a	yee	530.3738297	431	true	530.2975074	530.7579852
530.3738297	0.0	cv_transition	/intervals/trials	431	cv_transition_time	n/a	n/a	n/a	n/a	yee	530.3738297	431	true	530.2975074	530.7579852
532.4917735	0.5113593999999466	trials	/intervals/trials	432	start_time	n/a	n/a	n/a	n/a	fee	532.6584105	432	true	532.4917735	533.0031329
532.6584105	0.0	cv_transition	/intervals/trials	432	cv_transition_time	n/a	n/a	n/a	n/a	fee	532.6584105	432	true	532.4917735	533.0031329
533.5793662	0.5139034999999694	trials	/intervals/trials	433	start_time	n/a	n/a	n/a	n/a	haa	533.7460032	433	true	533.5793662	534.0932697
533.7460032	0.0	cv_transition	/intervals/trials	433	cv_transition_time	n/a	n/a	n/a	n/a	haa	533.7460032	433	true	533.5793662	534.0932697
534.7407372	0.5329839999999422	trials	/intervals/trials	434	start_time	n/a	n/a	n/a	n/a	vaa	534.9162785	434	true	534.7407372	535.2737212
534.9162785	0.0	cv_transition	/intervals/trials	434	cv_transition_time	n/a	n/a	n/a	n/a	vaa	534.9162785	434	true	534.7407372	535.2737212
536.4707093	0.4795584000000872	trials	/intervals/trials	435	start_time	n/a	n/a	n/a	n/a	hee	536.5915529	435	true	536.4707093	536.9502677
536.5915529	0.0	cv_transition	/intervals/trials	435	cv_transition_time	n/a	n/a	n/a	n/a	hee	536.5915529	435	true	536.4707093	536.9502677
537.4756196	0.47447030000000723	trials	/intervals/trials	436	start_time	n/a	n/a	n/a	n/a	vaa	537.5824708	436	true	537.4756196	537.9500899
537.5824708	0.0	cv_transition	/intervals/trials	436	cv_transition_time	n/a	n/a	n/a	n/a	vaa	537.5824708	436	true	537.4756196	537.9500899
538.4067516	0.4706542000000127	trials	/intervals/trials	437	start_time	n/a	n/a	n/a	n/a	loo	538.5428597	437	true	538.4067516	538.8774058
538.5428597	0.0	cv_transition	/intervals/trials	437	cv_transition_time	n/a	n/a	n/a	n/a	loo	538.5428597	437	true	538.4067516	538.8774058
539.4002135	0.5088154000000031	trials	/intervals/trials	438	start_time	n/a	n/a	n/a	n/a	hoo	539.5566742	438	true	539.4002135	539.9090289
539.5566742	0.0	cv_transition	/intervals/trials	438	cv_transition_time	n/a	n/a	n/a	n/a	hoo	539.5566742	438	true	539.4002135	539.9090289
540.5641286	0.5431602999999541	trials	/intervals/trials	439	start_time	n/a	n/a	n/a	n/a	kaa	540.7155011	439	true	540.5641286	541.1072889
540.7155011	0.0	cv_transition	/intervals/trials	439	cv_transition_time	n/a	n/a	n/a	n/a	kaa	540.7155011	439	true	540.5641286	541.1072889
541.7102351	0.43758120000006784	trials	/intervals/trials	440	start_time	n/a	n/a	n/a	n/a	poo	541.7840133	440	true	541.7102351	542.1478163
541.7840133	0.0	cv_transition	/intervals/trials	440	cv_transition_time	n/a	n/a	n/a	n/a	poo	541.7840133	440	true	541.7102351	542.1478163
542.8652459	0.4070521999999528	trials	/intervals/trials	441	start_time	n/a	n/a	n/a	n/a	bee	542.8855985	441	true	542.8652459	543.2722981
542.8855985	0.0	cv_transition	/intervals/trials	441	cv_transition_time	n/a	n/a	n/a	n/a	bee	542.8855985	441	true	542.8652459	543.2722981
543.7531286	0.4566618000000062	trials	/intervals/trials	442	start_time	n/a	n/a	n/a	n/a	paa	543.8294509	442	true	543.7531286	544.2097904
543.8294509	0.0	cv_transition	/intervals/trials	442	cv_transition_time	n/a	n/a	n/a	n/a	paa	543.8294509	442	true	543.7531286	544.2097904
544.8890588	0.4731982999999218	trials	/intervals/trials	443	start_time	n/a	n/a	n/a	n/a	taa	544.9920939	443	true	544.8890588	545.3622571
544.9920939	0.0	cv_transition	/intervals/trials	443	cv_transition_time	n/a	n/a	n/a	n/a	taa	544.9920939	443	true	544.8890588	545.3622571
545.9130497	0.4617498999999725	trials	/intervals/trials	444	start_time	n/a	n/a	n/a	n/a	naa	546.0071805	444	true	545.9130497	546.3747996
546.0071805	0.0	cv_transition	/intervals/trials	444	cv_transition_time	n/a	n/a	n/a	n/a	naa	546.0071805	444	true	545.9130497	546.3747996
546.9752017	0.5686011000000235	trials	/intervals/trials	445	start_time	n/a	n/a	n/a	n/a	saa	547.1749117	445	true	546.9752017	547.5438028
547.1749117	0.0	cv_transition	/intervals/trials	445	cv_transition_time	n/a	n/a	n/a	n/a	saa	547.1749117	445	true	546.9752017	547.5438028
548.0856911	0.5978580000000875	trials	/intervals/trials	446	start_time	n/a	n/a	n/a	n/a	shoo	548.2968495	446	true	548.0856911	548.6835491
548.2968495	0.0	cv_transition	/intervals/trials	446	cv_transition_time	n/a	n/a	n/a	n/a	shoo	548.2968495	446	true	548.0856911	548.6835491
549.2826792	0.5876817000000756	trials	/intervals/trials	447	start_time	n/a	n/a	n/a	n/a	foo	549.476029	447	true	549.2826792	549.8703609
549.476029	0.0	cv_transition	/intervals/trials	447	cv_transition_time	n/a	n/a	n/a	n/a	foo	549.476029	447	true	549.2826792	549.8703609
550.5470852	0.41086840000002667	trials	/intervals/trials	448	start_time	n/a	n/a	n/a	n/a	daa	550.5661658	448	true	550.5470852	550.9579536
550.5661658	0.0	cv_transition	/intervals/trials	448	cv_transition_time	n/a	n/a	n/a	n/a	daa	550.5661658	448	true	550.5470852	550.9579536
551.5163784	0.5431604000000334	trials	/intervals/trials	449	start_time	n/a	n/a	n/a	n/a	faa	551.7046401	449	true	551.5163784	552.0595388
551.7046401	0.0	cv_transition	/intervals/trials	449	cv_transition_time	n/a	n/a	n/a	n/a	faa	551.7046401	449	true	551.5163784	552.0595388
552.8074973	0.45793379999997796	trials	/intervals/trials	450	start_time	n/a	n/a	n/a	n/a	goo	552.8469305	450	true	552.8074973	553.2654311
552.8469305	0.0	cv_transition	/intervals/trials	450	cv_transition_time	n/a	n/a	n/a	n/a	goo	552.8469305	450	true	552.8074973	553.2654311
553.9027223	0.4032361999999239	trials	/intervals/trials	451	start_time	n/a	n/a	n/a	n/a	mee	553.9866768	451	true	553.9027223	554.3059585
553.9866768	0.0	cv_transition	/intervals/trials	451	cv_transition_time	n/a	n/a	n/a	n/a	mee	553.9866768	451	true	553.9027223	554.3059585
554.9470658	0.5088153000000375	trials	/intervals/trials	452	start_time	n/a	n/a	n/a	n/a	zaa	555.1149748	452	true	554.9470658	555.4558811
555.1149748	0.0	cv_transition	/intervals/trials	452	cv_transition_time	n/a	n/a	n/a	n/a	zaa	555.1149748	452	true	554.9470658	555.4558811
556.0143059	0.5457044000000906	trials	/intervals/trials	453	start_time	n/a	n/a	n/a	n/a	see	556.2305524	453	true	556.0143059	556.5600103
556.2305524	0.0	cv_transition	/intervals/trials	453	cv_transition_time	n/a	n/a	n/a	n/a	see	556.2305524	453	true	556.0143059	556.5600103
557.1973015	0.5940418999999793	trials	/intervals/trials	454	start_time	n/a	n/a	n/a	n/a	zoo	557.3957395	454	true	557.1973015	557.7913434
557.3957395	0.0	cv_transition	/intervals/trials	454	cv_transition_time	n/a	n/a	n/a	n/a	zoo	557.3957395	454	true	557.1973015	557.7913434
558.4464432	0.4490295000000515	trials	/intervals/trials	455	start_time	n/a	n/a	n/a	n/a	too	558.5507503	455	true	558.4464432	558.8954727
558.5507503	0.0	cv_transition	/intervals/trials	455	cv_transition_time	n/a	n/a	n/a	n/a	too	558.5507503	455	true	558.4464432	558.8954727
559.5518444	0.4782864999999674	trials	/intervals/trials	456	start_time	n/a	n/a	n/a	n/a	vee	559.6955848	456	true	559.5518444	560.0301309
559.6955848	0.0	cv_transition	/intervals/trials	456	cv_transition_time	n/a	n/a	n/a	n/a	vee	559.6955848	456	true	559.5518444	560.0301309
564.8422518	0.4706542000000127	trials	/intervals/trials	457	start_time	n/a	n/a	n/a	n/a	moo	564.950375	457	true	564.8422518	565.312906
564.950375	0.0	cv_transition	/intervals/trials	457	cv_transition_time	n/a	n/a	n/a	n/a	moo	564.950375	457	true	564.8422518	565.312906
566.7006998	0.5749612999999272	trials	/intervals/trials	458	start_time	n/a	n/a	n/a	n/a	nee	566.8647927	458	true	566.7006998	567.2756611
566.8647927	0.0	cv_transition	/intervals/trials	458	cv_transition_time	n/a	n/a	n/a	n/a	nee	566.8647927	458	true	566.7006998	567.2756611
567.868137	0.40989029999991544	trials	/intervals/trials	459	start_time	n/a	n/a	n/a	n/a	boo	567.8786072	459	true	567.868137	568.2780273
567.8786072	0.0	cv_transition	/intervals/trials	459	cv_transition_time	n/a	n/a	n/a	n/a	boo	567.8786072	459	true	567.868137	568.2780273
568.8148274	0.4884627000000137	trials	/intervals/trials	460	start_time	n/a	n/a	n/a	n/a	laa	568.9458474	460	true	568.8148274	569.3032901
568.9458474	0.0	cv_transition	/intervals/trials	460	cv_transition_time	n/a	n/a	n/a	n/a	laa	568.9458474	460	true	568.8148274	569.3032901
569.7408713	0.504999200000043	trials	/intervals/trials	461	start_time	n/a	n/a	n/a	n/a	maa	569.8668031	461	true	569.7408713	570.2458705
569.8668031	0.0	cv_transition	/intervals/trials	461	cv_transition_time	n/a	n/a	n/a	n/a	maa	569.8668031	461	true	569.7408713	570.2458705
570.6503787	0.6220266999999922	trials	/intervals/trials	462	start_time	n/a	n/a	n/a	n/a	soo	570.893338	462	true	570.6503787	571.2724054
570.893338	0.0	cv_transition	/intervals/trials	462	cv_transition_time	n/a	n/a	n/a	n/a	soo	570.893338	462	true	570.6503787	571.2724054
571.7659563	0.5253518000000668	trials	/intervals/trials	463	start_time	n/a	n/a	n/a	n/a	roo	571.9567621	463	true	571.7659563	572.2913081
571.9567621	0.0	cv_transition	/intervals/trials	463	cv_transition_time	n/a	n/a	n/a	n/a	roo	571.9567621	463	true	571.7659563	572.2913081
574.1612044	0.5113594000000603	trials	/intervals/trials	464	start_time	n/a	n/a	n/a	n/a	tee	574.2884083	464	true	574.1612044	574.6725638
574.2884083	0.0	cv_transition	/intervals/trials	464	cv_transition_time	n/a	n/a	n/a	n/a	tee	574.2884083	464	true	574.1612044	574.6725638
575.0579915	0.6232987000000776	trials	/intervals/trials	465	start_time	n/a	n/a	n/a	n/a	haa	575.3467442	465	true	575.0579915	575.6812902
575.3467442	0.0	cv_transition	/intervals/trials	465	cv_transition_time	n/a	n/a	n/a	n/a	haa	575.3467442	465	true	575.0579915	575.6812902
576.2918686	0.4960949999999684	trials	/intervals/trials	466	start_time	n/a	n/a	n/a	n/a	waa	576.4088961	466	true	576.2918686	576.7879636
576.4088961	0.0	cv_transition	/intervals/trials	466	cv_transition_time	n/a	n/a	n/a	n/a	waa	576.4088961	466	true	576.2918686	576.7879636
577.3489325	0.4986389999999119	trials	/intervals/trials	467	start_time	n/a	n/a	n/a	n/a	pee	577.4812244	467	true	577.3489325	577.8475715
577.4812244	0.0	cv_transition	/intervals/trials	467	cv_transition_time	n/a	n/a	n/a	n/a	pee	577.4812244	467	true	577.3489325	577.8475715
578.4021802	0.46302190000005794	trials	/intervals/trials	468	start_time	n/a	n/a	n/a	n/a	lee	578.5166636	468	true	578.4021802	578.8652021
578.5166636	0.0	cv_transition	/intervals/trials	468	cv_transition_time	n/a	n/a	n/a	n/a	lee	578.5166636	468	true	578.4021802	578.8652021
579.5495587	0.4655660999999327	trials	/intervals/trials	469	start_time	n/a	n/a	n/a	n/a	wee	579.624609	469	true	579.5495587	580.0151248
579.624609	0.0	cv_transition	/intervals/trials	469	cv_transition_time	n/a	n/a	n/a	n/a	wee	579.624609	469	true	579.5495587	580.0151248
580.5163079	0.5215356999999585	trials	/intervals/trials	470	start_time	n/a	n/a	n/a	n/a	yaa	580.619343	470	true	580.5163079	581.0378436
580.619343	0.0	cv_transition	/intervals/trials	470	cv_transition_time	n/a	n/a	n/a	n/a	yaa	580.619343	470	true	580.5163079	581.0378436
581.6611423	0.44012529999997696	trials	/intervals/trials	471	start_time	n/a	n/a	n/a	n/a	gaa	581.6954874	471	true	581.6611423	582.1012676
581.6954874	0.0	cv_transition	/intervals/trials	471	cv_transition_time	n/a	n/a	n/a	n/a	gaa	581.6954874	471	true	581.6611423	582.1012676
582.6177151	0.5965859999998884	trials	/intervals/trials	472	start_time	n/a	n/a	n/a	n/a	shaa	582.8339617	472	true	582.6177151	583.2143011
582.8339617	0.0	cv_transition	/intervals/trials	472	cv_transition_time	n/a	n/a	n/a	n/a	shaa	582.8339617	472	true	582.6177151	583.2143011
583.809615	0.42740489999994224	trials	/intervals/trials	473	start_time	n/a	n/a	n/a	n/a	doo	583.8350558	473	true	583.809615	584.2370199
583.8350558	0.0	cv_transition	/intervals/trials	473	cv_transition_time	n/a	n/a	n/a	n/a	doo	583.8350558	473	true	583.809615	584.2370199
584.804349	0.45284560000004603	trials	/intervals/trials	474	start_time	n/a	n/a	n/a	n/a	woo	584.9188324	474	true	584.804349	585.2571946
584.9188324	0.0	cv_transition	/intervals/trials	474	cv_transition_time	n/a	n/a	n/a	n/a	woo	584.9188324	474	true	584.804349	585.2571946
585.8474204	0.4146845000000212	trials	/intervals/trials	475	start_time	n/a	n/a	n/a	n/a	raa	585.9746242	475	true	585.8474204	586.2621049
585.9746242	0.0	cv_transition	/intervals/trials	475	cv_transition_time	n/a	n/a	n/a	n/a	raa	585.9746242	475	true	585.8474204	586.2621049
587.4489166	0.6016742000000477	trials	/intervals/trials	476	start_time	n/a	n/a	n/a	n/a	shee	587.6715233	476	true	587.4489166	588.0505908
587.6715233	0.0	cv_transition	/intervals/trials	476	cv_transition_time	n/a	n/a	n/a	n/a	shee	587.6715233	476	true	587.4489166	588.0505908
588.7514839	0.5495204999999714	trials	/intervals/trials	477	start_time	n/a	n/a	n/a	n/a	yoo	588.9117607	477	true	588.7514839	589.3010044
588.9117607	0.0	cv_transition	/intervals/trials	477	cv_transition_time	n/a	n/a	n/a	n/a	yoo	588.9117607	477	true	588.7514839	589.3010044
590.0298824	0.4095962999999756	trials	/intervals/trials	478	start_time	n/a	n/a	n/a	n/a	baa	590.0387866	478	true	590.0298824	590.4394787
590.0387866	0.0	cv_transition	/intervals/trials	478	cv_transition_time	n/a	n/a	n/a	n/a	baa	590.0387866	478	true	590.0298824	590.4394787
591.0487851	0.5978579999999738	trials	/intervals/trials	479	start_time	n/a	n/a	n/a	n/a	zee	591.2357747	479	true	591.0487851	591.6466431
591.2357747	0.0	cv_transition	/intervals/trials	479	cv_transition_time	n/a	n/a	n/a	n/a	zee	591.2357747	479	true	591.0487851	591.6466431
592.3335438	0.4897346999999854	trials	/intervals/trials	480	start_time	n/a	n/a	n/a	n/a	gee	592.4442111	480	true	592.3335438	592.8232785
592.4442111	0.0	cv_transition	/intervals/trials	480	cv_transition_time	n/a	n/a	n/a	n/a	gee	592.4442111	480	true	592.3335438	592.8232785
593.4262247	0.48337449999996807	trials	/intervals/trials	481	start_time	n/a	n/a	n/a	n/a	kee	593.5101792	481	true	593.4262247	593.9095992
593.5101792	0.0	cv_transition	/intervals/trials	481	cv_transition_time	n/a	n/a	n/a	n/a	kee	593.5101792	481	true	593.4262247	593.9095992
594.4871046	0.541888300000096	trials	/intervals/trials	482	start_time	n/a	n/a	n/a	n/a	ree	594.6206686	482	true	594.4871046	595.0289929
594.6206686	0.0	cv_transition	/intervals/trials	482	cv_transition_time	n/a	n/a	n/a	n/a	ree	594.6206686	482	true	594.4871046	595.0289929
596.7831338	0.44775750000007974	trials	/intervals/trials	483	start_time	n/a	n/a	n/a	n/a	voo	596.8810807	483	true	596.7831338	597.2308913
596.8810807	0.0	cv_transition	/intervals/trials	483	cv_transition_time	n/a	n/a	n/a	n/a	voo	596.8810807	483	true	596.7831338	597.2308913
597.8134848	0.48464660000001913	trials	/intervals/trials	484	start_time	n/a	n/a	n/a	n/a	noo	597.9343284	484	true	597.8134848	598.2981314
597.9343284	0.0	cv_transition	/intervals/trials	484	cv_transition_time	n/a	n/a	n/a	n/a	noo	597.9343284	484	true	597.8134848	598.2981314
599.0677146	0.4019640999999865	trials	/intervals/trials	485	start_time	n/a	n/a	n/a	n/a	dee	599.0931553	485	true	599.0677146	599.4696787
599.0931553	0.0	cv_transition	/intervals/trials	485	cv_transition_time	n/a	n/a	n/a	n/a	dee	599.0931553	485	true	599.0677146	599.4696787
600.076441	0.5215356999999585	trials	/intervals/trials	486	start_time	n/a	n/a	n/a	n/a	yee	600.2011007	486	true	600.076441	600.5979767
600.2011007	0.0	cv_transition	/intervals/trials	486	cv_transition_time	n/a	n/a	n/a	n/a	yee	600.2011007	486	true	600.076441	600.5979767
601.1907465	0.470654199999899	trials	/intervals/trials	487	start_time	n/a	n/a	n/a	n/a	koo	601.2810612	487	true	601.1907465	601.6614007
601.2810612	0.0	cv_transition	/intervals/trials	487	cv_transition_time	n/a	n/a	n/a	n/a	koo	601.2810612	487	true	601.1907465	601.6614007
602.1905686	0.504999200000043	trials	/intervals/trials	488	start_time	n/a	n/a	n/a	n/a	fee	602.3330369	488	true	602.1905686	602.6955678
602.3330369	0.0	cv_transition	/intervals/trials	488	cv_transition_time	n/a	n/a	n/a	n/a	fee	602.3330369	488	true	602.1905686	602.6955678
603.232368	0.5037272000000712	trials	/intervals/trials	489	start_time	n/a	n/a	n/a	n/a	hee	603.3481235	489	true	603.232368	603.7360952
603.3481235	0.0	cv_transition	/intervals/trials	489	cv_transition_time	n/a	n/a	n/a	n/a	hee	603.3481235	489	true	603.232368	603.7360952
604.3517617	0.43758119999995415	trials	/intervals/trials	490	start_time	n/a	n/a	n/a	n/a	vaa	604.428084	490	true	604.3517617	604.7893429
604.428084	0.0	cv_transition	/intervals/trials	490	cv_transition_time	n/a	n/a	n/a	n/a	vaa	604.428084	490	true	604.3517617	604.7893429
605.4749715	0.4159565999999586	trials	/intervals/trials	491	start_time	n/a	n/a	n/a	n/a	loo	605.5652863	491	true	605.4749715	605.8909281
605.5652863	0.0	cv_transition	/intervals/trials	491	cv_transition_time	n/a	n/a	n/a	n/a	loo	605.5652863	491	true	605.4749715	605.8909281
606.4684335	0.5355281000000787	trials	/intervals/trials	492	start_time	n/a	n/a	n/a	n/a	hoo	606.6210781	492	true	606.4684335	607.0039616
606.6210781	0.0	cv_transition	/intervals/trials	492	cv_transition_time	n/a	n/a	n/a	n/a	hoo	606.6210781	492	true	606.4684335	607.0039616
607.516593	0.5100874000000886	trials	/intervals/trials	493	start_time	n/a	n/a	n/a	n/a	kaa	607.6285324	493	true	607.516593	608.0266804
607.6285324	0.0	cv_transition	/intervals/trials	493	cv_transition_time	n/a	n/a	n/a	n/a	kaa	607.6285324	493	true	607.516593	608.0266804
609.738844	0.3320019999999886	trials	/intervals/trials	494	start_time	n/a	n/a	n/a	n/a	bee	609.7553805	494	true	609.738844	610.070846
609.7553805	0.0	cv_transition	/intervals/trials	494	cv_transition_time	n/a	n/a	n/a	n/a	bee	609.7553805	494	true	609.738844	610.070846
610.7577467	0.4172284999999647	trials	/intervals/trials	495	start_time	n/a	n/a	n/a	n/a	paa	610.8378851	495	true	610.7577467	611.1749752
610.8378851	0.0	cv_transition	/intervals/trials	495	cv_transition_time	n/a	n/a	n/a	n/a	paa	610.8378851	495	true	610.7577467	611.1749752
611.7868256	0.5240797999999813	trials	/intervals/trials	496	start_time	n/a	n/a	n/a	n/a	taa	611.930566	496	true	611.7868256	612.3109054
611.930566	0.0	cv_transition	/intervals/trials	496	cv_transition_time	n/a	n/a	n/a	n/a	taa	611.930566	496	true	611.7868256	612.3109054
612.8998592	0.46302189999994425	trials	/intervals/trials	497	start_time	n/a	n/a	n/a	n/a	naa	612.9965341	497	true	612.8998592	613.3628811
612.9965341	0.0	cv_transition	/intervals/trials	497	cv_transition_time	n/a	n/a	n/a	n/a	naa	612.9965341	497	true	612.8998592	613.3628811
613.9136737	0.5698731999999609	trials	/intervals/trials	498	start_time	n/a	n/a	n/a	n/a	saa	614.1171998	498	true	613.9136737	614.4835469
614.1171998	0.0	cv_transition	/intervals/trials	498	cv_transition_time	n/a	n/a	n/a	n/a	saa	614.1171998	498	true	613.9136737	614.4835469
615.0025385	0.5787774000000354	trials	/intervals/trials	499	start_time	n/a	n/a	n/a	n/a	shoo	615.2162409	499	true	615.0025385	615.5813159
615.2162409	0.0	cv_transition	/intervals/trials	499	cv_transition_time	n/a	n/a	n/a	n/a	shoo	615.2162409	499	true	615.0025385	615.5813159
616.0748668	0.5558806999999888	trials	/intervals/trials	500	start_time	n/a	n/a	n/a	n/a	foo	616.2936574	500	true	616.0748668	616.6307475
616.2936574	0.0	cv_transition	/intervals/trials	500	cv_transition_time	n/a	n/a	n/a	n/a	foo	616.2936574	500	true	616.0748668	616.6307475
617.3787061	0.44521339999994325	trials	/intervals/trials	501	start_time	n/a	n/a	n/a	n/a	daa	617.4003307	501	true	617.3787061	617.8239195
617.4003307	0.0	cv_transition	/intervals/trials	501	cv_transition_time	n/a	n/a	n/a	n/a	daa	617.4003307	501	true	617.3787061	617.8239195
618.3645358	0.5698730999999952	trials	/intervals/trials	502	start_time	n/a	n/a	n/a	n/a	faa	618.507004	502	true	618.3645358	618.9344089
618.507004	0.0	cv_transition	/intervals/trials	502	cv_transition_time	n/a	n/a	n/a	n/a	faa	618.507004	502	true	618.3645358	618.9344089
619.5958688	0.4134125000000495	trials	/intervals/trials	503	start_time	n/a	n/a	n/a	n/a	goo	619.6365741	503	true	619.5958688	620.0092813
619.6365741	0.0	cv_transition	/intervals/trials	503	cv_transition_time	n/a	n/a	n/a	n/a	goo	619.6365741	503	true	619.5958688	620.0092813
620.5359052	0.4897346999999854	trials	/intervals/trials	504	start_time	n/a	n/a	n/a	n/a	mee	620.6224038	504	true	620.5359052	621.0256399
620.6224038	0.0	cv_transition	/intervals/trials	504	cv_transition_time	n/a	n/a	n/a	n/a	mee	620.6224038	504	true	620.5359052	621.0256399
621.5624401	0.5673291000000518	trials	/intervals/trials	505	start_time	n/a	n/a	n/a	n/a	zaa	621.7328932	505	true	621.5624401	622.1297692
621.7328932	0.0	cv_transition	/intervals/trials	505	cv_transition_time	n/a	n/a	n/a	n/a	zaa	621.7328932	505	true	621.5624401	622.1297692
622.7734205	0.5724172999999837	trials	/intervals/trials	506	start_time	n/a	n/a	n/a	n/a	see	622.988395	506	true	622.7734205	623.3458378
622.988395	0.0	cv_transition	/intervals/trials	506	cv_transition_time	n/a	n/a	n/a	n/a	see	622.988395	506	true	622.7734205	623.3458378
623.9971214	0.5571528000000399	trials	/intervals/trials	507	start_time	n/a	n/a	n/a	n/a	zoo	624.1561262	507	true	623.9971214	624.5542742
624.1561262	0.0	cv_transition	/intervals/trials	507	cv_transition_time	n/a	n/a	n/a	n/a	zoo	624.1561262	507	true	623.9971214	624.5542742
625.2946005	0.44775749999996606	trials	/intervals/trials	508	start_time	n/a	n/a	n/a	n/a	too	625.3734668	508	true	625.2946005	625.742358
625.3734668	0.0	cv_transition	/intervals/trials	508	cv_transition_time	n/a	n/a	n/a	n/a	too	625.3734668	508	true	625.2946005	625.742358
626.2549894	0.5011831000000484	trials	/intervals/trials	509	start_time	n/a	n/a	n/a	n/a	vee	626.3910975	509	true	626.2549894	626.7561725
626.3910975	0.0	cv_transition	/intervals/trials	509	cv_transition_time	n/a	n/a	n/a	n/a	vee	626.3910975	509	true	626.2549894	626.7561725
628.5281219	0.4821024999999963	trials	/intervals/trials	510	start_time	n/a	n/a	n/a	n/a	moo	628.5700991	510	true	628.5281219	629.0102244
628.5700991	0.0	cv_transition	/intervals/trials	510	cv_transition_time	n/a	n/a	n/a	n/a	moo	628.5700991	510	true	628.5281219	629.0102244
630.7198439	0.5189916000000494	trials	/intervals/trials	511	start_time	n/a	n/a	n/a	n/a	nee	630.8877529	511	true	630.7198439	631.2388355
630.8877529	0.0	cv_transition	/intervals/trials	511	cv_transition_time	n/a	n/a	n/a	n/a	nee	630.8877529	511	true	630.7198439	631.2388355
632.0084187	0.375251300000059	trials	/intervals/trials	512	start_time	n/a	n/a	n/a	n/a	boo	632.0173229	512	true	632.0084187	632.38367
632.0173229	0.0	cv_transition	/intervals/trials	512	cv_transition_time	n/a	n/a	n/a	n/a	boo	632.0173229	512	true	632.0084187	632.38367
632.9828	0.4986390000000256	trials	/intervals/trials	513	start_time	n/a	n/a	n/a	n/a	laa	633.1303565	513	true	632.9828	633.481439
633.1303565	0.0	cv_transition	/intervals/trials	513	cv_transition_time	n/a	n/a	n/a	n/a	laa	633.1303565	513	true	632.9828	633.481439
634.1568914	0.4426693000000341	trials	/intervals/trials	514	start_time	n/a	n/a	n/a	n/a	maa	634.211589	514	true	634.1568914	634.5995607
634.211589	0.0	cv_transition	/intervals/trials	514	cv_transition_time	n/a	n/a	n/a	n/a	maa	634.211589	514	true	634.1568914	634.5995607
635.1808822	0.5825935999999956	trials	/intervals/trials	515	start_time	n/a	n/a	n/a	n/a	soo	635.3704159	515	true	635.1808822	635.7634758
635.3704159	0.0	cv_transition	/intervals/trials	515	cv_transition_time	n/a	n/a	n/a	n/a	soo	635.3704159	515	true	635.1808822	635.7634758
636.4198475	0.49227890000008756	trials	/intervals/trials	516	start_time	n/a	n/a	n/a	n/a	roo	636.5254267	516	true	636.4198475	636.9121264
636.5254267	0.0	cv_transition	/intervals/trials	516	cv_transition_time	n/a	n/a	n/a	n/a	roo	636.5254267	516	true	636.4198475	636.9121264
637.5328811	0.4363090999999031	trials	/intervals/trials	517	start_time	n/a	n/a	n/a	n/a	tee	637.6346441	517	true	637.5328811	637.9691902
637.6346441	0.0	cv_transition	/intervals/trials	517	cv_transition_time	n/a	n/a	n/a	n/a	tee	637.6346441	517	true	637.5328811	637.9691902
638.5619601	0.5253518000000668	trials	/intervals/trials	518	start_time	n/a	n/a	n/a	n/a	haa	638.7171487	518	true	638.5619601	639.0873119
638.7171487	0.0	cv_transition	/intervals/trials	518	cv_transition_time	n/a	n/a	n/a	n/a	haa	638.7171487	518	true	638.5619601	639.0873119
639.7627642	0.4337650999999596	trials	/intervals/trials	519	start_time	n/a	n/a	n/a	n/a	waa	639.8530789	519	true	639.7627642	640.1965293
639.8530789	0.0	cv_transition	/intervals/trials	519	cv_transition_time	n/a	n/a	n/a	n/a	waa	639.8530789	519	true	639.7627642	640.1965293
640.8567172	0.4897346999999854	trials	/intervals/trials	520	start_time	n/a	n/a	n/a	n/a	pee	640.9432158	520	true	640.8567172	641.3464519
640.9432158	0.0	cv_transition	/intervals/trials	520	cv_transition_time	n/a	n/a	n/a	n/a	pee	640.9432158	520	true	640.8567172	641.3464519
641.9684787	0.4973668999999745	trials	/intervals/trials	521	start_time	n/a	n/a	n/a	n/a	lee	642.0295365	521	true	641.9684787	642.4658456
642.0295365	0.0	cv_transition	/intervals/trials	521	cv_transition_time	n/a	n/a	n/a	n/a	lee	642.0295365	521	true	641.9684787	642.4658456
643.1222174	0.4693821000000753	trials	/intervals/trials	522	start_time	n/a	n/a	n/a	n/a	wee	643.2036279	522	true	643.1222174	643.5915995
643.2036279	0.0	cv_transition	/intervals/trials	522	cv_transition_time	n/a	n/a	n/a	n/a	wee	643.2036279	522	true	643.1222174	643.5915995
644.236523	0.49991099999999733	trials	/intervals/trials	523	start_time	n/a	n/a	n/a	n/a	yaa	644.3408301	523	true	644.236523	644.736434
644.3408301	0.0	cv_transition	/intervals/trials	523	cv_transition_time	n/a	n/a	n/a	n/a	yaa	644.3408301	523	true	644.236523	644.736434
645.567075	0.42994899999996505	trials	/intervals/trials	524	start_time	n/a	n/a	n/a	n/a	gaa	645.6026921	524	true	645.567075	645.997024
645.6026921	0.0	cv_transition	/intervals/trials	524	cv_transition_time	n/a	n/a	n/a	n/a	gaa	645.6026921	524	true	645.567075	645.997024
646.5656251	0.5876816999999619	trials	/intervals/trials	525	start_time	n/a	n/a	n/a	n/a	shaa	646.7653351	525	true	646.5656251	647.1533068
646.7653351	0.0	cv_transition	/intervals/trials	525	cv_transition_time	n/a	n/a	n/a	n/a	shaa	646.7653351	525	true	646.5656251	647.1533068
647.856744	0.39560389999996914	trials	/intervals/trials	526	start_time	n/a	n/a	n/a	n/a	doo	647.8669203	526	true	647.856744	648.2523479
647.8669203	0.0	cv_transition	/intervals/trials	526	cv_transition_time	n/a	n/a	n/a	n/a	doo	647.8669203	526	true	647.856744	648.2523479
648.9125358	0.38542759999995724	trials	/intervals/trials	527	start_time	n/a	n/a	n/a	n/a	woo	649.0142989	527	true	648.9125358	649.2979634
649.0142989	0.0	cv_transition	/intervals/trials	527	cv_transition_time	n/a	n/a	n/a	n/a	woo	649.0142989	527	true	648.9125358	649.2979634
650.1922063	0.5558808000000681	trials	/intervals/trials	528	start_time	n/a	n/a	n/a	n/a	raa	650.3562993	528	true	650.1922063	650.7480871
650.3562993	0.0	cv_transition	/intervals/trials	528	cv_transition_time	n/a	n/a	n/a	n/a	raa	650.3562993	528	true	650.1922063	650.7480871
651.2467261	0.5838655999999673	trials	/intervals/trials	529	start_time	n/a	n/a	n/a	n/a	shee	651.4578845	529	true	651.2467261	651.8305917
651.4578845	0.0	cv_transition	/intervals/trials	529	cv_transition_time	n/a	n/a	n/a	n/a	shee	651.4578845	529	true	651.2467261	651.8305917
652.1816743	0.5660570000000007	trials	/intervals/trials	530	start_time	n/a	n/a	n/a	n/a	yoo	652.4004648	530	true	652.1816743	652.7477313
652.4004648	0.0	cv_transition	/intervals/trials	530	cv_transition_time	n/a	n/a	n/a	n/a	yoo	652.4004648	530	true	652.1816743	652.7477313
653.4906017	0.3892437000000655	trials	/intervals/trials	531	start_time	n/a	n/a	n/a	n/a	baa	653.5033221	531	true	653.4906017	653.8798454
653.5033221	0.0	cv_transition	/intervals/trials	531	cv_transition_time	n/a	n/a	n/a	n/a	baa	653.5033221	531	true	653.4906017	653.8798454
655.7052204	0.5291678999999476	trials	/intervals/trials	532	start_time	n/a	n/a	n/a	n/a	zee	655.8744015	532	true	655.7052204	656.2343883
655.8744015	0.0	cv_transition	/intervals/trials	532	cv_transition_time	n/a	n/a	n/a	n/a	zee	655.8744015	532	true	655.7052204	656.2343883
657.1095507	0.3917877999999746	trials	/intervals/trials	533	start_time	n/a	n/a	n/a	n/a	gee	657.1578881	533	true	657.1095507	657.5013385
657.1578881	0.0	cv_transition	/intervals/trials	533	cv_transition_time	n/a	n/a	n/a	n/a	gee	657.1578881	533	true	657.1095507	657.5013385
658.1335415	0.4439413999999715	trials	/intervals/trials	534	start_time	n/a	n/a	n/a	n/a	kee	658.2276723	534	true	658.1335415	658.5774829
658.2276723	0.0	cv_transition	/intervals/trials	534	cv_transition_time	n/a	n/a	n/a	n/a	kee	658.2276723	534	true	658.1335415	658.5774829
659.1219153	0.4808305000000246	trials	/intervals/trials	535	start_time	n/a	n/a	n/a	n/a	ree	659.2389428	535	true	659.1219153	659.6027458
659.2389428	0.0	cv_transition	/intervals/trials	535	cv_transition_time	n/a	n/a	n/a	n/a	ree	659.2389428	535	true	659.1219153	659.6027458
661.3632468	0.4782864000000018	trials	/intervals/trials	536	start_time	n/a	n/a	n/a	n/a	voo	661.4332089	536	true	661.3632468	661.8415332
661.4332089	0.0	cv_transition	/intervals/trials	536	cv_transition_time	n/a	n/a	n/a	n/a	voo	661.4332089	536	true	661.3632468	661.8415332
662.4037741	0.5329841000000215	trials	/intervals/trials	537	start_time	n/a	n/a	n/a	n/a	noo	662.5551467	537	true	662.4037741	662.9367582
662.5551467	0.0	cv_transition	/intervals/trials	537	cv_transition_time	n/a	n/a	n/a	n/a	noo	662.5551467	537	true	662.4037741	662.9367582
663.6414674	0.3917877999999746	trials	/intervals/trials	538	start_time	n/a	n/a	n/a	n/a	dee	663.6643641	538	true	663.6414674	664.0332552
663.6643641	0.0	cv_transition	/intervals/trials	538	cv_transition_time	n/a	n/a	n/a	n/a	dee	663.6643641	538	true	663.6414674	664.0332552
664.6680023	0.4541176999999834	trials	/intervals/trials	539	start_time	n/a	n/a	n/a	n/a	yee	664.7799417	539	true	664.6680023	665.12212
664.7799417	0.0	cv_transition	/intervals/trials	539	cv_transition_time	n/a	n/a	n/a	n/a	yee	664.7799417	539	true	664.6680023	665.12212
665.8306453	0.4413972999999487	trials	/intervals/trials	540	start_time	n/a	n/a	n/a	n/a	koo	665.9107837	540	true	665.8306453	666.2720426
665.9107837	0.0	cv_transition	/intervals/trials	540	cv_transition_time	n/a	n/a	n/a	n/a	koo	665.9107837	540	true	665.8306453	666.2720426
666.8380997	0.5635128999999779	trials	/intervals/trials	541	start_time	n/a	n/a	n/a	n/a	fee	667.0276334	541	true	666.8380997	667.4016126
667.0276334	0.0	cv_transition	/intervals/trials	541	cv_transition_time	n/a	n/a	n/a	n/a	fee	667.0276334	541	true	666.8380997	667.4016126
667.8709948	0.5304399999999987	trials	/intervals/trials	542	start_time	n/a	n/a	n/a	n/a	hee	668.0490801	542	true	667.8709948	668.4014348
668.0490801	0.0	cv_transition	/intervals/trials	542	cv_transition_time	n/a	n/a	n/a	n/a	hee	668.0490801	542	true	667.8709948	668.4014348
669.0336378	0.4388532000000396	trials	/intervals/trials	543	start_time	n/a	n/a	n/a	n/a	vaa	669.0845193	543	true	669.0336378	669.472491
669.0845193	0.0	cv_transition	/intervals/trials	543	cv_transition_time	n/a	n/a	n/a	n/a	vaa	669.0845193	543	true	669.0336378	669.472491
670.1263187	0.5075433000000658	trials	/intervals/trials	544	start_time	n/a	n/a	n/a	n/a	loo	670.2535225	544	true	670.1263187	670.633862
670.2535225	0.0	cv_transition	/intervals/trials	544	cv_transition_time	n/a	n/a	n/a	n/a	loo	670.2535225	544	true	670.1263187	670.633862
671.2228157	0.4910068000000365	trials	/intervals/trials	545	start_time	n/a	n/a	n/a	n/a	hoo	671.3512916	545	true	671.2228157	671.7138225
671.3512916	0.0	cv_transition	/intervals/trials	545	cv_transition_time	n/a	n/a	n/a	n/a	hoo	671.3512916	545	true	671.2228157	671.7138225
672.3396654	0.48464660000001913	trials	/intervals/trials	546	start_time	n/a	n/a	n/a	n/a	kaa	672.4668692	546	true	672.3396654	672.824312
672.4668692	0.0	cv_transition	/intervals/trials	546	cv_transition_time	n/a	n/a	n/a	n/a	kaa	672.4668692	546	true	672.3396654	672.824312
673.4387065	0.410868300000061	trials	/intervals/trials	547	start_time	n/a	n/a	n/a	n/a	poo	673.4921321	547	true	673.4387065	673.8495748
673.4921321	0.0	cv_transition	/intervals/trials	547	cv_transition_time	n/a	n/a	n/a	n/a	poo	673.4921321	547	true	673.4387065	673.8495748
674.519939	0.368891099999928	trials	/intervals/trials	548	start_time	n/a	n/a	n/a	n/a	bee	674.5313874	548	true	674.519939	674.8888301
674.5313874	0.0	cv_transition	/intervals/trials	548	cv_transition_time	n/a	n/a	n/a	n/a	bee	674.5313874	548	true	674.519939	674.8888301
675.5897232	0.42994899999996505	trials	/intervals/trials	549	start_time	n/a	n/a	n/a	n/a	paa	675.6584133	549	true	675.5897232	676.0196722
675.6584133	0.0	cv_transition	/intervals/trials	549	cv_transition_time	n/a	n/a	n/a	n/a	paa	675.6584133	549	true	675.5897232	676.0196722
676.6989407	0.4668380000000525	trials	/intervals/trials	550	start_time	n/a	n/a	n/a	n/a	taa	676.8070639	550	true	676.6989407	677.1657787
676.8070639	0.0	cv_transition	/intervals/trials	550	cv_transition_time	n/a	n/a	n/a	n/a	taa	676.8070639	550	true	676.6989407	677.1657787
677.8539514	0.4515735999999606	trials	/intervals/trials	551	start_time	n/a	n/a	n/a	n/a	naa	677.9480823	551	true	677.8539514	678.305525
677.9480823	0.0	cv_transition	/intervals/trials	551	cv_transition_time	n/a	n/a	n/a	n/a	naa	677.9480823	551	true	677.8539514	678.305525
678.869038	0.5965860000000021	trials	/intervals/trials	552	start_time	n/a	n/a	n/a	n/a	saa	679.0840125	552	true	678.869038	679.465624
679.0840125	0.0	cv_transition	/intervals/trials	552	cv_transition_time	n/a	n/a	n/a	n/a	saa	679.0840125	552	true	678.869038	679.465624
680.0253208	0.5724172999999837	trials	/intervals/trials	553	start_time	n/a	n/a	n/a	n/a	shoo	680.2390233	553	true	680.0253208	680.5977381
680.2390233	0.0	cv_transition	/intervals/trials	553	cv_transition_time	n/a	n/a	n/a	n/a	shoo	680.2390233	553	true	680.0253208	680.5977381
681.1294501	0.5838655999999673	trials	/intervals/trials	554	start_time	n/a	n/a	n/a	n/a	foo	681.3431525	554	true	681.1294501	681.7133157
681.3431525	0.0	cv_transition	/intervals/trials	554	cv_transition_time	n/a	n/a	n/a	n/a	foo	681.3431525	554	true	681.1294501	681.7133157
682.4078486	0.41341240000008384	trials	/intervals/trials	555	start_time	n/a	n/a	n/a	n/a	daa	682.4243851	555	true	682.4078486	682.821261
682.4243851	0.0	cv_transition	/intervals/trials	555	cv_transition_time	n/a	n/a	n/a	n/a	daa	682.4243851	555	true	682.4078486	682.821261
683.4013105	0.5864096999999902	trials	/intervals/trials	556	start_time	n/a	n/a	n/a	n/a	faa	683.5908442	556	true	683.4013105	683.9877202
683.5908442	0.0	cv_transition	/intervals/trials	556	cv_transition_time	n/a	n/a	n/a	n/a	faa	683.5908442	556	true	683.4013105	683.9877202
684.6580844	0.41341239999997015	trials	/intervals/trials	557	start_time	n/a	n/a	n/a	n/a	goo	684.6949735	557	true	684.6580844	685.0714968
684.6949735	0.0	cv_transition	/intervals/trials	557	cv_transition_time	n/a	n/a	n/a	n/a	goo	684.6949735	557	true	684.6580844	685.0714968
685.7927425	0.42994899999996505	trials	/intervals/trials	558	start_time	n/a	n/a	n/a	n/a	mee	685.8601606	558	true	685.7927425	686.2226915
685.8601606	0.0	cv_transition	/intervals/trials	558	cv_transition_time	n/a	n/a	n/a	n/a	mee	685.8601606	558	true	685.7927425	686.2226915
686.8739751	0.5431603999999197	trials	/intervals/trials	559	start_time	n/a	n/a	n/a	n/a	zaa	687.036796	559	true	686.8739751	687.4171355
687.036796	0.0	cv_transition	/intervals/trials	559	cv_transition_time	n/a	n/a	n/a	n/a	zaa	687.036796	559	true	686.8739751	687.4171355
687.9844646	0.613122399999952	trials	/intervals/trials	560	start_time	n/a	n/a	n/a	n/a	see	688.2210637	560	true	687.9844646	688.597587
688.2210637	0.0	cv_transition	/intervals/trials	560	cv_transition_time	n/a	n/a	n/a	n/a	see	688.2210637	560	true	687.9844646	688.597587
689.261591	0.648739599999999	trials	/intervals/trials	561	start_time	n/a	n/a	n/a	n/a	zoo	689.4892859	561	true	689.261591	689.9103306
689.4892859	0.0	cv_transition	/intervals/trials	561	cv_transition_time	n/a	n/a	n/a	n/a	zoo	689.4892859	561	true	689.261591	689.9103306
690.6086796	0.5037272000000712	trials	/intervals/trials	562	start_time	n/a	n/a	n/a	n/a	too	690.7257071	562	true	690.6086796	691.1124068
690.7257071	0.0	cv_transition	/intervals/trials	562	cv_transition_time	n/a	n/a	n/a	n/a	too	690.7257071	562	true	690.6086796	691.1124068
691.7013605	0.5189916000000494	trials	/intervals/trials	563	start_time	n/a	n/a	n/a	n/a	vee	691.8603653	563	true	691.7013605	692.2203521
691.8603653	0.0	cv_transition	/intervals/trials	563	cv_transition_time	n/a	n/a	n/a	n/a	vee	691.8603653	563	true	691.7013605	692.2203521
693.9872133	0.536800200000016	trials	/intervals/trials	564	start_time	n/a	n/a	n/a	n/a	moo	694.0889764	564	true	693.9872133	694.5240135
694.0889764	0.0	cv_transition	/intervals/trials	564	cv_transition_time	n/a	n/a	n/a	n/a	moo	694.0889764	564	true	693.9872133	694.5240135
696.265434	0.5253517999999531	trials	/intervals/trials	565	start_time	n/a	n/a	n/a	n/a	nee	696.3850056	565	true	696.265434	696.7907858
696.3850056	0.0	cv_transition	/intervals/trials	565	cv_transition_time	n/a	n/a	n/a	n/a	nee	696.3850056	565	true	696.265434	696.7907858
697.4827746	0.3994200000000774	trials	/intervals/trials	566	start_time	n/a	n/a	n/a	n/a	boo	697.5158476	566	true	697.4827746	697.8821946
697.5158476	0.0	cv_transition	/intervals/trials	566	cv_transition_time	n/a	n/a	n/a	n/a	boo	697.5158476	566	true	697.4827746	697.8821946
698.5805437	0.517719599999964	trials	/intervals/trials	567	start_time	n/a	n/a	n/a	n/a	laa	698.7370044	567	true	698.5805437	699.0982633
698.7370044	0.0	cv_transition	/intervals/trials	567	cv_transition_time	n/a	n/a	n/a	n/a	laa	698.7370044	567	true	698.5805437	699.0982633
699.7724436	0.45538970000006884	trials	/intervals/trials	568	start_time	n/a	n/a	n/a	n/a	maa	699.85131	568	true	699.7724436	700.2278333
699.85131	0.0	cv_transition	/intervals/trials	568	cv_transition_time	n/a	n/a	n/a	n/a	maa	699.85131	568	true	699.7724436	700.2278333
700.8129709	0.6538276999999653	trials	/intervals/trials	569	start_time	n/a	n/a	n/a	n/a	soo	701.0711947	569	true	700.8129709	701.4667986
701.0711947	0.0	cv_transition	/intervals/trials	569	cv_transition_time	n/a	n/a	n/a	n/a	soo	701.0711947	569	true	700.8129709	701.4667986
702.0811931	0.4935509000000593	trials	/intervals/trials	570	start_time	n/a	n/a	n/a	n/a	roo	702.1867723	570	true	702.0811931	702.574744
702.1867723	0.0	cv_transition	/intervals/trials	570	cv_transition_time	n/a	n/a	n/a	n/a	roo	702.1867723	570	true	702.0811931	702.574744
703.2781812	0.4693821000000753	trials	/intervals/trials	571	start_time	n/a	n/a	n/a	n/a	tee	703.3684959	571	true	703.2781812	703.7475633
703.3684959	0.0	cv_transition	/intervals/trials	571	cv_transition_time	n/a	n/a	n/a	n/a	tee	703.3684959	571	true	703.2781812	703.7475633
704.2869075	0.5278958999999759	trials	/intervals/trials	572	start_time	n/a	n/a	n/a	n/a	haa	704.4840735	572	true	704.2869075	704.8148034
704.4840735	0.0	cv_transition	/intervals/trials	572	cv_transition_time	n/a	n/a	n/a	n/a	haa	704.4840735	572	true	704.2869075	704.8148034
705.5284169	0.49863909999999123	trials	/intervals/trials	573	start_time	n/a	n/a	n/a	n/a	waa	705.6021952	573	true	705.5284169	706.027056
705.6021952	0.0	cv_transition	/intervals/trials	573	cv_transition_time	n/a	n/a	n/a	n/a	waa	705.6021952	573	true	705.5284169	706.027056
706.5574959	0.5240797999999813	trials	/intervals/trials	574	start_time	n/a	n/a	n/a	n/a	pee	706.6668912	574	true	706.5574959	707.0815757
706.6668912	0.0	cv_transition	/intervals/trials	574	cv_transition_time	n/a	n/a	n/a	n/a	pee	706.6668912	574	true	706.5574959	707.0815757
707.589119	0.5088153000000375	trials	/intervals/trials	575	start_time	n/a	n/a	n/a	n/a	lee	707.6807058	575	true	707.589119	708.0979343
707.6807058	0.0	cv_transition	/intervals/trials	575	cv_transition_time	n/a	n/a	n/a	n/a	lee	707.6807058	575	true	707.589119	708.0979343
708.7148729	0.39305979999994634	trials	/intervals/trials	576	start_time	n/a	n/a	n/a	n/a	wee	708.784835	576	true	708.7148729	709.1079327
708.784835	0.0	cv_transition	/intervals/trials	576	cv_transition_time	n/a	n/a	n/a	n/a	wee	708.784835	576	true	708.7148729	709.1079327
709.8050097	0.5011830999999347	trials	/intervals/trials	577	start_time	n/a	n/a	n/a	n/a	yaa	709.913133	577	true	709.8050097	710.3061928
709.913133	0.0	cv_transition	/intervals/trials	577	cv_transition_time	n/a	n/a	n/a	n/a	yaa	709.913133	577	true	709.8050097	710.3061928
711.00963	0.43503709999993134	trials	/intervals/trials	578	start_time	n/a	n/a	n/a	n/a	gaa	711.0350708	578	true	711.00963	711.4446671
711.0350708	0.0	cv_transition	/intervals/trials	578	cv_transition_time	n/a	n/a	n/a	n/a	gaa	711.0350708	578	true	711.00963	711.4446671
711.9814673	0.6169386000000259	trials	/intervals/trials	579	start_time	n/a	n/a	n/a	n/a	shaa	712.2066181	579	true	711.9814673	712.5984059
712.2066181	0.0	cv_transition	/intervals/trials	579	cv_transition_time	n/a	n/a	n/a	n/a	shaa	712.2066181	579	true	711.9814673	712.5984059
714.5115515	0.4503015000000232	trials	/intervals/trials	580	start_time	n/a	n/a	n/a	n/a	doo	714.5484406	580	true	714.5115515	714.961853
714.5484406	0.0	cv_transition	/intervals/trials	580	cv_transition_time	n/a	n/a	n/a	n/a	doo	714.5484406	580	true	714.5115515	714.961853
715.5698874	0.6665480000000343	trials	/intervals/trials	581	start_time	n/a	n/a	n/a	n/a	woo	715.6373054	581	true	715.5698874	716.2364354
715.6373054	0.0	cv_transition	/intervals/trials	581	cv_transition_time	n/a	n/a	n/a	n/a	woo	715.6373054	581	true	715.5698874	716.2364354
