onset	duration	trial_type	source_table	source_row	source_onset_column	nwb_epochs_id	nwb_epochs_label	nwb_epochs_start_time	nwb_epochs_stop_time	nwb_invalid_times_id	nwb_invalid_times_start_time	nwb_invalid_times_stop_time	nwb_invalid_times_tags	nwb_invalid_times_timeseries	nwb_trials_condition	nwb_trials_cv_transition_time	nwb_trials_id	nwb_trials_speak	nwb_trials_start_time	nwb_trials_stop_time
6.942161866851213	0.19895599538638997	invalid_times	/intervals/invalid_times	25	start_time	n/a	n/a	n/a	n/a	25	6.942161866851213	7.141117862237603	"[""ECoG artifact""]"	"[{""idx_start"":21185,""count"":607,""timeseries"":""/acquisition/ElectricalSeries""}]"	n/a	n/a	n/a	n/a	n/a	n/a
22.1998775	0.6068463000000008	trials	/intervals/trials	0	start_time	n/a	n/a	n/a	n/a	n/a	n/a	n/a	n/a	n/a	raa	22.3843253	0	true	22.1998775	22.8067238
22.3843253	0.0	cv_transition	/intervals/trials	0	cv_transition_time	n/a	n/a	n/a	n/a	n/a	n/a	n/a	n/a	n/a	raa	22.3843253	0	true	22.1998775	22.8067238
22.8507734	0.6802406999999988	trials	/intervals/trials	1	start_time	n/a	n/a	n/a	n/a	n/a	n/a	n/a	n/a	n/a	shee	23.0879984	1	true	22.8507734	23.5310141
23.0879984	0.0	cv_transition	/intervals/trials	1	cv_transition_time	n/a	n/a	n/a	n/a	n/a	n/a	n/a	n/a	n/a	shee	23.0879984	1	true	22.8507734	23.5310141
24.1690163	0.5359684999999992	trials	/intervals/trials	2	start_time	n/a	n/a	n/a	n/a	n/a	n/a	n/a	n/a	n/a	yoo	24.303854	2	true	24.1690163	24.7049848
24.303854	0.0	cv_transition	/intervals/trials	2	cv_transition_time	n/a	n/a	n/a	n/a	n/a	n/a	n/a	n/a	n/a	yoo	24.303854	2	true	24.1690163	24.7049848
25.0883556	0.3896037999999997	trials	/intervals/trials	3	start_time	n/a	n/a	n/a	n/a	n/a	n/a	n/a	n/a	n/a	baa	25.1039756	3	true	25.0883556	25.4779594
25.1039756	0.0	cv_transition	/intervals/trials	3	cv_transition_time	n/a	n/a	n/a	n/a	n/a	n/a	n/a	n/a	n/a	baa	25.1039756	3	true	25.0883556	25.4779594
25.8341343	0.5883364000000029	trials	/intervals/trials	4	start_time	n/a	n/a	n/a	n/a	n/a	n/a	n/a	n/a	n/a	zaa	26.0161945	4	true	25.8341343	26.4224707
26.0161945	0.0	cv_transition	/intervals/trials	4	cv_transition_time	n/a	n/a	n/a	n/a	n/a	n/a	n/a	n/a	n/a	zaa	26.0161945	4	true	25.8341343	26.4224707
26.7869024	0.428682000000002	trials	/intervals/trials	5	start_time	n/a	n/a	n/a	n/a	n/a	n/a	n/a	n/a	n/a	gee	26.8301522	5	true	26.7869024	27.2155844
26.8301522	0.0	cv_transition	/intervals/trials	5	cv_transition_time	n/a	n/a	n/a	n/a	n/a	n/a	n/a	n/a	n/a	gee	26.8301522	5	true	26.7869024	27.2155844
27.6070088	0.5131411000000021	trials	/intervals/trials	6	start_time	n/a	n/a	n/a	n/a	n/a	n/a	n/a	n/a	n/a	kee	27.7183712	6	true	27.6070088	28.1201499
27.7183712	0.0	cv_transition	/intervals/trials	6	cv_transition_time	n/a	n/a	n/a	n/a	n/a	n/a	n/a	n/a	n/a	kee	27.7183712	6	true	27.6070088	28.1201499
28.2860478	0.6044147000000031	trials	/intervals/trials	7	start_time	n/a	n/a	n/a	n/a	n/a	n/a	n/a	n/a	n/a	ree	28.4571086	7	true	28.2860478	28.8904625
28.4571086	0.0	cv_transition	/intervals/trials	7	cv_transition_time	n/a	n/a	n/a	n/a	n/a	n/a	n/a	n/a	n/a	ree	28.4571086	7	true	28.2860478	28.8904625
29.53581	0.5917914999999994	trials	/intervals/trials	8	start_time	n/a	n/a	n/a	n/a	n/a	n/a	n/a	n/a	n/a	thee	29.7201782	8	true	29.53581	30.1276015
29.7201782	0.0	cv_transition	/intervals/trials	8	cv_transition_time	n/a	n/a	n/a	n/a	n/a	n/a	n/a	n/a	n/a	thee	29.7201782	8	true	29.53581	30.1276015
30.5229235	0.5363803999999988	trials	/intervals/trials	9	start_time	n/a	n/a	n/a	n/a	n/a	n/a	n/a	n/a	n/a	voo	30.6450406	9	true	30.5229235	31.0593039
30.6450406	0.0	cv_transition	/intervals/trials	9	cv_transition_time	n/a	n/a	n/a	n/a	n/a	n/a	n/a	n/a	n/a	voo	30.6450406	9	true	30.5229235	31.0593039
32.0180461	0.5236263000000037	trials	/intervals/trials	10	start_time	n/a	n/a	n/a	n/a	n/a	n/a	n/a	n/a	n/a	noo	32.1647185	10	true	32.0180461	32.5416724
32.1647185	0.0	cv_transition	/intervals/trials	10	cv_transition_time	n/a	n/a	n/a	n/a	n/a	n/a	n/a	n/a	n/a	noo	32.1647185	10	true	32.0180461	32.5416724
32.9632683	0.4967185999999941	trials	/intervals/trials	11	start_time	n/a	n/a	n/a	n/a	n/a	n/a	n/a	n/a	n/a	dee	32.9931461	11	true	32.9632683	33.4599869
32.9931461	0.0	cv_transition	/intervals/trials	11	cv_transition_time	n/a	n/a	n/a	n/a	n/a	n/a	n/a	n/a	n/a	dee	32.9931461	11	true	32.9632683	33.4599869
33.5694916	0.5486264999999975	trials	/intervals/trials	12	start_time	n/a	n/a	n/a	n/a	n/a	n/a	n/a	n/a	n/a	yee	33.6280061	12	true	33.5694916	34.1181181
33.6280061	0.0	cv_transition	/intervals/trials	12	cv_transition_time	n/a	n/a	n/a	n/a	n/a	n/a	n/a	n/a	n/a	yee	33.6280061	12	true	33.5694916	34.1181181
34.3530766	0.47552400000000006	trials	/intervals/trials	13	start_time	n/a	n/a	n/a	n/a	n/a	n/a	n/a	n/a	n/a	koo	34.473451	13	true	34.3530766	34.8286006
34.473451	0.0	cv_transition	/intervals/trials	13	cv_transition_time	n/a	n/a	n/a	n/a	n/a	n/a	n/a	n/a	n/a	koo	34.473451	13	true	34.3530766	34.8286006
35.4266897	0.6134705000000054	trials	/intervals/trials	14	start_time	n/a	n/a	n/a	n/a	n/a	n/a	n/a	n/a	n/a	fee	35.6035051	14	true	35.4266897	36.0401602
35.6035051	0.0	cv_transition	/intervals/trials	14	cv_transition_time	n/a	n/a	n/a	n/a	n/a	n/a	n/a	n/a	n/a	fee	35.6035051	14	true	35.4266897	36.0401602
36.4915549	0.6479835000000023	trials	/intervals/trials	15	start_time	n/a	n/a	n/a	n/a	n/a	n/a	n/a	n/a	n/a	hee	36.6789696	15	true	36.4915549	37.1395384
36.6789696	0.0	cv_transition	/intervals/trials	15	cv_transition_time	n/a	n/a	n/a	n/a	n/a	n/a	n/a	n/a	n/a	hee	36.6789696	15	true	36.4915549	37.1395384
37.3254148	0.5092722000000052	trials	/intervals/trials	16	start_time	n/a	n/a	n/a	n/a	n/a	n/a	n/a	n/a	n/a	vaa	37.5019649	16	true	37.3254148	37.834687
37.5019649	0.0	cv_transition	/intervals/trials	16	cv_transition_time	n/a	n/a	n/a	n/a	n/a	n/a	n/a	n/a	n/a	vaa	37.5019649	16	true	37.3254148	37.834687
38.0859384	0.5119806999999952	trials	/intervals/trials	17	start_time	n/a	n/a	n/a	n/a	n/a	n/a	n/a	n/a	n/a	loo	38.2468323	17	true	38.0859384	38.5979191
38.2468323	0.0	cv_transition	/intervals/trials	17	cv_transition_time	n/a	n/a	n/a	n/a	n/a	n/a	n/a	n/a	n/a	loo	38.2468323	17	true	38.0859384	38.5979191
38.984986	0.49573819999999813	trials	/intervals/trials	18	start_time	n/a	n/a	n/a	n/a	n/a	n/a	n/a	n/a	n/a	hoo	39.1724008	18	true	38.984986	39.4807242
39.1724008	0.0	cv_transition	/intervals/trials	18	cv_transition_time	n/a	n/a	n/a	n/a	n/a	n/a	n/a	n/a	n/a	hoo	39.1724008	18	true	38.984986	39.4807242
40.6777265	0.5062773000000007	trials	/intervals/trials	19	start_time	n/a	n/a	n/a	n/a	n/a	n/a	n/a	n/a	n/a	kaa	40.796662	19	true	40.6777265	41.1840038
40.796662	0.0	cv_transition	/intervals/trials	19	cv_transition_time	n/a	n/a	n/a	n/a	n/a	n/a	n/a	n/a	n/a	kaa	40.796662	19	true	40.6777265	41.1840038
42.4624176	0.4058534999999992	trials	/intervals/trials	20	start_time	n/a	n/a	n/a	n/a	n/a	n/a	n/a	n/a	n/a	bee	42.4888272	20	true	42.4624176	42.8682711
42.4888272	0.0	cv_transition	/intervals/trials	20	cv_transition_time	n/a	n/a	n/a	n/a	n/a	n/a	n/a	n/a	n/a	bee	42.4888272	20	true	42.4624176	42.8682711
43.3910166	0.3892483999999996	trials	/intervals/trials	21	start_time	n/a	n/a	n/a	n/a	n/a	n/a	n/a	n/a	n/a	paa	43.4639272	21	true	43.3910166	43.780265
43.4639272	0.0	cv_transition	/intervals/trials	21	cv_transition_time	n/a	n/a	n/a	n/a	n/a	n/a	n/a	n/a	n/a	paa	43.4639272	21	true	43.3910166	43.780265
44.21087	0.42294290000000245	trials	/intervals/trials	22	start_time	n/a	n/a	n/a	n/a	n/a	n/a	n/a	n/a	n/a	taa	44.2916305	22	true	44.21087	44.6338129
44.2916305	0.0	cv_transition	/intervals/trials	22	cv_transition_time	n/a	n/a	n/a	n/a	n/a	n/a	n/a	n/a	n/a	taa	44.2916305	22	true	44.21087	44.6338129
44.897128	0.5011889999999966	trials	/intervals/trials	23	start_time	n/a	n/a	n/a	n/a	n/a	n/a	n/a	n/a	n/a	naa	45.0827561	23	true	44.897128	45.398317
45.0827561	0.0	cv_transition	/intervals/trials	23	cv_transition_time	n/a	n/a	n/a	n/a	n/a	n/a	n/a	n/a	n/a	naa	45.0827561	23	true	44.897128	45.398317
46.2235416	0.6608254000000002	trials	/intervals/trials	24	start_time	n/a	n/a	n/a	n/a	n/a	n/a	n/a	n/a	n/a	saa	46.3919432	24	true	46.2235416	46.884367
46.3919432	0.0	cv_transition	/intervals/trials	24	cv_transition_time	n/a	n/a	n/a	n/a	n/a	n/a	n/a	n/a	n/a	saa	46.3919432	24	true	46.2235416	46.884367
47.1497507	0.5722378000000035	trials	/intervals/trials	25	start_time	n/a	n/a	n/a	n/a	n/a	n/a	n/a	n/a	n/a	shoo	47.3914886	25	true	47.1497507	47.7219885
47.3914886	0.0	cv_transition	/intervals/trials	25	cv_transition_time	n/a	n/a	n/a	n/a	n/a	n/a	n/a	n/a	n/a	shoo	47.3914886	25	true	47.1497507	47.7219885
47.9436961	0.5546153000000018	trials	/intervals/trials	26	start_time	n/a	n/a	n/a	n/a	n/a	n/a	n/a	n/a	n/a	foo	48.1411477	26	true	47.9436961	48.4983114
48.1411477	0.0	cv_transition	/intervals/trials	26	cv_transition_time	n/a	n/a	n/a	n/a	n/a	n/a	n/a	n/a	n/a	foo	48.1411477	26	true	47.9436961	48.4983114
49.560476	0.36774769999999535	trials	/intervals/trials	27	start_time	n/a	n/a	n/a	n/a	n/a	n/a	n/a	n/a	n/a	daa	49.5757407	27	true	49.560476	49.9282237
49.5757407	0.0	cv_transition	/intervals/trials	27	cv_transition_time	n/a	n/a	n/a	n/a	n/a	n/a	n/a	n/a	n/a	daa	49.5757407	27	true	49.560476	49.9282237
50.3186199	0.5070552999999975	trials	/intervals/trials	28	start_time	n/a	n/a	n/a	n/a	n/a	n/a	n/a	n/a	n/a	faa	50.4797579	28	true	50.3186199	50.8256752
50.4797579	0.0	cv_transition	/intervals/trials	28	cv_transition_time	n/a	n/a	n/a	n/a	n/a	n/a	n/a	n/a	n/a	faa	50.4797579	28	true	50.3186199	50.8256752
51.3679409	0.444931099999998	trials	/intervals/trials	29	start_time	n/a	n/a	n/a	n/a	n/a	n/a	n/a	n/a	n/a	goo	51.4304125	29	true	51.3679409	51.812872
51.4304125	0.0	cv_transition	/intervals/trials	29	cv_transition_time	n/a	n/a	n/a	n/a	n/a	n/a	n/a	n/a	n/a	goo	51.4304125	29	true	51.3679409	51.812872
52.271222	0.5062773000000007	trials	/intervals/trials	30	start_time	n/a	n/a	n/a	n/a	n/a	n/a	n/a	n/a	n/a	mee	52.4238685	30	true	52.271222	52.7774993
52.4238685	0.0	cv_transition	/intervals/trials	30	cv_transition_time	n/a	n/a	n/a	n/a	n/a	n/a	n/a	n/a	n/a	mee	52.4238685	30	true	52.271222	52.7774993
53.2122108	0.5825334999999967	trials	/intervals/trials	31	start_time	n/a	n/a	n/a	n/a	n/a	n/a	n/a	n/a	n/a	zaa	53.3996255	31	true	53.2122108	53.7947443
53.3996255	0.0	cv_transition	/intervals/trials	31	cv_transition_time	n/a	n/a	n/a	n/a	n/a	n/a	n/a	n/a	n/a	zaa	53.3996255	31	true	53.2122108	53.7947443
54.0922453	0.6597806999999989	trials	/intervals/trials	32	start_time	n/a	n/a	n/a	n/a	n/a	n/a	n/a	n/a	n/a	zee	54.3366993	32	true	54.0922453	54.752026
54.3366993	0.0	cv_transition	/intervals/trials	32	cv_transition_time	n/a	n/a	n/a	n/a	n/a	n/a	n/a	n/a	n/a	zee	54.3366993	32	true	54.0922453	54.752026
55.1379653	0.5489061000000035	trials	/intervals/trials	33	start_time	n/a	n/a	n/a	n/a	n/a	n/a	n/a	n/a	n/a	zoo	55.3443932	33	true	55.1379653	55.6868714
55.3443932	0.0	cv_transition	/intervals/trials	33	cv_transition_time	n/a	n/a	n/a	n/a	n/a	n/a	n/a	n/a	n/a	zoo	55.3443932	33	true	55.1379653	55.6868714
56.056026	0.483424399999997	trials	/intervals/trials	34	start_time	n/a	n/a	n/a	n/a	n/a	n/a	n/a	n/a	n/a	too	56.1687939	34	true	56.056026	56.5394504
56.1687939	0.0	cv_transition	/intervals/trials	34	cv_transition_time	n/a	n/a	n/a	n/a	n/a	n/a	n/a	n/a	n/a	too	56.1687939	34	true	56.056026	56.5394504
57.0439667	0.49991710000000467	trials	/intervals/trials	35	start_time	n/a	n/a	n/a	n/a	n/a	n/a	n/a	n/a	n/a	vee	57.1452046	35	true	57.0439667	57.5438838
57.1452046	0.0	cv_transition	/intervals/trials	35	cv_transition_time	n/a	n/a	n/a	n/a	n/a	n/a	n/a	n/a	n/a	vee	57.1452046	35	true	57.0439667	57.5438838
57.8025143	0.5393180000000015	trials	/intervals/trials	36	start_time	n/a	n/a	n/a	n/a	n/a	n/a	n/a	n/a	n/a	thaa	57.9627675	36	true	57.8025143	58.3418323
57.9627675	0.0	cv_transition	/intervals/trials	36	cv_transition_time	n/a	n/a	n/a	n/a	n/a	n/a	n/a	n/a	n/a	thaa	57.9627675	36	true	57.8025143	58.3418323
59.1361469	0.5104412999999965	trials	/intervals/trials	37	start_time	n/a	n/a	n/a	n/a	n/a	n/a	n/a	n/a	n/a	moo	59.261156	37	true	59.1361469	59.6465882
59.261156	0.0	cv_transition	/intervals/trials	37	cv_transition_time	n/a	n/a	n/a	n/a	n/a	n/a	n/a	n/a	n/a	moo	59.261156	37	true	59.1361469	59.6465882
59.940129	0.5638232000000016	trials	/intervals/trials	38	start_time	n/a	n/a	n/a	n/a	n/a	n/a	n/a	n/a	n/a	thoo	60.1438407	38	true	59.940129	60.5039522
60.1438407	0.0	cv_transition	/intervals/trials	38	cv_transition_time	n/a	n/a	n/a	n/a	n/a	n/a	n/a	n/a	n/a	thoo	60.1438407	38	true	59.940129	60.5039522
60.8932006	0.47753089999999787	trials	/intervals/trials	39	start_time	n/a	n/a	n/a	n/a	n/a	n/a	n/a	n/a	n/a	nee	61.044575	39	true	60.8932006	61.3707315
61.044575	0.0	cv_transition	/intervals/trials	39	cv_transition_time	n/a	n/a	n/a	n/a	n/a	n/a	n/a	n/a	n/a	nee	61.044575	39	true	60.8932006	61.3707315
61.9604535	0.38999600000000356	trials	/intervals/trials	40	start_time	n/a	n/a	n/a	n/a	n/a	n/a	n/a	n/a	n/a	boo	61.9909828	40	true	61.9604535	62.3504495
61.9909828	0.0	cv_transition	/intervals/trials	40	cv_transition_time	n/a	n/a	n/a	n/a	n/a	n/a	n/a	n/a	n/a	boo	61.9909828	40	true	61.9604535	62.3504495
62.6486344	0.5543941000000032	trials	/intervals/trials	41	start_time	n/a	n/a	n/a	n/a	n/a	n/a	n/a	n/a	n/a	laa	62.8356263	41	true	62.6486344	63.2030285
62.8356263	0.0	cv_transition	/intervals/trials	41	cv_transition_time	n/a	n/a	n/a	n/a	n/a	n/a	n/a	n/a	n/a	laa	62.8356263	41	true	62.6486344	63.2030285
63.4901448	0.4607600000000005	trials	/intervals/trials	42	start_time	n/a	n/a	n/a	n/a	n/a	n/a	n/a	n/a	n/a	maa	63.6599169	42	true	63.4901448	63.9509048
63.6599169	0.0	cv_transition	/intervals/trials	42	cv_transition_time	n/a	n/a	n/a	n/a	n/a	n/a	n/a	n/a	n/a	maa	63.6599169	42	true	63.4901448	63.9509048
64.3783278	0.5747313000000105	trials	/intervals/trials	43	start_time	n/a	n/a	n/a	n/a	n/a	n/a	n/a	n/a	n/a	soo	64.625498	43	true	64.3783278	64.9530591
64.625498	0.0	cv_transition	/intervals/trials	43	cv_transition_time	n/a	n/a	n/a	n/a	n/a	n/a	n/a	n/a	n/a	soo	64.625498	43	true	64.3783278	64.9530591
65.3453878	0.49764410000000225	trials	/intervals/trials	44	start_time	n/a	n/a	n/a	n/a	n/a	n/a	n/a	n/a	n/a	roo	65.5412841	44	true	65.3453878	65.8430319
65.5412841	0.0	cv_transition	/intervals/trials	44	cv_transition_time	n/a	n/a	n/a	n/a	n/a	n/a	n/a	n/a	n/a	roo	65.5412841	44	true	65.3453878	65.8430319
66.3475408	0.4378152999999969	trials	/intervals/trials	45	start_time	n/a	n/a	n/a	n/a	n/a	n/a	n/a	n/a	n/a	tee	66.4508023	45	true	66.3475408	66.7853561
66.4508023	0.0	cv_transition	/intervals/trials	45	cv_transition_time	n/a	n/a	n/a	n/a	n/a	n/a	n/a	n/a	n/a	tee	66.4508023	45	true	66.3475408	66.7853561
66.97512010408306	0.15570129051903336	invalid_times	/intervals/invalid_times	24	start_time	n/a	n/a	n/a	n/a	24	66.97512010408306	67.1308213946021	"[""ECoG artifact""]"	"[{""idx_start"":204391,""count"":476,""timeseries"":""/acquisition/ElectricalSeries""}]"	n/a	n/a	n/a	n/a	n/a	n/a
67.1606081	0.4528510999999895	trials	/intervals/trials	46	start_time	n/a	n/a	n/a	n/a	n/a	n/a	n/a	n/a	n/a	haa	67.2601692	46	true	67.1606081	67.6134592
67.2601692	0.0	cv_transition	/intervals/trials	46	cv_transition_time	n/a	n/a	n/a	n/a	n/a	n/a	n/a	n/a	n/a	haa	67.2601692	46	true	67.1606081	67.6134592
68.0268766	0.4860737999999998	trials	/intervals/trials	47	start_time	n/a	n/a	n/a	n/a	n/a	n/a	n/a	n/a	n/a	waa	68.1019277	47	true	68.0268766	68.5129504
68.1019277	0.0	cv_transition	/intervals/trials	47	cv_transition_time	n/a	n/a	n/a	n/a	n/a	n/a	n/a	n/a	n/a	waa	68.1019277	47	true	68.0268766	68.5129504
68.9088759	0.4994508000000053	trials	/intervals/trials	48	start_time	n/a	n/a	n/a	n/a	n/a	n/a	n/a	n/a	n/a	pee	69.0093737	48	true	68.9088759	69.4083267
69.0093737	0.0	cv_transition	/intervals/trials	48	cv_transition_time	n/a	n/a	n/a	n/a	n/a	n/a	n/a	n/a	n/a	pee	69.0093737	48	true	68.9088759	69.4083267
69.772134	0.5431984000000085	trials	/intervals/trials	49	start_time	n/a	n/a	n/a	n/a	n/a	n/a	n/a	n/a	n/a	lee	69.8777144	49	true	69.772134	70.3153324
69.8777144	0.0	cv_transition	/intervals/trials	49	cv_transition_time	n/a	n/a	n/a	n/a	n/a	n/a	n/a	n/a	n/a	lee	69.8777144	49	true	69.772134	70.3153324
70.6803802	0.5772762999999941	trials	/intervals/trials	50	start_time	n/a	n/a	n/a	n/a	n/a	n/a	n/a	n/a	n/a	wee	70.8317545	50	true	70.6803802	71.2576565
70.8317545	0.0	cv_transition	/intervals/trials	50	cv_transition_time	n/a	n/a	n/a	n/a	n/a	n/a	n/a	n/a	n/a	wee	70.8317545	50	true	70.6803802	71.2576565
71.6127954	0.47065980000000707	trials	/intervals/trials	51	start_time	n/a	n/a	n/a	n/a	n/a	n/a	n/a	n/a	n/a	yee	71.7120155	51	true	71.6127954	72.0834552
71.7120155	0.0	cv_transition	/intervals/trials	51	cv_transition_time	n/a	n/a	n/a	n/a	n/a	n/a	n/a	n/a	n/a	yee	71.7120155	51	true	71.6127954	72.0834552
72.7614597	0.3676233999999994	trials	/intervals/trials	52	start_time	n/a	n/a	n/a	n/a	n/a	n/a	n/a	n/a	n/a	gaa	72.8072536	52	true	72.7614597	73.1290831
72.8072536	0.0	cv_transition	/intervals/trials	52	cv_transition_time	n/a	n/a	n/a	n/a	n/a	n/a	n/a	n/a	n/a	gaa	72.8072536	52	true	72.7614597	73.1290831
73.4665855	0.5491189000000105	trials	/intervals/trials	53	start_time	n/a	n/a	n/a	n/a	n/a	n/a	n/a	n/a	n/a	shaa	73.7056072	53	true	73.4665855	74.0157044
73.7056072	0.0	cv_transition	/intervals/trials	53	cv_transition_time	n/a	n/a	n/a	n/a	n/a	n/a	n/a	n/a	n/a	shaa	73.7056072	53	true	73.4665855	74.0157044
74.5258863	0.4184172000000075	trials	/intervals/trials	54	start_time	n/a	n/a	n/a	n/a	n/a	n/a	n/a	n/a	n/a	doo	74.5747771	54	true	74.5258863	74.9443035
74.5747771	0.0	cv_transition	/intervals/trials	54	cv_transition_time	n/a	n/a	n/a	n/a	n/a	n/a	n/a	n/a	n/a	doo	74.5747771	54	true	74.5258863	74.9443035
75.2063465	0.5385679999999979	trials	/intervals/trials	55	start_time	n/a	n/a	n/a	n/a	n/a	n/a	n/a	n/a	n/a	woo	75.3106549	55	true	75.2063465	75.7449145
75.3106549	0.0	cv_transition	/intervals/trials	55	cv_transition_time	n/a	n/a	n/a	n/a	n/a	n/a	n/a	n/a	n/a	woo	75.3106549	55	true	75.2063465	75.7449145
77.4426165	0.6281934000000007	trials	/intervals/trials	56	start_time	n/a	n/a	n/a	n/a	n/a	n/a	n/a	n/a	n/a	raa	77.7072036	56	true	77.4426165	78.0708099
77.7072036	0.0	cv_transition	/intervals/trials	56	cv_transition_time	n/a	n/a	n/a	n/a	n/a	n/a	n/a	n/a	n/a	raa	77.7072036	56	true	77.4426165	78.0708099
78.1845484	0.6471505000000093	trials	/intervals/trials	57	start_time	n/a	n/a	n/a	n/a	n/a	n/a	n/a	n/a	n/a	shee	78.4344347	57	true	78.1845484	78.8316989
78.4344347	0.0	cv_transition	/intervals/trials	57	cv_transition_time	n/a	n/a	n/a	n/a	n/a	n/a	n/a	n/a	n/a	shee	78.4344347	57	true	78.1845484	78.8316989
79.0746611	0.49737299999999607	trials	/intervals/trials	58	start_time	n/a	n/a	n/a	n/a	n/a	n/a	n/a	n/a	n/a	yoo	79.1840577	58	true	79.0746611	79.5720341
79.1840577	0.0	cv_transition	/intervals/trials	58	cv_transition_time	n/a	n/a	n/a	n/a	n/a	n/a	n/a	n/a	n/a	yoo	79.1840577	58	true	79.0746611	79.5720341
80.6725472	0.47951310000000547	trials	/intervals/trials	59	start_time	n/a	n/a	n/a	n/a	n/a	n/a	n/a	n/a	n/a	baa	80.6939852	59	true	80.6725472	81.1520603
80.6939852	0.0	cv_transition	/intervals/trials	59	cv_transition_time	n/a	n/a	n/a	n/a	n/a	n/a	n/a	n/a	n/a	baa	80.6939852	59	true	80.6725472	81.1520603
81.4548001	0.6171480999999943	trials	/intervals/trials	60	start_time	n/a	n/a	n/a	n/a	n/a	n/a	n/a	n/a	n/a	zee	81.6367826	60	true	81.4548001	82.0719482
81.6367826	0.0	cv_transition	/intervals/trials	60	cv_transition_time	n/a	n/a	n/a	n/a	n/a	n/a	n/a	n/a	n/a	zee	81.6367826	60	true	81.4548001	82.0719482
82.3348346	0.4796638000000115	trials	/intervals/trials	61	start_time	n/a	n/a	n/a	n/a	n/a	n/a	n/a	n/a	n/a	gee	82.4136032	61	true	82.3348346	82.8144984
82.4136032	0.0	cv_transition	/intervals/trials	61	cv_transition_time	n/a	n/a	n/a	n/a	n/a	n/a	n/a	n/a	n/a	gee	82.4136032	61	true	82.3348346	82.8144984
83.1686945	0.4650062999999989	trials	/intervals/trials	62	start_time	n/a	n/a	n/a	n/a	n/a	n/a	n/a	n/a	n/a	kee	83.2691923	62	true	83.1686945	83.6337008
83.2691923	0.0	cv_transition	/intervals/trials	62	cv_transition_time	n/a	n/a	n/a	n/a	n/a	n/a	n/a	n/a	n/a	kee	83.2691923	62	true	83.1686945	83.6337008
83.827053	0.5932268999999906	trials	/intervals/trials	63	start_time	n/a	n/a	n/a	n/a	n/a	n/a	n/a	n/a	n/a	ree	84.0623829	63	true	83.827053	84.4202799
84.0623829	0.0	cv_transition	/intervals/trials	63	cv_transition_time	n/a	n/a	n/a	n/a	n/a	n/a	n/a	n/a	n/a	ree	84.0623829	63	true	83.827053	84.4202799
84.8581435	0.49698180000000036	trials	/intervals/trials	64	start_time	n/a	n/a	n/a	n/a	n/a	n/a	n/a	n/a	n/a	thee	85.0428421	64	true	84.8581435	85.3551253
85.0428421	0.0	cv_transition	/intervals/trials	64	cv_transition_time	n/a	n/a	n/a	n/a	n/a	n/a	n/a	n/a	n/a	thee	85.0428421	64	true	84.8581435	85.3551253
85.7821992	0.507549300000008	trials	/intervals/trials	65	start_time	n/a	n/a	n/a	n/a	n/a	n/a	n/a	n/a	n/a	voo	85.9475661	65	true	85.7821992	86.2897485
85.9475661	0.0	cv_transition	/intervals/trials	65	cv_transition_time	n/a	n/a	n/a	n/a	n/a	n/a	n/a	n/a	n/a	voo	85.9475661	65	true	85.7821992	86.2897485
86.7705848	0.469188900000006	trials	/intervals/trials	66	start_time	n/a	n/a	n/a	n/a	n/a	n/a	n/a	n/a	n/a	noo	86.8939739	66	true	86.7705848	87.2397737
86.8939739	0.0	cv_transition	/intervals/trials	66	cv_transition_time	n/a	n/a	n/a	n/a	n/a	n/a	n/a	n/a	n/a	noo	86.8939739	66	true	86.7705848	87.2397737
87.6813751	0.4034988000000084	trials	/intervals/trials	67	start_time	n/a	n/a	n/a	n/a	n/a	n/a	n/a	n/a	n/a	dee	87.7157205	67	true	87.6813751	88.0848739
87.7157205	0.0	cv_transition	/intervals/trials	67	cv_transition_time	n/a	n/a	n/a	n/a	n/a	n/a	n/a	n/a	n/a	dee	87.7157205	67	true	87.6813751	88.0848739
88.5438273	0.4684132999999946	trials	/intervals/trials	68	start_time	n/a	n/a	n/a	n/a	n/a	n/a	n/a	n/a	n/a	yee	88.630327	68	true	88.5438273	89.0122406
88.630327	0.0	cv_transition	/intervals/trials	68	cv_transition_time	n/a	n/a	n/a	n/a	n/a	n/a	n/a	n/a	n/a	yee	88.630327	68	true	88.5438273	89.0122406
89.4965954	0.5252782000000025	trials	/intervals/trials	69	start_time	n/a	n/a	n/a	n/a	n/a	n/a	n/a	n/a	n/a	goo	89.605984	69	true	89.4965954	90.0218736
89.605984	0.0	cv_transition	/intervals/trials	69	cv_transition_time	n/a	n/a	n/a	n/a	n/a	n/a	n/a	n/a	n/a	goo	89.605984	69	true	89.4965954	90.0218736
90.3692241	0.49774969999999996	trials	/intervals/trials	70	start_time	n/a	n/a	n/a	n/a	n/a	n/a	n/a	n/a	n/a	fee	90.510464	70	true	90.3692241	90.8669738
90.510464	0.0	cv_transition	/intervals/trials	70	cv_transition_time	n/a	n/a	n/a	n/a	n/a	n/a	n/a	n/a	n/a	fee	90.510464	70	true	90.3692241	90.8669738
91.2329615	0.5165063999999973	trials	/intervals/trials	71	start_time	n/a	n/a	n/a	n/a	n/a	n/a	n/a	n/a	n/a	hee	91.4123079	71	true	91.2329615	91.7494679
91.4123079	0.0	cv_transition	/intervals/trials	71	cv_transition_time	n/a	n/a	n/a	n/a	n/a	n/a	n/a	n/a	n/a	hee	91.4123079	71	true	91.2329615	91.7494679
92.1577313	0.46675190000000555	trials	/intervals/trials	72	start_time	n/a	n/a	n/a	n/a	n/a	n/a	n/a	n/a	n/a	vaa	92.2488038	72	true	92.1577313	92.6244832
92.2488038	0.0	cv_transition	/intervals/trials	72	cv_transition_time	n/a	n/a	n/a	n/a	n/a	n/a	n/a	n/a	n/a	vaa	92.2488038	72	true	92.1577313	92.6244832
92.9984628	0.4561630999999977	trials	/intervals/trials	73	start_time	n/a	n/a	n/a	n/a	n/a	n/a	n/a	n/a	n/a	loo	93.1333963	73	true	92.9984628	93.4546259
93.1333963	0.0	cv_transition	/intervals/trials	73	cv_transition_time	n/a	n/a	n/a	n/a	n/a	n/a	n/a	n/a	n/a	loo	93.1333963	73	true	92.9984628	93.4546259
93.837755	0.4619711999999936	trials	/intervals/trials	74	start_time	n/a	n/a	n/a	n/a	n/a	n/a	n/a	n/a	n/a	hoo	94.011589	74	true	93.837755	94.2997262
94.011589	0.0	cv_transition	/intervals/trials	74	cv_transition_time	n/a	n/a	n/a	n/a	n/a	n/a	n/a	n/a	n/a	hoo	94.011589	74	true	93.837755	94.2997262
94.8047065	0.42986510000000067	trials	/intervals/trials	75	start_time	n/a	n/a	n/a	n/a	n/a	n/a	n/a	n/a	n/a	kaa	94.899772	75	true	94.8047065	95.2345716
94.899772	0.0	cv_transition	/intervals/trials	75	cv_transition_time	n/a	n/a	n/a	n/a	n/a	n/a	n/a	n/a	n/a	kaa	94.899772	75	true	94.8047065	95.2345716
95.7119026	0.4051630999999958	trials	/intervals/trials	76	start_time	n/a	n/a	n/a	n/a	n/a	n/a	n/a	n/a	n/a	poo	95.8042519	76	true	95.7119026	96.1170657
95.8042519	0.0	cv_transition	/intervals/trials	76	cv_transition_time	n/a	n/a	n/a	n/a	n/a	n/a	n/a	n/a	n/a	poo	95.8042519	76	true	95.7119026	96.1170657
96.6506242	0.40128690000000233	trials	/intervals/trials	77	start_time	n/a	n/a	n/a	n/a	n/a	n/a	n/a	n/a	n/a	bee	96.6620727	77	true	96.6506242	97.0519111
96.6620727	0.0	cv_transition	/intervals/trials	77	cv_transition_time	n/a	n/a	n/a	n/a	n/a	n/a	n/a	n/a	n/a	bee	96.6620727	77	true	96.6506242	97.0519111
97.07887865208768	0.06055182468281828	invalid_times	/intervals/invalid_times	23	start_time	n/a	n/a	n/a	n/a	23	97.07887865208768	97.1394304767705	"[""ECoG artifact""]"	"[{""idx_start"":296261,""count"":185,""timeseries"":""/acquisition/ElectricalSeries""}]"	n/a	n/a	n/a	n/a	n/a	n/a
97.4285131	0.4311043999999953	trials	/intervals/trials	78	start_time	n/a	n/a	n/a	n/a	n/a	n/a	n/a	n/a	n/a	paa	97.5099978	78	true	97.4285131	97.8596175
97.5099978	0.0	cv_transition	/intervals/trials	78	cv_transition_time	n/a	n/a	n/a	n/a	n/a	n/a	n/a	n/a	n/a	paa	97.5099978	78	true	97.4285131	97.8596175
98.2161983	0.4073808999999926	trials	/intervals/trials	79	start_time	n/a	n/a	n/a	n/a	n/a	n/a	n/a	n/a	n/a	taa	98.31398	79	true	98.2161983	98.6235792
98.31398	0.0	cv_transition	/intervals/trials	79	cv_transition_time	n/a	n/a	n/a	n/a	n/a	n/a	n/a	n/a	n/a	taa	98.31398	79	true	98.2161983	98.6235792
98.9644895	0.4477628000000067	trials	/intervals/trials	80	start_time	n/a	n/a	n/a	n/a	n/a	n/a	n/a	n/a	n/a	naa	99.0815184	80	true	98.9644895	99.4122523
99.0815184	0.0	cv_transition	/intervals/trials	80	cv_transition_time	n/a	n/a	n/a	n/a	n/a	n/a	n/a	n/a	n/a	naa	99.0815184	80	true	98.9644895	99.4122523
99.7725557	0.49522360000000276	trials	/intervals/trials	81	start_time	n/a	n/a	n/a	n/a	n/a	n/a	n/a	n/a	n/a	saa	99.9545381	81	true	99.7725557	100.2677793
99.9545381	0.0	cv_transition	/intervals/trials	81	cv_transition_time	n/a	n/a	n/a	n/a	n/a	n/a	n/a	n/a	n/a	saa	99.9545381	81	true	99.7725557	100.2677793
100.6525902	0.5724707999999907	trials	/intervals/trials	82	start_time	n/a	n/a	n/a	n/a	n/a	n/a	n/a	n/a	n/a	shoo	100.8725698	82	true	100.6525902	101.225061
100.8725698	0.0	cv_transition	/intervals/trials	82	cv_transition_time	n/a	n/a	n/a	n/a	n/a	n/a	n/a	n/a	n/a	shoo	100.8725698	82	true	100.6525902	101.225061
101.6113932	0.5052449000000081	trials	/intervals/trials	83	start_time	n/a	n/a	n/a	n/a	n/a	n/a	n/a	n/a	n/a	foo	101.7553495	83	true	101.6113932	102.1166381
101.7553495	0.0	cv_transition	/intervals/trials	83	cv_transition_time	n/a	n/a	n/a	n/a	n/a	n/a	n/a	n/a	n/a	foo	101.7553495	83	true	101.6113932	102.1166381
102.6055063	0.3845427999999913	trials	/intervals/trials	84	start_time	n/a	n/a	n/a	n/a	n/a	n/a	n/a	n/a	n/a	daa	102.6299517	84	true	102.6055063	102.9900491
102.6299517	0.0	cv_transition	/intervals/trials	84	cv_transition_time	n/a	n/a	n/a	n/a	n/a	n/a	n/a	n/a	n/a	daa	102.6299517	84	true	102.6055063	102.9900491
103.3741784	0.49088599999998905	trials	/intervals/trials	85	start_time	n/a	n/a	n/a	n/a	n/a	n/a	n/a	n/a	n/a	faa	103.5045539	85	true	103.3741784	103.8650644
103.5045539	0.0	cv_transition	/intervals/trials	85	cv_transition_time	n/a	n/a	n/a	n/a	n/a	n/a	n/a	n/a	n/a	faa	103.5045539	85	true	103.3741784	103.8650644
104.3427317	0.44222059999999885	trials	/intervals/trials	86	start_time	n/a	n/a	n/a	n/a	n/a	n/a	n/a	n/a	n/a	goo	104.3923418	86	true	104.3427317	104.7849523
104.3923418	0.0	cv_transition	/intervals/trials	86	cv_transition_time	n/a	n/a	n/a	n/a	n/a	n/a	n/a	n/a	n/a	goo	104.3923418	86	true	104.3427317	104.7849523
105.1670223	0.5079027999999965	trials	/intervals/trials	87	start_time	n/a	n/a	n/a	n/a	n/a	n/a	n/a	n/a	n/a	mee	105.3433915	87	true	105.1670223	105.6749251
105.3433915	0.0	cv_transition	/intervals/trials	87	cv_transition_time	n/a	n/a	n/a	n/a	n/a	n/a	n/a	n/a	n/a	mee	105.3433915	87	true	105.1670223	105.6749251
106.0686051	0.48749970000000076	trials	/intervals/trials	88	start_time	n/a	n/a	n/a	n/a	n/a	n/a	n/a	n/a	n/a	zaa	106.2261422	88	true	106.0686051	106.5561048
106.2261422	0.0	cv_transition	/intervals/trials	88	cv_transition_time	n/a	n/a	n/a	n/a	n/a	n/a	n/a	n/a	n/a	zaa	106.2261422	88	true	106.0686051	106.5561048
106.9051812	0.5496895999999936	trials	/intervals/trials	89	start_time	n/a	n/a	n/a	n/a	n/a	n/a	n/a	n/a	n/a	see	107.1360544	89	true	106.9051812	107.4548708
107.1360544	0.0	cv_transition	/intervals/trials	89	cv_transition_time	n/a	n/a	n/a	n/a	n/a	n/a	n/a	n/a	n/a	see	107.1360544	89	true	106.9051812	107.4548708
107.9237396	0.45394569999999135	trials	/intervals/trials	90	start_time	n/a	n/a	n/a	n/a	n/a	n/a	n/a	n/a	n/a	zoo	108.0731282	90	true	107.9237396	108.3776853
108.0731282	0.0	cv_transition	/intervals/trials	90	cv_transition_time	n/a	n/a	n/a	n/a	n/a	n/a	n/a	n/a	n/a	zoo	108.0731282	90	true	107.9237396	108.3776853
108.8852588	0.44678159999999423	trials	/intervals/trials	91	start_time	n/a	n/a	n/a	n/a	n/a	n/a	n/a	n/a	n/a	too	109.0074858	91	true	108.8852588	109.3320404
109.0074858	0.0	cv_transition	/intervals/trials	91	cv_transition_time	n/a	n/a	n/a	n/a	n/a	n/a	n/a	n/a	n/a	too	109.0074858	91	true	108.8852588	109.3320404
109.7464149	0.4606407999999931	trials	/intervals/trials	92	start_time	n/a	n/a	n/a	n/a	n/a	n/a	n/a	n/a	n/a	vee	109.8659879	92	true	109.7464149	110.2070557
109.8659879	0.0	cv_transition	/intervals/trials	92	cv_transition_time	n/a	n/a	n/a	n/a	n/a	n/a	n/a	n/a	n/a	vee	109.8659879	92	true	109.7464149	110.2070557
110.6426117	0.5740770000000026	trials	/intervals/trials	93	start_time	n/a	n/a	n/a	n/a	n/a	n/a	n/a	n/a	n/a	thaa	110.8191618	93	true	110.6426117	111.2166887
110.8191618	0.0	cv_transition	/intervals/trials	93	cv_transition_time	n/a	n/a	n/a	n/a	n/a	n/a	n/a	n/a	n/a	thaa	110.8191618	93	true	110.6426117	111.2166887
111.6392305	0.5422187000000065	trials	/intervals/trials	94	start_time	n/a	n/a	n/a	n/a	n/a	n/a	n/a	n/a	n/a	moo	111.7740682	94	true	111.6392305	112.1814492
111.7740682	0.0	cv_transition	/intervals/trials	94	cv_transition_time	n/a	n/a	n/a	n/a	n/a	n/a	n/a	n/a	n/a	moo	111.7740682	94	true	111.6392305	112.1814492
112.5169474	0.5993471999999969	trials	/intervals/trials	95	start_time	n/a	n/a	n/a	n/a	n/a	n/a	n/a	n/a	n/a	thoo	112.720471	95	true	112.5169474	113.1162946
112.720471	0.0	cv_transition	/intervals/trials	95	cv_transition_time	n/a	n/a	n/a	n/a	n/a	n/a	n/a	n/a	n/a	thoo	112.720471	95	true	112.5169474	113.1162946
113.6358155	0.5106323999999915	trials	/intervals/trials	96	start_time	n/a	n/a	n/a	n/a	n/a	n/a	n/a	n/a	n/a	nee	113.7906364	96	true	113.6358155	114.1464479
113.7906364	0.0	cv_transition	/intervals/trials	96	cv_transition_time	n/a	n/a	n/a	n/a	n/a	n/a	n/a	n/a	n/a	nee	113.7906364	96	true	113.6358155	114.1464479
116.1015941	0.529174299999994	trials	/intervals/trials	97	start_time	n/a	n/a	n/a	n/a	n/a	n/a	n/a	n/a	n/a	laa	116.3356745	97	true	116.1015941	116.6307684
116.3356745	0.0	cv_transition	/intervals/trials	97	cv_transition_time	n/a	n/a	n/a	n/a	n/a	n/a	n/a	n/a	n/a	laa	116.3356745	97	true	116.1015941	116.6307684
117.0391589	0.39936349999999265	trials	/intervals/trials	98	start_time	n/a	n/a	n/a	n/a	n/a	n/a	n/a	n/a	n/a	maa	117.1586698	98	true	117.0391589	117.4385224
117.1586698	0.0	cv_transition	/intervals/trials	98	cv_transition_time	n/a	n/a	n/a	n/a	n/a	n/a	n/a	n/a	n/a	maa	117.1586698	98	true	117.0391589	117.4385224
117.807831	0.5809917000000127	trials	/intervals/trials	99	start_time	n/a	n/a	n/a	n/a	n/a	n/a	n/a	n/a	n/a	soo	118.0088266	99	true	117.807831	118.3888227
118.0088266	0.0	cv_transition	/intervals/trials	99	cv_transition_time	n/a	n/a	n/a	n/a	n/a	n/a	n/a	n/a	n/a	soo	118.0088266	99	true	117.807831	118.3888227
119.6412363	0.45078959999999313	trials	/intervals/trials	100	start_time	n/a	n/a	n/a	n/a	n/a	n/a	n/a	n/a	n/a	tee	119.7797602	100	true	119.6412363	120.0920259
119.7797602	0.0	cv_transition	/intervals/trials	100	cv_transition_time	n/a	n/a	n/a	n/a	n/a	n/a	n/a	n/a	n/a	tee	119.7797602	100	true	119.6412363	120.0920259
120.5028992	0.4436606000000012	trials	/intervals/trials	101	start_time	n/a	n/a	n/a	n/a	n/a	n/a	n/a	n/a	n/a	haa	120.6027555	101	true	120.5028992	120.9465598
120.6027555	0.0	cv_transition	/intervals/trials	101	cv_transition_time	n/a	n/a	n/a	n/a	n/a	n/a	n/a	n/a	n/a	haa	120.6027555	101	true	120.5028992	120.9465598
121.3513589	0.4702162000000101	trials	/intervals/trials	102	start_time	n/a	n/a	n/a	n/a	n/a	n/a	n/a	n/a	n/a	waa	121.5027333	102	true	121.3513589	121.8215751
121.5027333	0.0	cv_transition	/intervals/trials	102	cv_transition_time	n/a	n/a	n/a	n/a	n/a	n/a	n/a	n/a	n/a	waa	121.5027333	102	true	121.3513589	121.8215751
122.2646933	0.4515789999999953	trials	/intervals/trials	103	start_time	n/a	n/a	n/a	n/a	n/a	n/a	n/a	n/a	n/a	pee	122.3448327	103	true	122.2646933	122.7162723
122.3448327	0.0	cv_transition	/intervals/trials	103	cv_transition_time	n/a	n/a	n/a	n/a	n/a	n/a	n/a	n/a	n/a	pee	122.3448327	103	true	122.2646933	122.7162723
123.0880382	0.43471599999999455	trials	/intervals/trials	104	start_time	n/a	n/a	n/a	n/a	n/a	n/a	n/a	n/a	n/a	lee	123.2111011	104	true	123.0880382	123.5227542
123.2111011	0.0	cv_transition	/intervals/trials	104	cv_transition_time	n/a	n/a	n/a	n/a	n/a	n/a	n/a	n/a	n/a	lee	123.2111011	104	true	123.0880382	123.5227542
123.9517758	0.4766805000000005	trials	/intervals/trials	105	start_time	n/a	n/a	n/a	n/a	n/a	n/a	n/a	n/a	n/a	wee	124.0570167	105	true	123.9517758	124.4284563
124.0570167	0.0	cv_transition	/intervals/trials	105	cv_transition_time	n/a	n/a	n/a	n/a	n/a	n/a	n/a	n/a	n/a	wee	124.0570167	105	true	123.9517758	124.4284563
124.6752347	0.5482549999999975	trials	/intervals/trials	106	start_time	n/a	n/a	n/a	n/a	n/a	n/a	n/a	n/a	n/a	yaa	124.8481072	106	true	124.6752347	125.2234897
124.8481072	0.0	cv_transition	/intervals/trials	106	cv_transition_time	n/a	n/a	n/a	n/a	n/a	n/a	n/a	n/a	n/a	yaa	124.8481072	106	true	124.6752347	125.2234897
125.6699805	0.3920533000000006	trials	/intervals/trials	107	start_time	n/a	n/a	n/a	n/a	n/a	n/a	n/a	n/a	n/a	gaa	125.7170465	107	true	125.6699805	126.0620338
125.7170465	0.0	cv_transition	/intervals/trials	107	cv_transition_time	n/a	n/a	n/a	n/a	n/a	n/a	n/a	n/a	n/a	gaa	125.7170465	107	true	125.6699805	126.0620338
126.2768052	0.5854563000000041	trials	/intervals/trials	108	start_time	n/a	n/a	n/a	n/a	n/a	n/a	n/a	n/a	n/a	shaa	126.551137	108	true	126.2768052	126.8622615
126.551137	0.0	cv_transition	/intervals/trials	108	cv_transition_time	n/a	n/a	n/a	n/a	n/a	n/a	n/a	n/a	n/a	shaa	126.551137	108	true	126.2768052	126.8622615
127.03571438874283	0.14705443137253837	invalid_times	/intervals/invalid_times	22	start_time	n/a	n/a	n/a	n/a	22	127.03571438874283	127.18276882011537	"[""ECoG artifact""]"	"[{""idx_start"":387682,""count"":449,""timeseries"":""/acquisition/ElectricalSeries""}]"	n/a	n/a	n/a	n/a	n/a	n/a
127.299481	0.36253530000000467	trials	/intervals/trials	109	start_time	n/a	n/a	n/a	n/a	n/a	n/a	n/a	n/a	n/a	doo	127.3469707	109	true	127.299481	127.6620163
127.3469707	0.0	cv_transition	/intervals/trials	109	cv_transition_time	n/a	n/a	n/a	n/a	n/a	n/a	n/a	n/a	n/a	doo	127.3469707	109	true	127.299481	127.6620163
128.011831	0.4795641000000046	trials	/intervals/trials	110	start_time	n/a	n/a	n/a	n/a	n/a	n/a	n/a	n/a	n/a	woo	128.108507	110	true	128.011831	128.4913951
128.108507	0.0	cv_transition	/intervals/trials	110	cv_transition_time	n/a	n/a	n/a	n/a	n/a	n/a	n/a	n/a	n/a	woo	128.108507	110	true	128.011831	128.4913951
130.08019	0.5640199000000052	trials	/intervals/trials	111	start_time	n/a	n/a	n/a	n/a	n/a	n/a	n/a	n/a	n/a	raa	130.1972189	111	true	130.08019	130.6442099
130.1972189	0.0	cv_transition	/intervals/trials	111	cv_transition_time	n/a	n/a	n/a	n/a	n/a	n/a	n/a	n/a	n/a	raa	130.1972189	111	true	130.08019	130.6442099
130.7442019	0.5762402000000009	trials	/intervals/trials	112	start_time	n/a	n/a	n/a	n/a	n/a	n/a	n/a	n/a	n/a	shee	130.9920519	112	true	130.7442019	131.3204421
130.9920519	0.0	cv_transition	/intervals/trials	112	cv_transition_time	n/a	n/a	n/a	n/a	n/a	n/a	n/a	n/a	n/a	shee	130.9920519	112	true	130.7442019	131.3204421
131.6308232	0.4566671999999983	trials	/intervals/trials	113	start_time	n/a	n/a	n/a	n/a	n/a	n/a	n/a	n/a	n/a	yoo	131.7007861	113	true	131.6308232	132.0874904
131.7007861	0.0	cv_transition	/intervals/trials	113	cv_transition_time	n/a	n/a	n/a	n/a	n/a	n/a	n/a	n/a	n/a	yoo	131.7007861	113	true	131.6308232	132.0874904
132.4920034	0.4039569000000256	trials	/intervals/trials	114	start_time	n/a	n/a	n/a	n/a	n/a	n/a	n/a	n/a	n/a	baa	132.5239639	114	true	132.4920034	132.8959603
132.5239639	0.0	cv_transition	/intervals/trials	114	cv_transition_time	n/a	n/a	n/a	n/a	n/a	n/a	n/a	n/a	n/a	baa	132.5239639	114	true	132.4920034	132.8959603
133.2717722	0.46192460000000324	trials	/intervals/trials	115	start_time	n/a	n/a	n/a	n/a	n/a	n/a	n/a	n/a	n/a	zee	133.4167863	115	true	133.2717722	133.7336968
133.4167863	0.0	cv_transition	/intervals/trials	115	cv_transition_time	n/a	n/a	n/a	n/a	n/a	n/a	n/a	n/a	n/a	zee	133.4167863	115	true	133.2717722	133.7336968
134.146945	0.5088214000000164	trials	/intervals/trials	116	start_time	n/a	n/a	n/a	n/a	n/a	n/a	n/a	n/a	n/a	gee	134.2269936	116	true	134.146945	134.6557664
134.2269936	0.0	cv_transition	/intervals/trials	116	cv_transition_time	n/a	n/a	n/a	n/a	n/a	n/a	n/a	n/a	n/a	gee	134.2269936	116	true	134.146945	134.6557664
134.9522073	0.40360350000000267	trials	/intervals/trials	117	start_time	n/a	n/a	n/a	n/a	n/a	n/a	n/a	n/a	n/a	kee	135.0581373	117	true	134.9522073	135.3558108
135.0581373	0.0	cv_transition	/intervals/trials	117	cv_transition_time	n/a	n/a	n/a	n/a	n/a	n/a	n/a	n/a	n/a	kee	135.0581373	117	true	134.9522073	135.3558108
135.7700852	0.41087329999999156	trials	/intervals/trials	118	start_time	n/a	n/a	n/a	n/a	n/a	n/a	n/a	n/a	n/a	ree	135.8922024	118	true	135.7700852	136.1809585
135.8922024	0.0	cv_transition	/intervals/trials	118	cv_transition_time	n/a	n/a	n/a	n/a	n/a	n/a	n/a	n/a	n/a	ree	135.8922024	118	true	135.7700852	136.1809585
136.5628877	0.5270911000000069	trials	/intervals/trials	119	start_time	n/a	n/a	n/a	n/a	n/a	n/a	n/a	n/a	n/a	thee	136.7367217	119	true	136.5628877	137.0899788
136.7367217	0.0	cv_transition	/intervals/trials	119	cv_transition_time	n/a	n/a	n/a	n/a	n/a	n/a	n/a	n/a	n/a	thee	136.7367217	119	true	136.5628877	137.0899788
137.4733648	0.47569409999999834	trials	/intervals/trials	120	start_time	n/a	n/a	n/a	n/a	n/a	n/a	n/a	n/a	n/a	voo	137.6158348	120	true	137.4733648	137.9490589
137.6158348	0.0	cv_transition	/intervals/trials	120	cv_transition_time	n/a	n/a	n/a	n/a	n/a	n/a	n/a	n/a	n/a	voo	137.6158348	120	true	137.4733648	137.9490589
138.3828831	0.5139096000000052	trials	/intervals/trials	121	start_time	n/a	n/a	n/a	n/a	n/a	n/a	n/a	n/a	n/a	noo	138.5507941	121	true	138.3828831	138.8967927
138.5507941	0.0	cv_transition	/intervals/trials	121	cv_transition_time	n/a	n/a	n/a	n/a	n/a	n/a	n/a	n/a	n/a	noo	138.5507941	121	true	138.3828831	138.8967927
139.3407394	0.44920550000000503	trials	/intervals/trials	122	start_time	n/a	n/a	n/a	n/a	n/a	n/a	n/a	n/a	n/a	dee	139.3985545	122	true	139.3407394	139.7899449
139.3985545	0.0	cv_transition	/intervals/trials	122	cv_transition_time	n/a	n/a	n/a	n/a	n/a	n/a	n/a	n/a	n/a	dee	139.3985545	122	true	139.3407394	139.7899449
140.1548536	0.47282780000000457	trials	/intervals/trials	123	start_time	n/a	n/a	n/a	n/a	n/a	n/a	n/a	n/a	n/a	yee	140.2896913	123	true	140.1548536	140.6276814
140.2896913	0.0	cv_transition	/intervals/trials	123	cv_transition_time	n/a	n/a	n/a	n/a	n/a	n/a	n/a	n/a	n/a	yee	140.2896913	123	true	140.1548536	140.6276814
141.8186494	0.47383329999999546	trials	/intervals/trials	124	start_time	n/a	n/a	n/a	n/a	n/a	n/a	n/a	n/a	n/a	fee	141.9653219	124	true	141.8186494	142.2924827
141.9653219	0.0	cv_transition	/intervals/trials	124	cv_transition_time	n/a	n/a	n/a	n/a	n/a	n/a	n/a	n/a	n/a	fee	141.9653219	124	true	141.8186494	142.2924827
142.6264535	0.5144375000000139	trials	/intervals/trials	125	start_time	n/a	n/a	n/a	n/a	n/a	n/a	n/a	n/a	n/a	hee	142.7937494	125	true	142.6264535	143.140891
142.7937494	0.0	cv_transition	/intervals/trials	125	cv_transition_time	n/a	n/a	n/a	n/a	n/a	n/a	n/a	n/a	n/a	hee	142.7937494	125	true	142.6264535	143.140891
143.4621927	0.49610079999999357	trials	/intervals/trials	126	start_time	n/a	n/a	n/a	n/a	n/a	n/a	n/a	n/a	n/a	vaa	143.6602032	126	true	143.4621927	143.9582935
143.6602032	0.0	cv_transition	/intervals/trials	126	cv_transition_time	n/a	n/a	n/a	n/a	n/a	n/a	n/a	n/a	n/a	vaa	143.6602032	126	true	143.4621927	143.9582935
144.336526	0.5007564999999943	trials	/intervals/trials	127	start_time	n/a	n/a	n/a	n/a	n/a	n/a	n/a	n/a	n/a	loo	144.4874678	127	true	144.336526	144.8372825
144.4874678	0.0	cv_transition	/intervals/trials	127	cv_transition_time	n/a	n/a	n/a	n/a	n/a	n/a	n/a	n/a	n/a	loo	144.4874678	127	true	144.336526	144.8372825
145.2519719	0.4661595000000034	trials	/intervals/trials	128	start_time	n/a	n/a	n/a	n/a	n/a	n/a	n/a	n/a	n/a	hoo	145.3795299	128	true	145.2519719	145.7181314
145.3795299	0.0	cv_transition	/intervals/trials	128	cv_transition_time	n/a	n/a	n/a	n/a	n/a	n/a	n/a	n/a	n/a	hoo	145.3795299	128	true	145.2519719	145.7181314
146.1742107	0.3923289999999895	trials	/intervals/trials	129	start_time	n/a	n/a	n/a	n/a	n/a	n/a	n/a	n/a	n/a	kaa	146.2568942	129	true	146.1742107	146.5665397
146.2568942	0.0	cv_transition	/intervals/trials	129	cv_transition_time	n/a	n/a	n/a	n/a	n/a	n/a	n/a	n/a	n/a	kaa	146.2568942	129	true	146.1742107	146.5665397
146.9956426	0.4619926000000021	trials	/intervals/trials	130	start_time	n/a	n/a	n/a	n/a	n/a	n/a	n/a	n/a	n/a	poo	147.0907081	130	true	146.9956426	147.4576352
147.0907081	0.0	cv_transition	/intervals/trials	130	cv_transition_time	n/a	n/a	n/a	n/a	n/a	n/a	n/a	n/a	n/a	poo	147.0907081	130	true	146.9956426	147.4576352
147.9207402	0.353287899999998	trials	/intervals/trials	131	start_time	n/a	n/a	n/a	n/a	n/a	n/a	n/a	n/a	n/a	bee	147.9525415	131	true	147.9207402	148.2740281
147.9525415	0.0	cv_transition	/intervals/trials	131	cv_transition_time	n/a	n/a	n/a	n/a	n/a	n/a	n/a	n/a	n/a	bee	147.9525415	131	true	147.9207402	148.2740281
148.725834	0.39126659999999447	trials	/intervals/trials	132	start_time	n/a	n/a	n/a	n/a	n/a	n/a	n/a	n/a	n/a	paa	148.8046025	132	true	148.725834	149.1171006
148.8046025	0.0	cv_transition	/intervals/trials	132	cv_transition_time	n/a	n/a	n/a	n/a	n/a	n/a	n/a	n/a	n/a	paa	148.8046025	132	true	148.725834	149.1171006
149.5325323	0.3902893999999719	trials	/intervals/trials	133	start_time	n/a	n/a	n/a	n/a	n/a	n/a	n/a	n/a	n/a	taa	149.6275977	133	true	149.5325323	149.9228217
149.6275977	0.0	cv_transition	/intervals/trials	133	cv_transition_time	n/a	n/a	n/a	n/a	n/a	n/a	n/a	n/a	n/a	taa	149.6275977	133	true	149.5325323	149.9228217
150.294392	0.4288149000000203	trials	/intervals/trials	134	start_time	n/a	n/a	n/a	n/a	n/a	n/a	n/a	n/a	n/a	naa	150.4126929	134	true	150.294392	150.7232069
150.4126929	0.0	cv_transition	/intervals/trials	134	cv_transition_time	n/a	n/a	n/a	n/a	n/a	n/a	n/a	n/a	n/a	naa	150.4126929	134	true	150.294392	150.7232069
151.0807412	0.5068817000000081	trials	/intervals/trials	135	start_time	n/a	n/a	n/a	n/a	n/a	n/a	n/a	n/a	n/a	saa	151.2708721	135	true	151.0807412	151.5876229
151.2708721	0.0	cv_transition	/intervals/trials	135	cv_transition_time	n/a	n/a	n/a	n/a	n/a	n/a	n/a	n/a	n/a	saa	151.2708721	135	true	151.0807412	151.5876229
151.9580595	0.5206589000000008	trials	/intervals/trials	136	start_time	n/a	n/a	n/a	n/a	n/a	n/a	n/a	n/a	n/a	shoo	152.1807843	136	true	151.9580595	152.4787184
152.1807843	0.0	cv_transition	/intervals/trials	136	cv_transition_time	n/a	n/a	n/a	n/a	n/a	n/a	n/a	n/a	n/a	shoo	152.1807843	136	true	151.9580595	152.4787184
152.8435264	0.5316234999999949	trials	/intervals/trials	137	start_time	n/a	n/a	n/a	n/a	n/a	n/a	n/a	n/a	n/a	foo	153.0092119	137	true	152.8435264	153.3751499
153.0092119	0.0	cv_transition	/intervals/trials	137	cv_transition_time	n/a	n/a	n/a	n/a	n/a	n/a	n/a	n/a	n/a	foo	153.0092119	137	true	152.8435264	153.3751499
153.8497815	0.35243309999998473	trials	/intervals/trials	138	start_time	n/a	n/a	n/a	n/a	n/a	n/a	n/a	n/a	n/a	daa	153.8917592	138	true	153.8497815	154.2022146
153.8917592	0.0	cv_transition	/intervals/trials	138	cv_transition_time	n/a	n/a	n/a	n/a	n/a	n/a	n/a	n/a	n/a	daa	153.8917592	138	true	153.8497815	154.2022146
154.5913887	0.5139095999999768	trials	/intervals/trials	139	start_time	n/a	n/a	n/a	n/a	n/a	n/a	n/a	n/a	n/a	faa	154.7516674	139	true	154.5913887	155.1052983
154.7516674	0.0	cv_transition	/intervals/trials	139	cv_transition_time	n/a	n/a	n/a	n/a	n/a	n/a	n/a	n/a	n/a	faa	154.7516674	139	true	154.5913887	155.1052983
155.6140054	0.4290952000000061	trials	/intervals/trials	140	start_time	n/a	n/a	n/a	n/a	n/a	n/a	n/a	n/a	n/a	goo	155.6954901	140	true	155.6140054	156.0431006
155.6954901	0.0	cv_transition	/intervals/trials	140	cv_transition_time	n/a	n/a	n/a	n/a	n/a	n/a	n/a	n/a	n/a	goo	155.6954901	140	true	155.6140054	156.0431006
156.4831753	0.4563567000000148	trials	/intervals/trials	141	start_time	n/a	n/a	n/a	n/a	n/a	n/a	n/a	n/a	n/a	mee	156.6325639	141	true	156.4831753	156.939532
156.6325639	0.0	cv_transition	/intervals/trials	141	cv_transition_time	n/a	n/a	n/a	n/a	n/a	n/a	n/a	n/a	n/a	mee	156.6325639	141	true	156.4831753	156.939532
157.11345469121107	0.11245093204152568	invalid_times	/intervals/invalid_times	21	start_time	n/a	n/a	n/a	n/a	21	157.11345469121107	157.2259056232526	"[""ECoG artifact""]"	"[{""idx_start"":479472,""count"":343,""timeseries"":""/acquisition/ElectricalSeries""}]"	n/a	n/a	n/a	n/a	n/a	n/a
157.2599959	0.570631700000007	trials	/intervals/trials	142	start_time	n/a	n/a	n/a	n/a	n/a	n/a	n/a	n/a	n/a	zaa	157.5098822	142	true	157.2599959	157.8306276
157.5098822	0.0	cv_transition	/intervals/trials	142	cv_transition_time	n/a	n/a	n/a	n/a	n/a	n/a	n/a	n/a	n/a	zaa	157.5098822	142	true	157.2599959	157.8306276
158.167192	0.559866999999997	trials	/intervals/trials	143	start_time	n/a	n/a	n/a	n/a	n/a	n/a	n/a	n/a	n/a	see	158.3899168	143	true	158.167192	158.727059
158.3899168	0.0	cv_transition	/intervals/trials	143	cv_transition_time	n/a	n/a	n/a	n/a	n/a	n/a	n/a	n/a	n/a	see	158.3899168	143	true	158.167192	158.727059
159.1993312	0.5041977000000202	trials	/intervals/trials	144	start_time	n/a	n/a	n/a	n/a	n/a	n/a	n/a	n/a	n/a	zoo	159.3758814	144	true	159.1993312	159.7035289
159.3758814	0.0	cv_transition	/intervals/trials	144	cv_transition_time	n/a	n/a	n/a	n/a	n/a	n/a	n/a	n/a	n/a	zoo	159.3758814	144	true	159.1993312	159.7035289
160.1282566	0.4277909000000193	trials	/intervals/trials	145	start_time	n/a	n/a	n/a	n/a	n/a	n/a	n/a	n/a	n/a	too	160.2341866	145	true	160.1282566	160.5560475
160.2341866	0.0	cv_transition	/intervals/trials	145	cv_transition_time	n/a	n/a	n/a	n/a	n/a	n/a	n/a	n/a	n/a	too	160.2341866	145	true	160.1282566	160.5560475
160.9529282	0.45921129999999266	trials	/intervals/trials	146	start_time	n/a	n/a	n/a	n/a	n/a	n/a	n/a	n/a	n/a	vee	161.0843434	146	true	160.9529282	161.4121395
161.0843434	0.0	cv_transition	/intervals/trials	146	cv_transition_time	n/a	n/a	n/a	n/a	n/a	n/a	n/a	n/a	n/a	vee	161.0843434	146	true	160.9529282	161.4121395
161.8204217	0.5350502000000006	trials	/intervals/trials	147	start_time	n/a	n/a	n/a	n/a	n/a	n/a	n/a	n/a	n/a	thaa	162.0159849	147	true	161.8204217	162.3554719
162.0159849	0.0	cv_transition	/intervals/trials	147	cv_transition_time	n/a	n/a	n/a	n/a	n/a	n/a	n/a	n/a	n/a	thaa	162.0159849	147	true	161.8204217	162.3554719
162.9421941	0.5124734999999987	trials	/intervals/trials	148	start_time	n/a	n/a	n/a	n/a	n/a	n/a	n/a	n/a	n/a	moo	163.0836178	148	true	162.9421941	163.4546676
163.0836178	0.0	cv_transition	/intervals/trials	148	cv_transition_time	n/a	n/a	n/a	n/a	n/a	n/a	n/a	n/a	n/a	moo	163.0836178	148	true	162.9421941	163.4546676
163.8059317	0.5931904999999915	trials	/intervals/trials	149	start_time	n/a	n/a	n/a	n/a	n/a	n/a	n/a	n/a	n/a	thoo	164.0259403	149	true	163.8059317	164.3991222
164.0259403	0.0	cv_transition	/intervals/trials	149	cv_transition_time	n/a	n/a	n/a	n/a	n/a	n/a	n/a	n/a	n/a	thoo	164.0259403	149	true	163.8059317	164.3991222
164.8435032	0.40402730000002407	trials	/intervals/trials	150	start_time	n/a	n/a	n/a	n/a	n/a	n/a	n/a	n/a	n/a	nee	164.9369997	150	true	164.8435032	165.2475305
164.9369997	0.0	cv_transition	/intervals/trials	150	cv_transition_time	n/a	n/a	n/a	n/a	n/a	n/a	n/a	n/a	n/a	nee	164.9369997	150	true	164.8435032	165.2475305
165.7612904	0.3773355999999808	trials	/intervals/trials	151	start_time	n/a	n/a	n/a	n/a	n/a	n/a	n/a	n/a	n/a	boo	165.7943638	151	true	165.7612904	166.138626
165.7943638	0.0	cv_transition	/intervals/trials	151	cv_transition_time	n/a	n/a	n/a	n/a	n/a	n/a	n/a	n/a	n/a	boo	165.7943638	151	true	165.7612904	166.138626
166.5030745	0.46030640000000744	trials	/intervals/trials	152	start_time	n/a	n/a	n/a	n/a	n/a	n/a	n/a	n/a	n/a	laa	166.6529999	152	true	166.5030745	166.9633809
166.6529999	0.0	cv_transition	/intervals/trials	152	cv_transition_time	n/a	n/a	n/a	n/a	n/a	n/a	n/a	n/a	n/a	laa	166.6529999	152	true	166.5030745	166.9633809
167.3586636	0.44476370000001	trials	/intervals/trials	153	start_time	n/a	n/a	n/a	n/a	n/a	n/a	n/a	n/a	n/a	maa	167.4971876	153	true	167.3586636	167.8034273
167.4971876	0.0	cv_transition	/intervals/trials	153	cv_transition_time	n/a	n/a	n/a	n/a	n/a	n/a	n/a	n/a	n/a	maa	167.4971876	153	true	167.3586636	167.8034273
168.1653619	0.5451686000000109	trials	/intervals/trials	154	start_time	n/a	n/a	n/a	n/a	n/a	n/a	n/a	n/a	n/a	soo	168.3826544	154	true	168.1653619	168.7105305
168.3826544	0.0	cv_transition	/intervals/trials	154	cv_transition_time	n/a	n/a	n/a	n/a	n/a	n/a	n/a	n/a	n/a	soo	168.3826544	154	true	168.1653619	168.7105305
169.0724456	0.4651495999999895	trials	/intervals/trials	155	start_time	n/a	n/a	n/a	n/a	n/a	n/a	n/a	n/a	n/a	roo	169.2060112	155	true	169.0724456	169.5375952
169.2060112	0.0	cv_transition	/intervals/trials	155	cv_transition_time	n/a	n/a	n/a	n/a	n/a	n/a	n/a	n/a	n/a	roo	169.2060112	155	true	169.0724456	169.5375952
169.9824703	0.4462205000000097	trials	/intervals/trials	156	start_time	n/a	n/a	n/a	n/a	n/a	n/a	n/a	n/a	n/a	tee	170.0884003	156	true	169.9824703	170.4286908
170.0884003	0.0	cv_transition	/intervals/trials	156	cv_transition_time	n/a	n/a	n/a	n/a	n/a	n/a	n/a	n/a	n/a	tee	170.0884003	156	true	169.9824703	170.4286908
170.7701555	0.3788819000000103	trials	/intervals/trials	157	start_time	n/a	n/a	n/a	n/a	n/a	n/a	n/a	n/a	n/a	haa	170.8733694	157	true	170.7701555	171.1490374
170.8733694	0.0	cv_transition	/intervals/trials	157	cv_transition_time	n/a	n/a	n/a	n/a	n/a	n/a	n/a	n/a	n/a	haa	170.8733694	157	true	170.7701555	171.1490374
171.5987438	0.457396899999992	trials	/intervals/trials	158	start_time	n/a	n/a	n/a	n/a	n/a	n/a	n/a	n/a	n/a	waa	171.7246771	158	true	171.5987438	172.0561407
171.7246771	0.0	cv_transition	/intervals/trials	158	cv_transition_time	n/a	n/a	n/a	n/a	n/a	n/a	n/a	n/a	n/a	waa	171.7246771	158	true	171.5987438	172.0561407
172.5546699	0.40857400000001576	trials	/intervals/trials	159	start_time	n/a	n/a	n/a	n/a	n/a	n/a	n/a	n/a	n/a	pee	172.6470192	159	true	172.5546699	172.9632439
172.6470192	0.0	cv_transition	/intervals/trials	159	cv_transition_time	n/a	n/a	n/a	n/a	n/a	n/a	n/a	n/a	n/a	pee	172.6470192	159	true	172.5546699	172.9632439
173.3719864	0.4884685000000104	trials	/intervals/trials	160	start_time	n/a	n/a	n/a	n/a	n/a	n/a	n/a	n/a	n/a	lee	173.4915594	160	true	173.3719864	173.8604549
173.4915594	0.0	cv_transition	/intervals/trials	160	cv_transition_time	n/a	n/a	n/a	n/a	n/a	n/a	n/a	n/a	n/a	lee	173.4915594	160	true	173.3719864	173.8604549
174.2128138	0.5393506000000059	trials	/intervals/trials	161	start_time	n/a	n/a	n/a	n/a	n/a	n/a	n/a	n/a	n/a	wee	174.290409	161	true	174.2128138	174.7521644
174.290409	0.0	cv_transition	/intervals/trials	161	cv_transition_time	n/a	n/a	n/a	n/a	n/a	n/a	n/a	n/a	n/a	wee	174.290409	161	true	174.2128138	174.7521644
175.0727219	0.5075493999999878	trials	/intervals/trials	162	start_time	n/a	n/a	n/a	n/a	n/a	n/a	n/a	n/a	n/a	yaa	175.1783024	162	true	175.0727219	175.5802713
175.1783024	0.0	cv_transition	/intervals/trials	162	cv_transition_time	n/a	n/a	n/a	n/a	n/a	n/a	n/a	n/a	n/a	yaa	175.1783024	162	true	175.0727219	175.5802713
176.7810085	0.5736822999999731	trials	/intervals/trials	163	start_time	n/a	n/a	n/a	n/a	n/a	n/a	n/a	n/a	n/a	shaa	177.0037333	163	true	176.7810085	177.3546908
177.0037333	0.0	cv_transition	/intervals/trials	163	cv_transition_time	n/a	n/a	n/a	n/a	n/a	n/a	n/a	n/a	n/a	shaa	177.0037333	163	true	176.7810085	177.3546908
177.8190854	0.3828881000000024	trials	/intervals/trials	164	start_time	n/a	n/a	n/a	n/a	n/a	n/a	n/a	n/a	n/a	doo	177.8775999	164	true	177.8190854	178.2019735
177.8775999	0.0	cv_transition	/intervals/trials	164	cv_transition_time	n/a	n/a	n/a	n/a	n/a	n/a	n/a	n/a	n/a	doo	177.8775999	164	true	177.8190854	178.2019735
178.5454279	0.48210829999999305	trials	/intervals/trials	165	start_time	n/a	n/a	n/a	n/a	n/a	n/a	n/a	n/a	n/a	woo	178.6331996	165	true	178.5454279	179.0275362
178.6331996	0.0	cv_transition	/intervals/trials	165	cv_transition_time	n/a	n/a	n/a	n/a	n/a	n/a	n/a	n/a	n/a	woo	178.6331996	165	true	178.5454279	179.0275362
179.973944	0.47320390000001566	trials	/intervals/trials	166	start_time	n/a	n/a	n/a	n/a	n/a	n/a	n/a	n/a	n/a	raa	180.1011494	166	true	179.973944	180.4471479
180.1011494	0.0	cv_transition	/intervals/trials	166	cv_transition_time	n/a	n/a	n/a	n/a	n/a	n/a	n/a	n/a	n/a	raa	180.1011494	166	true	179.973944	180.4471479
180.6596792	0.644832799999989	trials	/intervals/trials	167	start_time	n/a	n/a	n/a	n/a	n/a	n/a	n/a	n/a	n/a	shee	180.9666048	167	true	180.6596792	181.304512
180.9666048	0.0	cv_transition	/intervals/trials	167	cv_transition_time	n/a	n/a	n/a	n/a	n/a	n/a	n/a	n/a	n/a	shee	180.9666048	167	true	180.6596792	181.304512
181.6211984	0.4877805000000137	trials	/intervals/trials	168	start_time	n/a	n/a	n/a	n/a	n/a	n/a	n/a	n/a	n/a	yoo	181.7980687	168	true	181.6211984	182.1089789
181.7980687	0.0	cv_transition	/intervals/trials	168	cv_transition_time	n/a	n/a	n/a	n/a	n/a	n/a	n/a	n/a	n/a	yoo	181.7980687	168	true	181.6211984	182.1089789
182.5702052	0.34983069999998406	trials	/intervals/trials	169	start_time	n/a	n/a	n/a	n/a	n/a	n/a	n/a	n/a	n/a	baa	182.6070947	169	true	182.5702052	182.9200359
182.6070947	0.0	cv_transition	/intervals/trials	169	cv_transition_time	n/a	n/a	n/a	n/a	n/a	n/a	n/a	n/a	n/a	baa	182.6070947	169	true	182.5702052	182.9200359
183.2780535	0.5277421000000118	trials	/intervals/trials	170	start_time	n/a	n/a	n/a	n/a	n/a	n/a	n/a	n/a	n/a	zee	183.4573198	170	true	183.2780535	183.8057956
183.4573198	0.0	cv_transition	/intervals/trials	170	cv_transition_time	n/a	n/a	n/a	n/a	n/a	n/a	n/a	n/a	n/a	zee	183.4573198	170	true	183.2780535	183.8057956
184.2395727	0.39862350000001356	trials	/intervals/trials	171	start_time	n/a	n/a	n/a	n/a	n/a	n/a	n/a	n/a	n/a	gee	184.3129089	171	true	184.2395727	184.6381962
184.3129089	0.0	cv_transition	/intervals/trials	171	cv_transition_time	n/a	n/a	n/a	n/a	n/a	n/a	n/a	n/a	n/a	gee	184.3129089	171	true	184.2395727	184.6381962
185.0734326	0.47720270000002074	trials	/intervals/trials	172	start_time	n/a	n/a	n/a	n/a	n/a	n/a	n/a	n/a	n/a	kee	185.1957236	172	true	185.0734326	185.5506353
185.1957236	0.0	cv_transition	/intervals/trials	172	cv_transition_time	n/a	n/a	n/a	n/a	n/a	n/a	n/a	n/a	n/a	kee	185.1957236	172	true	185.0734326	185.5506353
185.9068015	0.4869062999999869	trials	/intervals/trials	173	start_time	n/a	n/a	n/a	n/a	n/a	n/a	n/a	n/a	n/a	ree	185.9869409	173	true	185.9068015	186.3937078
185.9869409	0.0	cv_transition	/intervals/trials	173	cv_transition_time	n/a	n/a	n/a	n/a	n/a	n/a	n/a	n/a	n/a	ree	185.9869409	173	true	185.9068015	186.3937078
186.7476289	0.553182100000015	trials	/intervals/trials	174	start_time	n/a	n/a	n/a	n/a	n/a	n/a	n/a	n/a	n/a	thee	186.9193561	174	true	186.7476289	187.300811
186.9193561	0.0	cv_transition	/intervals/trials	174	cv_transition_time	n/a	n/a	n/a	n/a	n/a	n/a	n/a	n/a	n/a	thee	186.9193561	174	true	186.7476289	187.300811
187.6836584	0.45559699999998315	trials	/intervals/trials	175	start_time	n/a	n/a	n/a	n/a	n/a	n/a	n/a	n/a	n/a	voo	187.8047053	175	true	187.6836584	188.1392554
187.8047053	0.0	cv_transition	/intervals/trials	175	cv_transition_time	n/a	n/a	n/a	n/a	n/a	n/a	n/a	n/a	n/a	voo	187.8047053	175	true	187.6836584	188.1392554
188.533592	0.4907150999999885	trials	/intervals/trials	176	start_time	n/a	n/a	n/a	n/a	n/a	n/a	n/a	n/a	n/a	noo	188.6722458	176	true	188.533592	189.0243071
188.6722458	0.0	cv_transition	/intervals/trials	176	cv_transition_time	n/a	n/a	n/a	n/a	n/a	n/a	n/a	n/a	n/a	noo	188.6722458	176	true	188.533592	189.0243071
189.4609189	0.3892484000000138	trials	/intervals/trials	177	start_time	n/a	n/a	n/a	n/a	n/a	n/a	n/a	n/a	n/a	dee	189.5054408	177	true	189.4609189	189.8501673
189.5054408	0.0	cv_transition	/intervals/trials	177	cv_transition_time	n/a	n/a	n/a	n/a	n/a	n/a	n/a	n/a	n/a	dee	189.5054408	177	true	189.4609189	189.8501673
190.2534083	0.47193180000002144	trials	/intervals/trials	178	start_time	n/a	n/a	n/a	n/a	n/a	n/a	n/a	n/a	n/a	yee	190.342452	178	true	190.2534083	190.7253401
190.342452	0.0	cv_transition	/intervals/trials	178	cv_transition_time	n/a	n/a	n/a	n/a	n/a	n/a	n/a	n/a	n/a	yee	190.342452	178	true	190.2534083	190.7253401
191.1358926	0.43027490000000057	trials	/intervals/trials	179	start_time	n/a	n/a	n/a	n/a	n/a	n/a	n/a	n/a	n/a	koo	191.2519703	179	true	191.1358926	191.5661675
191.2519703	0.0	cv_transition	/intervals/trials	179	cv_transition_time	n/a	n/a	n/a	n/a	n/a	n/a	n/a	n/a	n/a	koo	191.2519703	179	true	191.1358926	191.5661675
191.9528717	0.4864122999999836	trials	/intervals/trials	180	start_time	n/a	n/a	n/a	n/a	n/a	n/a	n/a	n/a	n/a	fee	192.0946957	180	true	191.9528717	192.439284
192.0946957	0.0	cv_transition	/intervals/trials	180	cv_transition_time	n/a	n/a	n/a	n/a	n/a	n/a	n/a	n/a	n/a	fee	192.0946957	180	true	191.9528717	192.439284
192.7954639	0.4650788000000148	trials	/intervals/trials	181	start_time	n/a	n/a	n/a	n/a	n/a	n/a	n/a	n/a	n/a	hee	192.9530009	181	true	192.7954639	193.2605427
192.9530009	0.0	cv_transition	/intervals/trials	181	cv_transition_time	n/a	n/a	n/a	n/a	n/a	n/a	n/a	n/a	n/a	hee	192.9530009	181	true	192.7954639	193.2605427
193.6663278	0.46443700000000376	trials	/intervals/trials	182	start_time	n/a	n/a	n/a	n/a	n/a	n/a	n/a	n/a	n/a	vaa	193.8058739	182	true	193.6663278	194.1307648
193.8058739	0.0	cv_transition	/intervals/trials	182	cv_transition_time	n/a	n/a	n/a	n/a	n/a	n/a	n/a	n/a	n/a	vaa	193.8058739	182	true	193.6663278	194.1307648
194.527508	0.5210317999999745	trials	/intervals/trials	183	start_time	n/a	n/a	n/a	n/a	n/a	n/a	n/a	n/a	n/a	loo	194.6801544	183	true	194.527508	195.0485398
194.6801544	0.0	cv_transition	/intervals/trials	183	cv_transition_time	n/a	n/a	n/a	n/a	n/a	n/a	n/a	n/a	n/a	loo	194.6801544	183	true	194.527508	195.0485398
195.454835	0.44140260000000353	trials	/intervals/trials	184	start_time	n/a	n/a	n/a	n/a	n/a	n/a	n/a	n/a	n/a	hoo	195.5782242	184	true	195.454835	195.8962376
195.5782242	0.0	cv_transition	/intervals/trials	184	cv_transition_time	n/a	n/a	n/a	n/a	n/a	n/a	n/a	n/a	n/a	hoo	195.5782242	184	true	195.454835	195.8962376
196.2884404	0.46134499999999434	trials	/intervals/trials	185	start_time	n/a	n/a	n/a	n/a	n/a	n/a	n/a	n/a	n/a	kaa	196.3943705	185	true	196.2884404	196.7497854
196.3943705	0.0	cv_transition	/intervals/trials	185	cv_transition_time	n/a	n/a	n/a	n/a	n/a	n/a	n/a	n/a	n/a	kaa	196.3943705	185	true	196.2884404	196.7497854
197.2146496	0.39512289999998984	trials	/intervals/trials	186	start_time	n/a	n/a	n/a	n/a	n/a	n/a	n/a	n/a	n/a	poo	197.3069989	186	true	197.2146496	197.6097725
197.3069989	0.0	cv_transition	/intervals/trials	186	cv_transition_time	n/a	n/a	n/a	n/a	n/a	n/a	n/a	n/a	n/a	poo	197.3069989	186	true	197.2146496	197.6097725
198.0675225	0.3479710999999952	trials	/intervals/trials	187	start_time	n/a	n/a	n/a	n/a	n/a	n/a	n/a	n/a	n/a	bee	198.0974003	187	true	198.0675225	198.4154936
198.0974003	0.0	cv_transition	/intervals/trials	187	cv_transition_time	n/a	n/a	n/a	n/a	n/a	n/a	n/a	n/a	n/a	bee	198.0974003	187	true	198.0675225	198.4154936
198.8361947	0.4029993999999988	trials	/intervals/trials	188	start_time	n/a	n/a	n/a	n/a	n/a	n/a	n/a	n/a	n/a	paa	198.9339763	188	true	198.8361947	199.2391941
198.9339763	0.0	cv_transition	/intervals/trials	188	cv_transition_time	n/a	n/a	n/a	n/a	n/a	n/a	n/a	n/a	n/a	paa	198.9339763	188	true	198.8361947	199.2391941
199.6293122	0.4023713000000271	trials	/intervals/trials	189	start_time	n/a	n/a	n/a	n/a	n/a	n/a	n/a	n/a	n/a	taa	199.7488231	189	true	199.6293122	200.0316835
199.7488231	0.0	cv_transition	/intervals/trials	189	cv_transition_time	n/a	n/a	n/a	n/a	n/a	n/a	n/a	n/a	n/a	taa	199.7488231	189	true	199.6293122	200.0316835
200.4132995	0.430029200000007	trials	/intervals/trials	190	start_time	n/a	n/a	n/a	n/a	n/a	n/a	n/a	n/a	n/a	naa	200.5379607	190	true	200.4132995	200.8433287
200.5379607	0.0	cv_transition	/intervals/trials	190	cv_transition_time	n/a	n/a	n/a	n/a	n/a	n/a	n/a	n/a	n/a	naa	200.5379607	190	true	200.4132995	200.8433287
201.2508573	0.48537779999998065	trials	/intervals/trials	191	start_time	n/a	n/a	n/a	n/a	n/a	n/a	n/a	n/a	n/a	saa	201.4274074	191	true	201.2508573	201.7362351
201.4274074	0.0	cv_transition	/intervals/trials	191	cv_transition_time	n/a	n/a	n/a	n/a	n/a	n/a	n/a	n/a	n/a	saa	201.4274074	191	true	201.2508573	201.7362351
202.0792849	0.48124089999998887	trials	/intervals/trials	192	start_time	n/a	n/a	n/a	n/a	n/a	n/a	n/a	n/a	n/a	shoo	202.2857127	192	true	202.0792849	202.5605258
202.2857127	0.0	cv_transition	/intervals/trials	192	cv_transition_time	n/a	n/a	n/a	n/a	n/a	n/a	n/a	n/a	n/a	shoo	202.2857127	192	true	202.0792849	202.5605258
202.9973456	0.452345600000001	trials	/intervals/trials	193	start_time	n/a	n/a	n/a	n/a	n/a	n/a	n/a	n/a	n/a	foo	203.1467341	193	true	202.9973456	203.4496912
203.1467341	0.0	cv_transition	/intervals/trials	193	cv_transition_time	n/a	n/a	n/a	n/a	n/a	n/a	n/a	n/a	n/a	foo	203.1467341	193	true	202.9973456	203.4496912
204.0213363	0.3436873999999932	trials	/intervals/trials	194	start_time	n/a	n/a	n/a	n/a	n/a	n/a	n/a	n/a	n/a	daa	204.062821	194	true	204.0213363	204.3650237
204.062821	0.0	cv_transition	/intervals/trials	194	cv_transition_time	n/a	n/a	n/a	n/a	n/a	n/a	n/a	n/a	n/a	daa	204.062821	194	true	204.0213363	204.3650237
204.6759299	0.4986657999999977	trials	/intervals/trials	195	start_time	n/a	n/a	n/a	n/a	n/a	n/a	n/a	n/a	n/a	faa	204.8660608	195	true	204.6759299	205.1745957
204.8660608	0.0	cv_transition	/intervals/trials	195	cv_transition_time	n/a	n/a	n/a	n/a	n/a	n/a	n/a	n/a	n/a	faa	204.8660608	195	true	204.6759299	205.1745957
205.5193222	0.3714396000000022	trials	/intervals/trials	196	start_time	n/a	n/a	n/a	n/a	n/a	n/a	n/a	n/a	n/a	goo	205.5776937	196	true	205.5193222	205.8907618
205.5776937	0.0	cv_transition	/intervals/trials	196	cv_transition_time	n/a	n/a	n/a	n/a	n/a	n/a	n/a	n/a	n/a	goo	205.5776937	196	true	205.5193222	205.8907618
206.7672067	0.4999170000000106	trials	/intervals/trials	197	start_time	n/a	n/a	n/a	n/a	n/a	n/a	n/a	n/a	n/a	mee	206.9300295	197	true	206.7672067	207.2671237
206.9300295	0.0	cv_transition	/intervals/trials	197	cv_transition_time	n/a	n/a	n/a	n/a	n/a	n/a	n/a	n/a	n/a	mee	206.9300295	197	true	206.7672067	207.2671237
207.6283914	0.5037287000000106	trials	/intervals/trials	198	start_time	n/a	n/a	n/a	n/a	n/a	n/a	n/a	n/a	n/a	zaa	207.7967931	198	true	207.6283914	208.1321201
207.7967931	0.0	cv_transition	/intervals/trials	198	cv_transition_time	n/a	n/a	n/a	n/a	n/a	n/a	n/a	n/a	n/a	zaa	207.7967931	198	true	207.6283914	208.1321201
208.334592	0.5353191000000095	trials	/intervals/trials	199	start_time	n/a	n/a	n/a	n/a	n/a	n/a	n/a	n/a	n/a	see	208.5491683	199	true	208.334592	208.8699111
208.5491683	0.0	cv_transition	/intervals/trials	199	cv_transition_time	n/a	n/a	n/a	n/a	n/a	n/a	n/a	n/a	n/a	see	208.5491683	199	true	208.334592	208.8699111
209.2608011	0.46146759999999176	trials	/intervals/trials	200	start_time	n/a	n/a	n/a	n/a	n/a	n/a	n/a	n/a	n/a	zoo	209.4264866	200	true	209.2608011	209.7222687
209.4264866	0.0	cv_transition	/intervals/trials	200	cv_transition_time	n/a	n/a	n/a	n/a	n/a	n/a	n/a	n/a	n/a	zoo	209.4264866	200	true	209.2608011	209.7222687
210.2277526	0.3962833999999873	trials	/intervals/trials	201	start_time	n/a	n/a	n/a	n/a	n/a	n/a	n/a	n/a	n/a	too	210.3336827	201	true	210.2277526	210.624036
210.3336827	0.0	cv_transition	/intervals/trials	201	cv_transition_time	n/a	n/a	n/a	n/a	n/a	n/a	n/a	n/a	n/a	too	210.3336827	201	true	210.2277526	210.624036
211.0317348	0.4887326999999857	trials	/intervals/trials	202	start_time	n/a	n/a	n/a	n/a	n/a	n/a	n/a	n/a	n/a	vee	211.191988	202	true	211.0317348	211.5204675
211.191988	0.0	cv_transition	/intervals/trials	202	cv_transition_time	n/a	n/a	n/a	n/a	n/a	n/a	n/a	n/a	n/a	vee	211.191988	202	true	211.0317348	211.5204675
211.8791754	0.5377234999999985	trials	/intervals/trials	203	start_time	n/a	n/a	n/a	n/a	n/a	n/a	n/a	n/a	n/a	thaa	212.0665902	203	true	211.8791754	212.4168989
212.0665902	0.0	cv_transition	/intervals/trials	203	cv_transition_time	n/a	n/a	n/a	n/a	n/a	n/a	n/a	n/a	n/a	thaa	212.0665902	203	true	211.8791754	212.4168989
212.9982317	0.39513709999999946	trials	/intervals/trials	204	start_time	n/a	n/a	n/a	n/a	n/a	n/a	n/a	n/a	n/a	moo	213.0797164	204	true	212.9982317	213.3933688
213.0797164	0.0	cv_transition	/intervals/trials	204	cv_transition_time	n/a	n/a	n/a	n/a	n/a	n/a	n/a	n/a	n/a	moo	213.0797164	204	true	212.9982317	213.3933688
213.7075305	0.5022313000000054	trials	/intervals/trials	205	start_time	n/a	n/a	n/a	n/a	n/a	n/a	n/a	n/a	n/a	thoo	213.8919783	205	true	213.7075305	214.2097618
213.8919783	0.0	cv_transition	/intervals/trials	205	cv_transition_time	n/a	n/a	n/a	n/a	n/a	n/a	n/a	n/a	n/a	thoo	213.8919783	205	true	213.7075305	214.2097618
214.6361296	0.47006360000000313	trials	/intervals/trials	206	start_time	n/a	n/a	n/a	n/a	n/a	n/a	n/a	n/a	n/a	nee	214.7964083	206	true	214.6361296	215.1061932
214.7964083	0.0	cv_transition	/intervals/trials	206	cv_transition_time	n/a	n/a	n/a	n/a	n/a	n/a	n/a	n/a	n/a	nee	214.7964083	206	true	214.6361296	215.1061932
215.5774492	0.37271160000000236	trials	/intervals/trials	207	start_time	n/a	n/a	n/a	n/a	n/a	n/a	n/a	n/a	n/a	boo	215.6232431	207	true	215.5774492	215.9501608
215.6232431	0.0	cv_transition	/intervals/trials	207	cv_transition_time	n/a	n/a	n/a	n/a	n/a	n/a	n/a	n/a	n/a	boo	215.6232431	207	true	215.5774492	215.9501608
216.1460571	0.6356090999999822	trials	/intervals/trials	208	start_time	n/a	n/a	n/a	n/a	n/a	n/a	n/a	n/a	n/a	laa	216.4151558	208	true	216.1460571	216.7816662
216.4151558	0.0	cv_transition	/intervals/trials	208	cv_transition_time	n/a	n/a	n/a	n/a	n/a	n/a	n/a	n/a	n/a	laa	216.4151558	208	true	216.1460571	216.7816662
217.0441268	0.4312066000000243	trials	/intervals/trials	209	start_time	n/a	n/a	n/a	n/a	n/a	n/a	n/a	n/a	n/a	maa	217.1853248	209	true	217.0441268	217.4753334
217.15675147810842	0.12110364936560813	invalid_times	/intervals/invalid_times	20	start_time	n/a	n/a	n/a	n/a	20	217.15675147810842	217.27785512747403	"[""ECoG artifact""]"	"[{""idx_start"":662709,""count"":370,""timeseries"":""/acquisition/ElectricalSeries""}]"	n/a	n/a	n/a	n/a	n/a	n/a
217.1853248	0.0	cv_transition	/intervals/trials	209	cv_transition_time	n/a	n/a	n/a	n/a	n/a	n/a	n/a	n/a	n/a	maa	217.1853248	209	true	217.0441268	217.4753334
217.8221246	0.5656480000000101	trials	/intervals/trials	210	start_time	n/a	n/a	n/a	n/a	n/a	n/a	n/a	n/a	n/a	soo	218.0801594	210	true	217.8221246	218.3877726
218.0801594	0.0	cv_transition	/intervals/trials	210	cv_transition_time	n/a	n/a	n/a	n/a	n/a	n/a	n/a	n/a	n/a	soo	218.0801594	210	true	217.8221246	218.3877726
218.7792078	0.43885850000000914	trials	/intervals/trials	211	start_time	n/a	n/a	n/a	n/a	n/a	n/a	n/a	n/a	n/a	roo	218.8733398	211	true	218.7792078	219.2180663
218.8733398	0.0	cv_transition	/intervals/trials	211	cv_transition_time	n/a	n/a	n/a	n/a	n/a	n/a	n/a	n/a	n/a	roo	218.8733398	211	true	218.7792078	219.2180663
219.6989884	0.3909366999999975	trials	/intervals/trials	212	start_time	n/a	n/a	n/a	n/a	n/a	n/a	n/a	n/a	n/a	tee	219.7940538	212	true	219.6989884	220.0899251
219.7940538	0.0	cv_transition	/intervals/trials	212	cv_transition_time	n/a	n/a	n/a	n/a	n/a	n/a	n/a	n/a	n/a	tee	219.7940538	212	true	219.6989884	220.0899251
220.4649443	0.4253659999999968	trials	/intervals/trials	213	start_time	n/a	n/a	n/a	n/a	n/a	n/a	n/a	n/a	n/a	haa	220.5763067	213	true	220.4649443	220.8903103
220.5763067	0.0	cv_transition	/intervals/trials	213	cv_transition_time	n/a	n/a	n/a	n/a	n/a	n/a	n/a	n/a	n/a	haa	220.5763067	213	true	220.4649443	220.8903103
221.2648003	0.4312311000000193	trials	/intervals/trials	214	start_time	n/a	n/a	n/a	n/a	n/a	n/a	n/a	n/a	n/a	waa	221.4136306	214	true	221.2648003	221.6960314
221.4136306	0.0	cv_transition	/intervals/trials	214	cv_transition_time	n/a	n/a	n/a	n/a	n/a	n/a	n/a	n/a	n/a	waa	221.4136306	214	true	221.2648003	221.6960314
222.1245156	0.40597790000001055	trials	/intervals/trials	215	start_time	n/a	n/a	n/a	n/a	n/a	n/a	n/a	n/a	n/a	pee	222.231561	215	true	222.1245156	222.5304935
222.231561	0.0	cv_transition	/intervals/trials	215	cv_transition_time	n/a	n/a	n/a	n/a	n/a	n/a	n/a	n/a	n/a	pee	222.231561	215	true	222.1245156	222.5304935
223.9030393	0.4999170000000106	trials	/intervals/trials	216	start_time	n/a	n/a	n/a	n/a	n/a	n/a	n/a	n/a	n/a	wee	223.9933551	216	true	223.9030393	224.4029563
223.9933551	0.0	cv_transition	/intervals/trials	216	cv_transition_time	n/a	n/a	n/a	n/a	n/a	n/a	n/a	n/a	n/a	wee	223.9933551	216	true	223.9030393	224.4029563
224.5263455	0.5099602000000232	trials	/intervals/trials	217	start_time	n/a	n/a	n/a	n/a	n/a	n/a	n/a	n/a	n/a	yaa	224.6357421	217	true	224.5263455	225.0363057
224.6357421	0.0	cv_transition	/intervals/trials	217	cv_transition_time	n/a	n/a	n/a	n/a	n/a	n/a	n/a	n/a	n/a	yaa	224.6357421	217	true	224.5263455	225.0363057
225.4137804	0.36955150000000003	trials	/intervals/trials	218	start_time	n/a	n/a	n/a	n/a	n/a	n/a	n/a	n/a	n/a	gaa	225.4638489	218	true	225.4137804	225.7833319
225.4638489	0.0	cv_transition	/intervals/trials	218	cv_transition_time	n/a	n/a	n/a	n/a	n/a	n/a	n/a	n/a	n/a	gaa	225.4638489	218	true	225.4137804	225.7833319
226.0693464	0.5011890000000108	trials	/intervals/trials	219	start_time	n/a	n/a	n/a	n/a	n/a	n/a	n/a	n/a	n/a	shaa	226.2817793	219	true	226.0693464	226.5705354
226.2817793	0.0	cv_transition	/intervals/trials	219	cv_transition_time	n/a	n/a	n/a	n/a	n/a	n/a	n/a	n/a	n/a	shaa	226.2817793	219	true	226.0693464	226.5705354
227.0407578	0.34261979999999426	trials	/intervals/trials	220	start_time	n/a	n/a	n/a	n/a	n/a	n/a	n/a	n/a	n/a	doo	227.0869325	220	true	227.0407578	227.3833776
227.0869325	0.0	cv_transition	/intervals/trials	220	cv_transition_time	n/a	n/a	n/a	n/a	n/a	n/a	n/a	n/a	n/a	doo	227.0869325	220	true	227.0407578	227.3833776
227.653053	0.5367703999999947	trials	/intervals/trials	221	start_time	n/a	n/a	n/a	n/a	n/a	n/a	n/a	n/a	n/a	woo	227.8616697	221	true	227.653053	228.1898234
227.8616697	0.0	cv_transition	/intervals/trials	221	cv_transition_time	n/a	n/a	n/a	n/a	n/a	n/a	n/a	n/a	n/a	woo	227.8616697	221	true	227.653053	228.1898234
230.54204020927338	0.10380086034604119	invalid_times	/intervals/invalid_times	0	start_time	n/a	n/a	n/a	n/a	0	230.54204020927338	230.64584106961942	"[""ECoG artifact""]"	"[{""idx_start"":703558,""count"":317,""timeseries"":""/acquisition/ElectricalSeries""}]"	n/a	n/a	n/a	n/a	n/a	n/a
230.8548116	0.49611659999999347	trials	/intervals/trials	222	start_time	n/a	n/a	n/a	n/a	n/a	n/a	n/a	n/a	n/a	raa	230.9896493	222	true	230.8548116	231.3509282
230.9896493	0.0	cv_transition	/intervals/trials	222	cv_transition_time	n/a	n/a	n/a	n/a	n/a	n/a	n/a	n/a	n/a	raa	230.9896493	222	true	230.8548116	231.3509282
231.565	0.5672472999999911	trials	/intervals/trials	223	start_time	n/a	n/a	n/a	n/a	n/a	n/a	n/a	n/a	n/a	shee	231.785	223	true	231.565	232.1322473
231.785	0.0	cv_transition	/intervals/trials	223	cv_transition_time	n/a	n/a	n/a	n/a	n/a	n/a	n/a	n/a	n/a	shee	231.785	223	true	231.565	232.1322473
233.8975	0.5423700000000053	trials	/intervals/trials	224	start_time	n/a	n/a	n/a	n/a	n/a	n/a	n/a	n/a	n/a	zee	234.0975	224	true	233.8975	234.43987
234.0975	0.0	cv_transition	/intervals/trials	224	cv_transition_time	n/a	n/a	n/a	n/a	n/a	n/a	n/a	n/a	n/a	zee	234.0975	224	true	233.8975	234.43987
234.8236185	0.37422979999999484	trials	/intervals/trials	225	start_time	n/a	n/a	n/a	n/a	n/a	n/a	n/a	n/a	n/a	gee	234.88	225	true	234.8236185	235.1978483
234.88	0.0	cv_transition	/intervals/trials	225	cv_transition_time	n/a	n/a	n/a	n/a	n/a	n/a	n/a	n/a	n/a	gee	234.88	225	true	234.8236185	235.1978483
235.6025	0.4543903	trials	/intervals/trials	226	start_time	n/a	n/a	n/a	n/a	n/a	n/a	n/a	n/a	n/a	kee	235.735	226	true	235.6025	236.0568903
235.735	0.0	cv_transition	/intervals/trials	226	cv_transition_time	n/a	n/a	n/a	n/a	n/a	n/a	n/a	n/a	n/a	kee	235.735	226	true	235.6025	236.0568903
236.4950968	0.44329419999999686	trials	/intervals/trials	227	start_time	n/a	n/a	n/a	n/a	n/a	n/a	n/a	n/a	n/a	ree	236.6083095	227	true	236.4950968	236.938391
236.6083095	0.0	cv_transition	/intervals/trials	227	cv_transition_time	n/a	n/a	n/a	n/a	n/a	n/a	n/a	n/a	n/a	ree	236.6083095	227	true	236.4950968	236.938391
237.22	0.5493597999999906	trials	/intervals/trials	228	start_time	n/a	n/a	n/a	n/a	n/a	n/a	n/a	n/a	n/a	thee	237.4225	228	true	237.22	237.7693598
237.4225	0.0	cv_transition	/intervals/trials	228	cv_transition_time	n/a	n/a	n/a	n/a	n/a	n/a	n/a	n/a	n/a	thee	237.4225	228	true	237.22	237.7693598
238.2175	0.4171906999999919	trials	/intervals/trials	229	start_time	n/a	n/a	n/a	n/a	n/a	n/a	n/a	n/a	n/a	voo	238.3243097	229	true	238.2175	238.6346907
238.3243097	0.0	cv_transition	/intervals/trials	229	cv_transition_time	n/a	n/a	n/a	n/a	n/a	n/a	n/a	n/a	n/a	voo	238.3243097	229	true	238.2175	238.6346907
239.163865	0.5406227000000001	trials	/intervals/trials	230	start_time	n/a	n/a	n/a	n/a	n/a	n/a	n/a	n/a	n/a	noo	239.3737538	230	true	239.163865	239.7044877
239.3737538	0.0	cv_transition	/intervals/trials	230	cv_transition_time	n/a	n/a	n/a	n/a	n/a	n/a	n/a	n/a	n/a	noo	239.3737538	230	true	239.163865	239.7044877
240.2120371	0.4207960999999898	trials	/intervals/trials	231	start_time	n/a	n/a	n/a	n/a	n/a	n/a	n/a	n/a	n/a	dee	240.2489266	231	true	240.2120371	240.6328332
240.2489266	0.0	cv_transition	/intervals/trials	231	cv_transition_time	n/a	n/a	n/a	n/a	n/a	n/a	n/a	n/a	n/a	dee	240.2489266	231	true	240.2120371	240.6328332
241.018519	0.5482550000000117	trials	/intervals/trials	232	start_time	n/a	n/a	n/a	n/a	n/a	n/a	n/a	n/a	n/a	yee	241.089754	232	true	241.018519	241.566774
241.089754	0.0	cv_transition	/intervals/trials	232	cv_transition_time	n/a	n/a	n/a	n/a	n/a	n/a	n/a	n/a	n/a	yee	241.089754	232	true	241.018519	241.566774
241.8008319	0.46048330000002125	trials	/intervals/trials	233	start_time	n/a	n/a	n/a	n/a	n/a	n/a	n/a	n/a	n/a	koo	241.922949	233	true	241.8008319	242.2613152
241.922949	0.0	cv_transition	/intervals/trials	233	cv_transition_time	n/a	n/a	n/a	n/a	n/a	n/a	n/a	n/a	n/a	koo	241.922949	233	true	241.8008319	242.2613152
242.7523279	0.5081632999999783	trials	/intervals/trials	234	start_time	n/a	n/a	n/a	n/a	n/a	n/a	n/a	n/a	n/a	fee	242.9525	234	true	242.7523279	243.2604912
242.9525	0.0	cv_transition	/intervals/trials	234	cv_transition_time	n/a	n/a	n/a	n/a	n/a	n/a	n/a	n/a	n/a	fee	242.9525	234	true	242.7523279	243.2604912
243.52	0.48724009999997975	trials	/intervals/trials	235	start_time	n/a	n/a	n/a	n/a	n/a	n/a	n/a	n/a	n/a	hee	243.6875	235	true	243.52	244.0072401
243.6875	0.0	cv_transition	/intervals/trials	235	cv_transition_time	n/a	n/a	n/a	n/a	n/a	n/a	n/a	n/a	n/a	hee	243.6875	235	true	243.52	244.0072401
244.39	0.4313649000000055	trials	/intervals/trials	236	start_time	n/a	n/a	n/a	n/a	n/a	n/a	n/a	n/a	n/a	vaa	244.5125	236	true	244.39	244.8213649
244.5125	0.0	cv_transition	/intervals/trials	236	cv_transition_time	n/a	n/a	n/a	n/a	n/a	n/a	n/a	n/a	n/a	vaa	244.5125	236	true	244.39	244.8213649
245.180678	0.4997290000000021	trials	/intervals/trials	237	start_time	n/a	n/a	n/a	n/a	n/a	n/a	n/a	n/a	n/a	loo	245.3727581	237	true	245.180678	245.680407
245.3727581	0.0	cv_transition	/intervals/trials	237	cv_transition_time	n/a	n/a	n/a	n/a	n/a	n/a	n/a	n/a	n/a	loo	245.3727581	237	true	245.180678	245.680407
246.1275	0.46248090000000275	trials	/intervals/trials	238	start_time	n/a	n/a	n/a	n/a	n/a	n/a	n/a	n/a	n/a	hoo	246.27	238	true	246.1275	246.5899809
246.27	0.0	cv_transition	/intervals/trials	238	cv_transition_time	n/a	n/a	n/a	n/a	n/a	n/a	n/a	n/a	n/a	hoo	246.27	238	true	246.1275	246.5899809
247.185	0.38193069999999807	trials	/intervals/trials	239	start_time	n/a	n/a	n/a	n/a	n/a	n/a	n/a	n/a	n/a	kaa	247.255	239	true	247.185	247.5669307
247.23448913494815	0.07785064525953089	invalid_times	/intervals/invalid_times	19	start_time	n/a	n/a	n/a	n/a	19	247.23448913494815	247.31233978020768	"[""ECoG artifact""]"	"[{""idx_start"":754499,""count"":238,""timeseries"":""/acquisition/ElectricalSeries""}]"	n/a	n/a	n/a	n/a	n/a	n/a
247.255	0.0	cv_transition	/intervals/trials	239	cv_transition_time	n/a	n/a	n/a	n/a	n/a	n/a	n/a	n/a	n/a	kaa	247.255	239	true	247.185	247.5669307
248.0225	0.4090874000000042	trials	/intervals/trials	240	start_time	n/a	n/a	n/a	n/a	n/a	n/a	n/a	n/a	n/a	poo	248.1267539	240	true	248.0225	248.4315874
248.1267539	0.0	cv_transition	/intervals/trials	240	cv_transition_time	n/a	n/a	n/a	n/a	n/a	n/a	n/a	n/a	n/a	poo	248.1267539	240	true	248.0225	248.4315874
249.0706176	0.3940661000000034	trials	/intervals/trials	241	start_time	n/a	n/a	n/a	n/a	n/a	n/a	n/a	n/a	n/a	bee	249.0973307	241	true	249.0706176	249.4646837
249.0973307	0.0	cv_transition	/intervals/trials	241	cv_transition_time	n/a	n/a	n/a	n/a	n/a	n/a	n/a	n/a	n/a	bee	249.0973307	241	true	249.0706176	249.4646837
249.8675	0.44499639999997953	trials	/intervals/trials	242	start_time	n/a	n/a	n/a	n/a	n/a	n/a	n/a	n/a	n/a	taa	249.97	242	true	249.8675	250.3124964
249.97	0.0	cv_transition	/intervals/trials	242	cv_transition_time	n/a	n/a	n/a	n/a	n/a	n/a	n/a	n/a	n/a	taa	249.97	242	true	249.8675	250.3124964
250.5425	0.46059880000001385	trials	/intervals/trials	243	start_time	n/a	n/a	n/a	n/a	n/a	n/a	n/a	n/a	n/a	naa	250.73	243	true	250.5425	251.0030988
250.73	0.0	cv_transition	/intervals/trials	243	cv_transition_time	n/a	n/a	n/a	n/a	n/a	n/a	n/a	n/a	n/a	naa	250.73	243	true	250.5425	251.0030988
251.37	0.45283829999999625	trials	/intervals/trials	244	start_time	n/a	n/a	n/a	n/a	n/a	n/a	n/a	n/a	n/a	saa	251.545	244	true	251.37	251.8228383
251.545	0.0	cv_transition	/intervals/trials	244	cv_transition_time	n/a	n/a	n/a	n/a	n/a	n/a	n/a	n/a	n/a	saa	251.545	244	true	251.37	251.8228383
252.205	0.49733029999998735	trials	/intervals/trials	245	start_time	n/a	n/a	n/a	n/a	n/a	n/a	n/a	n/a	n/a	shoo	252.4275	245	true	252.205	252.7023303
252.4275	0.0	cv_transition	/intervals/trials	245	cv_transition_time	n/a	n/a	n/a	n/a	n/a	n/a	n/a	n/a	n/a	shoo	252.4275	245	true	252.205	252.7023303
253.12	0.4193415000000016	trials	/intervals/trials	246	start_time	n/a	n/a	n/a	n/a	n/a	n/a	n/a	n/a	n/a	foo	253.25	246	true	253.12	253.5393415
253.25	0.0	cv_transition	/intervals/trials	246	cv_transition_time	n/a	n/a	n/a	n/a	n/a	n/a	n/a	n/a	n/a	foo	253.25	246	true	253.12	253.5393415
254.045	0.3325057000000129	trials	/intervals/trials	247	start_time	n/a	n/a	n/a	n/a	n/a	n/a	n/a	n/a	n/a	daa	254.0725	247	true	254.045	254.3775057
254.0725	0.0	cv_transition	/intervals/trials	247	cv_transition_time	n/a	n/a	n/a	n/a	n/a	n/a	n/a	n/a	n/a	daa	254.0725	247	true	254.045	254.3775057
254.8177552	0.42440720000001875	trials	/intervals/trials	248	start_time	n/a	n/a	n/a	n/a	n/a	n/a	n/a	n/a	n/a	faa	254.94	248	true	254.8177552	255.2421624
254.94	0.0	cv_transition	/intervals/trials	248	cv_transition_time	n/a	n/a	n/a	n/a	n/a	n/a	n/a	n/a	n/a	faa	254.94	248	true	254.8177552	255.2421624
255.74	0.3612044999999853	trials	/intervals/trials	249	start_time	n/a	n/a	n/a	n/a	n/a	n/a	n/a	n/a	n/a	goo	255.7975	249	true	255.74	256.1012045
255.7975	0.0	cv_transition	/intervals/trials	249	cv_transition_time	n/a	n/a	n/a	n/a	n/a	n/a	n/a	n/a	n/a	goo	255.7975	249	true	255.74	256.1012045
256.4625204	0.49772609999996575	trials	/intervals/trials	250	start_time	n/a	n/a	n/a	n/a	n/a	n/a	n/a	n/a	n/a	mee	256.645	250	true	256.4625204	256.9602465
256.645	0.0	cv_transition	/intervals/trials	250	cv_transition_time	n/a	n/a	n/a	n/a	n/a	n/a	n/a	n/a	n/a	mee	256.645	250	true	256.4625204	256.9602465
257.3822151	0.4314588000000299	trials	/intervals/trials	251	start_time	n/a	n/a	n/a	n/a	n/a	n/a	n/a	n/a	n/a	zaa	257.53	251	true	257.3822151	257.8136739
257.53	0.0	cv_transition	/intervals/trials	251	cv_transition_time	n/a	n/a	n/a	n/a	n/a	n/a	n/a	n/a	n/a	zaa	257.53	251	true	257.3822151	257.8136739
258.1375	0.48468400000001566	trials	/intervals/trials	252	start_time	n/a	n/a	n/a	n/a	n/a	n/a	n/a	n/a	n/a	see	258.345	252	true	258.1375	258.622184
258.345	0.0	cv_transition	/intervals/trials	252	cv_transition_time	n/a	n/a	n/a	n/a	n/a	n/a	n/a	n/a	n/a	see	258.345	252	true	258.1375	258.622184
259.095	0.4704458999999588	trials	/intervals/trials	253	start_time	n/a	n/a	n/a	n/a	n/a	n/a	n/a	n/a	n/a	zoo	259.255	253	true	259.095	259.5654459
259.255	0.0	cv_transition	/intervals/trials	253	cv_transition_time	n/a	n/a	n/a	n/a	n/a	n/a	n/a	n/a	n/a	zoo	259.255	253	true	259.095	259.5654459
259.9725	0.4015848999999889	trials	/intervals/trials	254	start_time	n/a	n/a	n/a	n/a	n/a	n/a	n/a	n/a	n/a	too	260.0975	254	true	259.9725	260.3740849
260.0975	0.0	cv_transition	/intervals/trials	254	cv_transition_time	n/a	n/a	n/a	n/a	n/a	n/a	n/a	n/a	n/a	too	260.0975	254	true	259.9725	260.3740849
260.9425	0.3747179000000074	trials	/intervals/trials	255	start_time	n/a	n/a	n/a	n/a	n/a	n/a	n/a	n/a	n/a	vee	261.0	255	true	260.9425	261.3172179
261.0	0.0	cv_transition	/intervals/trials	255	cv_transition_time	n/a	n/a	n/a	n/a	n/a	n/a	n/a	n/a	n/a	vee	261.0	255	true	260.9425	261.3172179
261.68	0.4962598999999841	trials	/intervals/trials	256	start_time	n/a	n/a	n/a	n/a	n/a	n/a	n/a	n/a	n/a	thaa	261.84	256	true	261.68	262.1762599
261.84	0.0	cv_transition	/intervals/trials	256	cv_transition_time	n/a	n/a	n/a	n/a	n/a	n/a	n/a	n/a	n/a	thaa	261.84	256	true	261.68	262.1762599
262.6777738	0.42490399999996953	trials	/intervals/trials	257	start_time	n/a	n/a	n/a	n/a	n/a	n/a	n/a	n/a	n/a	moo	262.7604572	257	true	262.6777738	263.1026778
262.7604572	0.0	cv_transition	/intervals/trials	257	cv_transition_time	n/a	n/a	n/a	n/a	n/a	n/a	n/a	n/a	n/a	moo	262.7604572	257	true	262.6777738	263.1026778
263.5225	0.5402836000000093	trials	/intervals/trials	258	start_time	n/a	n/a	n/a	n/a	n/a	n/a	n/a	n/a	n/a	thoo	263.715	258	true	263.5225	264.0627836
263.715	0.0	cv_transition	/intervals/trials	258	cv_transition_time	n/a	n/a	n/a	n/a	n/a	n/a	n/a	n/a	n/a	thoo	263.715	258	true	263.5225	264.0627836
264.5464203	0.4259371999999644	trials	/intervals/trials	259	start_time	n/a	n/a	n/a	n/a	n/a	n/a	n/a	n/a	n/a	nee	264.66	259	true	264.5464203	264.9723575
264.66	0.0	cv_transition	/intervals/trials	259	cv_transition_time	n/a	n/a	n/a	n/a	n/a	n/a	n/a	n/a	n/a	nee	264.66	259	true	264.5464203	264.9723575
265.47	0.4231606999999826	trials	/intervals/trials	260	start_time	n/a	n/a	n/a	n/a	n/a	n/a	n/a	n/a	n/a	boo	265.5208133	260	true	265.47	265.8931607
265.5208133	0.0	cv_transition	/intervals/trials	260	cv_transition_time	n/a	n/a	n/a	n/a	n/a	n/a	n/a	n/a	n/a	boo	265.5208133	260	true	265.47	265.8931607
266.273869	0.48956309999999803	trials	/intervals/trials	261	start_time	n/a	n/a	n/a	n/a	n/a	n/a	n/a	n/a	n/a	laa	266.3972582	261	true	266.273869	266.7634321
266.3972582	0.0	cv_transition	/intervals/trials	261	cv_transition_time	n/a	n/a	n/a	n/a	n/a	n/a	n/a	n/a	n/a	laa	266.3972582	261	true	266.273869	266.7634321
267.2037401	0.37381679999998596	trials	/intervals/trials	262	start_time	n/a	n/a	n/a	n/a	n/a	n/a	n/a	n/a	n/a	maa	267.297872	262	true	267.2037401	267.5775569
267.297872	0.0	cv_transition	/intervals/trials	262	cv_transition_time	n/a	n/a	n/a	n/a	n/a	n/a	n/a	n/a	n/a	maa	267.297872	262	true	267.2037401	267.5775569
267.9575	0.6138506000000348	trials	/intervals/trials	263	start_time	n/a	n/a	n/a	n/a	n/a	n/a	n/a	n/a	n/a	soo	268.28	263	true	267.9575	268.5713506
268.28	0.0	cv_transition	/intervals/trials	263	cv_transition_time	n/a	n/a	n/a	n/a	n/a	n/a	n/a	n/a	n/a	soo	268.28	263	true	267.9575	268.5713506
269.010056	0.3978779999999915	trials	/intervals/trials	264	start_time	n/a	n/a	n/a	n/a	n/a	n/a	n/a	n/a	n/a	roo	269.0990998	264	true	269.010056	269.407934
269.0990998	0.0	cv_transition	/intervals/trials	264	cv_transition_time	n/a	n/a	n/a	n/a	n/a	n/a	n/a	n/a	n/a	roo	269.0990998	264	true	269.010056	269.407934
269.8525	0.40886139999997795	trials	/intervals/trials	265	start_time	n/a	n/a	n/a	n/a	n/a	n/a	n/a	n/a	n/a	tee	269.9730005	265	true	269.8525	270.2613614
269.9730005	0.0	cv_transition	/intervals/trials	265	cv_transition_time	n/a	n/a	n/a	n/a	n/a	n/a	n/a	n/a	n/a	tee	269.9730005	265	true	269.8525	270.2613614
270.735	0.407861999999966	trials	/intervals/trials	266	start_time	n/a	n/a	n/a	n/a	n/a	n/a	n/a	n/a	n/a	haa	270.8325	266	true	270.735	271.142862
270.8325	0.0	cv_transition	/intervals/trials	266	cv_transition_time	n/a	n/a	n/a	n/a	n/a	n/a	n/a	n/a	n/a	haa	270.8325	266	true	270.735	271.142862
271.5796041	0.433529300000032	trials	/intervals/trials	267	start_time	n/a	n/a	n/a	n/a	n/a	n/a	n/a	n/a	n/a	waa	271.6444788	267	true	271.5796041	272.0131334
271.6444788	0.0	cv_transition	/intervals/trials	267	cv_transition_time	n/a	n/a	n/a	n/a	n/a	n/a	n/a	n/a	n/a	waa	271.6444788	267	true	271.5796041	272.0131334
272.51	0.45762450000000854	trials	/intervals/trials	268	start_time	n/a	n/a	n/a	n/a	n/a	n/a	n/a	n/a	n/a	pee	272.615	268	true	272.51	272.9676245
272.615	0.0	cv_transition	/intervals/trials	268	cv_transition_time	n/a	n/a	n/a	n/a	n/a	n/a	n/a	n/a	n/a	pee	272.615	268	true	272.51	272.9676245
273.3057807	0.41420740000000933	trials	/intervals/trials	269	start_time	n/a	n/a	n/a	n/a	n/a	n/a	n/a	n/a	n/a	lee	273.4202655	269	true	273.3057807	273.7199881
273.4202655	0.0	cv_transition	/intervals/trials	269	cv_transition_time	n/a	n/a	n/a	n/a	n/a	n/a	n/a	n/a	n/a	lee	273.4202655	269	true	273.3057807	273.7199881
274.1198949	0.48720850000000837	trials	/intervals/trials	270	start_time	n/a	n/a	n/a	n/a	n/a	n/a	n/a	n/a	n/a	wee	274.1796814	270	true	274.1198949	274.6071034
274.1796814	0.0	cv_transition	/intervals/trials	270	cv_transition_time	n/a	n/a	n/a	n/a	n/a	n/a	n/a	n/a	n/a	wee	274.1796814	270	true	274.1198949	274.6071034
274.9569061	0.4867807999999627	trials	/intervals/trials	271	start_time	n/a	n/a	n/a	n/a	n/a	n/a	n/a	n/a	n/a	yaa	275.072663	271	true	274.9569061	275.4436869
275.072663	0.0	cv_transition	/intervals/trials	271	cv_transition_time	n/a	n/a	n/a	n/a	n/a	n/a	n/a	n/a	n/a	yaa	275.072663	271	true	274.9569061	275.4436869
275.965	0.38264610000004495	trials	/intervals/trials	272	start_time	n/a	n/a	n/a	n/a	n/a	n/a	n/a	n/a	n/a	taa	276.0525	272	true	275.965	276.3476461
276.0525	0.0	cv_transition	/intervals/trials	272	cv_transition_time	n/a	n/a	n/a	n/a	n/a	n/a	n/a	n/a	n/a	taa	276.0525	272	true	275.965	276.3476461
276.8	0.5021373000000153	trials	/intervals/trials	273	start_time	n/a	n/a	n/a	n/a	n/a	n/a	n/a	n/a	n/a	shaa	276.96	273	true	276.8	277.3021373
276.96	0.0	cv_transition	/intervals/trials	273	cv_transition_time	n/a	n/a	n/a	n/a	n/a	n/a	n/a	n/a	n/a	shaa	276.96	273	true	276.8	277.3021373
277.20862595986165	0.13840114712803597	invalid_times	/intervals/invalid_times	18	start_time	n/a	n/a	n/a	n/a	18	277.20862595986165	277.3470271069897	"[""ECoG artifact""]"	"[{""idx_start"":845973,""count"":422,""timeseries"":""/acquisition/ElectricalSeries""}]"	n/a	n/a	n/a	n/a	n/a	n/a
277.81	0.42978449999998247	trials	/intervals/trials	274	start_time	n/a	n/a	n/a	n/a	n/a	n/a	n/a	n/a	n/a	doo	277.85	274	true	277.81	278.2397845
277.85	0.0	cv_transition	/intervals/trials	274	cv_transition_time	n/a	n/a	n/a	n/a	n/a	n/a	n/a	n/a	n/a	doo	277.85	274	true	277.81	278.2397845
278.6496774	0.43504230000002053	trials	/intervals/trials	275	start_time	n/a	n/a	n/a	n/a	n/a	n/a	n/a	n/a	n/a	woo	278.7298168	275	true	278.6496774	279.0847197
278.7298168	0.0	cv_transition	/intervals/trials	275	cv_transition_time	n/a	n/a	n/a	n/a	n/a	n/a	n/a	n/a	n/a	woo	278.7298168	275	true	278.6496774	279.0847197
280.2677294	0.448117400000001	trials	/intervals/trials	276	start_time	n/a	n/a	n/a	n/a	n/a	n/a	n/a	n/a	n/a	raa	280.3783981	276	true	280.2677294	280.7158468
280.3783981	0.0	cv_transition	/intervals/trials	276	cv_transition_time	n/a	n/a	n/a	n/a	n/a	n/a	n/a	n/a	n/a	raa	280.3783981	276	true	280.2677294	280.7158468
280.9332414	0.6304181000000426	trials	/intervals/trials	277	start_time	n/a	n/a	n/a	n/a	n/a	n/a	n/a	n/a	n/a	shee	281.2038003	277	true	280.9332414	281.5636595
281.2038003	0.0	cv_transition	/intervals/trials	277	cv_transition_time	n/a	n/a	n/a	n/a	n/a	n/a	n/a	n/a	n/a	shee	281.2038003	277	true	280.9332414	281.5636595
281.8895976	0.4668436999999699	trials	/intervals/trials	278	start_time	n/a	n/a	n/a	n/a	n/a	n/a	n/a	n/a	n/a	yoo	282.0473323	278	true	281.8895976	282.3564413
282.0473323	0.0	cv_transition	/intervals/trials	278	cv_transition_time	n/a	n/a	n/a	n/a	n/a	n/a	n/a	n/a	n/a	yoo	282.0473323	278	true	281.8895976	282.3564413
282.8996081	0.38213550000000396	trials	/intervals/trials	279	start_time	n/a	n/a	n/a	n/a	n/a	n/a	n/a	n/a	n/a	baa	282.921233	279	true	282.8996081	283.2817436
282.921233	0.0	cv_transition	/intervals/trials	279	cv_transition_time	n/a	n/a	n/a	n/a	n/a	n/a	n/a	n/a	n/a	baa	282.921233	279	true	282.8996081	283.2817436
283.6698777	0.5045958000000041	trials	/intervals/trials	280	start_time	n/a	n/a	n/a	n/a	n/a	n/a	n/a	n/a	n/a	zee	283.8561642	280	true	283.6698777	284.1744735
283.8561642	0.0	cv_transition	/intervals/trials	280	cv_transition_time	n/a	n/a	n/a	n/a	n/a	n/a	n/a	n/a	n/a	zee	283.8561642	280	true	283.6698777	284.1744735
284.7077593	0.42120539999996254	trials	/intervals/trials	281	start_time	n/a	n/a	n/a	n/a	n/a	n/a	n/a	n/a	n/a	gee	284.7720708	281	true	284.7077593	285.1289647
284.7720708	0.0	cv_transition	/intervals/trials	281	cv_transition_time	n/a	n/a	n/a	n/a	n/a	n/a	n/a	n/a	n/a	gee	284.7720708	281	true	284.7077593	285.1289647
285.5637898	0.4522901999999931	trials	/intervals/trials	282	start_time	n/a	n/a	n/a	n/a	n/a	n/a	n/a	n/a	n/a	kee	285.6835453	282	true	285.5637898	286.01608
285.6835453	0.0	cv_transition	/intervals/trials	282	cv_transition_time	n/a	n/a	n/a	n/a	n/a	n/a	n/a	n/a	n/a	kee	285.6835453	282	true	285.5637898	286.01608
286.4562697	0.4356963000000178	trials	/intervals/trials	283	start_time	n/a	n/a	n/a	n/a	n/a	n/a	n/a	n/a	n/a	ree	286.5529457	283	true	286.4562697	286.891966
286.5529457	0.0	cv_transition	/intervals/trials	283	cv_transition_time	n/a	n/a	n/a	n/a	n/a	n/a	n/a	n/a	n/a	ree	286.5529457	283	true	286.4562697	286.891966
287.3246401	0.5330462999999668	trials	/intervals/trials	284	start_time	n/a	n/a	n/a	n/a	n/a	n/a	n/a	n/a	n/a	thee	287.4798788	284	true	287.3246401	287.8576864
287.4798788	0.0	cv_transition	/intervals/trials	284	cv_transition_time	n/a	n/a	n/a	n/a	n/a	n/a	n/a	n/a	n/a	thee	287.4798788	284	true	287.3246401	287.8576864
288.2969311	0.4984024999999974	trials	/intervals/trials	285	start_time	n/a	n/a	n/a	n/a	n/a	n/a	n/a	n/a	n/a	voo	288.415232	285	true	288.2969311	288.7953336
288.415232	0.0	cv_transition	/intervals/trials	285	cv_transition_time	n/a	n/a	n/a	n/a	n/a	n/a	n/a	n/a	n/a	voo	288.415232	285	true	288.2969311	288.7953336
289.2586035	0.4631479999999897	trials	/intervals/trials	286	start_time	n/a	n/a	n/a	n/a	n/a	n/a	n/a	n/a	n/a	noo	289.3565516	286	true	289.2586035	289.7217515
289.3565516	0.0	cv_transition	/intervals/trials	286	cv_transition_time	n/a	n/a	n/a	n/a	n/a	n/a	n/a	n/a	n/a	noo	289.3565516	286	true	289.2586035	289.7217515
290.1854674	0.445857999999987	trials	/intervals/trials	287	start_time	n/a	n/a	n/a	n/a	n/a	n/a	n/a	n/a	n/a	dee	290.2475629	287	true	290.1854674	290.6313254
290.2475629	0.0	cv_transition	/intervals/trials	287	cv_transition_time	n/a	n/a	n/a	n/a	n/a	n/a	n/a	n/a	n/a	dee	290.2475629	287	true	290.1854674	290.6313254
291.0165814	0.44009810000000016	trials	/intervals/trials	288	start_time	n/a	n/a	n/a	n/a	n/a	n/a	n/a	n/a	n/a	yee	291.1437868	288	true	291.0165814	291.4566795
291.1437868	0.0	cv_transition	/intervals/trials	288	cv_transition_time	n/a	n/a	n/a	n/a	n/a	n/a	n/a	n/a	n/a	yee	291.1437868	288	true	291.0165814	291.4566795
291.9463177	0.4760822999999732	trials	/intervals/trials	289	start_time	n/a	n/a	n/a	n/a	n/a	n/a	n/a	n/a	n/a	koo	292.0793794	289	true	291.9463177	292.4224
292.0793794	0.0	cv_transition	/intervals/trials	289	cv_transition_time	n/a	n/a	n/a	n/a	n/a	n/a	n/a	n/a	n/a	koo	292.0793794	289	true	291.9463177	292.4224
292.8200897	0.4613523000000441	trials	/intervals/trials	290	start_time	n/a	n/a	n/a	n/a	n/a	n/a	n/a	n/a	n/a	fee	292.9132329	290	true	292.8200897	293.281442
292.9132329	0.0	cv_transition	/intervals/trials	290	cv_transition_time	n/a	n/a	n/a	n/a	n/a	n/a	n/a	n/a	n/a	fee	292.9132329	290	true	292.8200897	293.281442
293.7337803	0.45162100000004557	trials	/intervals/trials	291	start_time	n/a	n/a	n/a	n/a	n/a	n/a	n/a	n/a	n/a	hee	293.8934544	291	true	293.7337803	294.1854013
293.8934544	0.0	cv_transition	/intervals/trials	291	cv_transition_time	n/a	n/a	n/a	n/a	n/a	n/a	n/a	n/a	n/a	hee	293.8934544	291	true	293.7337803	294.1854013
294.6419339	0.46427059999996345	trials	/intervals/trials	292	start_time	n/a	n/a	n/a	n/a	n/a	n/a	n/a	n/a	n/a	vaa	294.7406141	292	true	294.6419339	295.1062045
294.7406141	0.0	cv_transition	/intervals/trials	292	cv_transition_time	n/a	n/a	n/a	n/a	n/a	n/a	n/a	n/a	n/a	vaa	294.7406141	292	true	294.6419339	295.1062045
295.4865774	0.46182520000002114	trials	/intervals/trials	293	start_time	n/a	n/a	n/a	n/a	n/a	n/a	n/a	n/a	n/a	loo	295.6379518	293	true	295.4865774	295.9484026
295.6379518	0.0	cv_transition	/intervals/trials	293	cv_transition_time	n/a	n/a	n/a	n/a	n/a	n/a	n/a	n/a	n/a	loo	295.6379518	293	true	295.4865774	295.9484026
296.4469778	0.42784269999998514	trials	/intervals/trials	294	start_time	n/a	n/a	n/a	n/a	n/a	n/a	n/a	n/a	n/a	hoo	296.5635599	294	true	296.4469778	296.8748205
296.5635599	0.0	cv_transition	/intervals/trials	294	cv_transition_time	n/a	n/a	n/a	n/a	n/a	n/a	n/a	n/a	n/a	hoo	296.5635599	294	true	296.4469778	296.8748205
297.3530595	0.40326160000000755	trials	/intervals/trials	295	start_time	n/a	n/a	n/a	n/a	n/a	n/a	n/a	n/a	n/a	kaa	297.4639443	295	true	297.3530595	297.7563211
297.4639443	0.0	cv_transition	/intervals/trials	295	cv_transition_time	n/a	n/a	n/a	n/a	n/a	n/a	n/a	n/a	n/a	kaa	297.4639443	295	true	297.3530595	297.7563211
298.2647422	0.3618503000000146	trials	/intervals/trials	296	start_time	n/a	n/a	n/a	n/a	n/a	n/a	n/a	n/a	n/a	poo	298.3554579	296	true	298.2647422	298.6265925
298.3554579	0.0	cv_transition	/intervals/trials	296	cv_transition_time	n/a	n/a	n/a	n/a	n/a	n/a	n/a	n/a	n/a	poo	298.3554579	296	true	298.2647422	298.6265925
299.2735839	0.36364620000000514	trials	/intervals/trials	297	start_time	n/a	n/a	n/a	n/a	n/a	n/a	n/a	n/a	n/a	bee	299.2925614	297	true	299.2735839	299.6372301
299.2925614	0.0	cv_transition	/intervals/trials	297	cv_transition_time	n/a	n/a	n/a	n/a	n/a	n/a	n/a	n/a	n/a	bee	299.2925614	297	true	299.2735839	299.6372301
300.0985666	0.39209089999997104	trials	/intervals/trials	298	start_time	n/a	n/a	n/a	n/a	n/a	n/a	n/a	n/a	n/a	paa	300.1650975	298	true	300.0985666	300.4906575
300.1650975	0.0	cv_transition	/intervals/trials	298	cv_transition_time	n/a	n/a	n/a	n/a	n/a	n/a	n/a	n/a	n/a	paa	300.1650975	298	true	300.0985666	300.4906575
300.8437124	0.39930870000000596	trials	/intervals/trials	299	start_time	n/a	n/a	n/a	n/a	n/a	n/a	n/a	n/a	n/a	taa	300.9545971	299	true	300.8437124	301.2430211
300.9545971	0.0	cv_transition	/intervals/trials	299	cv_transition_time	n/a	n/a	n/a	n/a	n/a	n/a	n/a	n/a	n/a	taa	300.9545971	299	true	300.8437124	301.2430211
301.7170954	0.418655699999988	trials	/intervals/trials	300	start_time	n/a	n/a	n/a	n/a	n/a	n/a	n/a	n/a	n/a	naa	301.8366684	300	true	301.7170954	302.1357511
301.8366684	0.0	cv_transition	/intervals/trials	300	cv_transition_time	n/a	n/a	n/a	n/a	n/a	n/a	n/a	n/a	n/a	naa	301.8366684	300	true	301.7170954	302.1357511
302.5247256	0.48129679999999553	trials	/intervals/trials	301	start_time	n/a	n/a	n/a	n/a	n/a	n/a	n/a	n/a	n/a	saa	302.6755289	301	true	302.5247256	303.0060224
302.6755289	0.0	cv_transition	/intervals/trials	301	cv_transition_time	n/a	n/a	n/a	n/a	n/a	n/a	n/a	n/a	n/a	saa	302.6755289	301	true	302.5247256	303.0060224
303.3408376	0.5336604999999963	trials	/intervals/trials	302	start_time	n/a	n/a	n/a	n/a	n/a	n/a	n/a	n/a	n/a	shoo	303.5315594	302	true	303.3408376	303.8744981
303.5315594	0.0	cv_transition	/intervals/trials	302	cv_transition_time	n/a	n/a	n/a	n/a	n/a	n/a	n/a	n/a	n/a	shoo	303.5315594	302	true	303.3408376	303.8744981
304.2500928	0.4741369999999847	trials	/intervals/trials	303	start_time	n/a	n/a	n/a	n/a	n/a	n/a	n/a	n/a	n/a	foo	304.3920253	303	true	304.2500928	304.7242298
304.3920253	0.0	cv_transition	/intervals/trials	303	cv_transition_time	n/a	n/a	n/a	n/a	n/a	n/a	n/a	n/a	n/a	foo	304.3920253	303	true	304.2500928	304.7242298
305.2170081	0.3605258000000049	trials	/intervals/trials	304	start_time	n/a	n/a	n/a	n/a	n/a	n/a	n/a	n/a	n/a	daa	305.2480558	304	true	305.2170081	305.5775339
305.2480558	0.0	cv_transition	/intervals/trials	304	cv_transition_time	n/a	n/a	n/a	n/a	n/a	n/a	n/a	n/a	n/a	daa	305.2480558	304	true	305.2170081	305.5775339
305.9887661	0.4534244999999828	trials	/intervals/trials	305	start_time	n/a	n/a	n/a	n/a	n/a	n/a	n/a	n/a	n/a	faa	306.135134	305	true	305.9887661	306.4421906
306.135134	0.0	cv_transition	/intervals/trials	305	cv_transition_time	n/a	n/a	n/a	n/a	n/a	n/a	n/a	n/a	n/a	faa	306.135134	305	true	305.9887661	306.4421906
306.9068921	0.3831112000000303	trials	/intervals/trials	306	start_time	n/a	n/a	n/a	n/a	n/a	n/a	n/a	n/a	n/a	goo	306.9778584	306	true	306.9068921	307.2900033
306.9778584	0.0	cv_transition	/intervals/trials	306	cv_transition_time	n/a	n/a	n/a	n/a	n/a	n/a	n/a	n/a	n/a	goo	306.9778584	306	true	306.9068921	307.2900033
307.2865636451212	0.09515078865052828	invalid_times	/intervals/invalid_times	17	start_time	n/a	n/a	n/a	n/a	17	307.2865636451212	307.3817144337717	"[""ECoG artifact""]"	"[{""idx_start"":937764,""count"":290,""timeseries"":""/acquisition/ElectricalSeries""}]"	n/a	n/a	n/a	n/a	n/a	n/a
307.7141333	0.4068388000000027	trials	/intervals/trials	307	start_time	n/a	n/a	n/a	n/a	n/a	n/a	n/a	n/a	n/a	mee	307.8250181	307	true	307.7141333	308.1209721
307.8250181	0.0	cv_transition	/intervals/trials	307	cv_transition_time	n/a	n/a	n/a	n/a	n/a	n/a	n/a	n/a	n/a	mee	307.8250181	307	true	307.7141333	308.1209721
308.5701638	0.43230890000000954	trials	/intervals/trials	308	start_time	n/a	n/a	n/a	n/a	n/a	n/a	n/a	n/a	n/a	zaa	308.6766132	308	true	308.5701638	309.0024727
308.6766132	0.0	cv_transition	/intervals/trials	308	cv_transition_time	n/a	n/a	n/a	n/a	n/a	n/a	n/a	n/a	n/a	zaa	308.6766132	308	true	308.5701638	309.0024727
309.3020033	0.5538967999999613	trials	/intervals/trials	309	start_time	n/a	n/a	n/a	n/a	n/a	n/a	n/a	n/a	n/a	see	309.5725622	309	true	309.3020033	309.8559001
309.5725622	0.0	cv_transition	/intervals/trials	309	cv_transition_time	n/a	n/a	n/a	n/a	n/a	n/a	n/a	n/a	n/a	see	309.5725622	309	true	309.3020033	309.8559001
310.2955309	0.49801639999998315	trials	/intervals/trials	310	start_time	n/a	n/a	n/a	n/a	n/a	n/a	n/a	n/a	n/a	zoo	310.4596404	310	true	310.2955309	310.7935473
310.4596404	0.0	cv_transition	/intervals/trials	310	cv_transition_time	n/a	n/a	n/a	n/a	n/a	n/a	n/a	n/a	n/a	zoo	310.4596404	310	true	310.2955309	310.7935473
311.1515614	0.4504959999999869	trials	/intervals/trials	311	start_time	n/a	n/a	n/a	n/a	n/a	n/a	n/a	n/a	n/a	too	311.2535754	311	true	311.1515614	311.6020574
311.2535754	0.0	cv_transition	/intervals/trials	311	cv_transition_time	n/a	n/a	n/a	n/a	n/a	n/a	n/a	n/a	n/a	too	311.2535754	311	true	311.1515614	311.6020574
311.8567886	0.4527152000000001	trials	/intervals/trials	312	start_time	n/a	n/a	n/a	n/a	n/a	n/a	n/a	n/a	n/a	vee	312.0208981	312	true	311.8567886	312.3095038
312.0208981	0.0	cv_transition	/intervals/trials	312	cv_transition_time	n/a	n/a	n/a	n/a	n/a	n/a	n/a	n/a	n/a	vee	312.0208981	312	true	311.8567886	312.3095038
312.7128191	0.46134140000003754	trials	/intervals/trials	313	start_time	n/a	n/a	n/a	n/a	n/a	n/a	n/a	n/a	n/a	thaa	312.8680578	313	true	312.7128191	313.1741605
312.8680578	0.0	cv_transition	/intervals/trials	313	cv_transition_time	n/a	n/a	n/a	n/a	n/a	n/a	n/a	n/a	n/a	thaa	312.8680578	313	true	312.7128191	313.1741605
313.5853545	0.40854539999997996	trials	/intervals/trials	314	start_time	n/a	n/a	n/a	n/a	n/a	n/a	n/a	n/a	n/a	moo	313.6604056	314	true	313.5853545	313.9938999
313.6604056	0.0	cv_transition	/intervals/trials	314	cv_transition_time	n/a	n/a	n/a	n/a	n/a	n/a	n/a	n/a	n/a	moo	313.6604056	314	true	313.5853545	313.9938999
314.3051246	0.5141295000000241	trials	/intervals/trials	315	start_time	n/a	n/a	n/a	n/a	n/a	n/a	n/a	n/a	n/a	thoo	314.491411	315	true	314.3051246	314.8192541
314.491411	0.0	cv_transition	/intervals/trials	315	cv_transition_time	n/a	n/a	n/a	n/a	n/a	n/a	n/a	n/a	n/a	thoo	314.491411	315	true	314.3051246	314.8192541
315.1868698	0.4072064999999725	trials	/intervals/trials	316	start_time	n/a	n/a	n/a	n/a	n/a	n/a	n/a	n/a	n/a	nee	315.2911782	316	true	315.1868698	315.5940763
315.2911782	0.0	cv_transition	/intervals/trials	316	cv_transition_time	n/a	n/a	n/a	n/a	n/a	n/a	n/a	n/a	n/a	nee	315.2911782	316	true	315.1868698	315.5940763
316.1091086	0.31593649999996387	trials	/intervals/trials	317	start_time	n/a	n/a	n/a	n/a	n/a	n/a	n/a	n/a	n/a	boo	316.1332776	317	true	316.1091086	316.4250451
316.1332776	0.0	cv_transition	/intervals/trials	317	cv_transition_time	n/a	n/a	n/a	n/a	n/a	n/a	n/a	n/a	n/a	boo	316.1332776	317	true	316.1091086	316.4250451
316.8926935	0.35209099999997306	trials	/intervals/trials	318	start_time	n/a	n/a	n/a	n/a	n/a	n/a	n/a	n/a	n/a	laa	316.9575683	318	true	316.8926935	317.2447845
316.9575683	0.0	cv_transition	/intervals/trials	318	cv_transition_time	n/a	n/a	n/a	n/a	n/a	n/a	n/a	n/a	n/a	laa	316.9575683	318	true	316.8926935	317.2447845
317.7157121	0.37016760000000204	trials	/intervals/trials	319	start_time	n/a	n/a	n/a	n/a	n/a	n/a	n/a	n/a	n/a	maa	317.8149323	319	true	317.7157121	318.0858797
317.8149323	0.0	cv_transition	/intervals/trials	319	cv_transition_time	n/a	n/a	n/a	n/a	n/a	n/a	n/a	n/a	n/a	maa	317.8149323	319	true	317.7157121	318.0858797
318.2969766	0.4681797000000074	trials	/intervals/trials	320	start_time	n/a	n/a	n/a	n/a	n/a	n/a	n/a	n/a	n/a	soo	318.527617	320	true	318.2969766	318.7651563
318.527617	0.0	cv_transition	/intervals/trials	320	cv_transition_time	n/a	n/a	n/a	n/a	n/a	n/a	n/a	n/a	n/a	soo	318.527617	320	true	318.2969766	318.7651563
319.1747575	0.3854322000000252	trials	/intervals/trials	321	start_time	n/a	n/a	n/a	n/a	n/a	n/a	n/a	n/a	n/a	roo	319.2612571	321	true	319.1747575	319.5601897
319.2612571	0.0	cv_transition	/intervals/trials	321	cv_transition_time	n/a	n/a	n/a	n/a	n/a	n/a	n/a	n/a	n/a	roo	319.2612571	321	true	319.1747575	319.5601897
319.9513775	0.34787529999999833	trials	/intervals/trials	322	start_time	n/a	n/a	n/a	n/a	n/a	n/a	n/a	n/a	n/a	tee	320.0666977	322	true	319.9513775	320.2992528
320.0666977	0.0	cv_transition	/intervals/trials	322	cv_transition_time	n/a	n/a	n/a	n/a	n/a	n/a	n/a	n/a	n/a	tee	320.0666977	322	true	319.9513775	320.2992528
320.7142648	0.3253230999999914	trials	/intervals/trials	323	start_time	n/a	n/a	n/a	n/a	n/a	n/a	n/a	n/a	n/a	haa	320.8207142	323	true	320.7142648	321.0395879
320.8207142	0.0	cv_transition	/intervals/trials	323	cv_transition_time	n/a	n/a	n/a	n/a	n/a	n/a	n/a	n/a	n/a	haa	320.8207142	323	true	320.7142648	321.0395879
321.4873507	0.34460599999999886	trials	/intervals/trials	324	start_time	n/a	n/a	n/a	n/a	n/a	n/a	n/a	n/a	n/a	waa	321.5471373	324	true	321.4873507	321.8319567
321.5471373	0.0	cv_transition	/intervals/trials	324	cv_transition_time	n/a	n/a	n/a	n/a	n/a	n/a	n/a	n/a	n/a	waa	321.5471373	324	true	321.4873507	321.8319567
322.2489102	0.39717129999996814	trials	/intervals/trials	325	start_time	n/a	n/a	n/a	n/a	n/a	n/a	n/a	n/a	n/a	pee	322.3464888	325	true	322.2489102	322.6460815
322.3464888	0.0	cv_transition	/intervals/trials	325	cv_transition_time	n/a	n/a	n/a	n/a	n/a	n/a	n/a	n/a	n/a	pee	322.3464888	325	true	322.2489102	322.6460815
323.1182468	0.35880339999999933	trials	/intervals/trials	326	start_time	n/a	n/a	n/a	n/a	n/a	n/a	n/a	n/a	n/a	lee	323.2415125	326	true	323.1182468	323.4770502
323.2415125	0.0	cv_transition	/intervals/trials	326	cv_transition_time	n/a	n/a	n/a	n/a	n/a	n/a	n/a	n/a	n/a	lee	323.2415125	326	true	323.1182468	323.4770502
323.8508261	0.4028447999999685	trials	/intervals/trials	327	start_time	n/a	n/a	n/a	n/a	n/a	n/a	n/a	n/a	n/a	wee	323.966583	327	true	323.8508261	324.2536709
323.966583	0.0	cv_transition	/intervals/trials	327	cv_transition_time	n/a	n/a	n/a	n/a	n/a	n/a	n/a	n/a	n/a	wee	323.966583	327	true	323.8508261	324.2536709
324.6344111	0.44843009999999595	trials	/intervals/trials	328	start_time	n/a	n/a	n/a	n/a	n/a	n/a	n/a	n/a	n/a	yaa	324.7323592	328	true	324.6344111	325.0828412
324.7323592	0.0	cv_transition	/intervals/trials	328	cv_transition_time	n/a	n/a	n/a	n/a	n/a	n/a	n/a	n/a	n/a	yaa	324.7323592	328	true	324.6344111	325.0828412
325.5235765	0.30039900000002717	trials	/intervals/trials	329	start_time	n/a	n/a	n/a	n/a	n/a	n/a	n/a	n/a	n/a	gaa	325.5655542	329	true	325.5235765	325.8239755
325.5655542	0.0	cv_transition	/intervals/trials	329	cv_transition_time	n/a	n/a	n/a	n/a	n/a	n/a	n/a	n/a	n/a	gaa	325.5655542	329	true	325.5235765	325.8239755
326.1459865	0.48649920000002567	trials	/intervals/trials	330	start_time	n/a	n/a	n/a	n/a	n/a	n/a	n/a	n/a	n/a	shaa	326.3896459	330	true	326.1459865	326.6324857
326.3896459	0.0	cv_transition	/intervals/trials	330	cv_transition_time	n/a	n/a	n/a	n/a	n/a	n/a	n/a	n/a	n/a	shaa	326.3896459	330	true	326.1459865	326.6324857
327.1174596	0.3676232999999911	trials	/intervals/trials	331	start_time	n/a	n/a	n/a	n/a	n/a	n/a	n/a	n/a	n/a	doo	327.1522681	331	true	327.1174596	327.4850829
327.1522681	0.0	cv_transition	/intervals/trials	331	cv_transition_time	n/a	n/a	n/a	n/a	n/a	n/a	n/a	n/a	n/a	doo	327.1522681	331	true	327.1174596	327.4850829
327.8310815	0.3510486000000128	trials	/intervals/trials	332	start_time	n/a	n/a	n/a	n/a	n/a	n/a	n/a	n/a	n/a	woo	327.8794195	332	true	327.8310815	328.1821301
327.8794195	0.0	cv_transition	/intervals/trials	332	cv_transition_time	n/a	n/a	n/a	n/a	n/a	n/a	n/a	n/a	n/a	woo	327.8794195	332	true	327.8310815	328.1821301
329.5725227	0.4399846000000025	trials	/intervals/trials	333	start_time	n/a	n/a	n/a	n/a	n/a	n/a	n/a	n/a	n/a	raa	329.6946399	333	true	329.5725227	330.0125073
329.6946399	0.0	cv_transition	/intervals/trials	333	cv_transition_time	n/a	n/a	n/a	n/a	n/a	n/a	n/a	n/a	n/a	raa	329.6946399	333	true	329.5725227	330.0125073
330.13314	0.5924282999999946	trials	/intervals/trials	334	start_time	n/a	n/a	n/a	n/a	n/a	n/a	n/a	n/a	n/a	shee	330.4116078	334	true	330.13314	330.7255683
330.4116078	0.0	cv_transition	/intervals/trials	334	cv_transition_time	n/a	n/a	n/a	n/a	n/a	n/a	n/a	n/a	n/a	shee	330.4116078	334	true	330.13314	330.7255683
330.9641492	0.40324099999998	trials	/intervals/trials	335	start_time	n/a	n/a	n/a	n/a	n/a	n/a	n/a	n/a	n/a	yoo	331.0620974	335	true	330.9641492	331.3673902
331.0620974	0.0	cv_transition	/intervals/trials	335	cv_transition_time	n/a	n/a	n/a	n/a	n/a	n/a	n/a	n/a	n/a	yoo	331.0620974	335	true	330.9641492	331.3673902
331.6968521	0.3313158999999928	trials	/intervals/trials	336	start_time	n/a	n/a	n/a	n/a	n/a	n/a	n/a	n/a	n/a	baa	331.7311658	336	true	331.6968521	332.028168
331.7311658	0.0	cv_transition	/intervals/trials	336	cv_transition_time	n/a	n/a	n/a	n/a	n/a	n/a	n/a	n/a	n/a	baa	331.7311658	336	true	331.6968521	332.028168
332.2627862	0.39422300000001087	trials	/intervals/trials	337	start_time	n/a	n/a	n/a	n/a	n/a	n/a	n/a	n/a	n/a	zee	332.4146778	337	true	332.2627862	332.6570092
332.4146778	0.0	cv_transition	/intervals/trials	337	cv_transition_time	n/a	n/a	n/a	n/a	n/a	n/a	n/a	n/a	n/a	zee	332.4146778	337	true	332.2627862	332.6570092
333.1045186	0.34977149999997437	trials	/intervals/trials	338	start_time	n/a	n/a	n/a	n/a	n/a	n/a	n/a	n/a	n/a	gee	333.1836288	338	true	333.1045186	333.4542901
333.1836288	0.0	cv_transition	/intervals/trials	338	cv_transition_time	n/a	n/a	n/a	n/a	n/a	n/a	n/a	n/a	n/a	gee	333.1836288	338	true	333.1045186	333.4542901
333.860812	0.3626855999999634	trials	/intervals/trials	339	start_time	n/a	n/a	n/a	n/a	n/a	n/a	n/a	n/a	n/a	kee	333.9525798	339	true	333.860812	334.2234976
333.9525798	0.0	cv_transition	/intervals/trials	339	cv_transition_time	n/a	n/a	n/a	n/a	n/a	n/a	n/a	n/a	n/a	kee	333.9525798	339	true	333.860812	334.2234976
334.6531044	0.3564447999999629	trials	/intervals/trials	340	start_time	n/a	n/a	n/a	n/a	n/a	n/a	n/a	n/a	n/a	ree	334.716707	340	true	334.6531044	335.0095492
334.716707	0.0	cv_transition	/intervals/trials	340	cv_transition_time	n/a	n/a	n/a	n/a	n/a	n/a	n/a	n/a	n/a	ree	334.716707	340	true	334.6531044	335.0095492
335.3290971	0.47773289999997814	trials	/intervals/trials	341	start_time	n/a	n/a	n/a	n/a	n/a	n/a	n/a	n/a	n/a	thee	335.5316191	341	true	335.3290971	335.80683
335.5316191	0.0	cv_transition	/intervals/trials	341	cv_transition_time	n/a	n/a	n/a	n/a	n/a	n/a	n/a	n/a	n/a	thee	335.5316191	341	true	335.3290971	335.80683
336.1986494	0.4057849999999803	trials	/intervals/trials	342	start_time	n/a	n/a	n/a	n/a	n/a	n/a	n/a	n/a	n/a	voo	336.2942414	342	true	336.1986494	336.6044344
336.2942414	0.0	cv_transition	/intervals/trials	342	cv_transition_time	n/a	n/a	n/a	n/a	n/a	n/a	n/a	n/a	n/a	voo	336.2942414	342	true	336.1986494	336.6044344
337.0496531	0.34612390000000914	trials	/intervals/trials	343	start_time	n/a	n/a	n/a	n/a	n/a	n/a	n/a	n/a	n/a	noo	337.1323366	343	true	337.0496531	337.395777
337.1323366	0.0	cv_transition	/intervals/trials	343	cv_transition_time	n/a	n/a	n/a	n/a	n/a	n/a	n/a	n/a	n/a	noo	337.1323366	343	true	337.0496531	337.395777
337.2605750861362	0.14705443137250995	invalid_times	/intervals/invalid_times	16	start_time	n/a	n/a	n/a	n/a	16	337.2605750861362	337.4076295175087	"[""ECoG artifact""]"	"[{""idx_start"":1029237,""count"":449,""timeseries"":""/acquisition/ElectricalSeries""}]"	n/a	n/a	n/a	n/a	n/a	n/a
337.8922671	0.34009340000000066	trials	/intervals/trials	344	start_time	n/a	n/a	n/a	n/a	n/a	n/a	n/a	n/a	n/a	dee	337.9365688	344	true	337.8922671	338.2323605
337.9365688	0.0	cv_transition	/intervals/trials	344	cv_transition_time	n/a	n/a	n/a	n/a	n/a	n/a	n/a	n/a	n/a	dee	337.9365688	344	true	337.8922671	338.2323605
338.6066466	0.3893068000000426	trials	/intervals/trials	345	start_time	n/a	n/a	n/a	n/a	n/a	n/a	n/a	n/a	n/a	yee	338.6995065	345	true	338.6066466	338.9959534
338.6995065	0.0	cv_transition	/intervals/trials	345	cv_transition_time	n/a	n/a	n/a	n/a	n/a	n/a	n/a	n/a	n/a	yee	338.6995065	345	true	338.6066466	338.9959534
339.3605522	0.40460880000000543	trials	/intervals/trials	346	start_time	n/a	n/a	n/a	n/a	n/a	n/a	n/a	n/a	n/a	koo	339.4902929	346	true	339.3605522	339.765161
339.4902929	0.0	cv_transition	/intervals/trials	346	cv_transition_time	n/a	n/a	n/a	n/a	n/a	n/a	n/a	n/a	n/a	koo	339.4902929	346	true	339.3605522	339.765161
340.1231744	0.43365270000003875	trials	/intervals/trials	347	start_time	n/a	n/a	n/a	n/a	n/a	n/a	n/a	n/a	n/a	fee	340.2687372	347	true	340.1231744	340.5568271
340.2687372	0.0	cv_transition	/intervals/trials	347	cv_transition_time	n/a	n/a	n/a	n/a	n/a	n/a	n/a	n/a	n/a	fee	340.2687372	347	true	340.1231744	340.5568271
340.9206051	0.46157620000002453	trials	/intervals/trials	348	start_time	n/a	n/a	n/a	n/a	n/a	n/a	n/a	n/a	n/a	hee	341.0630034	348	true	340.9206051	341.3821813
341.0630034	0.0	cv_transition	/intervals/trials	348	cv_transition_time	n/a	n/a	n/a	n/a	n/a	n/a	n/a	n/a	n/a	hee	341.0630034	348	true	340.9206051	341.3821813
341.7206336	0.38670419999999694	trials	/intervals/trials	349	start_time	n/a	n/a	n/a	n/a	n/a	n/a	n/a	n/a	n/a	vaa	341.812968	349	true	341.7206336	342.1073378
341.812968	0.0	cv_transition	/intervals/trials	349	cv_transition_time	n/a	n/a	n/a	n/a	n/a	n/a	n/a	n/a	n/a	vaa	341.812968	349	true	341.7206336	342.1073378
342.5093067	0.3832163999999807	trials	/intervals/trials	350	start_time	n/a	n/a	n/a	n/a	n/a	n/a	n/a	n/a	n/a	loo	342.6198919	350	true	342.5093067	342.8925231
342.6198919	0.0	cv_transition	/intervals/trials	350	cv_transition_time	n/a	n/a	n/a	n/a	n/a	n/a	n/a	n/a	n/a	loo	342.6198919	350	true	342.5093067	342.8925231
343.3318836	0.38037899999994806	trials	/intervals/trials	351	start_time	n/a	n/a	n/a	n/a	n/a	n/a	n/a	n/a	n/a	hoo	343.4331446	351	true	343.3318836	343.7122626
343.4331446	0.0	cv_transition	/intervals/trials	351	cv_transition_time	n/a	n/a	n/a	n/a	n/a	n/a	n/a	n/a	n/a	hoo	343.4331446	351	true	343.3318836	343.7122626
344.189438	0.4043252000000166	trials	/intervals/trials	352	start_time	n/a	n/a	n/a	n/a	n/a	n/a	n/a	n/a	n/a	kaa	344.2970279	352	true	344.189438	344.5937632
344.2970279	0.0	cv_transition	/intervals/trials	352	cv_transition_time	n/a	n/a	n/a	n/a	n/a	n/a	n/a	n/a	n/a	kaa	344.2970279	352	true	344.189438	344.5937632
345.0628145	0.369671100000005	trials	/intervals/trials	353	start_time	n/a	n/a	n/a	n/a	n/a	n/a	n/a	n/a	n/a	poo	345.1925552	353	true	345.0628145	345.4324856
345.1925552	0.0	cv_transition	/intervals/trials	353	cv_transition_time	n/a	n/a	n/a	n/a	n/a	n/a	n/a	n/a	n/a	poo	345.1925552	353	true	345.0628145	345.4324856
347.6323134	0.4088472999999908	trials	/intervals/trials	354	start_time	n/a	n/a	n/a	n/a	n/a	n/a	n/a	n/a	n/a	paa	347.7177524	354	true	347.6323134	348.0411607
347.7177524	0.0	cv_transition	/intervals/trials	354	cv_transition_time	n/a	n/a	n/a	n/a	n/a	n/a	n/a	n/a	n/a	paa	347.7177524	354	true	347.6323134	348.0411607
348.4297441	0.3637802000000079	trials	/intervals/trials	355	start_time	n/a	n/a	n/a	n/a	n/a	n/a	n/a	n/a	n/a	taa	348.4961966	355	true	348.4297441	348.7935243
348.4961966	0.0	cv_transition	/intervals/trials	355	cv_transition_time	n/a	n/a	n/a	n/a	n/a	n/a	n/a	n/a	n/a	taa	348.4961966	355	true	348.4297441	348.7935243
349.0413014	0.4540546000000063	trials	/intervals/trials	356	start_time	n/a	n/a	n/a	n/a	n/a	n/a	n/a	n/a	n/a	naa	349.236668	356	true	349.0413014	349.495356
349.236668	0.0	cv_transition	/intervals/trials	356	cv_transition_time	n/a	n/a	n/a	n/a	n/a	n/a	n/a	n/a	n/a	naa	349.236668	356	true	349.0413014	349.495356
349.834741	0.4522812000000158	trials	/intervals/trials	357	start_time	n/a	n/a	n/a	n/a	n/a	n/a	n/a	n/a	n/a	saa	350.0087834	357	true	349.834741	350.2870222
350.0087834	0.0	cv_transition	/intervals/trials	357	cv_transition_time	n/a	n/a	n/a	n/a	n/a	n/a	n/a	n/a	n/a	saa	350.0087834	357	true	349.834741	350.2870222
350.6321717	0.47458999999997786	trials	/intervals/trials	358	start_time	n/a	n/a	n/a	n/a	n/a	n/a	n/a	n/a	n/a	shoo	350.8346938	358	true	350.6321717	351.1067617
350.8346938	0.0	cv_transition	/intervals/trials	358	cv_transition_time	n/a	n/a	n/a	n/a	n/a	n/a	n/a	n/a	n/a	shoo	350.8346938	358	true	350.6321717	351.1067617
351.4739041	0.45259699999996883	trials	/intervals/trials	359	start_time	n/a	n/a	n/a	n/a	n/a	n/a	n/a	n/a	n/a	foo	351.6352889	359	true	351.4739041	351.9265011
351.6352889	0.0	cv_transition	/intervals/trials	359	cv_transition_time	n/a	n/a	n/a	n/a	n/a	n/a	n/a	n/a	n/a	foo	351.6352889	359	true	351.4739041	351.9265011
352.3852534	0.299225999999976	trials	/intervals/trials	360	start_time	n/a	n/a	n/a	n/a	n/a	n/a	n/a	n/a	n/a	daa	352.4200619	360	true	352.3852534	352.6844794
352.4200619	0.0	cv_transition	/intervals/trials	360	cv_transition_time	n/a	n/a	n/a	n/a	n/a	n/a	n/a	n/a	n/a	daa	352.4200619	360	true	352.3852534	352.6844794
353.0597184	0.41081250000002	trials	/intervals/trials	361	start_time	n/a	n/a	n/a	n/a	n/a	n/a	n/a	n/a	n/a	faa	353.204835	361	true	353.0597184	353.4705309
353.204835	0.0	cv_transition	/intervals/trials	361	cv_transition_time	n/a	n/a	n/a	n/a	n/a	n/a	n/a	n/a	n/a	faa	353.204835	361	true	353.0597184	353.4705309
353.9326487	0.3688510000000065	trials	/intervals/trials	362	start_time	n/a	n/a	n/a	n/a	n/a	n/a	n/a	n/a	n/a	goo	354.0022657	362	true	353.9326487	354.3014997
354.0022657	0.0	cv_transition	/intervals/trials	362	cv_transition_time	n/a	n/a	n/a	n/a	n/a	n/a	n/a	n/a	n/a	goo	354.0022657	362	true	353.9326487	354.3014997
354.6667912	0.39830140000003667	trials	/intervals/trials	363	start_time	n/a	n/a	n/a	n/a	n/a	n/a	n/a	n/a	n/a	mee	354.8126081	363	true	354.6667912	355.0650926
354.8126081	0.0	cv_transition	/intervals/trials	363	cv_transition_time	n/a	n/a	n/a	n/a	n/a	n/a	n/a	n/a	n/a	mee	354.8126081	363	true	354.6667912	355.0650926
355.4066571	0.42202839999998787	trials	/intervals/trials	364	start_time	n/a	n/a	n/a	n/a	n/a	n/a	n/a	n/a	n/a	zaa	355.5876338	364	true	355.4066571	355.8286855
355.5876338	0.0	cv_transition	/intervals/trials	364	cv_transition_time	n/a	n/a	n/a	n/a	n/a	n/a	n/a	n/a	n/a	zaa	355.5876338	364	true	355.4066571	355.8286855
356.1572272	0.5024270999999771	trials	/intervals/trials	365	start_time	n/a	n/a	n/a	n/a	n/a	n/a	n/a	n/a	n/a	see	356.3819001	365	true	356.1572272	356.6596543
356.3819001	0.0	cv_transition	/intervals/trials	365	cv_transition_time	n/a	n/a	n/a	n/a	n/a	n/a	n/a	n/a	n/a	see	356.3819001	365	true	356.1572272	356.6596543
357.1112087	0.4355608999999845	trials	/intervals/trials	366	start_time	n/a	n/a	n/a	n/a	n/a	n/a	n/a	n/a	n/a	zoo	357.2426189	366	true	357.1112087	357.5467696
357.2426189	0.0	cv_transition	/intervals/trials	366	cv_transition_time	n/a	n/a	n/a	n/a	n/a	n/a	n/a	n/a	n/a	zoo	357.2426189	366	true	357.1112087	357.5467696
357.9198021	0.3400284999999599	trials	/intervals/trials	367	start_time	n/a	n/a	n/a	n/a	n/a	n/a	n/a	n/a	n/a	too	358.0178988	367	true	357.9198021	358.2598306
358.0178988	0.0	cv_transition	/intervals/trials	367	cv_transition_time	n/a	n/a	n/a	n/a	n/a	n/a	n/a	n/a	n/a	too	358.0178988	367	true	357.9198021	358.2598306
358.7445254	0.3294300000000021	trials	/intervals/trials	368	start_time	n/a	n/a	n/a	n/a	n/a	n/a	n/a	n/a	n/a	vee	358.8216583	368	true	358.7445254	359.0739554
358.8216583	0.0	cv_transition	/intervals/trials	368	cv_transition_time	n/a	n/a	n/a	n/a	n/a	n/a	n/a	n/a	n/a	vee	358.8216583	368	true	358.7445254	359.0739554
359.4228957	0.43711129999996956	trials	/intervals/trials	369	start_time	n/a	n/a	n/a	n/a	n/a	n/a	n/a	n/a	n/a	thaa	359.5937737	369	true	359.4228957	359.860007
359.5937737	0.0	cv_transition	/intervals/trials	369	cv_transition_time	n/a	n/a	n/a	n/a	n/a	n/a	n/a	n/a	n/a	thaa	359.5937737	369	true	359.4228957	359.860007
360.3215874	0.34131509999997434	trials	/intervals/trials	370	start_time	n/a	n/a	n/a	n/a	n/a	n/a	n/a	n/a	n/a	moo	360.4323417	370	true	360.3215874	360.6629025
360.4323417	0.0	cv_transition	/intervals/trials	370	cv_transition_time	n/a	n/a	n/a	n/a	n/a	n/a	n/a	n/a	n/a	moo	360.4323417	370	true	360.3215874	360.6629025
361.0304147	0.4859150999999997	trials	/intervals/trials	371	start_time	n/a	n/a	n/a	n/a	n/a	n/a	n/a	n/a	n/a	thoo	361.2519232	371	true	361.0304147	361.5163298
361.2519232	0.0	cv_transition	/intervals/trials	371	cv_transition_time	n/a	n/a	n/a	n/a	n/a	n/a	n/a	n/a	n/a	thoo	361.2519232	371	true	361.0304147	361.5163298
361.9373797	0.40991889999997966	trials	/intervals/trials	372	start_time	n/a	n/a	n/a	n/a	n/a	n/a	n/a	n/a	n/a	nee	362.0849379	372	true	361.9373797	362.3472986
362.0849379	0.0	cv_transition	/intervals/trials	372	cv_transition_time	n/a	n/a	n/a	n/a	n/a	n/a	n/a	n/a	n/a	nee	362.0849379	372	true	361.9373797	362.3472986
362.8748831	0.3218295000000353	trials	/intervals/trials	373	start_time	n/a	n/a	n/a	n/a	n/a	n/a	n/a	n/a	n/a	boo	362.9244932	373	true	362.8748831	363.1967126
362.9244932	0.0	cv_transition	/intervals/trials	373	cv_transition_time	n/a	n/a	n/a	n/a	n/a	n/a	n/a	n/a	n/a	boo	362.9244932	373	true	362.8748831	363.1967126
363.5592479	0.43314429999998083	trials	/intervals/trials	374	start_time	n/a	n/a	n/a	n/a	n/a	n/a	n/a	n/a	n/a	laa	363.6915415	374	true	363.5592479	363.9923922
363.6915415	0.0	cv_transition	/intervals/trials	374	cv_transition_time	n/a	n/a	n/a	n/a	n/a	n/a	n/a	n/a	n/a	laa	363.6915415	374	true	363.5592479	363.9923922
364.4089796	0.3582347999999911	trials	/intervals/trials	375	start_time	n/a	n/a	n/a	n/a	n/a	n/a	n/a	n/a	n/a	maa	364.5234644	375	true	364.4089796	364.7672144
364.5234644	0.0	cv_transition	/intervals/trials	375	cv_transition_time	n/a	n/a	n/a	n/a	n/a	n/a	n/a	n/a	n/a	maa	364.5234644	375	true	364.4089796	364.7672144
365.1631309	0.5136573999999996	trials	/intervals/trials	376	start_time	n/a	n/a	n/a	n/a	n/a	n/a	n/a	n/a	n/a	soo	365.4036258	376	true	365.1631309	365.6767883
365.4036258	0.0	cv_transition	/intervals/trials	376	cv_transition_time	n/a	n/a	n/a	n/a	n/a	n/a	n/a	n/a	n/a	soo	365.4036258	376	true	365.1631309	365.6767883
366.083002	0.3910671999999522	trials	/intervals/trials	377	start_time	n/a	n/a	n/a	n/a	n/a	n/a	n/a	n/a	n/a	roo	366.178406	377	true	366.083002	366.4740692
366.178406	0.0	cv_transition	/intervals/trials	377	cv_transition_time	n/a	n/a	n/a	n/a	n/a	n/a	n/a	n/a	n/a	roo	366.178406	377	true	366.083002	366.4740692
366.8877329	0.3386998999999946	trials	/intervals/trials	378	start_time	n/a	n/a	n/a	n/a	n/a	n/a	n/a	n/a	n/a	tee	366.9858296	378	true	366.8877329	367.2264328
366.9858296	0.0	cv_transition	/intervals/trials	378	cv_transition_time	n/a	n/a	n/a	n/a	n/a	n/a	n/a	n/a	n/a	tee	366.9858296	378	true	366.8877329	367.2264328
367.3296604035987	0.09515078865052828	invalid_times	/intervals/invalid_times	15	start_time	n/a	n/a	n/a	n/a	15	367.3296604035987	367.42481119224925	"[""ECoG artifact""]"	"[{""idx_start"":1121001,""count"":290,""timeseries"":""/acquisition/ElectricalSeries""}]"	n/a	n/a	n/a	n/a	n/a	n/a
367.6438116	0.3855166999999824	trials	/intervals/trials	379	start_time	n/a	n/a	n/a	n/a	n/a	n/a	n/a	n/a	n/a	haa	367.7357942	379	true	367.6438116	368.0293283
367.7357942	0.0	cv_transition	/intervals/trials	379	cv_transition_time	n/a	n/a	n/a	n/a	n/a	n/a	n/a	n/a	n/a	haa	367.7357942	379	true	367.6438116	368.0293283
368.4566538	0.31380879999994704	trials	/intervals/trials	380	start_time	n/a	n/a	n/a	n/a	n/a	n/a	n/a	n/a	n/a	waa	368.5418814	380	true	368.4566538	368.7704626
368.5418814	0.0	cv_transition	/intervals/trials	380	cv_transition_time	n/a	n/a	n/a	n/a	n/a	n/a	n/a	n/a	n/a	waa	368.5418814	380	true	368.4566538	368.7704626
369.2364226	0.34255009999998265	trials	/intervals/trials	381	start_time	n/a	n/a	n/a	n/a	n/a	n/a	n/a	n/a	n/a	pee	369.3179979	381	true	369.2364226	369.5789727
369.3179979	0.0	cv_transition	/intervals/trials	381	cv_transition_time	n/a	n/a	n/a	n/a	n/a	n/a	n/a	n/a	n/a	pee	369.3179979	381	true	369.2364226	369.5789727
370.0111032	0.38199430000003076	trials	/intervals/trials	382	start_time	n/a	n/a	n/a	n/a	n/a	n/a	n/a	n/a	n/a	lee	370.1370365	382	true	370.0111032	370.3930975
370.1370365	0.0	cv_transition	/intervals/trials	382	cv_transition_time	n/a	n/a	n/a	n/a	n/a	n/a	n/a	n/a	n/a	lee	370.1370365	382	true	370.0111032	370.3930975
370.8417541	0.4057851000000028	trials	/intervals/trials	383	start_time	n/a	n/a	n/a	n/a	n/a	n/a	n/a	n/a	n/a	wee	370.9320699	383	true	370.8417541	371.2475392
370.9320699	0.0	cv_transition	/intervals/trials	383	cv_transition_time	n/a	n/a	n/a	n/a	n/a	n/a	n/a	n/a	n/a	wee	370.9320699	383	true	370.8417541	371.2475392
371.789434	0.43631429999999227	trials	/intervals/trials	384	start_time	n/a	n/a	n/a	n/a	n/a	n/a	n/a	n/a	n/a	yaa	371.8924703	384	true	371.789434	372.2257483
371.8924703	0.0	cv_transition	/intervals/trials	384	cv_transition_time	n/a	n/a	n/a	n/a	n/a	n/a	n/a	n/a	n/a	yaa	371.8924703	384	true	371.789434	372.2257483
372.735558	0.3357293999999911	trials	/intervals/trials	385	start_time	n/a	n/a	n/a	n/a	n/a	n/a	n/a	n/a	n/a	gaa	372.7956817	385	true	372.735558	373.0712874
372.7956817	0.0	cv_transition	/intervals/trials	385	cv_transition_time	n/a	n/a	n/a	n/a	n/a	n/a	n/a	n/a	n/a	gaa	372.7956817	385	true	372.735558	373.0712874
373.41907	0.4719568000000436	trials	/intervals/trials	386	start_time	n/a	n/a	n/a	n/a	n/a	n/a	n/a	n/a	n/a	shaa	373.6089345	386	true	373.41907	373.8910268
373.6089345	0.0	cv_transition	/intervals/trials	386	cv_transition_time	n/a	n/a	n/a	n/a	n/a	n/a	n/a	n/a	n/a	shaa	373.6089345	386	true	373.41907	373.8910268
374.3747211	0.3493402999999944	trials	/intervals/trials	387	start_time	n/a	n/a	n/a	n/a	n/a	n/a	n/a	n/a	n/a	doo	374.4158584	387	true	374.3747211	374.7240614
374.4158584	0.0	cv_transition	/intervals/trials	387	cv_transition_time	n/a	n/a	n/a	n/a	n/a	n/a	n/a	n/a	n/a	doo	374.4158584	387	true	374.3747211	374.7240614
375.1273023	0.43127670000001217	trials	/intervals/trials	388	start_time	n/a	n/a	n/a	n/a	n/a	n/a	n/a	n/a	n/a	woo	375.239243	388	true	375.1273023	375.558579
375.239243	0.0	cv_transition	/intervals/trials	388	cv_transition_time	n/a	n/a	n/a	n/a	n/a	n/a	n/a	n/a	n/a	woo	375.239243	388	true	375.1273023	375.558579
378.3824872	0.43820569999996906	trials	/intervals/trials	389	start_time	n/a	n/a	n/a	n/a	n/a	n/a	n/a	n/a	n/a	raa	378.5135087	389	true	378.3824872	378.8206929
378.5135087	0.0	cv_transition	/intervals/trials	389	cv_transition_time	n/a	n/a	n/a	n/a	n/a	n/a	n/a	n/a	n/a	raa	378.5135087	389	true	378.3824872	378.8206929
378.9884272	0.5897903000000042	trials	/intervals/trials	390	start_time	n/a	n/a	n/a	n/a	n/a	n/a	n/a	n/a	n/a	shee	379.2131001	390	true	378.9884272	379.5782175
379.2131001	0.0	cv_transition	/intervals/trials	390	cv_transition_time	n/a	n/a	n/a	n/a	n/a	n/a	n/a	n/a	n/a	shee	379.2131001	390	true	378.9884272	379.5782175
379.7626653	0.4642995000000383	trials	/intervals/trials	391	start_time	n/a	n/a	n/a	n/a	n/a	n/a	n/a	n/a	n/a	yoo	379.8898706	391	true	379.7626653	380.2269648
379.8898706	0.0	cv_transition	/intervals/trials	391	cv_transition_time	n/a	n/a	n/a	n/a	n/a	n/a	n/a	n/a	n/a	yoo	379.8898706	391	true	379.7626653	380.2269648
380.588228	0.33234540000000834	trials	/intervals/trials	392	start_time	n/a	n/a	n/a	n/a	n/a	n/a	n/a	n/a	n/a	baa	380.613669	392	true	380.588228	380.9205734
380.613669	0.0	cv_transition	/intervals/trials	392	cv_transition_time	n/a	n/a	n/a	n/a	n/a	n/a	n/a	n/a	n/a	baa	380.613669	392	true	380.588228	380.9205734
381.1718683	0.4056195999999659	trials	/intervals/trials	393	start_time	n/a	n/a	n/a	n/a	n/a	n/a	n/a	n/a	n/a	zee	381.3395819	393	true	381.1718683	381.5774879
381.3395819	0.0	cv_transition	/intervals/trials	393	cv_transition_time	n/a	n/a	n/a	n/a	n/a	n/a	n/a	n/a	n/a	zee	381.3395819	393	true	381.1718683	381.5774879
382.0515736	0.3624977000000058	trials	/intervals/trials	394	start_time	n/a	n/a	n/a	n/a	n/a	n/a	n/a	n/a	n/a	gee	382.1053686	394	true	382.0515736	382.4140713
382.1053686	0.0	cv_transition	/intervals/trials	394	cv_transition_time	n/a	n/a	n/a	n/a	n/a	n/a	n/a	n/a	n/a	gee	382.1053686	394	true	382.0515736	382.4140713
382.8395111	0.36061180000001514	trials	/intervals/trials	395	start_time	n/a	n/a	n/a	n/a	n/a	n/a	n/a	n/a	n/a	kee	382.9312789	395	true	382.8395111	383.2001229
382.9312789	0.0	cv_transition	/intervals/trials	395	cv_transition_time	n/a	n/a	n/a	n/a	n/a	n/a	n/a	n/a	n/a	kee	382.9312789	395	true	382.8395111	383.2001229
383.5966345	0.4119984999999815	trials	/intervals/trials	396	start_time	n/a	n/a	n/a	n/a	n/a	n/a	n/a	n/a	n/a	ree	383.6704136	396	true	383.5966345	384.008633
383.6704136	0.0	cv_transition	/intervals/trials	396	cv_transition_time	n/a	n/a	n/a	n/a	n/a	n/a	n/a	n/a	n/a	ree	383.6704136	396	true	383.5966345	384.008633
384.3710843	0.4797467999999867	trials	/intervals/trials	397	start_time	n/a	n/a	n/a	n/a	n/a	n/a	n/a	n/a	n/a	thee	384.5767708	397	true	384.3710843	384.8508311
384.5767708	0.0	cv_transition	/intervals/trials	397	cv_transition_time	n/a	n/a	n/a	n/a	n/a	n/a	n/a	n/a	n/a	thee	384.5767708	397	true	384.3710843	384.8508311
385.3139067	0.3959663999999634	trials	/intervals/trials	398	start_time	n/a	n/a	n/a	n/a	n/a	n/a	n/a	n/a	n/a	voo	385.3991343	398	true	385.3139067	385.7098731
385.3991343	0.0	cv_transition	/intervals/trials	398	cv_transition_time	n/a	n/a	n/a	n/a	n/a	n/a	n/a	n/a	n/a	voo	385.3991343	398	true	385.3139067	385.7098731
386.0974916	0.4235939000000144	trials	/intervals/trials	399	start_time	n/a	n/a	n/a	n/a	n/a	n/a	n/a	n/a	n/a	noo	386.200528	399	true	386.0974916	386.5210855
386.200528	0.0	cv_transition	/intervals/trials	399	cv_transition_time	n/a	n/a	n/a	n/a	n/a	n/a	n/a	n/a	n/a	noo	386.200528	399	true	386.0974916	386.5210855
386.9437476	0.3999898000000144	trials	/intervals/trials	400	start_time	n/a	n/a	n/a	n/a	n/a	n/a	n/a	n/a	n/a	dee	386.9912137	400	true	386.9437476	387.3437374
386.9912137	0.0	cv_transition	/intervals/trials	400	cv_transition_time	n/a	n/a	n/a	n/a	n/a	n/a	n/a	n/a	n/a	dee	386.9912137	400	true	386.9437476	387.3437374
387.5845222	0.38805640000003905	trials	/intervals/trials	401	start_time	n/a	n/a	n/a	n/a	n/a	n/a	n/a	n/a	n/a	yee	387.6455807	401	true	387.5845222	387.9725786
387.6455807	0.0	cv_transition	/intervals/trials	401	cv_transition_time	n/a	n/a	n/a	n/a	n/a	n/a	n/a	n/a	n/a	yee	387.6455807	401	true	387.5845222	387.9725786
388.4011805	0.36306429999996226	trials	/intervals/trials	402	start_time	n/a	n/a	n/a	n/a	n/a	n/a	n/a	n/a	n/a	koo	388.5004007	402	true	388.4011805	388.7642448
388.5004007	0.0	cv_transition	/intervals/trials	402	cv_transition_time	n/a	n/a	n/a	n/a	n/a	n/a	n/a	n/a	n/a	koo	388.5004007	402	true	388.4011805	388.7642448
389.1113667	0.39401240000000826	trials	/intervals/trials	403	start_time	n/a	n/a	n/a	n/a	n/a	n/a	n/a	n/a	n/a	fee	389.2347786	403	true	389.1113667	389.5053791
389.2347786	0.0	cv_transition	/intervals/trials	403	cv_transition_time	n/a	n/a	n/a	n/a	n/a	n/a	n/a	n/a	n/a	fee	389.2347786	403	true	389.1113667	389.5053791
389.8265228	0.40314659999995683	trials	/intervals/trials	404	start_time	n/a	n/a	n/a	n/a	n/a	n/a	n/a	n/a	n/a	hee	389.97525	404	true	389.8265228	390.2296694
389.97525	0.0	cv_transition	/intervals/trials	404	cv_transition_time	n/a	n/a	n/a	n/a	n/a	n/a	n/a	n/a	n/a	hee	389.97525	404	true	389.8265228	390.2296694
390.5789361	0.442399499999965	trials	/intervals/trials	405	start_time	n/a	n/a	n/a	n/a	n/a	n/a	n/a	n/a	n/a	vaa	390.7157213	405	true	390.5789361	391.0213356
390.7157213	0.0	cv_transition	/intervals/trials	405	cv_transition_time	n/a	n/a	n/a	n/a	n/a	n/a	n/a	n/a	n/a	vaa	390.7157213	405	true	390.5789361	391.0213356
391.3650651	0.42547810000002073	trials	/intervals/trials	406	start_time	n/a	n/a	n/a	n/a	n/a	n/a	n/a	n/a	n/a	loo	391.4909984	406	true	391.3650651	391.7905432
391.4909984	0.0	cv_transition	/intervals/trials	406	cv_transition_time	n/a	n/a	n/a	n/a	n/a	n/a	n/a	n/a	n/a	loo	391.4909984	406	true	391.3650651	391.7905432
392.1397047	0.38074349999999413	trials	/intervals/trials	407	start_time	n/a	n/a	n/a	n/a	n/a	n/a	n/a	n/a	n/a	hoo	392.2378013	407	true	392.1397047	392.5204482
392.2378013	0.0	cv_transition	/intervals/trials	407	cv_transition_time	n/a	n/a	n/a	n/a	n/a	n/a	n/a	n/a	n/a	hoo	392.2378013	407	true	392.1397047	392.5204482
392.9086557	0.35292679999997745	trials	/intervals/trials	408	start_time	n/a	n/a	n/a	n/a	n/a	n/a	n/a	n/a	n/a	kaa	392.9940947	408	true	392.9086557	393.2615825
392.9940947	0.0	cv_transition	/intervals/trials	408	cv_transition_time	n/a	n/a	n/a	n/a	n/a	n/a	n/a	n/a	n/a	kaa	392.9940947	408	true	392.9086557	393.2615825
393.6522915	0.4065719000000172	trials	/intervals/trials	409	start_time	n/a	n/a	n/a	n/a	n/a	n/a	n/a	n/a	n/a	poo	393.7408949	409	true	393.6522915	394.0588634
393.7408949	0.0	cv_transition	/intervals/trials	409	cv_transition_time	n/a	n/a	n/a	n/a	n/a	n/a	n/a	n/a	n/a	poo	393.7408949	409	true	393.6522915	394.0588634
394.471873	0.33373929999999064	trials	/intervals/trials	410	start_time	n/a	n/a	n/a	n/a	n/a	n/a	n/a	n/a	n/a	bee	394.5225035	410	true	394.471873	394.8056123
394.5225035	0.0	cv_transition	/intervals/trials	410	cv_transition_time	n/a	n/a	n/a	n/a	n/a	n/a	n/a	n/a	n/a	bee	394.5225035	410	true	394.471873	394.8056123
395.1964903	0.34464170000001104	trials	/intervals/trials	411	start_time	n/a	n/a	n/a	n/a	n/a	n/a	n/a	n/a	n/a	paa	395.2534817	411	true	395.1964903	395.541132
395.2534817	0.0	cv_transition	/intervals/trials	411	cv_transition_time	n/a	n/a	n/a	n/a	n/a	n/a	n/a	n/a	n/a	paa	395.2534817	411	true	395.1964903	395.541132
395.9053496	0.3520332999999596	trials	/intervals/trials	412	start_time	n/a	n/a	n/a	n/a	n/a	n/a	n/a	n/a	n/a	taa	395.9433225	412	true	395.9053496	396.2573829
395.9433225	0.0	cv_transition	/intervals/trials	412	cv_transition_time	n/a	n/a	n/a	n/a	n/a	n/a	n/a	n/a	n/a	taa	395.9433225	412	true	395.9053496	396.2573829
396.6466312	0.32062280000002374	trials	/intervals/trials	413	start_time	n/a	n/a	n/a	n/a	n/a	n/a	n/a	n/a	n/a	naa	396.7000575	413	true	396.6466312	396.967254
396.7000575	0.0	cv_transition	/intervals/trials	413	cv_transition_time	n/a	n/a	n/a	n/a	n/a	n/a	n/a	n/a	n/a	naa	396.7000575	413	true	396.6466312	396.967254
397.2976889	0.4387726999999586	trials	/intervals/trials	414	start_time	n/a	n/a	n/a	n/a	n/a	n/a	n/a	n/a	n/a	saa	397.4748957	414	true	397.2976889	397.7364616
397.4748957	0.0	cv_transition	/intervals/trials	414	cv_transition_time	n/a	n/a	n/a	n/a	n/a	n/a	n/a	n/a	n/a	saa	397.4748957	414	true	397.2976889	397.7364616
398.0413247	0.5148763999999915	trials	/intervals/trials	415	start_time	n/a	n/a	n/a	n/a	n/a	n/a	n/a	n/a	n/a	shoo	398.2565044	415	true	398.0413247	398.5562011
398.2565044	0.0	cv_transition	/intervals/trials	415	cv_transition_time	n/a	n/a	n/a	n/a	n/a	n/a	n/a	n/a	n/a	shoo	398.2565044	415	true	398.0413247	398.5562011
398.8387554	0.4080480999999736	trials	/intervals/trials	416	start_time	n/a	n/a	n/a	n/a	n/a	n/a	n/a	n/a	n/a	foo	398.9716605	416	true	398.8387554	399.2468035
398.9716605	0.0	cv_transition	/intervals/trials	416	cv_transition_time	n/a	n/a	n/a	n/a	n/a	n/a	n/a	n/a	n/a	foo	398.9716605	416	true	398.8387554	399.2468035
399.6741185	0.3243736999999669	trials	/intervals/trials	417	start_time	n/a	n/a	n/a	n/a	n/a	n/a	n/a	n/a	n/a	daa	399.7148243	417	true	399.6741185	399.9984922
399.7148243	0.0	cv_transition	/intervals/trials	417	cv_transition_time	n/a	n/a	n/a	n/a	n/a	n/a	n/a	n/a	n/a	daa	399.7148243	417	true	399.6741185	399.9984922
400.3088732	0.4595014999999876	trials	/intervals/trials	418	start_time	n/a	n/a	n/a	n/a	n/a	n/a	n/a	n/a	n/a	faa	400.4715896	418	true	400.3088732	400.7683747
400.4715896	0.0	cv_transition	/intervals/trials	418	cv_transition_time	n/a	n/a	n/a	n/a	n/a	n/a	n/a	n/a	n/a	faa	400.4715896	418	true	400.3088732	400.7683747
401.1725976	0.38182860000000574	trials	/intervals/trials	419	start_time	n/a	n/a	n/a	n/a	n/a	n/a	n/a	n/a	n/a	goo	401.2342118	419	true	401.1725976	401.5544262
401.2342118	0.0	cv_transition	/intervals/trials	419	cv_transition_time	n/a	n/a	n/a	n/a	n/a	n/a	n/a	n/a	n/a	goo	401.2342118	419	true	401.1725976	401.5544262
401.8607785	0.389864799999998	trials	/intervals/trials	420	start_time	n/a	n/a	n/a	n/a	n/a	n/a	n/a	n/a	n/a	mee	401.9867118	420	true	401.8607785	402.2506433
401.9867118	0.0	cv_transition	/intervals/trials	420	cv_transition_time	n/a	n/a	n/a	n/a	n/a	n/a	n/a	n/a	n/a	mee	401.9867118	420	true	401.8607785	402.2506433
402.6581952	0.38972889999996596	trials	/intervals/trials	421	start_time	n/a	n/a	n/a	n/a	n/a	n/a	n/a	n/a	n/a	zaa	402.7784427	421	true	402.6581952	403.0479241
402.7784427	0.0	cv_transition	/intervals/trials	421	cv_transition_time	n/a	n/a	n/a	n/a	n/a	n/a	n/a	n/a	n/a	zaa	402.7784427	421	true	402.6581952	403.0479241
403.3575292	0.4483731999999918	trials	/intervals/trials	422	start_time	n/a	n/a	n/a	n/a	n/a	n/a	n/a	n/a	n/a	see	403.5410649	422	true	403.3575292	403.8059024
403.5410649	0.0	cv_transition	/intervals/trials	422	cv_transition_time	n/a	n/a	n/a	n/a	n/a	n/a	n/a	n/a	n/a	see	403.5410649	422	true	403.3575292	403.8059024
404.2435633	0.36523460000000796	trials	/intervals/trials	423	start_time	n/a	n/a	n/a	n/a	n/a	n/a	n/a	n/a	n/a	zoo	404.3891261	423	true	404.2435633	404.6087979
404.3891261	0.0	cv_transition	/intervals/trials	423	cv_transition_time	n/a	n/a	n/a	n/a	n/a	n/a	n/a	n/a	n/a	zoo	404.3891261	423	true	404.2435633	404.6087979
405.040994	0.3700857999999698	trials	/intervals/trials	424	start_time	n/a	n/a	n/a	n/a	n/a	n/a	n/a	n/a	n/a	too	405.1359263	424	true	405.040994	405.4110798
405.1359263	0.0	cv_transition	/intervals/trials	424	cv_transition_time	n/a	n/a	n/a	n/a	n/a	n/a	n/a	n/a	n/a	too	405.1359263	424	true	405.040994	405.4110798
405.8550265	0.36517700000001696	trials	/intervals/trials	425	start_time	n/a	n/a	n/a	n/a	n/a	n/a	n/a	n/a	n/a	vee	405.9377099	425	true	405.8550265	406.2202035
405.9377099	0.0	cv_transition	/intervals/trials	425	cv_transition_time	n/a	n/a	n/a	n/a	n/a	n/a	n/a	n/a	n/a	vee	405.9377099	425	true	405.8550265	406.2202035
406.5535808	0.4751329000000055	trials	/intervals/trials	426	start_time	n/a	n/a	n/a	n/a	n/a	n/a	n/a	n/a	n/a	thaa	406.7149656	426	true	406.5535808	407.0287137
406.7149656	0.0	cv_transition	/intervals/trials	426	cv_transition_time	n/a	n/a	n/a	n/a	n/a	n/a	n/a	n/a	n/a	thaa	406.7149656	426	true	406.5535808	407.0287137
407.4260125	0.3777999000000136	trials	/intervals/trials	427	start_time	n/a	n/a	n/a	n/a	n/a	n/a	n/a	n/a	n/a	moo	407.5226886	427	true	407.4260125	407.8038124
407.5226886	0.0	cv_transition	/intervals/trials	427	cv_transition_time	n/a	n/a	n/a	n/a	n/a	n/a	n/a	n/a	n/a	moo	407.5226886	427	true	407.4260125	407.8038124
408.1231269	0.4833045000000311	trials	/intervals/trials	428	start_time	n/a	n/a	n/a	n/a	n/a	n/a	n/a	n/a	n/a	thoo	408.3003337	428	true	408.1231269	408.6064314
408.3003337	0.0	cv_transition	/intervals/trials	428	cv_transition_time	n/a	n/a	n/a	n/a	n/a	n/a	n/a	n/a	n/a	thoo	408.3003337	428	true	408.1231269	408.6064314
408.9996678	0.359127199999989	trials	/intervals/trials	429	start_time	n/a	n/a	n/a	n/a	n/a	n/a	n/a	n/a	n/a	nee	409.0946	429	true	408.9996678	409.358795
409.0946	0.0	cv_transition	/intervals/trials	429	cv_transition_time	n/a	n/a	n/a	n/a	n/a	n/a	n/a	n/a	n/a	nee	409.0946	429	true	408.9996678	409.358795
409.8382358	0.32906930000001466	trials	/intervals/trials	430	start_time	n/a	n/a	n/a	n/a	n/a	n/a	n/a	n/a	n/a	boo	409.8683552	430	true	409.8382358	410.1673051
409.8683552	0.0	cv_transition	/intervals/trials	430	cv_transition_time	n/a	n/a	n/a	n/a	n/a	n/a	n/a	n/a	n/a	boo	409.8683552	430	true	409.8382358	410.1673051
410.5031099	0.5288518999999496	trials	/intervals/trials	431	start_time	n/a	n/a	n/a	n/a	n/a	n/a	n/a	n/a	n/a	laa	410.6264991	431	true	410.5031099	411.0319618
410.6264991	0.0	cv_transition	/intervals/trials	431	cv_transition_time	n/a	n/a	n/a	n/a	n/a	n/a	n/a	n/a	n/a	laa	410.6264991	431	true	410.5031099	411.0319618
411.3603158	0.38940649999995003	trials	/intervals/trials	432	start_time	n/a	n/a	n/a	n/a	n/a	n/a	n/a	n/a	n/a	maa	411.47107	432	true	411.3603158	411.7497223
411.47107	0.0	cv_transition	/intervals/trials	432	cv_transition_time	n/a	n/a	n/a	n/a	n/a	n/a	n/a	n/a	n/a	maa	411.47107	432	true	411.3603158	411.7497223
412.0976227	0.47836890000002086	trials	/intervals/trials	433	start_time	n/a	n/a	n/a	n/a	n/a	n/a	n/a	n/a	n/a	soo	412.3254601	433	true	412.0976227	412.5759916
412.3254601	0.0	cv_transition	/intervals/trials	433	cv_transition_time	n/a	n/a	n/a	n/a	n/a	n/a	n/a	n/a	n/a	soo	412.3254601	433	true	412.0976227	412.5759916
412.9174674	0.4286821000000032	trials	/intervals/trials	434	start_time	n/a	n/a	n/a	n/a	n/a	n/a	n/a	n/a	n/a	roo	413.0764741	434	true	412.9174674	413.3461495
413.0764741	0.0	cv_transition	/intervals/trials	434	cv_transition_time	n/a	n/a	n/a	n/a	n/a	n/a	n/a	n/a	n/a	roo	413.0764741	434	true	412.9174674	413.3461495
413.7937451	0.38242289999999457	trials	/intervals/trials	435	start_time	n/a	n/a	n/a	n/a	n/a	n/a	n/a	n/a	n/a	tee	413.901335	435	true	413.7937451	414.176168
413.901335	0.0	cv_transition	/intervals/trials	435	cv_transition_time	n/a	n/a	n/a	n/a	n/a	n/a	n/a	n/a	n/a	tee	413.901335	435	true	413.7937451	414.176168
414.5317033	0.3841601999999966	trials	/intervals/trials	436	start_time	n/a	n/a	n/a	n/a	n/a	n/a	n/a	n/a	n/a	haa	414.6291487	436	true	414.5317033	414.9158635
414.6291487	0.0	cv_transition	/intervals/trials	436	cv_transition_time	n/a	n/a	n/a	n/a	n/a	n/a	n/a	n/a	n/a	haa	414.6291487	436	true	414.5317033	414.9158635
415.3241926	0.4577663999999686	trials	/intervals/trials	437	start_time	n/a	n/a	n/a	n/a	n/a	n/a	n/a	n/a	n/a	waa	415.40306	437	true	415.3241926	415.781959
415.40306	0.0	cv_transition	/intervals/trials	437	cv_transition_time	n/a	n/a	n/a	n/a	n/a	n/a	n/a	n/a	n/a	waa	415.40306	437	true	415.3241926	415.781959
416.1892016	0.3726991000000339	trials	/intervals/trials	438	start_time	n/a	n/a	n/a	n/a	n/a	n/a	n/a	n/a	n/a	pee	416.2809694	438	true	416.1892016	416.5619007
416.2809694	0.0	cv_transition	/intervals/trials	438	cv_transition_time	n/a	n/a	n/a	n/a	n/a	n/a	n/a	n/a	n/a	pee	416.2809694	438	true	416.1892016	416.5619007
416.9320683	0.40514979999994694	trials	/intervals/trials	439	start_time	n/a	n/a	n/a	n/a	n/a	n/a	n/a	n/a	n/a	lee	417.0376487	439	true	416.9320683	417.3372181
417.0376487	0.0	cv_transition	/intervals/trials	439	cv_transition_time	n/a	n/a	n/a	n/a	n/a	n/a	n/a	n/a	n/a	lee	417.0376487	439	true	416.9320683	417.3372181
417.6711313	0.4577529999999683	trials	/intervals/trials	440	start_time	n/a	n/a	n/a	n/a	n/a	n/a	n/a	n/a	n/a	wee	417.7678074	440	true	417.6711313	418.1288843
417.7678074	0.0	cv_transition	/intervals/trials	440	cv_transition_time	n/a	n/a	n/a	n/a	n/a	n/a	n/a	n/a	n/a	wee	417.7678074	440	true	417.6711313	418.1288843
418.4509001	0.4584209999999871	trials	/intervals/trials	441	start_time	n/a	n/a	n/a	n/a	n/a	n/a	n/a	n/a	n/a	yaa	418.5959142	441	true	418.4509001	418.9093211
418.5959142	0.0	cv_transition	/intervals/trials	441	cv_transition_time	n/a	n/a	n/a	n/a	n/a	n/a	n/a	n/a	n/a	yaa	418.5959142	441	true	418.4509001	418.9093211
419.2744989	0.3198099999999613	trials	/intervals/trials	442	start_time	n/a	n/a	n/a	n/a	n/a	n/a	n/a	n/a	n/a	gaa	419.3400655	442	true	419.2744989	419.5943089
419.3400655	0.0	cv_transition	/intervals/trials	442	cv_transition_time	n/a	n/a	n/a	n/a	n/a	n/a	n/a	n/a	n/a	gaa	419.3400655	442	true	419.2744989	419.5943089
419.9675041	0.452158900000029	trials	/intervals/trials	443	start_time	n/a	n/a	n/a	n/a	n/a	n/a	n/a	n/a	n/a	shaa	420.1352177	443	true	419.9675041	420.419663
420.1352177	0.0	cv_transition	/intervals/trials	443	cv_transition_time	n/a	n/a	n/a	n/a	n/a	n/a	n/a	n/a	n/a	shaa	420.1352177	443	true	419.9675041	420.419663
420.828223	0.3438036000000011	trials	/intervals/trials	444	start_time	n/a	n/a	n/a	n/a	n/a	n/a	n/a	n/a	n/a	doo	420.9059634	444	true	420.828223	421.1720266
420.9059634	0.0	cv_transition	/intervals/trials	444	cv_transition_time	n/a	n/a	n/a	n/a	n/a	n/a	n/a	n/a	n/a	doo	420.9059634	444	true	420.828223	421.1720266
421.5788797	0.3398958999999877	trials	/intervals/trials	445	start_time	n/a	n/a	n/a	n/a	n/a	n/a	n/a	n/a	n/a	woo	421.657747	445	true	421.5788797	421.9187756
421.657747	0.0	cv_transition	/intervals/trials	445	cv_transition_time	n/a	n/a	n/a	n/a	n/a	n/a	n/a	n/a	n/a	woo	421.657747	445	true	421.5788797	421.9187756
424.2680007	0.39072590000000673	trials	/intervals/trials	446	start_time	n/a	n/a	n/a	n/a	n/a	n/a	n/a	n/a	n/a	raa	424.3557724	446	true	424.2680007	424.6587266
424.3557724	0.0	cv_transition	/intervals/trials	446	cv_transition_time	n/a	n/a	n/a	n/a	n/a	n/a	n/a	n/a	n/a	raa	424.3557724	446	true	424.2680007	424.6587266
424.8723358	0.617359600000043	trials	/intervals/trials	447	start_time	n/a	n/a	n/a	n/a	n/a	n/a	n/a	n/a	n/a	shee	425.1065019	447	true	424.8723358	425.4896954
425.1065019	0.0	cv_transition	/intervals/trials	447	cv_transition_time	n/a	n/a	n/a	n/a	n/a	n/a	n/a	n/a	n/a	shee	425.1065019	447	true	424.8723358	425.4896954
425.7206858	0.4203094000000078	trials	/intervals/trials	448	start_time	n/a	n/a	n/a	n/a	n/a	n/a	n/a	n/a	n/a	yoo	425.8555235	448	true	425.7206858	426.1409952
425.8555235	0.0	cv_transition	/intervals/trials	448	cv_transition_time	n/a	n/a	n/a	n/a	n/a	n/a	n/a	n/a	n/a	yoo	425.8555235	448	true	425.7206858	426.1409952
426.4979105	0.350531100000012	trials	/intervals/trials	449	start_time	n/a	n/a	n/a	n/a	n/a	n/a	n/a	n/a	n/a	baa	426.5233516	449	true	426.4979105	426.8484416
426.5233516	0.0	cv_transition	/intervals/trials	449	cv_transition_time	n/a	n/a	n/a	n/a	n/a	n/a	n/a	n/a	n/a	baa	426.5233516	449	true	426.4979105	426.8484416
427.1507091	0.4837841000000367	trials	/intervals/trials	450	start_time	n/a	n/a	n/a	n/a	n/a	n/a	n/a	n/a	n/a	zee	427.3152583	450	true	427.1507091	427.6344932
427.3152583	0.0	cv_transition	/intervals/trials	450	cv_transition_time	n/a	n/a	n/a	n/a	n/a	n/a	n/a	n/a	n/a	zee	427.3152583	450	true	427.1507091	427.6344932
427.3989126968398	0.07785234602073388	invalid_times	/intervals/invalid_times	14	start_time	n/a	n/a	n/a	n/a	14	427.3989126968398	427.4767650428605	"[""ECoG artifact""]"	"[{""idx_start"":1304317,""count"":238,""timeseries"":""/acquisition/ElectricalSeries""}]"	n/a	n/a	n/a	n/a	n/a	n/a
428.1095246	0.35032269999999244	trials	/intervals/trials	451	start_time	n/a	n/a	n/a	n/a	n/a	n/a	n/a	n/a	n/a	gee	428.1791416	451	true	428.1095246	428.4598473
428.1791416	0.0	cv_transition	/intervals/trials	451	cv_transition_time	n/a	n/a	n/a	n/a	n/a	n/a	n/a	n/a	n/a	gee	428.1791416	451	true	428.1095246	428.4598473
428.9132841	0.38876119999997627	trials	/intervals/trials	452	start_time	n/a	n/a	n/a	n/a	n/a	n/a	n/a	n/a	n/a	kee	429.020874	452	true	428.9132841	429.3020453
429.020874	0.0	cv_transition	/intervals/trials	452	cv_transition_time	n/a	n/a	n/a	n/a	n/a	n/a	n/a	n/a	n/a	kee	429.020874	452	true	428.9132841	429.3020453
429.7543674	0.3898760000000152	trials	/intervals/trials	453	start_time	n/a	n/a	n/a	n/a	n/a	n/a	n/a	n/a	n/a	ree	429.8357789	453	true	429.7543674	430.1442434
429.8357789	0.0	cv_transition	/intervals/trials	453	cv_transition_time	n/a	n/a	n/a	n/a	n/a	n/a	n/a	n/a	n/a	ree	429.8357789	453	true	429.7543674	430.1442434
430.5302963	0.399998700000026	trials	/intervals/trials	454	start_time	n/a	n/a	n/a	n/a	n/a	n/a	n/a	n/a	n/a	thee	430.6821879	454	true	430.5302963	430.930295
430.6821879	0.0	cv_transition	/intervals/trials	454	cv_transition_time	n/a	n/a	n/a	n/a	n/a	n/a	n/a	n/a	n/a	thee	430.6821879	454	true	430.5302963	430.930295
431.2644389	0.37330240000000003	trials	/intervals/trials	455	start_time	n/a	n/a	n/a	n/a	n/a	n/a	n/a	n/a	n/a	voo	431.3783575	455	true	431.2644389	431.6377413
431.3783575	0.0	cv_transition	/intervals/trials	455	cv_transition_time	n/a	n/a	n/a	n/a	n/a	n/a	n/a	n/a	n/a	voo	431.3783575	455	true	431.2644389	431.6377413
432.098762	0.36433339999996406	trials	/intervals/trials	456	start_time	n/a	n/a	n/a	n/a	n/a	n/a	n/a	n/a	n/a	noo	432.2200899	456	true	432.098762	432.4630954
432.2200899	0.0	cv_transition	/intervals/trials	456	cv_transition_time	n/a	n/a	n/a	n/a	n/a	n/a	n/a	n/a	n/a	noo	432.2200899	456	true	432.098762	432.4630954
432.9668901	0.3103300999999874	trials	/intervals/trials	457	start_time	n/a	n/a	n/a	n/a	n/a	n/a	n/a	n/a	n/a	dee	433.0184567	457	true	432.9668901	433.2772202
433.0184567	0.0	cv_transition	/intervals/trials	457	cv_transition_time	n/a	n/a	n/a	n/a	n/a	n/a	n/a	n/a	n/a	dee	433.0184567	457	true	432.9668901	433.2772202
433.6188659	0.37016760000000204	trials	/intervals/trials	458	start_time	n/a	n/a	n/a	n/a	n/a	n/a	n/a	n/a	n/a	yee	433.692645	458	true	433.6188659	433.9890335
433.692645	0.0	cv_transition	/intervals/trials	458	cv_transition_time	n/a	n/a	n/a	n/a	n/a	n/a	n/a	n/a	n/a	yee	433.692645	458	true	433.6188659	433.9890335
438.4824524	0.5642657999999869	trials	/intervals/trials	459	start_time	n/a	n/a	n/a	n/a	n/a	n/a	n/a	n/a	n/a	fee	438.6786456	459	true	438.4824524	439.0467182
438.6786456	0.0	cv_transition	/intervals/trials	459	cv_transition_time	n/a	n/a	n/a	n/a	n/a	n/a	n/a	n/a	n/a	fee	438.6786456	459	true	438.4824524	439.0467182
439.1501423	0.5390125999999782	trials	/intervals/trials	460	start_time	n/a	n/a	n/a	n/a	n/a	n/a	n/a	n/a	n/a	hee	439.3115271	460	true	439.1501423	439.6891549
439.3115271	0.0	cv_transition	/intervals/trials	460	cv_transition_time	n/a	n/a	n/a	n/a	n/a	n/a	n/a	n/a	n/a	hee	439.3115271	460	true	439.1501423	439.6891549
439.8020103	0.4879126000000156	trials	/intervals/trials	461	start_time	n/a	n/a	n/a	n/a	n/a	n/a	n/a	n/a	n/a	vaa	439.9254222	461	true	439.8020103	440.2899229
439.9254222	0.0	cv_transition	/intervals/trials	461	cv_transition_time	n/a	n/a	n/a	n/a	n/a	n/a	n/a	n/a	n/a	vaa	439.9254222	461	true	439.8020103	440.2899229
440.541381	0.4223003000000176	trials	/intervals/trials	462	start_time	n/a	n/a	n/a	n/a	n/a	n/a	n/a	n/a	n/a	loo	440.6711305	462	true	440.541381	440.9636813
440.6711305	0.0	cv_transition	/intervals/trials	462	cv_transition_time	n/a	n/a	n/a	n/a	n/a	n/a	n/a	n/a	n/a	loo	440.6711305	462	true	440.541381	440.9636813
441.397473	0.4706598000000213	trials	/intervals/trials	463	start_time	n/a	n/a	n/a	n/a	n/a	n/a	n/a	n/a	n/a	hoo	441.555092	463	true	441.397473	441.8681328
441.555092	0.0	cv_transition	/intervals/trials	463	cv_transition_time	n/a	n/a	n/a	n/a	n/a	n/a	n/a	n/a	n/a	hoo	441.555092	463	true	441.397473	441.8681328
442.2449329	0.369456600000035	trials	/intervals/trials	464	start_time	n/a	n/a	n/a	n/a	n/a	n/a	n/a	n/a	n/a	kaa	442.3197118	464	true	442.2449329	442.6143895
442.3197118	0.0	cv_transition	/intervals/trials	464	cv_transition_time	n/a	n/a	n/a	n/a	n/a	n/a	n/a	n/a	n/a	kaa	442.3197118	464	true	442.2449329	442.6143895
442.8683211	0.35963689999999815	trials	/intervals/trials	465	start_time	n/a	n/a	n/a	n/a	n/a	n/a	n/a	n/a	n/a	poo	442.9569245	465	true	442.8683211	443.227958
442.9569245	0.0	cv_transition	/intervals/trials	465	cv_transition_time	n/a	n/a	n/a	n/a	n/a	n/a	n/a	n/a	n/a	poo	442.9569245	465	true	442.8683211	443.227958
443.8049858	0.30851630000000796	trials	/intervals/trials	466	start_time	n/a	n/a	n/a	n/a	n/a	n/a	n/a	n/a	n/a	bee	443.8296393	466	true	443.8049858	444.1135021
443.8296393	0.0	cv_transition	/intervals/trials	466	cv_transition_time	n/a	n/a	n/a	n/a	n/a	n/a	n/a	n/a	n/a	bee	443.8296393	466	true	443.8049858	444.1135021
444.5865944	0.341032499999983	trials	/intervals/trials	467	start_time	n/a	n/a	n/a	n/a	n/a	n/a	n/a	n/a	n/a	paa	444.6593758	467	true	444.5865944	444.9276269
444.6593758	0.0	cv_transition	/intervals/trials	467	cv_transition_time	n/a	n/a	n/a	n/a	n/a	n/a	n/a	n/a	n/a	paa	444.6593758	467	true	444.5865944	444.9276269
445.2416268	0.3597586000000206	trials	/intervals/trials	468	start_time	n/a	n/a	n/a	n/a	n/a	n/a	n/a	n/a	n/a	taa	445.336559	468	true	445.2416268	445.6013854
445.336559	0.0	cv_transition	/intervals/trials	468	cv_transition_time	n/a	n/a	n/a	n/a	n/a	n/a	n/a	n/a	n/a	taa	445.336559	468	true	445.2416268	445.6013854
445.9437922	0.3425808999999731	trials	/intervals/trials	469	start_time	n/a	n/a	n/a	n/a	n/a	n/a	n/a	n/a	n/a	naa	446.0264757	469	true	445.9437922	446.2863731
446.0264757	0.0	cv_transition	/intervals/trials	469	cv_transition_time	n/a	n/a	n/a	n/a	n/a	n/a	n/a	n/a	n/a	naa	446.0264757	469	true	445.9437922	446.2863731
446.602322	0.458873399999959	trials	/intervals/trials	470	start_time	n/a	n/a	n/a	n/a	n/a	n/a	n/a	n/a	n/a	saa	446.7668712	470	true	446.602322	447.0611954
446.7668712	0.0	cv_transition	/intervals/trials	470	cv_transition_time	n/a	n/a	n/a	n/a	n/a	n/a	n/a	n/a	n/a	saa	446.7668712	470	true	446.602322	447.0611954
447.4092459	0.47168890000000374	trials	/intervals/trials	471	start_time	n/a	n/a	n/a	n/a	n/a	n/a	n/a	n/a	n/a	shoo	447.5991103	471	true	447.4092459	447.8809348
447.5991103	0.0	cv_transition	/intervals/trials	471	cv_transition_time	n/a	n/a	n/a	n/a	n/a	n/a	n/a	n/a	n/a	shoo	447.5991103	471	true	447.4092459	447.8809348
448.1291801	0.5827235000000428	trials	/intervals/trials	472	start_time	n/a	n/a	n/a	n/a	n/a	n/a	n/a	n/a	n/a	foo	448.3870478	472	true	448.1291801	448.7119036
448.3870478	0.0	cv_transition	/intervals/trials	472	cv_transition_time	n/a	n/a	n/a	n/a	n/a	n/a	n/a	n/a	n/a	foo	448.3870478	472	true	448.1291801	448.7119036
449.133848	0.3472631999999862	trials	/intervals/trials	473	start_time	n/a	n/a	n/a	n/a	n/a	n/a	n/a	n/a	n/a	daa	449.1781497	473	true	449.133848	449.4811112
449.1781497	0.0	cv_transition	/intervals/trials	473	cv_transition_time	n/a	n/a	n/a	n/a	n/a	n/a	n/a	n/a	n/a	daa	449.1781497	473	true	449.133848	449.4811112
449.8141956	0.4417377999999985	trials	/intervals/trials	474	start_time	n/a	n/a	n/a	n/a	n/a	n/a	n/a	n/a	n/a	faa	449.9376075	474	true	449.8141956	450.2559334
449.9376075	0.0	cv_transition	/intervals/trials	474	cv_transition_time	n/a	n/a	n/a	n/a	n/a	n/a	n/a	n/a	n/a	faa	449.9376075	474	true	449.8141956	450.2559334
450.6369415	0.3825848000000178	trials	/intervals/trials	475	start_time	n/a	n/a	n/a	n/a	n/a	n/a	n/a	n/a	n/a	gaa	450.7223805	475	true	450.6369415	451.0195263
450.7223805	0.0	cv_transition	/intervals/trials	475	cv_transition_time	n/a	n/a	n/a	n/a	n/a	n/a	n/a	n/a	n/a	gaa	450.7223805	475	true	450.6369415	451.0195263
451.3881812	0.40055269999999155	trials	/intervals/trials	476	start_time	n/a	n/a	n/a	n/a	n/a	n/a	n/a	n/a	n/a	mee	451.5071536	476	true	451.3881812	451.7887339
451.5071536	0.0	cv_transition	/intervals/trials	476	cv_transition_time	n/a	n/a	n/a	n/a	n/a	n/a	n/a	n/a	n/a	mee	451.5071536	476	true	451.3881812	451.7887339
452.2001588	0.39708519999999226	trials	/intervals/trials	477	start_time	n/a	n/a	n/a	n/a	n/a	n/a	n/a	n/a	n/a	zaa	452.3045843	477	true	452.2001588	452.597244
452.3045843	0.0	cv_transition	/intervals/trials	477	cv_transition_time	n/a	n/a	n/a	n/a	n/a	n/a	n/a	n/a	n/a	zaa	452.3045843	477	true	452.2001588	452.597244
452.8963285	0.49258170000001655	trials	/intervals/trials	478	start_time	n/a	n/a	n/a	n/a	n/a	n/a	n/a	n/a	n/a	see	453.1210014	478	true	452.8963285	453.3889102
453.1210014	0.0	cv_transition	/intervals/trials	478	cv_transition_time	n/a	n/a	n/a	n/a	n/a	n/a	n/a	n/a	n/a	see	453.1210014	478	true	452.8963285	453.3889102
453.8488151	0.4833569999999554	trials	/intervals/trials	479	start_time	n/a	n/a	n/a	n/a	n/a	n/a	n/a	n/a	n/a	zoo	454.0070355	479	true	453.8488151	454.3321721
454.0070355	0.0	cv_transition	/intervals/trials	479	cv_transition_time	n/a	n/a	n/a	n/a	n/a	n/a	n/a	n/a	n/a	zoo	454.0070355	479	true	453.8488151	454.3321721
454.7348492	0.40583300000002964	trials	/intervals/trials	480	start_time	n/a	n/a	n/a	n/a	n/a	n/a	n/a	n/a	n/a	too	454.8424391	480	true	454.7348492	455.1406822
454.8424391	0.0	cv_transition	/intervals/trials	480	cv_transition_time	n/a	n/a	n/a	n/a	n/a	n/a	n/a	n/a	n/a	too	454.8424391	480	true	454.7348492	455.1406822
455.474017	0.4302581000000032	trials	/intervals/trials	481	start_time	n/a	n/a	n/a	n/a	n/a	n/a	n/a	n/a	n/a	vee	455.5808695	481	true	455.474017	455.9042751
455.5808695	0.0	cv_transition	/intervals/trials	481	cv_transition_time	n/a	n/a	n/a	n/a	n/a	n/a	n/a	n/a	n/a	vee	455.5808695	481	true	455.474017	455.9042751
456.076558	0.45655830000004016	trials	/intervals/trials	482	start_time	n/a	n/a	n/a	n/a	n/a	n/a	n/a	n/a	n/a	thaa	456.247436	482	true	456.076558	456.5331163
456.247436	0.0	cv_transition	/intervals/trials	482	cv_transition_time	n/a	n/a	n/a	n/a	n/a	n/a	n/a	n/a	n/a	thaa	456.247436	482	true	456.076558	456.5331163
456.973768	0.32855589999996937	trials	/intervals/trials	483	start_time	n/a	n/a	n/a	n/a	n/a	n/a	n/a	n/a	n/a	moo	457.0322825	483	true	456.973768	457.3023239
457.0322825	0.0	cv_transition	/intervals/trials	483	cv_transition_time	n/a	n/a	n/a	n/a	n/a	n/a	n/a	n/a	n/a	moo	457.0322825	483	true	456.973768	457.3023239
457.46820182219153	0.07785234602079072	invalid_times	/intervals/invalid_times	13	start_time	n/a	n/a	n/a	n/a	13	457.46820182219153	457.5460541682123	"[""ECoG artifact""]"	"[{""idx_start"":1396082,""count"":237,""timeseries"":""/acquisition/ElectricalSeries""}]"	n/a	n/a	n/a	n/a	n/a	n/a
457.5891448	0.5104600000000232	trials	/intervals/trials	484	start_time	n/a	n/a	n/a	n/a	n/a	n/a	n/a	n/a	n/a	thoo	457.7979957	484	true	457.5891448	458.0996048
457.7979957	0.0	cv_transition	/intervals/trials	484	cv_transition_time	n/a	n/a	n/a	n/a	n/a	n/a	n/a	n/a	n/a	thoo	457.7979957	484	true	457.5891448	458.0996048
458.4055619	0.34534270000000333	trials	/intervals/trials	485	start_time	n/a	n/a	n/a	n/a	n/a	n/a	n/a	n/a	n/a	nee	458.5258094	485	true	458.4055619	458.7509046
458.5258094	0.0	cv_transition	/intervals/trials	485	cv_transition_time	n/a	n/a	n/a	n/a	n/a	n/a	n/a	n/a	n/a	nee	458.5258094	485	true	458.4055619	458.7509046
459.1795088	0.3013007999999786	trials	/intervals/trials	486	start_time	n/a	n/a	n/a	n/a	n/a	n/a	n/a	n/a	n/a	boo	459.2189424	486	true	459.1795088	459.4808096
459.2189424	0.0	cv_transition	/intervals/trials	486	cv_transition_time	n/a	n/a	n/a	n/a	n/a	n/a	n/a	n/a	n/a	boo	459.2189424	486	true	459.1795088	459.4808096
459.889669	0.416494699999987	trials	/intervals/trials	487	start_time	n/a	n/a	n/a	n/a	n/a	n/a	n/a	n/a	n/a	laa	460.0559536	487	true	459.889669	460.3061637
460.0559536	0.0	cv_transition	/intervals/trials	487	cv_transition_time	n/a	n/a	n/a	n/a	n/a	n/a	n/a	n/a	n/a	laa	460.0559536	487	true	459.889669	460.3061637
460.7733918	0.36935529999999517	trials	/intervals/trials	488	start_time	n/a	n/a	n/a	n/a	n/a	n/a	n/a	n/a	n/a	maa	460.8662517	488	true	460.7733918	461.1427471
460.8662517	0.0	cv_transition	/intervals/trials	488	cv_transition_time	n/a	n/a	n/a	n/a	n/a	n/a	n/a	n/a	n/a	maa	460.8662517	488	true	460.7733918	461.1427471
461.5066812	0.45580539999997427	trials	/intervals/trials	489	start_time	n/a	n/a	n/a	n/a	n/a	n/a	n/a	n/a	n/a	soo	461.7060389	489	true	461.5066812	461.9624866
461.7060389	0.0	cv_transition	/intervals/trials	489	cv_transition_time	n/a	n/a	n/a	n/a	n/a	n/a	n/a	n/a	n/a	soo	461.7060389	489	true	461.5066812	461.9624866
462.3558263	0.4263996999999904	trials	/intervals/trials	490	start_time	n/a	n/a	n/a	n/a	n/a	n/a	n/a	n/a	n/a	roo	462.4486863	490	true	462.3558263	462.782226
462.4486863	0.0	cv_transition	/intervals/trials	490	cv_transition_time	n/a	n/a	n/a	n/a	n/a	n/a	n/a	n/a	n/a	roo	462.4486863	490	true	462.3558263	462.782226
463.2407765	0.3836476000000175	trials	/intervals/trials	491	start_time	n/a	n/a	n/a	n/a	n/a	n/a	n/a	n/a	n/a	tee	463.3230511	491	true	463.2407765	463.6244241
463.3230511	0.0	cv_transition	/intervals/trials	491	cv_transition_time	n/a	n/a	n/a	n/a	n/a	n/a	n/a	n/a	n/a	tee	463.3230511	491	true	463.2407765	463.6244241
464.0793445	0.39850699999999506	trials	/intervals/trials	492	start_time	n/a	n/a	n/a	n/a	n/a	n/a	n/a	n/a	n/a	haa	464.1742767	492	true	464.0793445	464.4778515
464.1742767	0.0	cv_transition	/intervals/trials	492	cv_transition_time	n/a	n/a	n/a	n/a	n/a	n/a	n/a	n/a	n/a	haa	464.1742767	492	true	464.0793445	464.4778515
464.8668599	0.38019919999999274	trials	/intervals/trials	493	start_time	n/a	n/a	n/a	n/a	n/a	n/a	n/a	n/a	n/a	waa	464.9228303	493	true	464.8668599	465.2470591
464.9228303	0.0	cv_transition	/intervals/trials	493	cv_transition_time	n/a	n/a	n/a	n/a	n/a	n/a	n/a	n/a	n/a	waa	464.9228303	493	true	464.8668599	465.2470591
465.6552195	0.35543250000000626	trials	/intervals/trials	494	start_time	n/a	n/a	n/a	n/a	n/a	n/a	n/a	n/a	n/a	pee	465.7438229	494	true	465.6552195	466.010652
465.7438229	0.0	cv_transition	/intervals/trials	494	cv_transition_time	n/a	n/a	n/a	n/a	n/a	n/a	n/a	n/a	n/a	pee	465.7438229	494	true	465.6552195	466.010652
466.3831477	0.430399800000032	trials	/intervals/trials	495	start_time	n/a	n/a	n/a	n/a	n/a	n/a	n/a	n/a	n/a	lee	466.5116251	495	true	466.3831477	466.8135475
466.5116251	0.0	cv_transition	/intervals/trials	495	cv_transition_time	n/a	n/a	n/a	n/a	n/a	n/a	n/a	n/a	n/a	lee	466.5116251	495	true	466.3831477	466.8135475
467.2456	0.4326041999999575	trials	/intervals/trials	496	start_time	n/a	n/a	n/a	n/a	n/a	n/a	n/a	n/a	n/a	wee	467.3117467	496	true	467.2456	467.6782042
467.3117467	0.0	cv_transition	/intervals/trials	496	cv_transition_time	n/a	n/a	n/a	n/a	n/a	n/a	n/a	n/a	n/a	wee	467.3117467	496	true	467.2456	467.6782042
468.0101041	0.4597663000000125	trials	/intervals/trials	497	start_time	n/a	n/a	n/a	n/a	n/a	n/a	n/a	n/a	n/a	yaa	468.1456081	497	true	468.0101041	468.4698704
468.1456081	0.0	cv_transition	/intervals/trials	497	cv_transition_time	n/a	n/a	n/a	n/a	n/a	n/a	n/a	n/a	n/a	yaa	468.1456081	497	true	468.0101041	468.4698704
469.0253134	0.37097479999999905	trials	/intervals/trials	498	start_time	n/a	n/a	n/a	n/a	n/a	n/a	n/a	n/a	n/a	gaa	469.1265745	498	true	469.0253134	469.3962882
469.1265745	0.0	cv_transition	/intervals/trials	498	cv_transition_time	n/a	n/a	n/a	n/a	n/a	n/a	n/a	n/a	n/a	gaa	469.1265745	498	true	469.0253134	469.3962882
469.7024966	0.4349258999999961	trials	/intervals/trials	499	start_time	n/a	n/a	n/a	n/a	n/a	n/a	n/a	n/a	n/a	shaa	469.8543882	499	true	469.7024966	470.1374225
469.8543882	0.0	cv_transition	/intervals/trials	499	cv_transition_time	n/a	n/a	n/a	n/a	n/a	n/a	n/a	n/a	n/a	shaa	469.8543882	499	true	469.7024966	470.1374225
470.5758731	0.4070199999999886	trials	/intervals/trials	500	start_time	n/a	n/a	n/a	n/a	n/a	n/a	n/a	n/a	n/a	doo	470.6201748	500	true	470.5758731	470.9828931
470.6201748	0.0	cv_transition	/intervals/trials	500	cv_transition_time	n/a	n/a	n/a	n/a	n/a	n/a	n/a	n/a	n/a	doo	470.6201748	500	true	470.5758731	470.9828931
471.1584365	0.43879600000002483	trials	/intervals/trials	501	start_time	n/a	n/a	n/a	n/a	n/a	n/a	n/a	n/a	n/a	woo	471.2856419	501	true	471.1584365	471.5972325
471.2856419	0.0	cv_transition	/intervals/trials	501	cv_transition_time	n/a	n/a	n/a	n/a	n/a	n/a	n/a	n/a	n/a	woo	471.2856419	501	true	471.1584365	471.5972325
474.0510861	0.5277624999999944	trials	/intervals/trials	502	start_time	n/a	n/a	n/a	n/a	n/a	n/a	n/a	n/a	n/a	raa	474.18974	502	true	474.0510861	474.5788486
474.18974	0.0	cv_transition	/intervals/trials	502	cv_transition_time	n/a	n/a	n/a	n/a	n/a	n/a	n/a	n/a	n/a	raa	474.18974	502	true	474.0510861	474.5788486
474.7819039	0.4741279000000418	trials	/intervals/trials	503	start_time	n/a	n/a	n/a	n/a	n/a	n/a	n/a	n/a	n/a	shee	474.9673639	503	true	474.7819039	475.2560318
474.9673639	0.0	cv_transition	/intervals/trials	503	cv_transition_time	n/a	n/a	n/a	n/a	n/a	n/a	n/a	n/a	n/a	shee	474.9673639	503	true	474.7819039	475.2560318
475.6309766	0.41615699999999833	trials	/intervals/trials	504	start_time	n/a	n/a	n/a	n/a	n/a	n/a	n/a	n/a	n/a	yoo	475.7187483	504	true	475.6309766	476.0471336
475.7187483	0.0	cv_transition	/intervals/trials	504	cv_transition_time	n/a	n/a	n/a	n/a	n/a	n/a	n/a	n/a	n/a	yoo	475.7187483	504	true	475.6309766	476.0471336
476.3827602	0.3542142999999669	trials	/intervals/trials	505	start_time	n/a	n/a	n/a	n/a	n/a	n/a	n/a	n/a	n/a	baa	476.4056572	505	true	476.3827602	476.7369745
476.4056572	0.0	cv_transition	/intervals/trials	505	cv_transition_time	n/a	n/a	n/a	n/a	n/a	n/a	n/a	n/a	n/a	baa	476.4056572	505	true	476.3827602	476.7369745
477.1085843	0.381519199999957	trials	/intervals/trials	506	start_time	n/a	n/a	n/a	n/a	n/a	n/a	n/a	n/a	n/a	zee	477.2181743	506	true	477.1085843	477.4901035
477.2181743	0.0	cv_transition	/intervals/trials	506	cv_transition_time	n/a	n/a	n/a	n/a	n/a	n/a	n/a	n/a	n/a	zee	477.2181743	506	true	477.1085843	477.4901035
477.9791873	0.3779638000000318	trials	/intervals/trials	507	start_time	n/a	n/a	n/a	n/a	n/a	n/a	n/a	n/a	n/a	gee	478.0122607	507	true	477.9791873	478.3571511
478.0122607	0.0	cv_transition	/intervals/trials	507	cv_transition_time	n/a	n/a	n/a	n/a	n/a	n/a	n/a	n/a	n/a	gee	478.0122607	507	true	477.9791873	478.3571511
478.7424194	0.405833599999994	trials	/intervals/trials	508	start_time	n/a	n/a	n/a	n/a	n/a	n/a	n/a	n/a	n/a	kee	478.8493797	508	true	478.7424194	479.148253
478.8493797	0.0	cv_transition	/intervals/trials	508	cv_transition_time	n/a	n/a	n/a	n/a	n/a	n/a	n/a	n/a	n/a	kee	478.8493797	508	true	478.7424194	479.148253
479.4395047	0.4080822999999896	trials	/intervals/trials	509	start_time	n/a	n/a	n/a	n/a	n/a	n/a	n/a	n/a	n/a	ree	479.5921511	509	true	479.4395047	479.847587
479.5921511	0.0	cv_transition	/intervals/trials	509	cv_transition_time	n/a	n/a	n/a	n/a	n/a	n/a	n/a	n/a	n/a	ree	479.5921511	509	true	479.4395047	479.847587
480.2571899	0.4701023999999734	trials	/intervals/trials	510	start_time	n/a	n/a	n/a	n/a	n/a	n/a	n/a	n/a	n/a	thee	480.45108	510	true	480.2571899	480.7272923
480.45108	0.0	cv_transition	/intervals/trials	510	cv_transition_time	n/a	n/a	n/a	n/a	n/a	n/a	n/a	n/a	n/a	thee	480.45108	510	true	480.2571899	480.7272923
481.1631372	0.41538070000001426	trials	/intervals/trials	511	start_time	n/a	n/a	n/a	n/a	n/a	n/a	n/a	n/a	n/a	voo	481.3235851	511	true	481.1631372	481.5785179
481.3235851	0.0	cv_transition	/intervals/trials	511	cv_transition_time	n/a	n/a	n/a	n/a	n/a	n/a	n/a	n/a	n/a	voo	481.3235851	511	true	481.1631372	481.5785179
482.1006406	0.37656909999998334	trials	/intervals/trials	512	start_time	n/a	n/a	n/a	n/a	n/a	n/a	n/a	n/a	n/a	noo	482.1845962	512	true	482.1006406	482.4772097
482.1845962	0.0	cv_transition	/intervals/trials	512	cv_transition_time	n/a	n/a	n/a	n/a	n/a	n/a	n/a	n/a	n/a	noo	482.1845962	512	true	482.1006406	482.4772097
482.9632204	0.38420129999997243	trials	/intervals/trials	513	start_time	n/a	n/a	n/a	n/a	n/a	n/a	n/a	n/a	n/a	dee	483.0222304	513	true	482.9632204	483.3474217
483.0222304	0.0	cv_transition	/intervals/trials	513	cv_transition_time	n/a	n/a	n/a	n/a	n/a	n/a	n/a	n/a	n/a	dee	483.0222304	513	true	482.9632204	483.3474217
483.9663906	0.4885736999999608	trials	/intervals/trials	514	start_time	n/a	n/a	n/a	n/a	n/a	n/a	n/a	n/a	n/a	yee	484.1434206	514	true	483.9663906	484.4549643
484.1434206	0.0	cv_transition	/intervals/trials	514	cv_transition_time	n/a	n/a	n/a	n/a	n/a	n/a	n/a	n/a	n/a	yee	484.1434206	514	true	483.9663906	484.4549643
484.9021208	0.4135624000000462	trials	/intervals/trials	515	start_time	n/a	n/a	n/a	n/a	n/a	n/a	n/a	n/a	n/a	koo	485.0159258	515	true	484.9021208	485.3156832
485.0159258	0.0	cv_transition	/intervals/trials	515	cv_transition_time	n/a	n/a	n/a	n/a	n/a	n/a	n/a	n/a	n/a	koo	485.0159258	515	true	484.9021208	485.3156832
485.6861109	0.45864699999998493	trials	/intervals/trials	516	start_time	n/a	n/a	n/a	n/a	n/a	n/a	n/a	n/a	n/a	fee	485.816776	516	true	485.6861109	486.1447579
485.816776	0.0	cv_transition	/intervals/trials	516	cv_transition_time	n/a	n/a	n/a	n/a	n/a	n/a	n/a	n/a	n/a	fee	485.816776	516	true	485.6861109	486.1447579
486.4405961	0.41931790000001	trials	/intervals/trials	517	start_time	n/a	n/a	n/a	n/a	n/a	n/a	n/a	n/a	n/a	hee	486.5881211	517	true	486.4405961	486.859914
486.5881211	0.0	cv_transition	/intervals/trials	517	cv_transition_time	n/a	n/a	n/a	n/a	n/a	n/a	n/a	n/a	n/a	hee	486.5881211	517	true	486.4405961	486.859914
487.2709512	0.36424269999997705	trials	/intervals/trials	518	start_time	n/a	n/a	n/a	n/a	n/a	n/a	n/a	n/a	n/a	vaa	487.3678962	518	true	487.2709512	487.6351939
487.3678962	0.0	cv_transition	/intervals/trials	518	cv_transition_time	n/a	n/a	n/a	n/a	n/a	n/a	n/a	n/a	n/a	vaa	487.3678962	518	true	487.2709512	487.6351939
487.4161816005537	0.15570129051906179	invalid_times	/intervals/invalid_times	12	start_time	n/a	n/a	n/a	n/a	12	487.4161816005537	487.5718828910728	"[""ECoG artifact""]"	"[{""idx_start"":1487476,""count"":475,""timeseries"":""/acquisition/ElectricalSeries""}]"	n/a	n/a	n/a	n/a	n/a	n/a
488.0347702	0.3915255000000002	trials	/intervals/trials	519	start_time	n/a	n/a	n/a	n/a	n/a	n/a	n/a	n/a	n/a	loo	488.1683358	519	true	488.0347702	488.4262957
488.1683358	0.0	cv_transition	/intervals/trials	519	cv_transition_time	n/a	n/a	n/a	n/a	n/a	n/a	n/a	n/a	n/a	loo	488.1683358	519	true	488.0347702	488.4262957
488.8768665	0.4291344999999751	trials	/intervals/trials	520	start_time	n/a	n/a	n/a	n/a	n/a	n/a	n/a	n/a	n/a	hoo	489.0454666	520	true	488.8768665	489.306001
489.0454666	0.0	cv_transition	/intervals/trials	520	cv_transition_time	n/a	n/a	n/a	n/a	n/a	n/a	n/a	n/a	n/a	hoo	489.0454666	520	true	488.8768665	489.306001
490.3753486	0.3799510000000055	trials	/intervals/trials	521	start_time	n/a	n/a	n/a	n/a	n/a	n/a	n/a	n/a	n/a	kaa	490.4529438	521	true	490.3753486	490.7552996
490.4529438	0.0	cv_transition	/intervals/trials	521	cv_transition_time	n/a	n/a	n/a	n/a	n/a	n/a	n/a	n/a	n/a	kaa	490.4529438	521	true	490.3753486	490.7552996
491.0762501	0.36889039999999795	trials	/intervals/trials	522	start_time	n/a	n/a	n/a	n/a	n/a	n/a	n/a	n/a	n/a	poo	491.148752	522	true	491.0762501	491.4451405
491.148752	0.0	cv_transition	/intervals/trials	522	cv_transition_time	n/a	n/a	n/a	n/a	n/a	n/a	n/a	n/a	n/a	poo	491.148752	522	true	491.0762501	491.4451405
491.8484421	0.3466629999999782	trials	/intervals/trials	523	start_time	n/a	n/a	n/a	n/a	n/a	n/a	n/a	n/a	n/a	bee	491.9119892	523	true	491.8484421	492.1951051
491.9119892	0.0	cv_transition	/intervals/trials	523	cv_transition_time	n/a	n/a	n/a	n/a	n/a	n/a	n/a	n/a	n/a	bee	491.9119892	523	true	491.8484421	492.1951051
493.3659463	0.3480743000000075	trials	/intervals/trials	524	start_time	n/a	n/a	n/a	n/a	n/a	n/a	n/a	n/a	n/a	taa	493.453718	524	true	493.3659463	493.7140206
493.453718	0.0	cv_transition	/intervals/trials	524	cv_transition_time	n/a	n/a	n/a	n/a	n/a	n/a	n/a	n/a	n/a	taa	493.453718	524	true	493.3659463	493.7140206
494.1291784	0.38860180000000355	trials	/intervals/trials	525	start_time	n/a	n/a	n/a	n/a	n/a	n/a	n/a	n/a	n/a	naa	494.2512956	525	true	494.1291784	494.5177802
494.2512956	0.0	cv_transition	/intervals/trials	525	cv_transition_time	n/a	n/a	n/a	n/a	n/a	n/a	n/a	n/a	n/a	naa	494.2512956	525	true	494.1291784	494.5177802
494.8663827	0.6450214000000187	trials	/intervals/trials	526	start_time	n/a	n/a	n/a	n/a	n/a	n/a	n/a	n/a	n/a	saa	495.1993677	526	true	494.8663827	495.5114041
495.1993677	0.0	cv_transition	/intervals/trials	526	cv_transition_time	n/a	n/a	n/a	n/a	n/a	n/a	n/a	n/a	n/a	saa	495.1993677	526	true	494.8663827	495.5114041
495.8779828	0.46882490000001553	trials	/intervals/trials	527	start_time	n/a	n/a	n/a	n/a	n/a	n/a	n/a	n/a	n/a	shoo	496.0971629	527	true	495.8779828	496.3468077
496.0971629	0.0	cv_transition	/intervals/trials	527	cv_transition_time	n/a	n/a	n/a	n/a	n/a	n/a	n/a	n/a	n/a	shoo	496.0971629	527	true	495.8779828	496.3468077
496.686006	0.42975269999999455	trials	/intervals/trials	528	start_time	n/a	n/a	n/a	n/a	n/a	n/a	n/a	n/a	n/a	foo	496.822143	528	true	496.686006	497.1157587
496.822143	0.0	cv_transition	/intervals/trials	528	cv_transition_time	n/a	n/a	n/a	n/a	n/a	n/a	n/a	n/a	n/a	foo	496.822143	528	true	496.686006	497.1157587
497.5386932	0.2732350999999653	trials	/intervals/trials	529	start_time	n/a	n/a	n/a	n/a	n/a	n/a	n/a	n/a	n/a	daa	497.5808432	529	true	497.5386932	497.8119283
497.5808432	0.0	cv_transition	/intervals/trials	529	cv_transition_time	n/a	n/a	n/a	n/a	n/a	n/a	n/a	n/a	n/a	daa	497.5808432	529	true	497.5386932	497.8119283
498.1414383	0.3666597000000138	trials	/intervals/trials	530	start_time	n/a	n/a	n/a	n/a	n/a	n/a	n/a	n/a	n/a	faa	498.2678883	530	true	498.1414383	498.508098
498.2678883	0.0	cv_transition	/intervals/trials	530	cv_transition_time	n/a	n/a	n/a	n/a	n/a	n/a	n/a	n/a	n/a	faa	498.2678883	530	true	498.1414383	498.508098
498.9212134	0.29887630000001764	trials	/intervals/trials	531	start_time	n/a	n/a	n/a	n/a	n/a	n/a	n/a	n/a	n/a	goo	498.9802234	531	true	498.9212134	499.2200897
498.9802234	0.0	cv_transition	/intervals/trials	531	cv_transition_time	n/a	n/a	n/a	n/a	n/a	n/a	n/a	n/a	n/a	goo	498.9802234	531	true	498.9212134	499.2200897
499.6473465	0.43979079999996884	trials	/intervals/trials	532	start_time	n/a	n/a	n/a	n/a	n/a	n/a	n/a	n/a	n/a	mee	499.7974488	532	true	499.6473465	500.0871373
499.7974488	0.0	cv_transition	/intervals/trials	532	cv_transition_time	n/a	n/a	n/a	n/a	n/a	n/a	n/a	n/a	n/a	mee	499.7974488	532	true	499.6473465	500.0871373
500.5903537	0.4207906000000321	trials	/intervals/trials	533	start_time	n/a	n/a	n/a	n/a	n/a	n/a	n/a	n/a	n/a	zaa	500.7336638	533	true	500.5903537	501.0111443
500.7336638	0.0	cv_transition	/intervals/trials	533	cv_transition_time	n/a	n/a	n/a	n/a	n/a	n/a	n/a	n/a	n/a	zaa	500.7336638	533	true	500.5903537	501.0111443
501.2310338	0.5205819000000247	trials	/intervals/trials	534	start_time	n/a	n/a	n/a	n/a	n/a	n/a	n/a	n/a	n/a	see	501.4712889	534	true	501.2310338	501.7516157
501.4712889	0.0	cv_transition	/intervals/trials	534	cv_transition_time	n/a	n/a	n/a	n/a	n/a	n/a	n/a	n/a	n/a	see	501.4712889	534	true	501.2310338	501.7516157
502.044529	0.42677620000000616	trials	/intervals/trials	535	start_time	n/a	n/a	n/a	n/a	n/a	n/a	n/a	n/a	n/a	zoo	502.229989	535	true	502.044529	502.4713052
502.229989	0.0	cv_transition	/intervals/trials	535	cv_transition_time	n/a	n/a	n/a	n/a	n/a	n/a	n/a	n/a	n/a	zoo	502.229989	535	true	502.044529	502.4713052
502.8917442	0.3028413000000114	trials	/intervals/trials	536	start_time	n/a	n/a	n/a	n/a	n/a	n/a	n/a	n/a	n/a	too	502.9633992	536	true	502.8917442	503.1945855
502.9633992	0.0	cv_transition	/intervals/trials	536	cv_transition_time	n/a	n/a	n/a	n/a	n/a	n/a	n/a	n/a	n/a	too	502.9633992	536	true	502.8917442	503.1945855
503.6546593	0.3816585999999802	trials	/intervals/trials	537	start_time	n/a	n/a	n/a	n/a	n/a	n/a	n/a	n/a	n/a	vee	503.7768943	537	true	503.6546593	504.0363179
503.7768943	0.0	cv_transition	/intervals/trials	537	cv_transition_time	n/a	n/a	n/a	n/a	n/a	n/a	n/a	n/a	n/a	vee	503.7768943	537	true	503.6546593	504.0363179
504.4531646	0.485009400000024	trials	/intervals/trials	538	start_time	n/a	n/a	n/a	n/a	n/a	n/a	n/a	n/a	n/a	thaa	504.6325395	538	true	504.4531646	504.938174
504.6325395	0.0	cv_transition	/intervals/trials	538	cv_transition_time	n/a	n/a	n/a	n/a	n/a	n/a	n/a	n/a	n/a	thaa	504.6325395	538	true	504.4531646	504.938174
505.4797546	0.42039930000004233	trials	/intervals/trials	539	start_time	n/a	n/a	n/a	n/a	n/a	n/a	n/a	n/a	n/a	moo	505.6019897	539	true	505.4797546	505.9001539
505.6019897	0.0	cv_transition	/intervals/trials	539	cv_transition_time	n/a	n/a	n/a	n/a	n/a	n/a	n/a	n/a	n/a	moo	505.6019897	539	true	505.4797546	505.9001539
506.3281714	0.5814285000000154	trials	/intervals/trials	540	start_time	n/a	n/a	n/a	n/a	n/a	n/a	n/a	n/a	n/a	thoo	506.5882998	540	true	506.3281714	506.9095999
506.5882998	0.0	cv_transition	/intervals/trials	540	cv_transition_time	n/a	n/a	n/a	n/a	n/a	n/a	n/a	n/a	n/a	thoo	506.5882998	540	true	506.3281714	506.9095999
507.2783954	0.44762159999999085	trials	/intervals/trials	541	start_time	n/a	n/a	n/a	n/a	n/a	n/a	n/a	n/a	n/a	nee	507.4386741	541	true	507.2783954	507.726017
507.4386741	0.0	cv_transition	/intervals/trials	541	cv_transition_time	n/a	n/a	n/a	n/a	n/a	n/a	n/a	n/a	n/a	nee	507.4386741	541	true	507.2783954	507.726017
508.0846251	0.3343970999999897	trials	/intervals/trials	542	start_time	n/a	n/a	n/a	n/a	n/a	n/a	n/a	n/a	n/a	boo	508.1052301	542	true	508.0846251	508.4190222
508.1052301	0.0	cv_transition	/intervals/trials	542	cv_transition_time	n/a	n/a	n/a	n/a	n/a	n/a	n/a	n/a	n/a	boo	508.1052301	542	true	508.0846251	508.4190222
508.7705141	0.39214390000000776	trials	/intervals/trials	543	start_time	n/a	n/a	n/a	n/a	n/a	n/a	n/a	n/a	n/a	laa	508.8710063	543	true	508.7705141	509.162658
508.8710063	0.0	cv_transition	/intervals/trials	543	cv_transition_time	n/a	n/a	n/a	n/a	n/a	n/a	n/a	n/a	n/a	laa	508.8710063	543	true	508.7705141	509.162658
509.5893804	0.32324220000003834	trials	/intervals/trials	544	start_time	n/a	n/a	n/a	n/a	n/a	n/a	n/a	n/a	n/a	maa	509.6863254	544	true	509.5893804	509.9126226
509.6863254	0.0	cv_transition	/intervals/trials	544	cv_transition_time	n/a	n/a	n/a	n/a	n/a	n/a	n/a	n/a	n/a	maa	509.6863254	544	true	509.5893804	509.9126226
510.3270055	0.4938020000000165	trials	/intervals/trials	545	start_time	n/a	n/a	n/a	n/a	n/a	n/a	n/a	n/a	n/a	soo	510.5504006	545	true	510.3270055	510.8208075
510.5504006	0.0	cv_transition	/intervals/trials	545	cv_transition_time	n/a	n/a	n/a	n/a	n/a	n/a	n/a	n/a	n/a	soo	510.5504006	545	true	510.3270055	510.8208075
511.0449458	0.4055788000000007	trials	/intervals/trials	546	start_time	n/a	n/a	n/a	n/a	n/a	n/a	n/a	n/a	n/a	roo	511.1632467	546	true	511.0449458	511.4505246
511.1632467	0.0	cv_transition	/intervals/trials	546	cv_transition_time	n/a	n/a	n/a	n/a	n/a	n/a	n/a	n/a	n/a	roo	511.1632467	546	true	511.0449458	511.4505246
512.0346034	0.32094180000001415	trials	/intervals/trials	547	start_time	n/a	n/a	n/a	n/a	n/a	n/a	n/a	n/a	n/a	tee	512.1312794	547	true	512.0346034	512.3555452
512.1312794	0.0	cv_transition	/intervals/trials	547	cv_transition_time	n/a	n/a	n/a	n/a	n/a	n/a	n/a	n/a	n/a	tee	512.1312794	547	true	512.0346034	512.3555452
512.818071	0.36338449999993827	trials	/intervals/trials	548	start_time	n/a	n/a	n/a	n/a	n/a	n/a	n/a	n/a	n/a	haa	512.910801	548	true	512.818071	513.1814555
512.910801	0.0	cv_transition	/intervals/trials	548	cv_transition_time	n/a	n/a	n/a	n/a	n/a	n/a	n/a	n/a	n/a	haa	512.910801	548	true	512.818071	513.1814555
514.616872	0.42525510000007216	trials	/intervals/trials	549	start_time	n/a	n/a	n/a	n/a	n/a	n/a	n/a	n/a	n/a	waa	514.7478935	549	true	514.616872	515.0421271
514.7478935	0.0	cv_transition	/intervals/trials	549	cv_transition_time	n/a	n/a	n/a	n/a	n/a	n/a	n/a	n/a	n/a	waa	514.7478935	549	true	514.616872	515.0421271
515.3533909	0.49882449999995515	trials	/intervals/trials	550	start_time	n/a	n/a	n/a	n/a	n/a	n/a	n/a	n/a	n/a	pee	515.4777365	550	true	515.3533909	515.8522154
515.4777365	0.0	cv_transition	/intervals/trials	550	cv_transition_time	n/a	n/a	n/a	n/a	n/a	n/a	n/a	n/a	n/a	pee	515.4777365	550	true	515.3533909	515.8522154
515.9413866	0.49307980000003226	trials	/intervals/trials	551	start_time	n/a	n/a	n/a	n/a	n/a	n/a	n/a	n/a	n/a	lee	516.1057716	551	true	515.9413866	516.4344664
516.1057716	0.0	cv_transition	/intervals/trials	551	cv_transition_time	n/a	n/a	n/a	n/a	n/a	n/a	n/a	n/a	n/a	lee	516.1057716	551	true	515.9413866	516.4344664
516.5061967	0.5073562999999695	trials	/intervals/trials	552	start_time	n/a	n/a	n/a	n/a	n/a	n/a	n/a	n/a	n/a	wee	516.6076357	552	true	516.5061967	517.013553
516.6076357	0.0	cv_transition	/intervals/trials	552	cv_transition_time	n/a	n/a	n/a	n/a	n/a	n/a	n/a	n/a	n/a	wee	516.6076357	552	true	516.5061967	517.013553
517.3937647	0.4551918999999316	trials	/intervals/trials	553	start_time	n/a	n/a	n/a	n/a	n/a	n/a	n/a	n/a	n/a	yaa	517.5082495	553	true	517.3937647	517.8489566
517.4854692141178	0.11245093204149725	invalid_times	/intervals/invalid_times	11	start_time	n/a	n/a	n/a	n/a	11	517.4854692141178	517.5979201461593	"[""ECoG artifact""]"	"[{""idx_start"":1579240,""count"":343,""timeseries"":""/acquisition/ElectricalSeries""}]"	n/a	n/a	n/a	n/a	n/a	n/a
517.5082495	0.0	cv_transition	/intervals/trials	553	cv_transition_time	n/a	n/a	n/a	n/a	n/a	n/a	n/a	n/a	n/a	yaa	517.5082495	553	true	517.3937647	517.8489566
518.078392	0.346486700000014	trials	/intervals/trials	554	start_time	n/a	n/a	n/a	n/a	n/a	n/a	n/a	n/a	n/a	gaa	518.1290116	554	true	518.078392	518.4248787
518.1290116	0.0	cv_transition	/intervals/trials	554	cv_transition_time	n/a	n/a	n/a	n/a	n/a	n/a	n/a	n/a	n/a	gaa	518.1290116	554	true	518.078392	518.4248787
518.5041071	0.48720059999993737	trials	/intervals/trials	555	start_time	n/a	n/a	n/a	n/a	n/a	n/a	n/a	n/a	n/a	shaa	518.6684921	555	true	518.5041071	518.9913077
518.6684921	0.0	cv_transition	/intervals/trials	555	cv_transition_time	n/a	n/a	n/a	n/a	n/a	n/a	n/a	n/a	n/a	shaa	518.6684921	555	true	518.5041071	518.9913077
519.2206572	0.3022708999999395	trials	/intervals/trials	556	start_time	n/a	n/a	n/a	n/a	n/a	n/a	n/a	n/a	n/a	doo	519.2543772	556	true	519.2206572	519.5229281
519.2543772	0.0	cv_transition	/intervals/trials	556	cv_transition_time	n/a	n/a	n/a	n/a	n/a	n/a	n/a	n/a	n/a	doo	519.2543772	556	true	519.2206572	519.5229281
520.0833355294118	1.0380086034602982	invalid_times	/intervals/invalid_times	1	start_time	n/a	n/a	n/a	n/a	1	520.0833355294118	521.1213441328721	"[""ECoG artifact""]"	"[{""idx_start"":1587168,""count"":3168,""timeseries"":""/acquisition/ElectricalSeries""}]"	n/a	n/a	n/a	n/a	n/a	n/a
523.4546740440139	1.695414052318256	invalid_times	/intervals/invalid_times	5	start_time	n/a	n/a	n/a	n/a	5	523.4546740440139	525.1500880963322	"[""ECoG artifact""]"	"[{""idx_start"":1597456,""count"":5174,""timeseries"":""/acquisition/ElectricalSeries""}]"	n/a	n/a	n/a	n/a	n/a	n/a
527.0206655	0.4821083000000499	trials	/intervals/trials	557	start_time	n/a	n/a	n/a	n/a	n/a	n/a	n/a	n/a	n/a	raa	527.1351504	557	true	527.0206655	527.5027738
527.1351504	0.0	cv_transition	/intervals/trials	557	cv_transition_time	n/a	n/a	n/a	n/a	n/a	n/a	n/a	n/a	n/a	raa	527.1351504	557	true	527.0206655	527.5027738
528.4009289	0.5013029999998935	trials	/intervals/trials	558	start_time	n/a	n/a	n/a	n/a	n/a	n/a	n/a	n/a	n/a	shee	528.582174	558	true	528.4009289	528.9022319
528.582174	0.0	cv_transition	/intervals/trials	558	cv_transition_time	n/a	n/a	n/a	n/a	n/a	n/a	n/a	n/a	n/a	shee	528.582174	558	true	528.4009289	528.9022319
531.3508375	0.4151832000000013	trials	/intervals/trials	559	start_time	n/a	n/a	n/a	n/a	n/a	n/a	n/a	n/a	n/a	baa	531.3812649	559	true	531.3508375	531.7660207
531.3812649	0.0	cv_transition	/intervals/trials	559	cv_transition_time	n/a	n/a	n/a	n/a	n/a	n/a	n/a	n/a	n/a	baa	531.3812649	559	true	531.3508375	531.7660207
532.5966918	0.46357160000002295	trials	/intervals/trials	560	start_time	n/a	n/a	n/a	n/a	n/a	n/a	n/a	n/a	n/a	zee	532.8212295	560	true	532.5966918	533.0602634
532.8212295	0.0	cv_transition	/intervals/trials	560	cv_transition_time	n/a	n/a	n/a	n/a	n/a	n/a	n/a	n/a	n/a	zee	532.8212295	560	true	532.5966918	533.0602634
534.167029	0.44379400000002533	trials	/intervals/trials	561	start_time	n/a	n/a	n/a	n/a	n/a	n/a	n/a	n/a	n/a	gee	534.2351304	561	true	534.167029	534.610823
534.2351304	0.0	cv_transition	/intervals/trials	561	cv_transition_time	n/a	n/a	n/a	n/a	n/a	n/a	n/a	n/a	n/a	gee	534.2351304	561	true	534.167029	534.610823
535.6820778	0.41122759999996106	trials	/intervals/trials	562	start_time	n/a	n/a	n/a	n/a	n/a	n/a	n/a	n/a	n/a	kee	535.7749377	562	true	535.6820778	536.0933054
535.7749377	0.0	cv_transition	/intervals/trials	562	cv_transition_time	n/a	n/a	n/a	n/a	n/a	n/a	n/a	n/a	n/a	kee	535.7749377	562	true	535.6820778	536.0933054
537.11441	0.517370700000015	trials	/intervals/trials	563	start_time	n/a	n/a	n/a	n/a	n/a	n/a	n/a	n/a	n/a	ree	537.2390712	563	true	537.11441	537.6317807
537.2390712	0.0	cv_transition	/intervals/trials	563	cv_transition_time	n/a	n/a	n/a	n/a	n/a	n/a	n/a	n/a	n/a	ree	537.2390712	563	true	537.11441	537.6317807
538.5289335	0.5612373999999818	trials	/intervals/trials	564	start_time	n/a	n/a	n/a	n/a	n/a	n/a	n/a	n/a	n/a	thee	538.707021	564	true	538.5289335	539.0901709
538.707021	0.0	cv_transition	/intervals/trials	564	cv_transition_time	n/a	n/a	n/a	n/a	n/a	n/a	n/a	n/a	n/a	thee	538.707021	564	true	538.5289335	539.0901709
540.0557936	0.43973459999995157	trials	/intervals/trials	565	start_time	n/a	n/a	n/a	n/a	n/a	n/a	n/a	n/a	n/a	voo	540.1479307	565	true	540.0557936	540.4955282
540.1479307	0.0	cv_transition	/intervals/trials	565	cv_transition_time	n/a	n/a	n/a	n/a	n/a	n/a	n/a	n/a	n/a	voo	540.1479307	565	true	540.0557936	540.4955282
541.5411561	0.43377029999999195	trials	/intervals/trials	566	start_time	n/a	n/a	n/a	n/a	n/a	n/a	n/a	n/a	n/a	noo	541.6060309	566	true	541.5411561	541.9749264
541.6060309	0.0	cv_transition	/intervals/trials	566	cv_transition_time	n/a	n/a	n/a	n/a	n/a	n/a	n/a	n/a	n/a	noo	541.6060309	566	true	541.5411561	541.9749264
543.0282176	0.3949741000000131	trials	/intervals/trials	567	start_time	n/a	n/a	n/a	n/a	n/a	n/a	n/a	n/a	n/a	dee	543.0790688	567	true	543.0282176	543.4231917
543.0790688	0.0	cv_transition	/intervals/trials	567	cv_transition_time	n/a	n/a	n/a	n/a	n/a	n/a	n/a	n/a	n/a	dee	543.0790688	567	true	543.0282176	543.4231917
545.8159354744176	0.8044742422146101	invalid_times	/intervals/invalid_times	4	start_time	n/a	n/a	n/a	n/a	4	545.8159354744176	546.6204097166323	"[""ECoG artifact""]"	"[{""idx_start"":1665698,""count"":2455,""timeseries"":""/acquisition/ElectricalSeries""}]"	n/a	n/a	n/a	n/a	n/a	n/a
546.0126595	0.44625539999992725	trials	/intervals/trials	568	start_time	n/a	n/a	n/a	n/a	n/a	n/a	n/a	n/a	n/a	koo	546.1368443	568	true	546.0126595	546.4589149
546.1368443	0.0	cv_transition	/intervals/trials	568	cv_transition_time	n/a	n/a	n/a	n/a	n/a	n/a	n/a	n/a	n/a	koo	546.1368443	568	true	546.0126595	546.4589149
547.3684332	0.5057994000000008	trials	/intervals/trials	569	start_time	n/a	n/a	n/a	n/a	n/a	n/a	n/a	n/a	n/a	fee	547.5108894	569	true	547.3684332	547.8742326
547.4335342195158	0.21625651672434287	invalid_times	/intervals/invalid_times	10	start_time	n/a	n/a	n/a	n/a	10	547.4335342195158	547.6497907362401	"[""ECoG artifact""]"	"[{""idx_start"":1670634,""count"":660,""timeseries"":""/acquisition/ElectricalSeries""}]"	n/a	n/a	n/a	n/a	n/a	n/a
547.5108894	0.0	cv_transition	/intervals/trials	569	cv_transition_time	n/a	n/a	n/a	n/a	n/a	n/a	n/a	n/a	n/a	fee	547.5108894	569	true	547.3684332	547.8742326
548.820839	0.5960839000000533	trials	/intervals/trials	570	start_time	n/a	n/a	n/a	n/a	n/a	n/a	n/a	n/a	n/a	hee	548.9770716	570	true	548.820839	549.4169229
548.9770716	0.0	cv_transition	/intervals/trials	570	cv_transition_time	n/a	n/a	n/a	n/a	n/a	n/a	n/a	n/a	n/a	hee	548.9770716	570	true	548.820839	549.4169229
550.3157811	0.5300270000000182	trials	/intervals/trials	571	start_time	n/a	n/a	n/a	n/a	n/a	n/a	n/a	n/a	n/a	vaa	550.4353541	571	true	550.3157811	550.8458081
550.4353541	0.0	cv_transition	/intervals/trials	571	cv_transition_time	n/a	n/a	n/a	n/a	n/a	n/a	n/a	n/a	n/a	vaa	550.4353541	571	true	550.3157811	550.8458081
551.7468413	0.5194220999999288	trials	/intervals/trials	572	start_time	n/a	n/a	n/a	n/a	n/a	n/a	n/a	n/a	n/a	loo	551.8740466	572	true	551.7468413	552.2662634
551.8740466	0.0	cv_transition	/intervals/trials	572	cv_transition_time	n/a	n/a	n/a	n/a	n/a	n/a	n/a	n/a	n/a	loo	551.8740466	572	true	551.7468413	552.2662634
553.1308355	0.5558832000000393	trials	/intervals/trials	573	start_time	n/a	n/a	n/a	n/a	n/a	n/a	n/a	n/a	n/a	hoo	553.2674572	573	true	553.1308355	553.6867187
553.2674572	0.0	cv_transition	/intervals/trials	573	cv_transition_time	n/a	n/a	n/a	n/a	n/a	n/a	n/a	n/a	n/a	hoo	553.2674572	573	true	553.1308355	553.6867187
554.6369468	0.5503120999999283	trials	/intervals/trials	574	start_time	n/a	n/a	n/a	n/a	n/a	n/a	n/a	n/a	n/a	kaa	554.759064	574	true	554.6369468	555.1872589
554.759064	0.0	cv_transition	/intervals/trials	574	cv_transition_time	n/a	n/a	n/a	n/a	n/a	n/a	n/a	n/a	n/a	kaa	554.759064	574	true	554.6369468	555.1872589
556.1317202	0.4781815999999708	trials	/intervals/trials	575	start_time	n/a	n/a	n/a	n/a	n/a	n/a	n/a	n/a	n/a	poo	556.2038275	575	true	556.1317202	556.6099018
556.2038275	0.0	cv_transition	/intervals/trials	575	cv_transition_time	n/a	n/a	n/a	n/a	n/a	n/a	n/a	n/a	n/a	poo	556.2038275	575	true	556.1317202	556.6099018
557.5698607	0.4685571999999638	trials	/intervals/trials	576	start_time	n/a	n/a	n/a	n/a	n/a	n/a	n/a	n/a	n/a	bee	557.590655	576	true	557.5698607	558.0384179
557.590655	0.0	cv_transition	/intervals/trials	576	cv_transition_time	n/a	n/a	n/a	n/a	n/a	n/a	n/a	n/a	n/a	bee	557.590655	576	true	557.5698607	558.0384179
558.9599296	0.5266301999999996	trials	/intervals/trials	577	start_time	n/a	n/a	n/a	n/a	n/a	n/a	n/a	n/a	n/a	paa	559.0600786	577	true	558.9599296	559.4865598
559.0600786	0.0	cv_transition	/intervals/trials	577	cv_transition_time	n/a	n/a	n/a	n/a	n/a	n/a	n/a	n/a	n/a	paa	559.0600786	577	true	558.9599296	559.4865598
560.3540045	0.5909454999999753	trials	/intervals/trials	578	start_time	n/a	n/a	n/a	n/a	n/a	n/a	n/a	n/a	n/a	taa	560.4741833	578	true	560.3540045	560.94495
560.4741833	0.0	cv_transition	/intervals/trials	578	cv_transition_time	n/a	n/a	n/a	n/a	n/a	n/a	n/a	n/a	n/a	taa	560.4741833	578	true	560.3540045	560.94495
561.8201867	0.5199285999999574	trials	/intervals/trials	579	start_time	n/a	n/a	n/a	n/a	n/a	n/a	n/a	n/a	n/a	naa	561.9309015	579	true	561.8201867	562.3401153
561.9309015	0.0	cv_transition	/intervals/trials	579	cv_transition_time	n/a	n/a	n/a	n/a	n/a	n/a	n/a	n/a	n/a	naa	561.9309015	579	true	561.8201867	562.3401153
563.1822138	0.7469568000000208	trials	/intervals/trials	580	start_time	n/a	n/a	n/a	n/a	n/a	n/a	n/a	n/a	n/a	saa	563.4185656	580	true	563.1822138	563.9291706
563.4185656	0.0	cv_transition	/intervals/trials	580	cv_transition_time	n/a	n/a	n/a	n/a	n/a	n/a	n/a	n/a	n/a	saa	563.4185656	580	true	563.1822138	563.9291706
564.8767359	0.6583500000000413	trials	/intervals/trials	581	start_time	n/a	n/a	n/a	n/a	n/a	n/a	n/a	n/a	n/a	shoo	565.077034	581	true	564.8767359	565.5350859
565.077034	0.0	cv_transition	/intervals/trials	581	cv_transition_time	n/a	n/a	n/a	n/a	n/a	n/a	n/a	n/a	n/a	shoo	565.077034	581	true	564.8767359	565.5350859
566.346924	0.5664671000000681	trials	/intervals/trials	582	start_time	n/a	n/a	n/a	n/a	n/a	n/a	n/a	n/a	n/a	foo	566.4751148	582	true	566.346924	566.9133911
566.4751148	0.0	cv_transition	/intervals/trials	582	cv_transition_time	n/a	n/a	n/a	n/a	n/a	n/a	n/a	n/a	n/a	foo	566.4751148	582	true	566.346924	566.9133911
568.2337323	0.41623919999994996	trials	/intervals/trials	583	start_time	n/a	n/a	n/a	n/a	n/a	n/a	n/a	n/a	n/a	daa	568.26578	583	true	568.2337323	568.6499715
568.26578	0.0	cv_transition	/intervals/trials	583	cv_transition_time	n/a	n/a	n/a	n/a	n/a	n/a	n/a	n/a	n/a	daa	568.26578	583	true	568.2337323	568.6499715
569.4194971	0.608779600000048	trials	/intervals/trials	584	start_time	n/a	n/a	n/a	n/a	n/a	n/a	n/a	n/a	n/a	faa	569.6238012	584	true	569.4194971	570.0282767
569.6238012	0.0	cv_transition	/intervals/trials	584	cv_transition_time	n/a	n/a	n/a	n/a	n/a	n/a	n/a	n/a	n/a	faa	569.6238012	584	true	569.4194971	570.0282767
570.921733	0.5406653000000006	trials	/intervals/trials	585	start_time	n/a	n/a	n/a	n/a	n/a	n/a	n/a	n/a	n/a	goo	570.9978463	585	true	570.921733	571.4623983
570.9978463	0.0	cv_transition	/intervals/trials	585	cv_transition_time	n/a	n/a	n/a	n/a	n/a	n/a	n/a	n/a	n/a	goo	570.9978463	585	true	570.921733	571.4623983
572.3278257	0.5835116000000653	trials	/intervals/trials	586	start_time	n/a	n/a	n/a	n/a	n/a	n/a	n/a	n/a	n/a	mee	572.4456957	586	true	572.3278257	572.9113373
572.4456957	0.0	cv_transition	/intervals/trials	586	cv_transition_time	n/a	n/a	n/a	n/a	n/a	n/a	n/a	n/a	n/a	mee	572.4456957	586	true	572.3278257	572.9113373
573.7018708	0.5919866999998931	trials	/intervals/trials	587	start_time	n/a	n/a	n/a	n/a	n/a	n/a	n/a	n/a	n/a	zaa	573.8300616	587	true	573.7018708	574.2938575
573.8300616	0.0	cv_transition	/intervals/trials	587	cv_transition_time	n/a	n/a	n/a	n/a	n/a	n/a	n/a	n/a	n/a	zaa	573.8300616	587	true	573.7018708	574.2938575
575.0919397	0.7235330999999405	trials	/intervals/trials	588	start_time	n/a	n/a	n/a	n/a	n/a	n/a	n/a	n/a	n/a	see	575.3282915	588	true	575.0919397	575.8154728
575.3282915	0.0	cv_transition	/intervals/trials	588	cv_transition_time	n/a	n/a	n/a	n/a	n/a	n/a	n/a	n/a	n/a	see	575.3282915	588	true	575.0919397	575.8154728
576.654265	0.644314799999961	trials	/intervals/trials	589	start_time	n/a	n/a	n/a	n/a	n/a	n/a	n/a	n/a	n/a	zoo	576.8145035	589	true	576.654265	577.2985798
576.8145035	0.0	cv_transition	/intervals/trials	589	cv_transition_time	n/a	n/a	n/a	n/a	n/a	n/a	n/a	n/a	n/a	zoo	576.8145035	589	true	576.654265	577.2985798
577.5028233448675	0.19030573471741263	invalid_times	/intervals/invalid_times	9	start_time	n/a	n/a	n/a	n/a	9	577.5028233448675	577.6931290795849	"[""ECoG artifact""]"	"[{""idx_start"":1762398,""count"":581,""timeseries"":""/acquisition/ElectricalSeries""}]"	n/a	n/a	n/a	n/a	n/a	n/a
578.0883995	0.5890587999999752	trials	/intervals/trials	590	start_time	n/a	n/a	n/a	n/a	n/a	n/a	n/a	n/a	n/a	too	578.1765307	590	true	578.0883995	578.6774583
578.1765307	0.0	cv_transition	/intervals/trials	590	cv_transition_time	n/a	n/a	n/a	n/a	n/a	n/a	n/a	n/a	n/a	too	578.1765307	590	true	578.0883995	578.6774583
579.4984982	0.5656953999999814	trials	/intervals/trials	591	start_time	n/a	n/a	n/a	n/a	n/a	n/a	n/a	n/a	n/a	vee	579.6146711	591	true	579.4984982	580.0641936
579.6146711	0.0	cv_transition	/intervals/trials	591	cv_transition_time	n/a	n/a	n/a	n/a	n/a	n/a	n/a	n/a	n/a	vee	579.6146711	591	true	579.4984982	580.0641936
580.8445016	0.6949423000000934	trials	/intervals/trials	592	start_time	n/a	n/a	n/a	n/a	n/a	n/a	n/a	n/a	n/a	thaa	581.0367877	592	true	580.8445016	581.5394439
581.0367877	0.0	cv_transition	/intervals/trials	592	cv_transition_time	n/a	n/a	n/a	n/a	n/a	n/a	n/a	n/a	n/a	thaa	581.0367877	592	true	580.8445016	581.5394439
582.3282793	0.576824800000054	trials	/intervals/trials	593	start_time	n/a	n/a	n/a	n/a	n/a	n/a	n/a	n/a	n/a	moo	582.4300435	593	true	582.3282793	582.9051041
582.4300435	0.0	cv_transition	/intervals/trials	593	cv_transition_time	n/a	n/a	n/a	n/a	n/a	n/a	n/a	n/a	n/a	moo	582.4300435	593	true	582.3282793	582.9051041
583.664699	0.6692903999999089	trials	/intervals/trials	594	start_time	n/a	n/a	n/a	n/a	n/a	n/a	n/a	n/a	n/a	thoo	583.8249375	594	true	583.664699	584.3339894
583.8249375	0.0	cv_transition	/intervals/trials	594	cv_transition_time	n/a	n/a	n/a	n/a	n/a	n/a	n/a	n/a	n/a	thoo	583.8249375	594	true	583.664699	584.3339894
585.1153485	0.5505812000000105	trials	/intervals/trials	595	start_time	n/a	n/a	n/a	n/a	n/a	n/a	n/a	n/a	n/a	nee	585.2311053	595	true	585.1153485	585.6659297
585.2311053	0.0	cv_transition	/intervals/trials	595	cv_transition_time	n/a	n/a	n/a	n/a	n/a	n/a	n/a	n/a	n/a	nee	585.2311053	595	true	585.1153485	585.6659297
586.506975	0.4871964999999818	trials	/intervals/trials	596	start_time	n/a	n/a	n/a	n/a	n/a	n/a	n/a	n/a	n/a	boo	586.5476807	596	true	586.506975	586.9941715
586.5476807	0.0	cv_transition	/intervals/trials	596	cv_transition_time	n/a	n/a	n/a	n/a	n/a	n/a	n/a	n/a	n/a	boo	586.5476807	596	true	586.506975	586.9941715
587.7942931	0.48915199999999004	trials	/intervals/trials	597	start_time	n/a	n/a	n/a	n/a	n/a	n/a	n/a	n/a	n/a	laa	587.8731604	597	true	587.7942931	588.2834451
587.8731604	0.0	cv_transition	/intervals/trials	597	cv_transition_time	n/a	n/a	n/a	n/a	n/a	n/a	n/a	n/a	n/a	laa	587.8731604	597	true	587.7942931	588.2834451
589.1047958	0.47686959999998635	trials	/intervals/trials	598	start_time	n/a	n/a	n/a	n/a	n/a	n/a	n/a	n/a	n/a	maa	589.2690402	598	true	589.1047958	589.5816654
589.2690402	0.0	cv_transition	/intervals/trials	598	cv_transition_time	n/a	n/a	n/a	n/a	n/a	n/a	n/a	n/a	n/a	maa	589.2690402	598	true	589.1047958	589.5816654
590.2705308	0.7273749000000862	trials	/intervals/trials	599	start_time	n/a	n/a	n/a	n/a	n/a	n/a	n/a	n/a	n/a	soo	590.5189005	599	true	590.2705308	590.9979057
590.5189005	0.0	cv_transition	/intervals/trials	599	cv_transition_time	n/a	n/a	n/a	n/a	n/a	n/a	n/a	n/a	n/a	soo	590.5189005	599	true	590.2705308	590.9979057
591.7796367	0.5533433000000514	trials	/intervals/trials	600	start_time	n/a	n/a	n/a	n/a	n/a	n/a	n/a	n/a	n/a	roo	591.9157464	600	true	591.7796367	592.33298
591.9157464	0.0	cv_transition	/intervals/trials	600	cv_transition_time	n/a	n/a	n/a	n/a	n/a	n/a	n/a	n/a	n/a	roo	591.9157464	600	true	591.7796367	592.33298
593.1788594	0.5587967999999819	trials	/intervals/trials	601	start_time	n/a	n/a	n/a	n/a	n/a	n/a	n/a	n/a	n/a	tee	593.2950323	601	true	593.1788594	593.7376562
593.2950323	0.0	cv_transition	/intervals/trials	601	cv_transition_time	n/a	n/a	n/a	n/a	n/a	n/a	n/a	n/a	n/a	tee	593.2950323	601	true	593.1788594	593.7376562
594.5946911	0.5128402999999935	trials	/intervals/trials	602	start_time	n/a	n/a	n/a	n/a	n/a	n/a	n/a	n/a	n/a	haa	594.7091759	602	true	594.5946911	595.1075314
594.7091759	0.0	cv_transition	/intervals/trials	602	cv_transition_time	n/a	n/a	n/a	n/a	n/a	n/a	n/a	n/a	n/a	haa	594.7091759	602	true	594.5946911	595.1075314
595.9532442	0.47779750000006516	trials	/intervals/trials	603	start_time	n/a	n/a	n/a	n/a	n/a	n/a	n/a	n/a	n/a	waa	596.0308395	603	true	595.9532442	596.4310417
596.0308395	0.0	cv_transition	/intervals/trials	603	cv_transition_time	n/a	n/a	n/a	n/a	n/a	n/a	n/a	n/a	n/a	waa	596.0308395	603	true	595.9532442	596.4310417
597.3050006	0.528338700000063	trials	/intervals/trials	604	start_time	n/a	n/a	n/a	n/a	n/a	n/a	n/a	n/a	n/a	pee	597.4251795	604	true	597.3050006	597.8333393
597.4251795	0.0	cv_transition	/intervals/trials	604	cv_transition_time	n/a	n/a	n/a	n/a	n/a	n/a	n/a	n/a	n/a	pee	597.4251795	604	true	597.3050006	597.8333393
598.6525417	0.5308954999999287	trials	/intervals/trials	605	start_time	n/a	n/a	n/a	n/a	n/a	n/a	n/a	n/a	n/a	lee	598.7568501	605	true	598.6525417	599.1834372
598.7568501	0.0	cv_transition	/intervals/trials	605	cv_transition_time	n/a	n/a	n/a	n/a	n/a	n/a	n/a	n/a	n/a	lee	598.7568501	605	true	598.6525417	599.1834372
600.0225433	0.48861909999993713	trials	/intervals/trials	606	start_time	n/a	n/a	n/a	n/a	n/a	n/a	n/a	n/a	n/a	wee	600.0937783	606	true	600.0225433	600.5111624
600.0937783	0.0	cv_transition	/intervals/trials	606	cv_transition_time	n/a	n/a	n/a	n/a	n/a	n/a	n/a	n/a	n/a	wee	600.0937783	606	true	600.0225433	600.5111624
601.3302143	0.4875984000000244	trials	/intervals/trials	607	start_time	n/a	n/a	n/a	n/a	n/a	n/a	n/a	n/a	n/a	yaa	601.4319786	607	true	601.3302143	601.8178127
601.4319786	0.0	cv_transition	/intervals/trials	607	cv_transition_time	n/a	n/a	n/a	n/a	n/a	n/a	n/a	n/a	n/a	yaa	601.4319786	607	true	601.3302143	601.8178127
602.7450974	0.46788050000009207	trials	/intervals/trials	608	start_time	n/a	n/a	n/a	n/a	n/a	n/a	n/a	n/a	n/a	gaa	602.8091928	608	true	602.7450974	603.2129779
602.8091928	0.0	cv_transition	/intervals/trials	608	cv_transition_time	n/a	n/a	n/a	n/a	n/a	n/a	n/a	n/a	n/a	gaa	602.8091928	608	true	602.7450974	603.2129779
604.0109815	0.5634416999999985	trials	/intervals/trials	609	start_time	n/a	n/a	n/a	n/a	n/a	n/a	n/a	n/a	n/a	shaa	604.2232975	609	true	604.0109815	604.5744232
604.2232975	0.0	cv_transition	/intervals/trials	609	cv_transition_time	n/a	n/a	n/a	n/a	n/a	n/a	n/a	n/a	n/a	shaa	604.2232975	609	true	604.0109815	604.5744232
605.4758366	0.4768919000000551	trials	/intervals/trials	610	start_time	n/a	n/a	n/a	n/a	n/a	n/a	n/a	n/a	n/a	doo	605.5532769	610	true	605.4758366	605.9527285
605.5532769	0.0	cv_transition	/intervals/trials	610	cv_transition_time	n/a	n/a	n/a	n/a	n/a	n/a	n/a	n/a	n/a	doo	605.5532769	610	true	605.4758366	605.9527285
606.7707871	0.404291599999965	trials	/intervals/trials	611	start_time	n/a	n/a	n/a	n/a	n/a	n/a	n/a	n/a	n/a	woo	606.839478	611	true	606.7707871	607.1750787
606.839478	0.0	cv_transition	/intervals/trials	611	cv_transition_time	n/a	n/a	n/a	n/a	n/a	n/a	n/a	n/a	n/a	woo	606.839478	611	true	606.7707871	607.1750787
607.7326574	49.57353020000005	epochs	/intervals/epochs	0	start_time	0	rest_period	607.7326574	657.3061876	n/a	n/a	n/a	n/a	n/a	n/a	n/a	n/a	n/a	n/a	n/a
621.9924246853981	1.2456375363321968	invalid_times	/intervals/invalid_times	3	start_time	n/a	n/a	n/a	n/a	3	621.9924246853981	623.2380622217303	"[""ECoG artifact""]"	"[{""idx_start"":1898170,""count"":3801,""timeseries"":""/acquisition/ElectricalSeries""}]"	n/a	n/a	n/a	n/a	n/a	n/a
637.5460401959863	0.27680229425607195	invalid_times	/intervals/invalid_times	8	start_time	n/a	n/a	n/a	n/a	8	637.5460401959863	637.8228424902424	"[""ECoG artifact""]"	"[{""idx_start"":1945636,""count"":844,""timeseries"":""/acquisition/ElectricalSeries""}]"	n/a	n/a	n/a	n/a	n/a	n/a
648.938839978962	0.17300143391003076	invalid_times	/intervals/invalid_times	7	start_time	n/a	n/a	n/a	n/a	7	648.938839978962	649.1118414128721	"[""ECoG artifact""]"	"[{""idx_start"":1980404,""count"":528,""timeseries"":""/acquisition/ElectricalSeries""}]"	n/a	n/a	n/a	n/a	n/a	n/a
650.3228514502424	0.164351362214461	invalid_times	/intervals/invalid_times	6	start_time	n/a	n/a	n/a	n/a	6	650.3228514502424	650.4872028124569	"[""ECoG artifact""]"	"[{""idx_start"":1984627,""count"":502,""timeseries"":""/acquisition/ElectricalSeries""}]"	n/a	n/a	n/a	n/a	n/a	n/a
651.9058145705192	1.3580612561937642	invalid_times	/intervals/invalid_times	2	start_time	n/a	n/a	n/a	n/a	2	651.9058145705192	653.2638758267129	"[""ECoG artifact""]"	"[{""idx_start"":1989458,""count"":4145,""timeseries"":""/acquisition/ElectricalSeries""}]"	n/a	n/a	n/a	n/a	n/a	n/a
