onset	duration	trial_type	source_table	source_row	source_onset_column	nwb_epochs_id	nwb_epochs_label	nwb_epochs_start_time	nwb_epochs_stop_time	nwb_invalid_times_id	nwb_invalid_times_start_time	nwb_invalid_times_stop_time	nwb_invalid_times_tags	nwb_invalid_times_timeseries	nwb_trials_condition	nwb_trials_cv_transition_time	nwb_trials_id	nwb_trials_speak	nwb_trials_start_time	nwb_trials_stop_time
5.1003202	0.3929135000000006	trials	/intervals/trials	0	start_time	n/a	n/a	n/a	n/a	n/a	n/a	n/a	n/a	n/a	baa	5.1053808	0	true	5.1003202	5.4932337
5.1053808	0.0	cv_transition	/intervals/trials	0	cv_transition_time	n/a	n/a	n/a	n/a	n/a	n/a	n/a	n/a	n/a	baa	5.1053808	0	true	5.1003202	5.4932337
6.14258	0.42786020000000047	trials	/intervals/trials	1	start_time	n/a	n/a	n/a	n/a	n/a	n/a	n/a	n/a	n/a	daa	6.1510806	1	true	6.14258	6.5704402
6.1510806	0.0	cv_transition	/intervals/trials	1	cv_transition_time	n/a	n/a	n/a	n/a	n/a	n/a	n/a	n/a	n/a	daa	6.1510806	1	true	6.14258	6.5704402
7.0374973	0.4316382000000001	trials	/intervals/trials	2	start_time	n/a	n/a	n/a	n/a	n/a	n/a	n/a	n/a	n/a	gaa	7.0596932	2	true	7.0374973	7.4691355
7.0596932	0.0	cv_transition	/intervals/trials	2	cv_transition_time	n/a	n/a	n/a	n/a	n/a	n/a	n/a	n/a	n/a	gaa	7.0596932	2	true	7.0374973	7.4691355
7.9423319	0.4231377000000007	trials	/intervals/trials	3	start_time	n/a	n/a	n/a	n/a	n/a	n/a	n/a	n/a	n/a	paa	7.9607497	3	true	7.9423319	8.3654696
7.9607497	0.0	cv_transition	/intervals/trials	3	cv_transition_time	n/a	n/a	n/a	n/a	n/a	n/a	n/a	n/a	n/a	paa	7.9607497	3	true	7.9423319	8.3654696
8.9265048	0.4401387000000003	trials	/intervals/trials	4	start_time	n/a	n/a	n/a	n/a	n/a	n/a	n/a	n/a	n/a	taa	8.9760912	4	true	8.9265048	9.3666435
8.9760912	0.0	cv_transition	/intervals/trials	4	cv_transition_time	n/a	n/a	n/a	n/a	n/a	n/a	n/a	n/a	n/a	taa	8.9760912	4	true	8.9265048	9.3666435
9.9064274	0.5024759999999997	trials	/intervals/trials	5	start_time	n/a	n/a	n/a	n/a	n/a	n/a	n/a	n/a	n/a	kaa	10.0122118	5	true	9.9064274	10.4089034
10.0122118	0.0	cv_transition	/intervals/trials	5	cv_transition_time	n/a	n/a	n/a	n/a	n/a	n/a	n/a	n/a	n/a	kaa	10.0122118	5	true	9.9064274	10.4089034
10.9283805	0.5095597000000005	trials	/intervals/trials	6	start_time	n/a	n/a	n/a	n/a	n/a	n/a	n/a	n/a	n/a	maa	11.0450267	6	true	10.9283805	11.4379402
11.0450267	0.0	cv_transition	/intervals/trials	6	cv_transition_time	n/a	n/a	n/a	n/a	n/a	n/a	n/a	n/a	n/a	maa	11.0450267	6	true	10.9283805	11.4379402
11.9777241	0.47272410000000065	trials	/intervals/trials	7	start_time	n/a	n/a	n/a	n/a	n/a	n/a	n/a	n/a	n/a	naa	12.07123	7	true	11.9777241	12.4504482
12.07123	0.0	cv_transition	/intervals/trials	7	cv_transition_time	n/a	n/a	n/a	n/a	n/a	n/a	n/a	n/a	n/a	naa	12.07123	7	true	11.9777241	12.4504482
12.950563	0.5676466999999992	trials	/intervals/trials	8	start_time	n/a	n/a	n/a	n/a	n/a	n/a	n/a	n/a	n/a	shaa	13.1295464	8	true	12.950563	13.5182097
13.1295464	0.0	cv_transition	/intervals/trials	8	cv_transition_time	n/a	n/a	n/a	n/a	n/a	n/a	n/a	n/a	n/a	shaa	13.1295464	8	true	12.950563	13.5182097
13.8185619	0.5959819	trials	/intervals/trials	9	start_time	n/a	n/a	n/a	n/a	n/a	n/a	n/a	n/a	n/a	saa	14.0320197	9	true	13.8185619	14.4145438
14.0320197	0.0	cv_transition	/intervals/trials	9	cv_transition_time	n/a	n/a	n/a	n/a	n/a	n/a	n/a	n/a	n/a	saa	14.0320197	9	true	13.8185619	14.4145438
15.7056804	0.5237272999999991	trials	/intervals/trials	10	start_time	n/a	n/a	n/a	n/a	n/a	n/a	n/a	n/a	n/a	haa	15.9181937	10	true	15.7056804	16.2294077
15.9181937	0.0	cv_transition	/intervals/trials	10	cv_transition_time	n/a	n/a	n/a	n/a	n/a	n/a	n/a	n/a	n/a	haa	15.9181937	10	true	15.7056804	16.2294077
16.7611633	0.5175879999999999	trials	/intervals/trials	11	start_time	n/a	n/a	n/a	n/a	n/a	n/a	n/a	n/a	n/a	vaa	16.8848933	11	true	16.7611633	17.2787513
16.8848933	0.0	cv_transition	/intervals/trials	11	cv_transition_time	n/a	n/a	n/a	n/a	n/a	n/a	n/a	n/a	n/a	vaa	16.8848933	11	true	16.7611633	17.2787513
17.7698933	0.511448699999999	trials	/intervals/trials	12	start_time	n/a	n/a	n/a	n/a	n/a	n/a	n/a	n/a	n/a	raa	17.9278004	12	true	17.7698933	18.281342
17.9278004	0.0	cv_transition	/intervals/trials	12	cv_transition_time	n/a	n/a	n/a	n/a	n/a	n/a	n/a	n/a	n/a	raa	17.9278004	12	true	17.7698933	18.281342
18.8272652	0.49728119999999976	trials	/intervals/trials	13	start_time	n/a	n/a	n/a	n/a	n/a	n/a	n/a	n/a	n/a	laa	18.9628015	13	true	18.8272652	19.3245464
18.9628015	0.0	cv_transition	/intervals/trials	13	cv_transition_time	n/a	n/a	n/a	n/a	n/a	n/a	n/a	n/a	n/a	laa	18.9628015	13	true	18.8272652	19.3245464
19.8095491	0.49539219999999773	trials	/intervals/trials	14	start_time	n/a	n/a	n/a	n/a	n/a	n/a	n/a	n/a	n/a	yaa	19.8903042	14	true	19.8095491	20.3049413
19.8903042	0.0	cv_transition	/intervals/trials	14	cv_transition_time	n/a	n/a	n/a	n/a	n/a	n/a	n/a	n/a	n/a	yaa	19.8903042	14	true	19.8095491	20.3049413
20.6676307	0.5633964999999996	trials	/intervals/trials	15	start_time	n/a	n/a	n/a	n/a	n/a	n/a	n/a	n/a	n/a	waa	20.802983	15	true	20.6676307	21.2310272
20.802983	0.0	cv_transition	/intervals/trials	15	cv_transition_time	n/a	n/a	n/a	n/a	n/a	n/a	n/a	n/a	n/a	waa	20.802983	15	true	20.6676307	21.2310272
21.5573533	0.6016487999999995	trials	/intervals/trials	16	start_time	n/a	n/a	n/a	n/a	n/a	n/a	n/a	n/a	n/a	faa	21.751921	16	true	21.5573533	22.1590021
21.751921	0.0	cv_transition	/intervals/trials	16	cv_transition_time	n/a	n/a	n/a	n/a	n/a	n/a	n/a	n/a	n/a	faa	21.751921	16	true	21.5573533	22.1590021
22.426271407206844	0.11626924698786567	invalid_times	/intervals/invalid_times	12	start_time	n/a	n/a	n/a	n/a	12	22.426271407206844	22.54254065419471	"[""ECoG artifact""]"	"[{""idx_start"":68439,""count"":355,""timeseries"":""/acquisition/ElectricalSeries""}]"	n/a	n/a	n/a	n/a	n/a	n/a
22.4768276	0.5860646000000003	trials	/intervals/trials	17	start_time	n/a	n/a	n/a	n/a	n/a	n/a	n/a	n/a	n/a	zaa	22.6751734	17	true	22.4768276	23.0628922
22.6751734	0.0	cv_transition	/intervals/trials	17	cv_transition_time	n/a	n/a	n/a	n/a	n/a	n/a	n/a	n/a	n/a	zaa	22.6751734	17	true	22.4768276	23.0628922
23.5998426	0.4429721999999998	trials	/intervals/trials	18	start_time	n/a	n/a	n/a	n/a	n/a	n/a	n/a	n/a	n/a	bee	23.6078709	18	true	23.5998426	24.0428148
23.6078709	0.0	cv_transition	/intervals/trials	18	cv_transition_time	n/a	n/a	n/a	n/a	n/a	n/a	n/a	n/a	n/a	bee	23.6078709	18	true	23.5998426	24.0428148
24.410699	0.4736686999999975	trials	/intervals/trials	19	start_time	n/a	n/a	n/a	n/a	n/a	n/a	n/a	n/a	n/a	dee	24.4296984	19	true	24.410699	24.8843677
24.4296984	0.0	cv_transition	/intervals/trials	19	cv_transition_time	n/a	n/a	n/a	n/a	n/a	n/a	n/a	n/a	n/a	dee	24.4296984	19	true	24.410699	24.8843677
24.60341305705465	0.13952309638544236	invalid_times	/intervals/invalid_times	24	start_time	n/a	n/a	n/a	n/a	24	24.60341305705465	24.74293615344009	"[""ECoG artifact""]"	"[{""idx_start"":75083,""count"":426,""timeseries"":""/acquisition/ElectricalSeries""}]"	n/a	n/a	n/a	n/a	n/a	n/a
25.3306457	0.4835858999999978	trials	/intervals/trials	20	start_time	n/a	n/a	n/a	n/a	n/a	n/a	n/a	n/a	n/a	gee	25.3896772	20	true	25.3306457	25.8142316
25.3896772	0.0	cv_transition	/intervals/trials	20	cv_transition_time	n/a	n/a	n/a	n/a	n/a	n/a	n/a	n/a	n/a	gee	25.3896772	20	true	25.3306457	25.8142316
26.2534258	0.450528300000002	trials	/intervals/trials	21	start_time	n/a	n/a	n/a	n/a	n/a	n/a	n/a	n/a	n/a	pee	26.2897892	21	true	26.2534258	26.7039541
26.2897892	0.0	cv_transition	/intervals/trials	21	cv_transition_time	n/a	n/a	n/a	n/a	n/a	n/a	n/a	n/a	n/a	pee	26.2897892	21	true	26.2534258	26.7039541
27.18754	0.4500561000000012	trials	/intervals/trials	22	start_time	n/a	n/a	n/a	n/a	n/a	n/a	n/a	n/a	n/a	tee	27.2229589	22	true	27.18754	27.6375961
27.2229589	0.0	cv_transition	/intervals/trials	22	cv_transition_time	n/a	n/a	n/a	n/a	n/a	n/a	n/a	n/a	n/a	tee	27.2229589	22	true	27.18754	27.6375961
27.394899508674627	0.21510515585781675	invalid_times	/intervals/invalid_times	0	start_time	n/a	n/a	n/a	n/a	0	27.394899508674627	27.610004664532443	"[""ECoG artifact""]"	"[{""idx_start"":83602,""count"":657,""timeseries"":""/acquisition/ElectricalSeries""}]"	n/a	n/a	n/a	n/a	n/a	n/a
28.1231083	0.4608805000000018	trials	/intervals/trials	23	start_time	n/a	n/a	n/a	n/a	n/a	n/a	n/a	n/a	n/a	kee	28.1910752	23	true	28.1231083	28.5839888
28.1910752	0.0	cv_transition	/intervals/trials	23	cv_transition_time	n/a	n/a	n/a	n/a	n/a	n/a	n/a	n/a	n/a	kee	28.1910752	23	true	28.1231083	28.5839888
29.0274333	0.5265608000000022	trials	/intervals/trials	24	start_time	n/a	n/a	n/a	n/a	n/a	n/a	n/a	n/a	n/a	mee	29.1379402	24	true	29.0274333	29.5539941
29.1379402	0.0	cv_transition	/intervals/trials	24	cv_transition_time	n/a	n/a	n/a	n/a	n/a	n/a	n/a	n/a	n/a	mee	29.1379402	24	true	29.0274333	29.5539941
29.9454909	0.5133378000000022	trials	/intervals/trials	25	start_time	n/a	n/a	n/a	n/a	n/a	n/a	n/a	n/a	n/a	nee	30.0748879	25	true	29.9454909	30.4588287
30.0748879	0.0	cv_transition	/intervals/trials	25	cv_transition_time	n/a	n/a	n/a	n/a	n/a	n/a	n/a	n/a	n/a	nee	30.0748879	25	true	29.9454909	30.4588287
30.8692156	0.602121099999998	trials	/intervals/trials	26	start_time	n/a	n/a	n/a	n/a	n/a	n/a	n/a	n/a	n/a	shee	31.0864514	26	true	30.8692156	31.4713367
31.0864514	0.0	cv_transition	/intervals/trials	26	cv_transition_time	n/a	n/a	n/a	n/a	n/a	n/a	n/a	n/a	n/a	shee	31.0864514	26	true	30.8692156	31.4713367
31.7367423	0.6630416000000032	trials	/intervals/trials	27	start_time	n/a	n/a	n/a	n/a	n/a	n/a	n/a	n/a	n/a	see	32.0111206	27	true	31.7367423	32.3997839
32.0111206	0.0	cv_transition	/intervals/trials	27	cv_transition_time	n/a	n/a	n/a	n/a	n/a	n/a	n/a	n/a	n/a	see	32.0111206	27	true	31.7367423	32.3997839
33.7674253	0.5652855000000017	trials	/intervals/trials	28	start_time	n/a	n/a	n/a	n/a	n/a	n/a	n/a	n/a	n/a	hee	33.950659	28	true	33.7674253	34.3327108
33.950659	0.0	cv_transition	/intervals/trials	28	cv_transition_time	n/a	n/a	n/a	n/a	n/a	n/a	n/a	n/a	n/a	hee	33.950659	28	true	33.7674253	34.3327108
34.9546665	0.5515901999999997	trials	/intervals/trials	29	start_time	n/a	n/a	n/a	n/a	n/a	n/a	n/a	n/a	n/a	vee	35.0609232	29	true	34.9546665	35.5062567
35.0609232	0.0	cv_transition	/intervals/trials	29	cv_transition_time	n/a	n/a	n/a	n/a	n/a	n/a	n/a	n/a	n/a	vee	35.0609232	29	true	34.9546665	35.5062567
35.9331724	0.558201700000005	trials	/intervals/trials	30	start_time	n/a	n/a	n/a	n/a	n/a	n/a	n/a	n/a	n/a	ree	36.0524308	30	true	35.9331724	36.4913741
36.0524308	0.0	cv_transition	/intervals/trials	30	cv_transition_time	n/a	n/a	n/a	n/a	n/a	n/a	n/a	n/a	n/a	ree	36.0524308	30	true	35.9331724	36.4913741
36.9872385	0.5936206000000013	trials	/intervals/trials	31	start_time	n/a	n/a	n/a	n/a	n/a	n/a	n/a	n/a	n/a	lee	37.110024	31	true	36.9872385	37.5808591
37.110024	0.0	cv_transition	/intervals/trials	31	cv_transition_time	n/a	n/a	n/a	n/a	n/a	n/a	n/a	n/a	n/a	lee	37.110024	31	true	36.9872385	37.5808591
38.2542903	0.5832309999999978	trials	/intervals/trials	32	start_time	n/a	n/a	n/a	n/a	n/a	n/a	n/a	n/a	n/a	yee	38.4077721	32	true	38.2542903	38.8375213
38.4077721	0.0	cv_transition	/intervals/trials	32	cv_transition_time	n/a	n/a	n/a	n/a	n/a	n/a	n/a	n/a	n/a	yee	38.4077721	32	true	38.2542903	38.8375213
39.2974947	0.5478121000000016	trials	/intervals/trials	33	start_time	n/a	n/a	n/a	n/a	n/a	n/a	n/a	n/a	n/a	wee	39.4547545	33	true	39.2974947	39.8453068
39.4547545	0.0	cv_transition	/intervals/trials	33	cv_transition_time	n/a	n/a	n/a	n/a	n/a	n/a	n/a	n/a	n/a	wee	39.4547545	33	true	39.2974947	39.8453068
40.2821398	0.6724867000000003	trials	/intervals/trials	34	start_time	n/a	n/a	n/a	n/a	n/a	n/a	n/a	n/a	n/a	fee	40.5017369	34	true	40.2821398	40.9546265
40.5017369	0.0	cv_transition	/intervals/trials	34	cv_transition_time	n/a	n/a	n/a	n/a	n/a	n/a	n/a	n/a	n/a	fee	40.5017369	34	true	40.2821398	40.9546265
41.3253442	0.5454508999999987	trials	/intervals/trials	35	start_time	n/a	n/a	n/a	n/a	n/a	n/a	n/a	n/a	n/a	zee	41.4863821	35	true	41.3253442	41.8707951
41.4863821	0.0	cv_transition	/intervals/trials	35	cv_transition_time	n/a	n/a	n/a	n/a	n/a	n/a	n/a	n/a	n/a	zee	41.4863821	35	true	41.3253442	41.8707951
42.8653575	0.43258269999999754	trials	/intervals/trials	36	start_time	n/a	n/a	n/a	n/a	n/a	n/a	n/a	n/a	n/a	boo	42.8715343	36	true	42.8653575	43.2979402
42.8715343	0.0	cv_transition	/intervals/trials	36	cv_transition_time	n/a	n/a	n/a	n/a	n/a	n/a	n/a	n/a	n/a	boo	42.8715343	36	true	42.8653575	43.2979402
43.7734979	0.41747059999999436	trials	/intervals/trials	37	start_time	n/a	n/a	n/a	n/a	n/a	n/a	n/a	n/a	n/a	doo	43.7956937	37	true	43.7734979	44.1909685
43.7956937	0.0	cv_transition	/intervals/trials	37	cv_transition_time	n/a	n/a	n/a	n/a	n/a	n/a	n/a	n/a	n/a	doo	43.7956937	37	true	43.7734979	44.1909685
44.6788047	0.4580842999999959	trials	/intervals/trials	38	start_time	n/a	n/a	n/a	n/a	n/a	n/a	n/a	n/a	n/a	goo	44.7170192	38	true	44.6788047	45.136889
44.7170192	0.0	cv_transition	/intervals/trials	38	cv_transition_time	n/a	n/a	n/a	n/a	n/a	n/a	n/a	n/a	n/a	goo	44.7170192	38	true	44.6788047	45.136889
45.6889514	0.46327910000000116	trials	/intervals/trials	39	start_time	n/a	n/a	n/a	n/a	n/a	n/a	n/a	n/a	n/a	poo	45.7040635	39	true	45.6889514	46.1522305
45.7040635	0.0	cv_transition	/intervals/trials	39	cv_transition_time	n/a	n/a	n/a	n/a	n/a	n/a	n/a	n/a	n/a	poo	45.7040635	39	true	45.6889514	46.1522305
46.5531724	0.4741408000000007	trials	/intervals/trials	40	start_time	n/a	n/a	n/a	n/a	n/a	n/a	n/a	n/a	n/a	too	46.599453	40	true	46.5531724	47.0273132
46.599453	0.0	cv_transition	/intervals/trials	40	cv_transition_time	n/a	n/a	n/a	n/a	n/a	n/a	n/a	n/a	n/a	too	46.599453	40	true	46.5531724	47.0273132
47.4698132	0.4722519000000034	trials	/intervals/trials	41	start_time	n/a	n/a	n/a	n/a	n/a	n/a	n/a	n/a	n/a	koo	47.5297892	41	true	47.4698132	47.9420651
47.5297892	0.0	cv_transition	/intervals/trials	41	cv_transition_time	n/a	n/a	n/a	n/a	n/a	n/a	n/a	n/a	n/a	koo	47.5297892	41	true	47.4698132	47.9420651
48.4228175	0.5454508999999987	trials	/intervals/trials	42	start_time	n/a	n/a	n/a	n/a	n/a	n/a	n/a	n/a	n/a	moo	48.5659098	42	true	48.4228175	48.9682684
48.5659098	0.0	cv_transition	/intervals/trials	42	cv_transition_time	n/a	n/a	n/a	n/a	n/a	n/a	n/a	n/a	n/a	moo	48.5659098	42	true	48.4228175	48.9682684
49.4806617	0.5638687000000004	trials	/intervals/trials	43	start_time	n/a	n/a	n/a	n/a	n/a	n/a	n/a	n/a	n/a	noo	49.6110032	43	true	49.4806617	50.0445304
49.6110032	0.0	cv_transition	/intervals/trials	43	cv_transition_time	n/a	n/a	n/a	n/a	n/a	n/a	n/a	n/a	n/a	noo	49.6110032	43	true	49.4806617	50.0445304
50.5437006	0.6526520999999974	trials	/intervals/trials	44	start_time	n/a	n/a	n/a	n/a	n/a	n/a	n/a	n/a	n/a	shoo	50.7935219	44	true	50.5437006	51.1963527
50.7935219	0.0	cv_transition	/intervals/trials	44	cv_transition_time	n/a	n/a	n/a	n/a	n/a	n/a	n/a	n/a	n/a	shoo	50.7935219	44	true	50.5437006	51.1963527
51.5623479	0.6238446999999994	trials	/intervals/trials	45	start_time	n/a	n/a	n/a	n/a	n/a	n/a	n/a	n/a	n/a	soo	51.8050854	45	true	51.5623479	52.1861926
51.8050854	0.0	cv_transition	/intervals/trials	45	cv_transition_time	n/a	n/a	n/a	n/a	n/a	n/a	n/a	n/a	n/a	soo	51.8050854	45	true	51.5623479	52.1861926
52.50459469468673	0.052322875749197806	invalid_times	/intervals/invalid_times	13	start_time	n/a	n/a	n/a	n/a	13	52.50459469468673	52.55691757043593	"[""ECoG artifact""]"	"[{""idx_start"":160231,""count"":159,""timeseries"":""/acquisition/ElectricalSeries""}]"	n/a	n/a	n/a	n/a	n/a	n/a
53.7720144	0.5506456999999969	trials	/intervals/trials	46	start_time	n/a	n/a	n/a	n/a	n/a	n/a	n/a	n/a	n/a	hoo	53.8985779	46	true	53.7720144	54.3226601
53.8985779	0.0	cv_transition	/intervals/trials	46	cv_transition_time	n/a	n/a	n/a	n/a	n/a	n/a	n/a	n/a	n/a	hoo	53.8985779	46	true	53.7720144	54.3226601
54.67599403827845	0.10173892506788462	invalid_times	/intervals/invalid_times	25	start_time	n/a	n/a	n/a	n/a	25	54.67599403827845	54.77773296334634	"[""ECoG artifact""]"	"[{""idx_start"":166857,""count"":311,""timeseries"":""/acquisition/ElectricalSeries""}]"	n/a	n/a	n/a	n/a	n/a	n/a
55.8064755	0.5553681000000026	trials	/intervals/trials	47	start_time	n/a	n/a	n/a	n/a	n/a	n/a	n/a	n/a	n/a	roo	55.9371447	47	true	55.8064755	56.3618436
55.9371447	0.0	cv_transition	/intervals/trials	47	cv_transition_time	n/a	n/a	n/a	n/a	n/a	n/a	n/a	n/a	n/a	roo	55.9371447	47	true	55.8064755	56.3618436
56.8515688	0.511921099999995	trials	/intervals/trials	48	start_time	n/a	n/a	n/a	n/a	n/a	n/a	n/a	n/a	n/a	loo	56.9554642	48	true	56.8515688	57.3634899
56.9554642	0.0	cv_transition	/intervals/trials	48	cv_transition_time	n/a	n/a	n/a	n/a	n/a	n/a	n/a	n/a	n/a	loo	56.9554642	48	true	56.8515688	57.3634899
57.511013921146514	0.14533655873483298	invalid_times	/intervals/invalid_times	1	start_time	n/a	n/a	n/a	n/a	1	57.511013921146514	57.65635047988135	"[""ECoG artifact""]"	"[{""idx_start"":175509,""count"":444,""timeseries"":""/acquisition/ElectricalSeries""}]"	n/a	n/a	n/a	n/a	n/a	n/a
57.8484925	0.5303389000000038	trials	/intervals/trials	49	start_time	n/a	n/a	n/a	n/a	n/a	n/a	n/a	n/a	n/a	yoo	57.9330989	49	true	57.8484925	58.3788314
57.9330989	0.0	cv_transition	/intervals/trials	49	cv_transition_time	n/a	n/a	n/a	n/a	n/a	n/a	n/a	n/a	n/a	yoo	57.9330989	49	true	57.8484925	58.3788314
58.856278	0.5393115999999978	trials	/intervals/trials	50	start_time	n/a	n/a	n/a	n/a	n/a	n/a	n/a	n/a	n/a	woo	58.9953304	50	true	58.856278	59.3955896
58.9953304	0.0	cv_transition	/intervals/trials	50	cv_transition_time	n/a	n/a	n/a	n/a	n/a	n/a	n/a	n/a	n/a	woo	58.9953304	50	true	58.856278	59.3955896
59.8253388	0.6380122999999998	trials	/intervals/trials	51	start_time	n/a	n/a	n/a	n/a	n/a	n/a	n/a	n/a	n/a	foo	60.0052668	51	true	59.8253388	60.4633511
60.0052668	0.0	cv_transition	/intervals/trials	51	cv_transition_time	n/a	n/a	n/a	n/a	n/a	n/a	n/a	n/a	n/a	foo	60.0052668	51	true	59.8253388	60.4633511
60.8161233	0.6238446999999994	trials	/intervals/trials	52	start_time	n/a	n/a	n/a	n/a	n/a	n/a	n/a	n/a	n/a	zoo	61.0154136	52	true	60.8161233	61.439968
61.0154136	0.0	cv_transition	/intervals/trials	52	cv_transition_time	n/a	n/a	n/a	n/a	n/a	n/a	n/a	n/a	n/a	zoo	61.0154136	52	true	60.8161233	61.439968
62.4690048	0.4373051999999973	trials	/intervals/trials	53	start_time	n/a	n/a	n/a	n/a	n/a	n/a	n/a	n/a	n/a	baa	62.4741996	53	true	62.4690048	62.90631
62.4741996	0.0	cv_transition	/intervals/trials	53	cv_transition_time	n/a	n/a	n/a	n/a	n/a	n/a	n/a	n/a	n/a	baa	62.4741996	53	true	62.4690048	62.90631
63.3327535	0.48122459999999734	trials	/intervals/trials	54	start_time	n/a	n/a	n/a	n/a	n/a	n/a	n/a	n/a	n/a	daa	63.3455043	54	true	63.3327535	63.8139781
63.3455043	0.0	cv_transition	/intervals/trials	54	cv_transition_time	n/a	n/a	n/a	n/a	n/a	n/a	n/a	n/a	n/a	daa	63.3455043	54	true	63.3327535	63.8139781
64.2734792	0.465640300000004	trials	/intervals/trials	55	start_time	n/a	n/a	n/a	n/a	n/a	n/a	n/a	n/a	n/a	gaa	64.3093703	55	true	64.2734792	64.7391195
64.3093703	0.0	cv_transition	/intervals/trials	55	cv_transition_time	n/a	n/a	n/a	n/a	n/a	n/a	n/a	n/a	n/a	gaa	64.3093703	55	true	64.2734792	64.7391195
65.1976761	0.46847379999999816	trials	/intervals/trials	56	start_time	n/a	n/a	n/a	n/a	n/a	n/a	n/a	n/a	n/a	paa	65.2090101	56	true	65.1976761	65.6661499
65.2090101	0.0	cv_transition	/intervals/trials	56	cv_transition_time	n/a	n/a	n/a	n/a	n/a	n/a	n/a	n/a	n/a	paa	65.2090101	56	true	65.1976761	65.6661499
66.1478469	0.45950099999998884	trials	/intervals/trials	57	start_time	n/a	n/a	n/a	n/a	n/a	n/a	n/a	n/a	n/a	taa	66.1700427	57	true	66.1478469	66.6073479
66.1700427	0.0	cv_transition	/intervals/trials	57	cv_transition_time	n/a	n/a	n/a	n/a	n/a	n/a	n/a	n/a	n/a	taa	66.1700427	57	true	66.1478469	66.6073479
67.0734605	0.4779189000000059	trials	/intervals/trials	58	start_time	n/a	n/a	n/a	n/a	n/a	n/a	n/a	n/a	n/a	kaa	67.1183244	58	true	67.0734605	67.5513794
67.1183244	0.0	cv_transition	/intervals/trials	58	cv_transition_time	n/a	n/a	n/a	n/a	n/a	n/a	n/a	n/a	n/a	kaa	67.1183244	58	true	67.0734605	67.5513794
67.9542102	0.5185326000000003	trials	/intervals/trials	59	start_time	n/a	n/a	n/a	n/a	n/a	n/a	n/a	n/a	n/a	maa	68.028826	59	true	67.9542102	68.4727428
68.028826	0.0	cv_transition	/intervals/trials	59	cv_transition_time	n/a	n/a	n/a	n/a	n/a	n/a	n/a	n/a	n/a	maa	68.028826	59	true	67.9542102	68.4727428
68.8935192	0.49775350000000174	trials	/intervals/trials	60	start_time	n/a	n/a	n/a	n/a	n/a	n/a	n/a	n/a	n/a	naa	68.9709685	60	true	68.8935192	69.3912727
68.9709685	0.0	cv_transition	/intervals/trials	60	cv_transition_time	n/a	n/a	n/a	n/a	n/a	n/a	n/a	n/a	n/a	naa	68.9709685	60	true	68.8935192	69.3912727
69.7171265	0.5808697999999879	trials	/intervals/trials	61	start_time	n/a	n/a	n/a	n/a	n/a	n/a	n/a	n/a	n/a	shaa	69.9013047	61	true	69.7171265	70.2979963
69.9013047	0.0	cv_transition	/intervals/trials	61	cv_transition_time	n/a	n/a	n/a	n/a	n/a	n/a	n/a	n/a	n/a	shaa	69.9013047	61	true	69.7171265	70.2979963
70.599293	0.622427899999991	trials	/intervals/trials	62	start_time	n/a	n/a	n/a	n/a	n/a	n/a	n/a	n/a	n/a	saa	70.8070838	62	true	70.599293	71.2217209
70.8070838	0.0	cv_transition	/intervals/trials	62	cv_transition_time	n/a	n/a	n/a	n/a	n/a	n/a	n/a	n/a	n/a	saa	70.8070838	62	true	70.599293	71.2217209
72.5473319	0.6356509999999957	trials	/intervals/trials	63	start_time	n/a	n/a	n/a	n/a	n/a	n/a	n/a	n/a	n/a	haa	72.8009312	63	true	72.5473319	73.1829829
72.8009312	0.0	cv_transition	/intervals/trials	63	cv_transition_time	n/a	n/a	n/a	n/a	n/a	n/a	n/a	n/a	n/a	haa	72.8009312	63	true	72.5473319	73.1829829
73.65004	0.4864194000000026	trials	/intervals/trials	64	start_time	n/a	n/a	n/a	n/a	n/a	n/a	n/a	n/a	n/a	vaa	73.7402401	64	true	73.65004	74.1364594
73.7402401	0.0	cv_transition	/intervals/trials	64	cv_transition_time	n/a	n/a	n/a	n/a	n/a	n/a	n/a	n/a	n/a	vaa	73.7402401	64	true	73.65004	74.1364594
74.600683	0.5591462000000007	trials	/intervals/trials	65	start_time	n/a	n/a	n/a	n/a	n/a	n/a	n/a	n/a	n/a	raa	74.7489701	65	true	74.600683	75.1598292
74.7489701	0.0	cv_transition	/intervals/trials	65	cv_transition_time	n/a	n/a	n/a	n/a	n/a	n/a	n/a	n/a	n/a	raa	74.7489701	65	true	74.600683	75.1598292
75.6755283	0.48169690000000287	trials	/intervals/trials	66	start_time	n/a	n/a	n/a	n/a	n/a	n/a	n/a	n/a	n/a	laa	75.785563	66	true	75.6755283	76.1572252
75.785563	0.0	cv_transition	/intervals/trials	66	cv_transition_time	n/a	n/a	n/a	n/a	n/a	n/a	n/a	n/a	n/a	laa	75.785563	66	true	75.6755283	76.1572252
76.7111766	0.49255870000000357	trials	/intervals/trials	67	start_time	n/a	n/a	n/a	n/a	n/a	n/a	n/a	n/a	n/a	yaa	76.7862647	67	true	76.7111766	77.2037353
76.7862647	0.0	cv_transition	/intervals/trials	67	cv_transition_time	n/a	n/a	n/a	n/a	n/a	n/a	n/a	n/a	n/a	yaa	76.7862647	67	true	76.7111766	77.2037353
77.7024333	0.5232551000000001	trials	/intervals/trials	68	start_time	n/a	n/a	n/a	n/a	n/a	n/a	n/a	n/a	n/a	waa	77.7958524	68	true	77.7024333	78.2256884
77.7958524	0.0	cv_transition	/intervals/trials	68	cv_transition_time	n/a	n/a	n/a	n/a	n/a	n/a	n/a	n/a	n/a	waa	77.7958524	68	true	77.7024333	78.2256884
78.6101014	0.5681189999999958	trials	/intervals/trials	69	start_time	n/a	n/a	n/a	n/a	n/a	n/a	n/a	n/a	n/a	faa	78.7791676	69	true	78.6101014	79.1782204
78.7791676	0.0	cv_transition	/intervals/trials	69	cv_transition_time	n/a	n/a	n/a	n/a	n/a	n/a	n/a	n/a	n/a	faa	78.7791676	69	true	78.6101014	79.1782204
79.6282764	0.5903148000000016	trials	/intervals/trials	70	start_time	n/a	n/a	n/a	n/a	n/a	n/a	n/a	n/a	n/a	zaa	79.7827028	70	true	79.6282764	80.2185912
79.7827028	0.0	cv_transition	/intervals/trials	70	cv_transition_time	n/a	n/a	n/a	n/a	n/a	n/a	n/a	n/a	n/a	zaa	79.7827028	70	true	79.6282764	80.2185912
80.8717156	0.30460239999999317	trials	/intervals/trials	71	start_time	n/a	n/a	n/a	n/a	n/a	n/a	n/a	n/a	n/a	bee	80.8787994	71	true	80.8717156	81.176318
80.8787994	0.0	cv_transition	/intervals/trials	71	cv_transition_time	n/a	n/a	n/a	n/a	n/a	n/a	n/a	n/a	n/a	bee	80.8787994	71	true	80.8717156	81.176318
81.9295598	0.45438459999999736	trials	/intervals/trials	72	start_time	n/a	n/a	n/a	n/a	n/a	n/a	n/a	n/a	n/a	dee	81.9456163	72	true	81.9295598	82.3839444
81.9456163	0.0	cv_transition	/intervals/trials	72	cv_transition_time	n/a	n/a	n/a	n/a	n/a	n/a	n/a	n/a	n/a	dee	81.9456163	72	true	81.9295598	82.3839444
82.48724089898403	0.10464575149839561	invalid_times	/intervals/invalid_times	14	start_time	n/a	n/a	n/a	n/a	14	82.48724089898403	82.59188665048242	"[""ECoG artifact""]"	"[{""idx_start"":251731,""count"":319,""timeseries"":""/acquisition/ElectricalSeries""}]"	n/a	n/a	n/a	n/a	n/a	n/a
82.9392343	0.45855650000000026	trials	/intervals/trials	73	start_time	n/a	n/a	n/a	n/a	n/a	n/a	n/a	n/a	n/a	gee	83.0077108	73	true	82.9392343	83.3977908
83.0077108	0.0	cv_transition	/intervals/trials	73	cv_transition_time	n/a	n/a	n/a	n/a	n/a	n/a	n/a	n/a	n/a	gee	83.0077108	73	true	82.9392343	83.3977908
84.0192743	0.424554399999991	trials	/intervals/trials	74	start_time	n/a	n/a	n/a	n/a	n/a	n/a	n/a	n/a	n/a	pee	84.0334418	74	true	84.0192743	84.4438287
84.0334418	0.0	cv_transition	/intervals/trials	74	cv_transition_time	n/a	n/a	n/a	n/a	n/a	n/a	n/a	n/a	n/a	pee	84.0334418	74	true	84.0192743	84.4438287
84.68189485401984	0.15406180081707532	invalid_times	/intervals/invalid_times	26	start_time	n/a	n/a	n/a	n/a	26	84.68189485401984	84.83595665483692	"[""ECoG artifact""]"	"[{""idx_start"":258428,""count"":470,""timeseries"":""/acquisition/ElectricalSeries""}]"	n/a	n/a	n/a	n/a	n/a	n/a
85.0435886	0.4774465999999933	trials	/intervals/trials	75	start_time	n/a	n/a	n/a	n/a	n/a	n/a	n/a	n/a	n/a	tee	85.0941195	75	true	85.0435886	85.5210352
85.0941195	0.0	cv_transition	/intervals/trials	75	cv_transition_time	n/a	n/a	n/a	n/a	n/a	n/a	n/a	n/a	n/a	tee	85.0941195	75	true	85.0435886	85.5210352
86.0513741	0.4698905999999994	trials	/intervals/trials	76	start_time	n/a	n/a	n/a	n/a	n/a	n/a	n/a	n/a	n/a	kee	86.1382684	76	true	86.0513741	86.5212647
86.1382684	0.0	cv_transition	/intervals/trials	76	cv_transition_time	n/a	n/a	n/a	n/a	n/a	n/a	n/a	n/a	n/a	kee	86.1382684	76	true	86.0513741	86.5212647
87.1441649	0.507198499999987	trials	/intervals/trials	77	start_time	n/a	n/a	n/a	n/a	n/a	n/a	n/a	n/a	n/a	mee	87.234365	77	true	87.1441649	87.6513634
87.234365	0.0	cv_transition	/intervals/trials	77	cv_transition_time	n/a	n/a	n/a	n/a	n/a	n/a	n/a	n/a	n/a	mee	87.234365	77	true	87.1441649	87.6513634
87.42680587996067	0.2645125368973993	invalid_times	/intervals/invalid_times	2	start_time	n/a	n/a	n/a	n/a	2	87.42680587996067	87.69131841685807	"[""ECoG artifact""]"	"[{""idx_start"":266805,""count"":807,""timeseries"":""/acquisition/ElectricalSeries""}]"	n/a	n/a	n/a	n/a	n/a	n/a
88.2194824	0.5190047999999905	trials	/intervals/trials	78	start_time	n/a	n/a	n/a	n/a	n/a	n/a	n/a	n/a	n/a	nee	88.3474626	78	true	88.2194824	88.7384872
88.3474626	0.0	cv_transition	/intervals/trials	78	cv_transition_time	n/a	n/a	n/a	n/a	n/a	n/a	n/a	n/a	n/a	nee	88.3474626	78	true	88.2194824	88.7384872
89.2126281	0.6668195999999966	trials	/intervals/trials	79	start_time	n/a	n/a	n/a	n/a	n/a	n/a	n/a	n/a	n/a	shee	89.4534765	79	true	89.2126281	89.8794477
89.4534765	0.0	cv_transition	/intervals/trials	79	cv_transition_time	n/a	n/a	n/a	n/a	n/a	n/a	n/a	n/a	n/a	shee	89.4534765	79	true	89.2126281	89.8794477
90.3257257	0.6899599999999992	trials	/intervals/trials	80	start_time	n/a	n/a	n/a	n/a	n/a	n/a	n/a	n/a	n/a	see	90.5594904	80	true	90.3257257	91.0156857
90.5594904	0.0	cv_transition	/intervals/trials	80	cv_transition_time	n/a	n/a	n/a	n/a	n/a	n/a	n/a	n/a	n/a	see	90.5594904	80	true	90.3257257	91.0156857
92.5503282	0.5908351000000067	trials	/intervals/trials	81	start_time	n/a	n/a	n/a	n/a	n/a	n/a	n/a	n/a	n/a	hee	92.7004322	81	true	92.5503282	93.1411633
92.7004322	0.0	cv_transition	/intervals/trials	81	cv_transition_time	n/a	n/a	n/a	n/a	n/a	n/a	n/a	n/a	n/a	hee	92.7004322	81	true	92.5503282	93.1411633
93.675044	0.5487846999999988	trials	/intervals/trials	82	start_time	n/a	n/a	n/a	n/a	n/a	n/a	n/a	n/a	n/a	vee	93.7745811	82	true	93.675044	94.2238287
93.7745811	0.0	cv_transition	/intervals/trials	82	cv_transition_time	n/a	n/a	n/a	n/a	n/a	n/a	n/a	n/a	n/a	vee	93.7745811	82	true	93.675044	94.2238287
94.6826574	0.5317516000000069	trials	/intervals/trials	83	start_time	n/a	n/a	n/a	n/a	n/a	n/a	n/a	n/a	n/a	ree	94.7931836	83	true	94.6826574	95.214409
94.7931836	0.0	cv_transition	/intervals/trials	83	cv_transition_time	n/a	n/a	n/a	n/a	n/a	n/a	n/a	n/a	n/a	ree	94.7931836	83	true	94.6826574	95.214409
95.7733071	0.5120571000000069	trials	/intervals/trials	84	start_time	n/a	n/a	n/a	n/a	n/a	n/a	n/a	n/a	n/a	lee	95.8712473	84	true	95.7733071	96.2853642
95.8712473	0.0	cv_transition	/intervals/trials	84	cv_transition_time	n/a	n/a	n/a	n/a	n/a	n/a	n/a	n/a	n/a	lee	95.8712473	84	true	95.7733071	96.2853642
96.7601614	0.5546398000000039	trials	/intervals/trials	85	start_time	n/a	n/a	n/a	n/a	n/a	n/a	n/a	n/a	n/a	yee	96.8672191	85	true	96.7601614	97.3148012
96.8672191	0.0	cv_transition	/intervals/trials	85	cv_transition_time	n/a	n/a	n/a	n/a	n/a	n/a	n/a	n/a	n/a	yee	96.8672191	85	true	96.7601614	97.3148012
97.7768236	0.5658178000000049	trials	/intervals/trials	86	start_time	n/a	n/a	n/a	n/a	n/a	n/a	n/a	n/a	n/a	wee	97.9221371	86	true	97.7768236	98.3426414
97.9221371	0.0	cv_transition	/intervals/trials	86	cv_transition_time	n/a	n/a	n/a	n/a	n/a	n/a	n/a	n/a	n/a	wee	97.9221371	86	true	97.7768236	98.3426414
99.40508	0.6238368000000065	trials	/intervals/trials	87	start_time	n/a	n/a	n/a	n/a	n/a	n/a	n/a	n/a	n/a	fee	99.6110739	87	true	99.40508	100.0289168
99.6110739	0.0	cv_transition	/intervals/trials	87	cv_transition_time	n/a	n/a	n/a	n/a	n/a	n/a	n/a	n/a	n/a	fee	99.6110739	87	true	99.40508	100.0289168
100.539377	0.6030775999999918	trials	/intervals/trials	88	start_time	n/a	n/a	n/a	n/a	n/a	n/a	n/a	n/a	n/a	zee	100.7182244	88	true	100.539377	101.1424546
100.7182244	0.0	cv_transition	/intervals/trials	88	cv_transition_time	n/a	n/a	n/a	n/a	n/a	n/a	n/a	n/a	n/a	zee	100.7182244	88	true	100.539377	101.1424546
101.7529843	0.4370049999999992	trials	/intervals/trials	89	start_time	n/a	n/a	n/a	n/a	n/a	n/a	n/a	n/a	n/a	boo	101.7604362	89	true	101.7529843	102.1899893
101.7604362	0.0	cv_transition	/intervals/trials	89	cv_transition_time	n/a	n/a	n/a	n/a	n/a	n/a	n/a	n/a	n/a	boo	101.7604362	89	true	101.7529843	102.1899893
102.6988527	0.46628069999999866	trials	/intervals/trials	90	start_time	n/a	n/a	n/a	n/a	n/a	n/a	n/a	n/a	n/a	doo	102.7297252	90	true	102.6988527	103.1651334
102.7297252	0.0	cv_transition	/intervals/trials	90	cv_transition_time	n/a	n/a	n/a	n/a	n/a	n/a	n/a	n/a	n/a	doo	102.7297252	90	true	102.6988527	103.1651334
103.7889701	0.4716035000000005	trials	/intervals/trials	91	start_time	n/a	n/a	n/a	n/a	n/a	n/a	n/a	n/a	n/a	goo	103.822504	91	true	103.7889701	104.2605736
103.822504	0.0	cv_transition	/intervals/trials	91	cv_transition_time	n/a	n/a	n/a	n/a	n/a	n/a	n/a	n/a	n/a	goo	103.822504	91	true	103.7889701	104.2605736
104.8157457	0.4982177000000121	trials	/intervals/trials	92	start_time	n/a	n/a	n/a	n/a	n/a	n/a	n/a	n/a	n/a	poo	104.8375694	92	true	104.8157457	105.3139634
104.8375694	0.0	cv_transition	/intervals/trials	92	cv_transition_time	n/a	n/a	n/a	n/a	n/a	n/a	n/a	n/a	n/a	poo	104.8375694	92	true	104.8157457	105.3139634
105.8483765	0.5402681000000058	trials	/intervals/trials	93	start_time	n/a	n/a	n/a	n/a	n/a	n/a	n/a	n/a	n/a	too	105.8952174	93	true	105.8483765	106.3886446
105.8952174	0.0	cv_transition	/intervals/trials	93	cv_transition_time	n/a	n/a	n/a	n/a	n/a	n/a	n/a	n/a	n/a	too	105.8952174	93	true	105.8483765	106.3886446
106.9283805	0.4881043000000034	trials	/intervals/trials	94	start_time	n/a	n/a	n/a	n/a	n/a	n/a	n/a	n/a	n/a	koo	106.9922545	94	true	106.9283805	107.4164848
106.9922545	0.0	cv_transition	/intervals/trials	94	cv_transition_time	n/a	n/a	n/a	n/a	n/a	n/a	n/a	n/a	n/a	koo	106.9922545	94	true	106.9283805	107.4164848
107.8806363	0.5195090999999934	trials	/intervals/trials	95	start_time	n/a	n/a	n/a	n/a	n/a	n/a	n/a	n/a	n/a	moo	107.9759152	95	true	107.8806363	108.4001454
107.9759152	0.0	cv_transition	/intervals/trials	95	cv_transition_time	n/a	n/a	n/a	n/a	n/a	n/a	n/a	n/a	n/a	moo	107.9759152	95	true	107.8806363	108.4001454
108.9303002	0.5477200999999923	trials	/intervals/trials	96	start_time	n/a	n/a	n/a	n/a	n/a	n/a	n/a	n/a	n/a	noo	109.0426121	96	true	108.9303002	109.4780203
109.0426121	0.0	cv_transition	/intervals/trials	96	cv_transition_time	n/a	n/a	n/a	n/a	n/a	n/a	n/a	n/a	n/a	noo	109.0426121	96	true	108.9303002	109.4780203
109.9709152	0.671209900000008	trials	/intervals/trials	97	start_time	n/a	n/a	n/a	n/a	n/a	n/a	n/a	n/a	n/a	shoo	110.2061846	97	true	109.9709152	110.6421251
110.2061846	0.0	cv_transition	/intervals/trials	97	cv_transition_time	n/a	n/a	n/a	n/a	n/a	n/a	n/a	n/a	n/a	shoo	110.2061846	97	true	109.9709152	110.6421251
111.0439995	0.6579028000000022	trials	/intervals/trials	98	start_time	n/a	n/a	n/a	n/a	n/a	n/a	n/a	n/a	n/a	soo	111.2558485	98	true	111.0439995	111.7019023
111.2558485	0.0	cv_transition	/intervals/trials	98	cv_transition_time	n/a	n/a	n/a	n/a	n/a	n/a	n/a	n/a	n/a	soo	111.2558485	98	true	111.0439995	111.7019023
112.56572831223201	0.046507698795153374	invalid_times	/intervals/invalid_times	15	start_time	n/a	n/a	n/a	n/a	15	112.56572831223201	112.61223601102716	"[""ECoG artifact""]"	"[{""idx_start"":343523,""count"":142,""timeseries"":""/acquisition/ElectricalSeries""}]"	n/a	n/a	n/a	n/a	n/a	n/a
113.2748012	0.5439942000000002	trials	/intervals/trials	99	start_time	n/a	n/a	n/a	n/a	n/a	n/a	n/a	n/a	n/a	hoo	113.381258	99	true	113.2748012	113.8187954
113.381258	0.0	cv_transition	/intervals/trials	99	cv_transition_time	n/a	n/a	n/a	n/a	n/a	n/a	n/a	n/a	n/a	hoo	113.381258	99	true	113.2748012	113.8187954
114.350547	0.5072665000000001	trials	/intervals/trials	100	start_time	n/a	n/a	n/a	n/a	n/a	n/a	n/a	n/a	n/a	voo	114.4777628	100	true	114.350547	114.8578135
114.4777628	0.0	cv_transition	/intervals/trials	100	cv_transition_time	n/a	n/a	n/a	n/a	n/a	n/a	n/a	n/a	n/a	voo	114.4777628	100	true	114.350547	114.8578135
114.760310349128	0.13370963403603753	invalid_times	/intervals/invalid_times	27	start_time	n/a	n/a	n/a	n/a	27	114.760310349128	114.89401998316404	"[""ECoG artifact""]"	"[{""idx_start"":350220,""count"":408,""timeseries"":""/acquisition/ElectricalSeries""}]"	n/a	n/a	n/a	n/a	n/a	n/a
115.4007431	0.5392034999999993	trials	/intervals/trials	101	start_time	n/a	n/a	n/a	n/a	n/a	n/a	n/a	n/a	n/a	roo	115.5107651	101	true	115.4007431	115.9399466
115.5107651	0.0	cv_transition	/intervals/trials	101	cv_transition_time	n/a	n/a	n/a	n/a	n/a	n/a	n/a	n/a	n/a	roo	115.5107651	101	true	115.4007431	115.9399466
116.5909298	0.4902335000000022	trials	/intervals/trials	102	start_time	n/a	n/a	n/a	n/a	n/a	n/a	n/a	n/a	n/a	loo	116.6867409	102	true	116.5909298	117.0811633
116.6867409	0.0	cv_transition	/intervals/trials	102	cv_transition_time	n/a	n/a	n/a	n/a	n/a	n/a	n/a	n/a	n/a	loo	116.6867409	102	true	116.5909298	117.0811633
117.5401746388399	0.18313006512219943	invalid_times	/intervals/invalid_times	3	start_time	n/a	n/a	n/a	n/a	3	117.5401746388399	117.7233047039621	"[""ECoG artifact""]"	"[{""idx_start"":358704,""count"":559,""timeseries"":""/acquisition/ElectricalSeries""}]"	n/a	n/a	n/a	n/a	n/a	n/a
117.6964835	0.5344130000000007	trials	/intervals/trials	103	start_time	n/a	n/a	n/a	n/a	n/a	n/a	n/a	n/a	n/a	yoo	117.7588569	103	true	117.6964835	118.2308965
117.7588569	0.0	cv_transition	/intervals/trials	103	cv_transition_time	n/a	n/a	n/a	n/a	n/a	n/a	n/a	n/a	n/a	yoo	117.7588569	103	true	117.6964835	118.2308965
118.8488781	0.48703970000001107	trials	/intervals/trials	104	start_time	n/a	n/a	n/a	n/a	n/a	n/a	n/a	n/a	n/a	woo	118.9585285	104	true	118.8488781	119.3359178
118.9585285	0.0	cv_transition	/intervals/trials	104	cv_transition_time	n/a	n/a	n/a	n/a	n/a	n/a	n/a	n/a	n/a	woo	118.9585285	104	true	118.8488781	119.3359178
119.9113167	0.569011500000002	trials	/intervals/trials	105	start_time	n/a	n/a	n/a	n/a	n/a	n/a	n/a	n/a	n/a	foo	120.073131	105	true	119.9113167	120.4803282
120.073131	0.0	cv_transition	/intervals/trials	105	cv_transition_time	n/a	n/a	n/a	n/a	n/a	n/a	n/a	n/a	n/a	foo	120.073131	105	true	119.9113167	120.4803282
120.941286	0.5392035999999933	trials	/intervals/trials	106	start_time	n/a	n/a	n/a	n/a	n/a	n/a	n/a	n/a	n/a	zoo	121.0967129	106	true	120.941286	121.4804896
121.0967129	0.0	cv_transition	/intervals/trials	106	cv_transition_time	n/a	n/a	n/a	n/a	n/a	n/a	n/a	n/a	n/a	zoo	121.0967129	106	true	120.941286	121.4804896
123.5042329	0.40772949999998787	trials	/intervals/trials	107	start_time	n/a	n/a	n/a	n/a	n/a	n/a	n/a	n/a	n/a	baa	123.5084912	107	true	123.5042329	123.9119624
123.5084912	0.0	cv_transition	/intervals/trials	107	cv_transition_time	n/a	n/a	n/a	n/a	n/a	n/a	n/a	n/a	n/a	baa	123.5084912	107	true	123.5042329	123.9119624
124.3793076	0.4684097999999892	trials	/intervals/trials	108	start_time	n/a	n/a	n/a	n/a	n/a	n/a	n/a	n/a	n/a	daa	124.3910179	108	true	124.3793076	124.8477174
124.3910179	0.0	cv_transition	/intervals/trials	108	cv_transition_time	n/a	n/a	n/a	n/a	n/a	n/a	n/a	n/a	n/a	daa	124.3910179	108	true	124.3793076	124.8477174
125.3203855	0.48224919999999827	trials	/intervals/trials	109	start_time	n/a	n/a	n/a	n/a	n/a	n/a	n/a	n/a	n/a	gaa	125.3560486	109	true	125.3203855	125.8026347
125.3560486	0.0	cv_transition	/intervals/trials	109	cv_transition_time	n/a	n/a	n/a	n/a	n/a	n/a	n/a	n/a	n/a	gaa	125.3560486	109	true	125.3203855	125.8026347
126.2854162	0.4982176999999979	trials	/intervals/trials	110	start_time	n/a	n/a	n/a	n/a	n/a	n/a	n/a	n/a	n/a	paa	126.2997879	110	true	126.2854162	126.7836339
126.2997879	0.0	cv_transition	/intervals/trials	110	cv_transition_time	n/a	n/a	n/a	n/a	n/a	n/a	n/a	n/a	n/a	paa	126.2997879	110	true	126.2854162	126.7836339
127.3292249	0.48384609999999384	trials	/intervals/trials	111	start_time	n/a	n/a	n/a	n/a	n/a	n/a	n/a	n/a	n/a	taa	127.3622265	111	true	127.3292249	127.813071
127.3622265	0.0	cv_transition	/intervals/trials	111	cv_transition_time	n/a	n/a	n/a	n/a	n/a	n/a	n/a	n/a	n/a	taa	127.3622265	111	true	127.3292249	127.813071
128.2862713	0.4801200999999935	trials	/intervals/trials	112	start_time	n/a	n/a	n/a	n/a	n/a	n/a	n/a	n/a	n/a	kaa	128.3432257	112	true	128.2862713	128.7663914
128.3432257	0.0	cv_transition	/intervals/trials	112	cv_transition_time	n/a	n/a	n/a	n/a	n/a	n/a	n/a	n/a	n/a	kaa	128.3432257	112	true	128.2862713	128.7663914
129.1411193	0.4982176999999979	trials	/intervals/trials	113	start_time	n/a	n/a	n/a	n/a	n/a	n/a	n/a	n/a	n/a	maa	129.2113807	113	true	129.1411193	129.639337
129.2113807	0.0	cv_transition	/intervals/trials	113	cv_transition_time	n/a	n/a	n/a	n/a	n/a	n/a	n/a	n/a	n/a	maa	129.2113807	113	true	129.1411193	129.639337
130.0699546	0.49395950000001676	trials	/intervals/trials	114	start_time	n/a	n/a	n/a	n/a	n/a	n/a	n/a	n/a	n/a	naa	130.1556523	114	true	130.0699546	130.5639141
130.1556523	0.0	cv_transition	/intervals/trials	114	cv_transition_time	n/a	n/a	n/a	n/a	n/a	n/a	n/a	n/a	n/a	naa	130.1556523	114	true	130.0699546	130.5639141
130.9711113	0.5567689000000087	trials	/intervals/trials	115	start_time	n/a	n/a	n/a	n/a	n/a	n/a	n/a	n/a	n/a	shaa	131.1504909	115	true	130.9711113	131.5278802
131.1504909	0.0	cv_transition	/intervals/trials	115	cv_transition_time	n/a	n/a	n/a	n/a	n/a	n/a	n/a	n/a	n/a	shaa	131.1504909	115	true	130.9711113	131.5278802
131.7312126	0.6664195000000177	trials	/intervals/trials	116	start_time	n/a	n/a	n/a	n/a	n/a	n/a	n/a	n/a	n/a	saa	132.0080003	116	true	131.7312126	132.3976321
132.0080003	0.0	cv_transition	/intervals/trials	116	cv_transition_time	n/a	n/a	n/a	n/a	n/a	n/a	n/a	n/a	n/a	saa	132.0080003	116	true	131.7312126	132.3976321
133.7703922	0.5738020000000006	trials	/intervals/trials	117	start_time	n/a	n/a	n/a	n/a	n/a	n/a	n/a	n/a	n/a	haa	134.0274853	117	true	133.7703922	134.3441942
134.0274853	0.0	cv_transition	/intervals/trials	117	cv_transition_time	n/a	n/a	n/a	n/a	n/a	n/a	n/a	n/a	n/a	haa	134.0274853	117	true	133.7703922	134.3441942
134.9627081	0.568479200000013	trials	/intervals/trials	118	start_time	n/a	n/a	n/a	n/a	n/a	n/a	n/a	n/a	n/a	vaa	135.0920531	118	true	134.9627081	135.5311873
135.0920531	0.0	cv_transition	/intervals/trials	118	cv_transition_time	n/a	n/a	n/a	n/a	n/a	n/a	n/a	n/a	n/a	vaa	135.0920531	118	true	134.9627081	135.5311873
135.8995277	0.5296225000000163	trials	/intervals/trials	119	start_time	n/a	n/a	n/a	n/a	n/a	n/a	n/a	n/a	n/a	raa	135.997468	119	true	135.8995277	136.4291502
135.997468	0.0	cv_transition	/intervals/trials	119	cv_transition_time	n/a	n/a	n/a	n/a	n/a	n/a	n/a	n/a	n/a	raa	135.997468	119	true	135.8995277	136.4291502
137.2291729	0.5599625999999773	trials	/intervals/trials	120	start_time	n/a	n/a	n/a	n/a	n/a	n/a	n/a	n/a	n/a	laa	137.3835352	120	true	137.2291729	137.7891355
137.3835352	0.0	cv_transition	/intervals/trials	120	cv_transition_time	n/a	n/a	n/a	n/a	n/a	n/a	n/a	n/a	n/a	laa	137.3835352	120	true	137.2291729	137.7891355
138.2623359	0.5264287999999908	trials	/intervals/trials	121	start_time	n/a	n/a	n/a	n/a	n/a	n/a	n/a	n/a	n/a	yaa	138.3501628	121	true	138.2623359	138.7887647
138.3501628	0.0	cv_transition	/intervals/trials	121	cv_transition_time	n/a	n/a	n/a	n/a	n/a	n/a	n/a	n/a	n/a	yaa	138.3501628	121	true	138.2623359	138.7887647
139.4120691	0.4716035000000147	trials	/intervals/trials	122	start_time	n/a	n/a	n/a	n/a	n/a	n/a	n/a	n/a	n/a	waa	139.49617	122	true	139.4120691	139.8836726
139.49617	0.0	cv_transition	/intervals/trials	122	cv_transition_time	n/a	n/a	n/a	n/a	n/a	n/a	n/a	n/a	n/a	waa	139.49617	122	true	139.4120691	139.8836726
140.3739061	0.6115942000000132	trials	/intervals/trials	123	start_time	n/a	n/a	n/a	n/a	n/a	n/a	n/a	n/a	n/a	faa	140.5559472	123	true	140.3739061	140.9855003
140.5559472	0.0	cv_transition	/intervals/trials	123	cv_transition_time	n/a	n/a	n/a	n/a	n/a	n/a	n/a	n/a	n/a	faa	140.5559472	123	true	140.3739061	140.9855003
141.3698092	0.5695438000000195	trials	/intervals/trials	124	start_time	n/a	n/a	n/a	n/a	n/a	n/a	n/a	n/a	n/a	zaa	141.5278975	124	true	141.3698092	141.939353
141.5278975	0.0	cv_transition	/intervals/trials	124	cv_transition_time	n/a	n/a	n/a	n/a	n/a	n/a	n/a	n/a	n/a	zaa	141.5278975	124	true	141.3698092	141.939353
142.53674816336542	0.12498944051193916	invalid_times	/intervals/invalid_times	16	start_time	n/a	n/a	n/a	n/a	16	142.53674816336542	142.66173760387736	"[""ECoG artifact""]"	"[{""idx_start"":434987,""count"":382,""timeseries"":""/acquisition/ElectricalSeries""}]"	n/a	n/a	n/a	n/a	n/a	n/a
142.6494197	0.4151813999999945	trials	/intervals/trials	125	start_time	n/a	n/a	n/a	n/a	n/a	n/a	n/a	n/a	n/a	bee	142.6568717	125	true	142.6494197	143.0646011
142.6568717	0.0	cv_transition	/intervals/trials	125	cv_transition_time	n/a	n/a	n/a	n/a	n/a	n/a	n/a	n/a	n/a	bee	142.6568717	125	true	142.6494197	143.0646011
143.5393983	0.4551028000000201	trials	/intervals/trials	126	start_time	n/a	n/a	n/a	n/a	n/a	n/a	n/a	n/a	n/a	dee	143.5564314	126	true	143.5393983	143.9945011
143.5564314	0.0	cv_transition	/intervals/trials	126	cv_transition_time	n/a	n/a	n/a	n/a	n/a	n/a	n/a	n/a	n/a	dee	143.5564314	126	true	143.5393983	143.9945011
144.4740888	0.479055499999987	trials	/intervals/trials	127	start_time	n/a	n/a	n/a	n/a	n/a	n/a	n/a	n/a	n/a	gee	144.526785	127	true	144.4740888	144.9531443
144.526785	0.0	cv_transition	/intervals/trials	127	cv_transition_time	n/a	n/a	n/a	n/a	n/a	n/a	n/a	n/a	n/a	gee	144.526785	127	true	144.4740888	144.9531443
144.71388981321323	0.15405675225892423	invalid_times	/intervals/invalid_times	28	start_time	n/a	n/a	n/a	n/a	28	144.71388981321323	144.86794656547215	"[""ECoG artifact""]"	"[{""idx_start"":441631,""count"":470,""timeseries"":""/acquisition/ElectricalSeries""}]"	n/a	n/a	n/a	n/a	n/a	n/a
146.1268303	0.4769263999999964	trials	/intervals/trials	128	start_time	n/a	n/a	n/a	n/a	n/a	n/a	n/a	n/a	n/a	pee	146.1566382	128	true	146.1268303	146.6037567
146.1566382	0.0	cv_transition	/intervals/trials	128	cv_transition_time	n/a	n/a	n/a	n/a	n/a	n/a	n/a	n/a	n/a	pee	146.1566382	128	true	146.1268303	146.6037567
147.0114861	0.5264287999999908	trials	/intervals/trials	129	start_time	n/a	n/a	n/a	n/a	n/a	n/a	n/a	n/a	n/a	tee	147.088135	129	true	147.0114861	147.5379149
147.088135	0.0	cv_transition	/intervals/trials	129	cv_transition_time	n/a	n/a	n/a	n/a	n/a	n/a	n/a	n/a	n/a	tee	147.088135	129	true	147.0114861	147.5379149
147.46177748809646	0.35753965095284457	invalid_times	/intervals/invalid_times	4	start_time	n/a	n/a	n/a	n/a	4	147.46177748809646	147.8193171390493	"[""ECoG artifact""]"	"[{""idx_start"":450017,""count"":1091,""timeseries"":""/acquisition/ElectricalSeries""}]"	n/a	n/a	n/a	n/a	n/a	n/a
147.9834365	0.49715309999999135	trials	/intervals/trials	130	start_time	n/a	n/a	n/a	n/a	n/a	n/a	n/a	n/a	n/a	kee	148.0680696	130	true	147.9834365	148.4805896
148.0680696	0.0	cv_transition	/intervals/trials	130	cv_transition_time	n/a	n/a	n/a	n/a	n/a	n/a	n/a	n/a	n/a	kee	148.0680696	130	true	147.9834365	148.4805896
148.9016262	0.4886365999999782	trials	/intervals/trials	131	start_time	n/a	n/a	n/a	n/a	n/a	n/a	n/a	n/a	n/a	mee	149.0203255	131	true	148.9016262	149.3902628
149.0203255	0.0	cv_transition	/intervals/trials	131	cv_transition_time	n/a	n/a	n/a	n/a	n/a	n/a	n/a	n/a	n/a	mee	149.0203255	131	true	148.9016262	149.3902628
149.8352521	0.5588981000000217	trials	/intervals/trials	132	start_time	n/a	n/a	n/a	n/a	n/a	n/a	n/a	n/a	n/a	nee	149.96992	132	true	149.8352521	150.3941502
149.96992	0.0	cv_transition	/intervals/trials	132	cv_transition_time	n/a	n/a	n/a	n/a	n/a	n/a	n/a	n/a	n/a	nee	149.96992	132	true	149.8352521	150.3941502
150.9115301	0.636611600000009	trials	/intervals/trials	133	start_time	n/a	n/a	n/a	n/a	n/a	n/a	n/a	n/a	n/a	shee	151.1622359	133	true	150.9115301	151.5481417
151.1622359	0.0	cv_transition	/intervals/trials	133	cv_transition_time	n/a	n/a	n/a	n/a	n/a	n/a	n/a	n/a	n/a	shee	151.1622359	133	true	150.9115301	151.5481417
151.8914648	0.6978242000000137	trials	/intervals/trials	134	start_time	n/a	n/a	n/a	n/a	n/a	n/a	n/a	n/a	n/a	see	152.1512193	134	true	151.8914648	152.589289
152.1512193	0.0	cv_transition	/intervals/trials	134	cv_transition_time	n/a	n/a	n/a	n/a	n/a	n/a	n/a	n/a	n/a	see	152.1512193	134	true	151.8914648	152.589289
154.1169437	0.5594303999999966	trials	/intervals/trials	135	start_time	n/a	n/a	n/a	n/a	n/a	n/a	n/a	n/a	n/a	hee	154.250547	135	true	154.1169437	154.6763741
154.250547	0.0	cv_transition	/intervals/trials	135	cv_transition_time	n/a	n/a	n/a	n/a	n/a	n/a	n/a	n/a	n/a	hee	154.250547	135	true	154.1169437	154.6763741
155.4923653	0.5753988000000163	trials	/intervals/trials	136	start_time	n/a	n/a	n/a	n/a	n/a	n/a	n/a	n/a	n/a	vee	155.6823906	136	true	155.4923653	156.0677641
155.6823906	0.0	cv_transition	/intervals/trials	136	cv_transition_time	n/a	n/a	n/a	n/a	n/a	n/a	n/a	n/a	n/a	vee	155.6823906	136	true	155.4923653	156.0677641
156.6293236	0.5423973000000046	trials	/intervals/trials	137	start_time	n/a	n/a	n/a	n/a	n/a	n/a	n/a	n/a	n/a	ree	156.7469584	137	true	156.6293236	157.1717209
156.7469584	0.0	cv_transition	/intervals/trials	137	cv_transition_time	n/a	n/a	n/a	n/a	n/a	n/a	n/a	n/a	n/a	ree	156.7469584	137	true	156.6293236	157.1717209
157.659293	0.5205736000000059	trials	/intervals/trials	138	start_time	n/a	n/a	n/a	n/a	n/a	n/a	n/a	n/a	n/a	lee	157.784912	138	true	157.659293	158.1798666
157.784912	0.0	cv_transition	/intervals/trials	138	cv_transition_time	n/a	n/a	n/a	n/a	n/a	n/a	n/a	n/a	n/a	lee	157.784912	138	true	157.659293	158.1798666
158.716941	0.49715320000001384	trials	/intervals/trials	139	start_time	n/a	n/a	n/a	n/a	n/a	n/a	n/a	n/a	n/a	yee	158.8521411	139	true	158.716941	159.2140942
158.8521411	0.0	cv_transition	/intervals/trials	139	cv_transition_time	n/a	n/a	n/a	n/a	n/a	n/a	n/a	n/a	n/a	yee	158.8521411	139	true	158.716941	159.2140942
159.7697986	0.5706083000000035	trials	/intervals/trials	140	start_time	n/a	n/a	n/a	n/a	n/a	n/a	n/a	n/a	n/a	wee	159.9113861	140	true	159.7697986	160.3404069
159.9113861	0.0	cv_transition	/intervals/trials	140	cv_transition_time	n/a	n/a	n/a	n/a	n/a	n/a	n/a	n/a	n/a	wee	159.9113861	140	true	159.7697986	160.3404069
160.8194624	0.602013100000022	trials	/intervals/trials	141	start_time	n/a	n/a	n/a	n/a	n/a	n/a	n/a	n/a	n/a	fee	161.0094877	141	true	160.8194624	161.4214755
161.0094877	0.0	cv_transition	/intervals/trials	141	cv_transition_time	n/a	n/a	n/a	n/a	n/a	n/a	n/a	n/a	n/a	fee	161.0094877	141	true	160.8194624	161.4214755
161.7802348	0.6653548000000171	trials	/intervals/trials	142	start_time	n/a	n/a	n/a	n/a	n/a	n/a	n/a	n/a	n/a	zee	161.9894224	142	true	161.7802348	162.4455896
161.9894224	0.0	cv_transition	/intervals/trials	142	cv_transition_time	n/a	n/a	n/a	n/a	n/a	n/a	n/a	n/a	n/a	zee	161.9894224	142	true	161.7802348	162.4455896
163.3084218	0.4881043000000034	trials	/intervals/trials	143	start_time	n/a	n/a	n/a	n/a	n/a	n/a	n/a	n/a	n/a	boo	163.3164061	143	true	163.3084218	163.7965261
163.3164061	0.0	cv_transition	/intervals/trials	143	cv_transition_time	n/a	n/a	n/a	n/a	n/a	n/a	n/a	n/a	n/a	boo	163.3164061	143	true	163.3084218	163.7965261
164.4203629	0.4614901000000202	trials	/intervals/trials	144	start_time	n/a	n/a	n/a	n/a	n/a	n/a	n/a	n/a	n/a	doo	164.4405896	144	true	164.4203629	164.881853
164.4405896	0.0	cv_transition	/intervals/trials	144	cv_transition_time	n/a	n/a	n/a	n/a	n/a	n/a	n/a	n/a	n/a	doo	164.4405896	144	true	164.4203629	164.881853
165.3630376	0.46947439999999574	trials	/intervals/trials	145	start_time	n/a	n/a	n/a	n/a	n/a	n/a	n/a	n/a	n/a	goo	165.4077495	145	true	165.3630376	165.832512
165.4077495	0.0	cv_transition	/intervals/trials	145	cv_transition_time	n/a	n/a	n/a	n/a	n/a	n/a	n/a	n/a	n/a	goo	165.4077495	145	true	165.3630376	165.832512
166.303051	0.5067341999999826	trials	/intervals/trials	146	start_time	n/a	n/a	n/a	n/a	n/a	n/a	n/a	n/a	n/a	poo	166.3291329	146	true	166.303051	166.8097852
166.3291329	0.0	cv_transition	/intervals/trials	146	cv_transition_time	n/a	n/a	n/a	n/a	n/a	n/a	n/a	n/a	n/a	poo	166.3291329	146	true	166.303051	166.8097852
167.2723399	0.5376066999999978	trials	/intervals/trials	147	start_time	n/a	n/a	n/a	n/a	n/a	n/a	n/a	n/a	n/a	too	167.33994	147	true	167.2723399	167.8099466
167.33994	0.0	cv_transition	/intervals/trials	147	cv_transition_time	n/a	n/a	n/a	n/a	n/a	n/a	n/a	n/a	n/a	too	167.33994	147	true	167.2723399	167.8099466
168.3518116	0.525896500000016	trials	/intervals/trials	148	start_time	n/a	n/a	n/a	n/a	n/a	n/a	n/a	n/a	n/a	koo	168.40504	148	true	168.3518116	168.8777081
168.40504	0.0	cv_transition	/intervals/trials	148	cv_transition_time	n/a	n/a	n/a	n/a	n/a	n/a	n/a	n/a	n/a	koo	168.40504	148	true	168.3518116	168.8777081
169.3195037	0.5179122999999777	trials	/intervals/trials	149	start_time	n/a	n/a	n/a	n/a	n/a	n/a	n/a	n/a	n/a	moo	169.4270251	149	true	169.3195037	169.837416
169.4270251	0.0	cv_transition	/intervals/trials	149	cv_transition_time	n/a	n/a	n/a	n/a	n/a	n/a	n/a	n/a	n/a	moo	169.4270251	149	true	169.3195037	169.837416
170.3148746	0.5823186000000078	trials	/intervals/trials	150	start_time	n/a	n/a	n/a	n/a	n/a	n/a	n/a	n/a	n/a	noo	170.4399613	150	true	170.3148746	170.8971932
170.4399613	0.0	cv_transition	/intervals/trials	150	cv_transition_time	n/a	n/a	n/a	n/a	n/a	n/a	n/a	n/a	n/a	noo	170.4399613	150	true	170.3148746	170.8971932
171.4129763	0.6217075000000136	trials	/intervals/trials	151	start_time	n/a	n/a	n/a	n/a	n/a	n/a	n/a	n/a	n/a	shoo	171.6445197	151	true	171.4129763	172.0346838
171.6445197	0.0	cv_transition	/intervals/trials	151	cv_transition_time	n/a	n/a	n/a	n/a	n/a	n/a	n/a	n/a	n/a	shoo	171.6445197	151	true	171.4129763	172.0346838
172.4716889	0.6552414999999883	trials	/intervals/trials	152	start_time	n/a	n/a	n/a	n/a	n/a	n/a	n/a	n/a	n/a	soo	172.72133	152	true	172.4716889	173.1269304
172.60635459127474	0.0813911400543077	invalid_times	/intervals/invalid_times	17	start_time	n/a	n/a	n/a	n/a	17	172.60635459127474	172.68774573132904	"[""ECoG artifact""]"	"[{""idx_start"":526752,""count"":249,""timeseries"":""/acquisition/ElectricalSeries""}]"	n/a	n/a	n/a	n/a	n/a	n/a
172.72133	0.0	cv_transition	/intervals/trials	152	cv_transition_time	n/a	n/a	n/a	n/a	n/a	n/a	n/a	n/a	n/a	soo	172.72133	152	true	172.4716889	173.1269304
174.6678922	0.6461925999999778	trials	/intervals/trials	153	start_time	n/a	n/a	n/a	n/a	n/a	n/a	n/a	n/a	n/a	hoo	174.8669664	153	true	174.6678922	175.3140848
174.80100854631056	0.09592527220684133	invalid_times	/intervals/invalid_times	29	start_time	n/a	n/a	n/a	n/a	29	174.80100854631056	174.8969338185174	"[""ECoG artifact""]"	"[{""idx_start"":533450,""count"":293,""timeseries"":""/acquisition/ElectricalSeries""}]"	n/a	n/a	n/a	n/a	n/a	n/a
174.8669664	0.0	cv_transition	/intervals/trials	153	cv_transition_time	n/a	n/a	n/a	n/a	n/a	n/a	n/a	n/a	n/a	hoo	174.8669664	153	true	174.6678922	175.3140848
175.8261419	0.5658177999999907	trials	/intervals/trials	154	start_time	n/a	n/a	n/a	n/a	n/a	n/a	n/a	n/a	n/a	voo	175.965068	154	true	175.8261419	176.3919597
175.965068	0.0	cv_transition	/intervals/trials	154	cv_transition_time	n/a	n/a	n/a	n/a	n/a	n/a	n/a	n/a	n/a	voo	175.965068	154	true	175.8261419	176.3919597
176.8380136	0.5631563999999969	trials	/intervals/trials	155	start_time	n/a	n/a	n/a	n/a	n/a	n/a	n/a	n/a	n/a	roo	176.9992956	155	true	176.8380136	177.40117
176.9992956	0.0	cv_transition	/intervals/trials	155	cv_transition_time	n/a	n/a	n/a	n/a	n/a	n/a	n/a	n/a	n/a	roo	176.9992956	155	true	176.8380136	177.40117
177.57207624733525	0.2005644510540776	invalid_times	/intervals/invalid_times	5	start_time	n/a	n/a	n/a	n/a	5	177.57207624733525	177.77264069838932	"[""ECoG artifact""]"	"[{""idx_start"":541906,""count"":613,""timeseries"":""/acquisition/ElectricalSeries""}]"	n/a	n/a	n/a	n/a	n/a	n/a
177.8972585	0.49821780000002036	trials	/intervals/trials	156	start_time	n/a	n/a	n/a	n/a	n/a	n/a	n/a	n/a	n/a	loo	178.0127641	156	true	177.8972585	178.3954763
178.0127641	0.0	cv_transition	/intervals/trials	156	cv_transition_time	n/a	n/a	n/a	n/a	n/a	n/a	n/a	n/a	n/a	loo	178.0127641	156	true	177.8972585	178.3954763
178.9245664	0.5844476999999983	trials	/intervals/trials	157	start_time	n/a	n/a	n/a	n/a	n/a	n/a	n/a	n/a	n/a	yoo	179.1113981	157	true	178.9245664	179.5090141
179.1113981	0.0	cv_transition	/intervals/trials	157	cv_transition_time	n/a	n/a	n/a	n/a	n/a	n/a	n/a	n/a	n/a	yoo	179.1113981	157	true	178.9245664	179.5090141
179.9822145	0.43487590000000864	trials	/intervals/trials	158	start_time	n/a	n/a	n/a	n/a	n/a	n/a	n/a	n/a	n/a	woo	180.0758965	158	true	179.9822145	180.4170904
180.0758965	0.0	cv_transition	/intervals/trials	158	cv_transition_time	n/a	n/a	n/a	n/a	n/a	n/a	n/a	n/a	n/a	woo	180.0758965	158	true	179.9822145	180.4170904
180.8892263	0.6238366999999982	trials	/intervals/trials	159	start_time	n/a	n/a	n/a	n/a	n/a	n/a	n/a	n/a	n/a	foo	181.0808485	159	true	180.8892263	181.513063
181.0808485	0.0	cv_transition	/intervals/trials	159	cv_transition_time	n/a	n/a	n/a	n/a	n/a	n/a	n/a	n/a	n/a	foo	181.0808485	159	true	180.8892263	181.513063
181.8031577	0.6509831999999847	trials	/intervals/trials	160	start_time	n/a	n/a	n/a	n/a	n/a	n/a	n/a	n/a	n/a	zoo	182.0128775	160	true	181.8031577	182.4541409
182.0128775	0.0	cv_transition	/intervals/trials	160	cv_transition_time	n/a	n/a	n/a	n/a	n/a	n/a	n/a	n/a	n/a	zoo	182.0128775	160	true	181.8031577	182.4541409
182.9803606	0.40847079999997504	trials	/intervals/trials	161	start_time	n/a	n/a	n/a	n/a	n/a	n/a	n/a	n/a	n/a	baa	182.9986673	161	true	182.9803606	183.3888314
182.9986673	0.0	cv_transition	/intervals/trials	161	cv_transition_time	n/a	n/a	n/a	n/a	n/a	n/a	n/a	n/a	n/a	baa	182.9986673	161	true	182.9803606	183.3888314
183.8817263	0.4343436000000054	trials	/intervals/trials	162	start_time	n/a	n/a	n/a	n/a	n/a	n/a	n/a	n/a	n/a	daa	183.8976948	162	true	183.8817263	184.3160699
183.8976948	0.0	cv_transition	/intervals/trials	162	cv_transition_time	n/a	n/a	n/a	n/a	n/a	n/a	n/a	n/a	n/a	daa	183.8976948	162	true	183.8817263	184.3160699
184.8829522	0.4396664999999871	trials	/intervals/trials	163	start_time	n/a	n/a	n/a	n/a	n/a	n/a	n/a	n/a	n/a	gaa	184.918083	163	true	184.8829522	185.3226187
184.918083	0.0	cv_transition	/intervals/trials	163	cv_transition_time	n/a	n/a	n/a	n/a	n/a	n/a	n/a	n/a	n/a	gaa	184.918083	163	true	184.8829522	185.3226187
185.7883671	0.44765080000001944	trials	/intervals/trials	164	start_time	n/a	n/a	n/a	n/a	n/a	n/a	n/a	n/a	n/a	paa	185.8171105	164	true	185.7883671	186.2360179
185.8171105	0.0	cv_transition	/intervals/trials	164	cv_transition_time	n/a	n/a	n/a	n/a	n/a	n/a	n/a	n/a	n/a	paa	185.8171105	164	true	185.7883671	186.2360179
186.8247239	0.4444569999999999	trials	/intervals/trials	165	start_time	n/a	n/a	n/a	n/a	n/a	n/a	n/a	n/a	n/a	taa	186.8492089	165	true	186.8247239	187.2691809
186.8492089	0.0	cv_transition	/intervals/trials	165	cv_transition_time	n/a	n/a	n/a	n/a	n/a	n/a	n/a	n/a	n/a	taa	186.8492089	165	true	186.8247239	187.2691809
187.7636726	0.4566996000000074	trials	/intervals/trials	166	start_time	n/a	n/a	n/a	n/a	n/a	n/a	n/a	n/a	n/a	kaa	187.7993356	166	true	187.7636726	188.2203722
187.7993356	0.0	cv_transition	/intervals/trials	166	cv_transition_time	n/a	n/a	n/a	n/a	n/a	n/a	n/a	n/a	n/a	kaa	187.7993356	166	true	187.7636726	188.2203722
188.7095411	0.5030083000000047	trials	/intervals/trials	167	start_time	n/a	n/a	n/a	n/a	n/a	n/a	n/a	n/a	n/a	maa	188.8128042	167	true	188.7095411	189.2125494
188.8128042	0.0	cv_transition	/intervals/trials	167	cv_transition_time	n/a	n/a	n/a	n/a	n/a	n/a	n/a	n/a	n/a	maa	188.8128042	167	true	188.7095411	189.2125494
189.6277308	0.4966209000000106	trials	/intervals/trials	168	start_time	n/a	n/a	n/a	n/a	n/a	n/a	n/a	n/a	n/a	naa	189.7203482	168	true	189.6277308	190.1243517
189.7203482	0.0	cv_transition	/intervals/trials	168	cv_transition_time	n/a	n/a	n/a	n/a	n/a	n/a	n/a	n/a	n/a	naa	189.7203482	168	true	189.6277308	190.1243517
190.5059992	0.5594303999999966	trials	/intervals/trials	169	start_time	n/a	n/a	n/a	n/a	n/a	n/a	n/a	n/a	n/a	shaa	190.6938954	169	true	190.5059992	191.0654296
190.6938954	0.0	cv_transition	/intervals/trials	169	cv_transition_time	n/a	n/a	n/a	n/a	n/a	n/a	n/a	n/a	n/a	shaa	190.6938954	169	true	190.5059992	191.0654296
191.4231243	0.5934965999999804	trials	/intervals/trials	170	start_time	n/a	n/a	n/a	n/a	n/a	n/a	n/a	n/a	n/a	saa	191.6365702	170	true	191.4231243	192.0166209
191.6365702	0.0	cv_transition	/intervals/trials	170	cv_transition_time	n/a	n/a	n/a	n/a	n/a	n/a	n/a	n/a	n/a	saa	191.6365702	170	true	191.4231243	192.0166209
193.4207858	0.4460537999999872	trials	/intervals/trials	171	start_time	n/a	n/a	n/a	n/a	n/a	n/a	n/a	n/a	n/a	haa	193.6230536	171	true	193.4207858	193.8668396
193.6230536	0.0	cv_transition	/intervals/trials	171	cv_transition_time	n/a	n/a	n/a	n/a	n/a	n/a	n/a	n/a	n/a	haa	193.6230536	171	true	193.4207858	193.8668396
194.548163	0.4950240000000008	trials	/intervals/trials	172	start_time	n/a	n/a	n/a	n/a	n/a	n/a	n/a	n/a	n/a	vaa	194.6237473	172	true	194.548163	195.043187
194.6237473	0.0	cv_transition	/intervals/trials	172	cv_transition_time	n/a	n/a	n/a	n/a	n/a	n/a	n/a	n/a	n/a	vaa	194.6237473	172	true	194.548163	195.043187
195.5020157	0.5775281000000234	trials	/intervals/trials	173	start_time	n/a	n/a	n/a	n/a	n/a	n/a	n/a	n/a	n/a	raa	195.6292316	173	true	195.5020157	196.0795438
195.6292316	0.0	cv_transition	/intervals/trials	173	cv_transition_time	n/a	n/a	n/a	n/a	n/a	n/a	n/a	n/a	n/a	raa	195.6292316	173	true	195.5020157	196.0795438
196.8577428	0.4785231999999837	trials	/intervals/trials	174	start_time	n/a	n/a	n/a	n/a	n/a	n/a	n/a	n/a	n/a	laa	196.9679256	174	true	196.8577428	197.336266
196.9679256	0.0	cv_transition	/intervals/trials	174	cv_transition_time	n/a	n/a	n/a	n/a	n/a	n/a	n/a	n/a	n/a	laa	196.9679256	174	true	196.8577428	197.336266
199.1848879	0.5418650000000014	trials	/intervals/trials	175	start_time	n/a	n/a	n/a	n/a	n/a	n/a	n/a	n/a	n/a	yaa	199.2689888	175	true	199.1848879	199.7267529
199.2689888	0.0	cv_transition	/intervals/trials	175	cv_transition_time	n/a	n/a	n/a	n/a	n/a	n/a	n/a	n/a	n/a	yaa	199.2689888	175	true	199.1848879	199.7267529
200.1376761	0.4747972000000118	trials	/intervals/trials	176	start_time	n/a	n/a	n/a	n/a	n/a	n/a	n/a	n/a	n/a	waa	200.2207124	176	true	200.1376761	200.6124733
200.2207124	0.0	cv_transition	/intervals/trials	176	cv_transition_time	n/a	n/a	n/a	n/a	n/a	n/a	n/a	n/a	n/a	waa	200.2207124	176	true	200.1376761	200.6124733
201.0611886	0.5567690000000027	trials	/intervals/trials	177	start_time	n/a	n/a	n/a	n/a	n/a	n/a	n/a	n/a	n/a	faa	201.2357777	177	true	201.0611886	201.6179576
201.2357777	0.0	cv_transition	/intervals/trials	177	cv_transition_time	n/a	n/a	n/a	n/a	n/a	n/a	n/a	n/a	n/a	faa	201.2357777	177	true	201.0611886	201.6179576
202.1108525	0.5674146000000064	trials	/intervals/trials	178	start_time	n/a	n/a	n/a	n/a	n/a	n/a	n/a	n/a	n/a	zaa	202.2609565	178	true	202.1108525	202.6782671
202.2609565	0.0	cv_transition	/intervals/trials	178	cv_transition_time	n/a	n/a	n/a	n/a	n/a	n/a	n/a	n/a	n/a	zaa	202.2609565	178	true	202.1108525	202.6782671
203.3127495	0.40240660000000616	trials	/intervals/trials	179	start_time	n/a	n/a	n/a	n/a	n/a	n/a	n/a	n/a	n/a	bee	203.3233951	179	true	203.3127495	203.7151561
203.3233951	0.0	cv_transition	/intervals/trials	179	cv_transition_time	n/a	n/a	n/a	n/a	n/a	n/a	n/a	n/a	n/a	bee	203.3233951	179	true	203.3127495	203.7151561
204.2155029	0.4551028000000201	trials	/intervals/trials	180	start_time	n/a	n/a	n/a	n/a	n/a	n/a	n/a	n/a	n/a	dee	204.2346652	180	true	204.2155029	204.6706057
204.2346652	0.0	cv_transition	/intervals/trials	180	cv_transition_time	n/a	n/a	n/a	n/a	n/a	n/a	n/a	n/a	n/a	dee	204.2346652	180	true	204.2155029	204.6706057
205.2012927	0.4742648999999801	trials	/intervals/trials	181	start_time	n/a	n/a	n/a	n/a	n/a	n/a	n/a	n/a	n/a	gee	205.2428108	181	true	205.2012927	205.6755576
205.2428108	0.0	cv_transition	/intervals/trials	181	cv_transition_time	n/a	n/a	n/a	n/a	n/a	n/a	n/a	n/a	n/a	gee	205.2428108	181	true	205.2012927	205.6755576
206.3302668	0.44179560000000606	trials	/intervals/trials	182	start_time	n/a	n/a	n/a	n/a	n/a	n/a	n/a	n/a	n/a	pee	206.3515582	182	true	206.3302668	206.7720624
206.3515582	0.0	cv_transition	/intervals/trials	182	cv_transition_time	n/a	n/a	n/a	n/a	n/a	n/a	n/a	n/a	n/a	pee	206.3515582	182	true	206.3302668	206.7720624
207.1574527	0.4785065000000088	trials	/intervals/trials	183	start_time	n/a	n/a	n/a	n/a	n/a	n/a	n/a	n/a	n/a	tee	207.2138581	183	true	207.1574527	207.6359592
207.2138581	0.0	cv_transition	/intervals/trials	183	cv_transition_time	n/a	n/a	n/a	n/a	n/a	n/a	n/a	n/a	n/a	tee	207.2138581	183	true	207.1574527	207.6359592
208.0591249	0.45510269999999764	trials	/intervals/trials	184	start_time	n/a	n/a	n/a	n/a	n/a	n/a	n/a	n/a	n/a	kee	208.1198052	184	true	208.0591249	208.5142276
208.1198052	0.0	cv_transition	/intervals/trials	184	cv_transition_time	n/a	n/a	n/a	n/a	n/a	n/a	n/a	n/a	n/a	kee	208.1198052	184	true	208.0591249	208.5142276
209.0582217	0.46628069999999866	trials	/intervals/trials	185	start_time	n/a	n/a	n/a	n/a	n/a	n/a	n/a	n/a	n/a	mee	209.1678722	185	true	209.0582217	209.5245024
209.1678722	0.0	cv_transition	/intervals/trials	185	cv_transition_time	n/a	n/a	n/a	n/a	n/a	n/a	n/a	n/a	n/a	mee	209.1678722	185	true	209.0582217	209.5245024
210.056254	0.5003469000000109	trials	/intervals/trials	186	start_time	n/a	n/a	n/a	n/a	n/a	n/a	n/a	n/a	n/a	nee	210.1808084	186	true	210.056254	210.5566009
210.1808084	0.0	cv_transition	/intervals/trials	186	cv_transition_time	n/a	n/a	n/a	n/a	n/a	n/a	n/a	n/a	n/a	nee	210.1808084	186	true	210.056254	210.5566009
210.9478295	0.6493862999999749	trials	/intervals/trials	187	start_time	n/a	n/a	n/a	n/a	n/a	n/a	n/a	n/a	n/a	shee	211.2017289	187	true	210.9478295	211.5972158
211.2017289	0.0	cv_transition	/intervals/trials	187	cv_transition_time	n/a	n/a	n/a	n/a	n/a	n/a	n/a	n/a	n/a	shee	211.2017289	187	true	210.9478295	211.5972158
211.9719437	0.6935659000000101	trials	/intervals/trials	188	start_time	n/a	n/a	n/a	n/a	n/a	n/a	n/a	n/a	n/a	see	212.2269077	188	true	211.9719437	212.6655096
212.2269077	0.0	cv_transition	/intervals/trials	188	cv_transition_time	n/a	n/a	n/a	n/a	n/a	n/a	n/a	n/a	n/a	see	212.2269077	188	true	211.9719437	212.6655096
214.04998	0.5514460999999926	trials	/intervals/trials	189	start_time	n/a	n/a	n/a	n/a	n/a	n/a	n/a	n/a	n/a	hee	214.1697439	189	true	214.04998	214.6014261
214.1697439	0.0	cv_transition	/intervals/trials	189	cv_transition_time	n/a	n/a	n/a	n/a	n/a	n/a	n/a	n/a	n/a	hee	214.1697439	189	true	214.04998	214.6014261
215.1906644	0.43168219999998314	trials	/intervals/trials	190	start_time	n/a	n/a	n/a	n/a	n/a	n/a	n/a	n/a	n/a	vee	215.2412313	190	true	215.1906644	215.6223466
215.2412313	0.0	cv_transition	/intervals/trials	190	cv_transition_time	n/a	n/a	n/a	n/a	n/a	n/a	n/a	n/a	n/a	vee	215.2412313	190	true	215.1906644	215.6223466
216.1487753	0.5290901999999846	trials	/intervals/trials	191	start_time	n/a	n/a	n/a	n/a	n/a	n/a	n/a	n/a	n/a	ree	216.2413927	191	true	216.1487753	216.6778655
216.2413927	0.0	cv_transition	/intervals/trials	191	cv_transition_time	n/a	n/a	n/a	n/a	n/a	n/a	n/a	n/a	n/a	ree	216.2413927	191	true	216.1487753	216.6778655
217.203762	0.5274932999999749	trials	/intervals/trials	192	start_time	n/a	n/a	n/a	n/a	n/a	n/a	n/a	n/a	n/a	lee	217.3464141	192	true	217.203762	217.7312553
217.3464141	0.0	cv_transition	/intervals/trials	192	cv_transition_time	n/a	n/a	n/a	n/a	n/a	n/a	n/a	n/a	n/a	lee	217.3464141	192	true	217.203762	217.7312553
218.283766	0.5040727999999888	trials	/intervals/trials	193	start_time	n/a	n/a	n/a	n/a	n/a	n/a	n/a	n/a	n/a	yee	218.4296118	193	true	218.283766	218.7878388
218.4296118	0.0	cv_transition	/intervals/trials	193	cv_transition_time	n/a	n/a	n/a	n/a	n/a	n/a	n/a	n/a	n/a	yee	218.4296118	193	true	218.283766	218.7878388
219.2860566	0.492362600000007	trials	/intervals/trials	194	start_time	n/a	n/a	n/a	n/a	n/a	n/a	n/a	n/a	n/a	wee	219.3808031	194	true	219.2860566	219.7784192
219.3808031	0.0	cv_transition	/intervals/trials	194	cv_transition_time	n/a	n/a	n/a	n/a	n/a	n/a	n/a	n/a	n/a	wee	219.3808031	194	true	219.2860566	219.7784192
220.1707124	0.6360791999999833	trials	/intervals/trials	195	start_time	n/a	n/a	n/a	n/a	n/a	n/a	n/a	n/a	n/a	fee	220.3639314	195	true	220.1707124	220.8067916
220.3639314	0.0	cv_transition	/intervals/trials	195	cv_transition_time	n/a	n/a	n/a	n/a	n/a	n/a	n/a	n/a	n/a	fee	220.3639314	195	true	220.1707124	220.8067916
221.2113274	0.6493863000000033	trials	/intervals/trials	196	start_time	n/a	n/a	n/a	n/a	n/a	n/a	n/a	n/a	n/a	zee	221.4205149	196	true	221.2113274	221.8607137
221.4205149	0.0	cv_transition	/intervals/trials	196	cv_transition_time	n/a	n/a	n/a	n/a	n/a	n/a	n/a	n/a	n/a	zee	221.4205149	196	true	221.2113274	221.8607137
222.4355803	0.416246000000001	trials	/intervals/trials	197	start_time	n/a	n/a	n/a	n/a	n/a	n/a	n/a	n/a	n/a	boo	222.4425	197	true	222.4355803	222.8518263
222.4425	0.0	cv_transition	/intervals/trials	197	cv_transition_time	n/a	n/a	n/a	n/a	n/a	n/a	n/a	n/a	n/a	boo	222.4425	197	true	222.4355803	222.8518263
223.4187086	0.4247626000000082	trials	/intervals/trials	198	start_time	n/a	n/a	n/a	n/a	n/a	n/a	n/a	n/a	n/a	doo	223.4384031	198	true	223.4187086	223.8434712
223.4384031	0.0	cv_transition	/intervals/trials	198	cv_transition_time	n/a	n/a	n/a	n/a	n/a	n/a	n/a	n/a	n/a	doo	223.4384031	198	true	223.4187086	223.8434712
224.3752228	0.47426490000000854	trials	/intervals/trials	199	start_time	n/a	n/a	n/a	n/a	n/a	n/a	n/a	n/a	n/a	goo	224.4135472	199	true	224.3752228	224.8494877
224.4135472	0.0	cv_transition	/intervals/trials	199	cv_transition_time	n/a	n/a	n/a	n/a	n/a	n/a	n/a	n/a	n/a	goo	224.4135472	199	true	224.3752228	224.8494877
225.4291449	0.4338113000000021	trials	/intervals/trials	200	start_time	n/a	n/a	n/a	n/a	n/a	n/a	n/a	n/a	n/a	poo	225.474389	200	true	225.4291449	225.8629562
225.474389	0.0	cv_transition	/intervals/trials	200	cv_transition_time	n/a	n/a	n/a	n/a	n/a	n/a	n/a	n/a	n/a	poo	225.474389	200	true	225.4291449	225.8629562
226.4159992	0.5141862000000117	trials	/intervals/trials	201	start_time	n/a	n/a	n/a	n/a	n/a	n/a	n/a	n/a	n/a	too	226.4676307	201	true	226.4159992	226.9301854
226.4676307	0.0	cv_transition	/intervals/trials	201	cv_transition_time	n/a	n/a	n/a	n/a	n/a	n/a	n/a	n/a	n/a	too	226.4676307	201	true	226.4159992	226.9301854
227.4667276	0.5008790999999917	trials	/intervals/trials	202	start_time	n/a	n/a	n/a	n/a	n/a	n/a	n/a	n/a	n/a	koo	227.5284725	202	true	227.4667276	227.9676067
227.5284725	0.0	cv_transition	/intervals/trials	202	cv_transition_time	n/a	n/a	n/a	n/a	n/a	n/a	n/a	n/a	n/a	koo	227.5284725	202	true	227.4667276	227.9676067
228.5701521	0.5280256000000065	trials	/intervals/trials	203	start_time	n/a	n/a	n/a	n/a	n/a	n/a	n/a	n/a	n/a	moo	228.710675	203	true	228.5701521	229.0981777
228.710675	0.0	cv_transition	/intervals/trials	203	cv_transition_time	n/a	n/a	n/a	n/a	n/a	n/a	n/a	n/a	n/a	moo	228.710675	203	true	228.5701521	229.0981777
229.5793623	0.4912980999999945	trials	/intervals/trials	204	start_time	n/a	n/a	n/a	n/a	n/a	n/a	n/a	n/a	n/a	noo	229.6879482	204	true	229.5793623	230.0706604
229.6879482	0.0	cv_transition	/intervals/trials	204	cv_transition_time	n/a	n/a	n/a	n/a	n/a	n/a	n/a	n/a	n/a	noo	229.6879482	204	true	229.5793623	230.0706604
230.5688781	0.612126399999994	trials	/intervals/trials	205	start_time	n/a	n/a	n/a	n/a	n/a	n/a	n/a	n/a	n/a	shoo	230.7988247	205	true	230.5688781	231.1810045
230.7988247	0.0	cv_transition	/intervals/trials	205	cv_transition_time	n/a	n/a	n/a	n/a	n/a	n/a	n/a	n/a	n/a	shoo	230.7988247	205	true	230.5688781	231.1810045
231.5770237	0.6871784999999875	trials	/intervals/trials	206	start_time	n/a	n/a	n/a	n/a	n/a	n/a	n/a	n/a	n/a	soo	231.8144224	206	true	231.5770237	232.2642022
231.8144224	0.0	cv_transition	/intervals/trials	206	cv_transition_time	n/a	n/a	n/a	n/a	n/a	n/a	n/a	n/a	n/a	soo	231.8144224	206	true	231.5770237	232.2642022
232.6558579501677	0.09301539759027833	invalid_times	/intervals/invalid_times	18	start_time	n/a	n/a	n/a	n/a	18	232.6558579501677	232.74887334775798	"[""ECoG artifact""]"	"[{""idx_start"":710009,""count"":284,""timeseries"":""/acquisition/ElectricalSeries""}]"	n/a	n/a	n/a	n/a	n/a	n/a
233.8259232	0.5253641999999843	trials	/intervals/trials	207	start_time	n/a	n/a	n/a	n/a	n/a	n/a	n/a	n/a	n/a	hoo	233.9259925	207	true	233.8259232	234.3512874
233.9259925	0.0	cv_transition	/intervals/trials	207	cv_transition_time	n/a	n/a	n/a	n/a	n/a	n/a	n/a	n/a	n/a	hoo	233.9259925	207	true	233.8259232	234.3512874
234.8388130623649	0.11336251581317924	invalid_times	/intervals/invalid_times	30	start_time	n/a	n/a	n/a	n/a	30	234.8388130623649	234.95217557817807	"[""ECoG artifact""]"	"[{""idx_start"":716671,""count"":346,""timeseries"":""/acquisition/ElectricalSeries""}]"	n/a	n/a	n/a	n/a	n/a	n/a
234.8867649	0.5232350999999937	trials	/intervals/trials	208	start_time	n/a	n/a	n/a	n/a	n/a	n/a	n/a	n/a	n/a	voo	234.9639461	208	true	234.8867649	235.41
234.9639461	0.0	cv_transition	/intervals/trials	208	cv_transition_time	n/a	n/a	n/a	n/a	n/a	n/a	n/a	n/a	n/a	voo	234.9639461	208	true	234.8867649	235.41
235.963043	0.5434617999999887	trials	/intervals/trials	209	start_time	n/a	n/a	n/a	n/a	n/a	n/a	n/a	n/a	n/a	roo	236.0971785	209	true	235.963043	236.5065048
236.0971785	0.0	cv_transition	/intervals/trials	209	cv_transition_time	n/a	n/a	n/a	n/a	n/a	n/a	n/a	n/a	n/a	roo	236.0971785	209	true	235.963043	236.5065048
236.9361914	0.5827173999999786	trials	/intervals/trials	210	start_time	n/a	n/a	n/a	n/a	n/a	n/a	n/a	n/a	n/a	loo	237.1665368	210	true	236.9361914	237.5189088
237.1665368	0.0	cv_transition	/intervals/trials	210	cv_transition_time	n/a	n/a	n/a	n/a	n/a	n/a	n/a	n/a	n/a	loo	237.1665368	210	true	236.9361914	237.5189088
237.58961165967867	0.2470802465934412	invalid_times	/intervals/invalid_times	6	start_time	n/a	n/a	n/a	n/a	6	237.58961165967867	237.8366919062721	"[""ECoG artifact""]"	"[{""idx_start"":725065,""count"":754,""timeseries"":""/acquisition/ElectricalSeries""}]"	n/a	n/a	n/a	n/a	n/a	n/a
238.1041581	0.5650160999999798	trials	/intervals/trials	211	start_time	n/a	n/a	n/a	n/a	n/a	n/a	n/a	n/a	n/a	yoo	238.174106	211	true	238.1041581	238.6691742
238.174106	0.0	cv_transition	/intervals/trials	211	cv_transition_time	n/a	n/a	n/a	n/a	n/a	n/a	n/a	n/a	n/a	yoo	238.174106	211	true	238.1041581	238.6691742
239.310044	0.48863660000000664	trials	/intervals/trials	212	start_time	n/a	n/a	n/a	n/a	n/a	n/a	n/a	n/a	n/a	woo	239.4315408	212	true	239.310044	239.7986806
239.4315408	0.0	cv_transition	/intervals/trials	212	cv_transition_time	n/a	n/a	n/a	n/a	n/a	n/a	n/a	n/a	n/a	woo	239.4315408	212	true	239.310044	239.7986806
240.283059	0.5498491999999828	trials	/intervals/trials	213	start_time	n/a	n/a	n/a	n/a	n/a	n/a	n/a	n/a	n/a	foo	240.4187914	213	true	240.283059	240.8329082
240.4187914	0.0	cv_transition	/intervals/trials	213	cv_transition_time	n/a	n/a	n/a	n/a	n/a	n/a	n/a	n/a	n/a	foo	240.4187914	213	true	240.283059	240.8329082
241.3726441	0.6041421999999841	trials	/intervals/trials	214	start_time	n/a	n/a	n/a	n/a	n/a	n/a	n/a	n/a	n/a	zoo	241.5323292	214	true	241.3726441	241.9767863
241.5323292	0.0	cv_transition	/intervals/trials	214	cv_transition_time	n/a	n/a	n/a	n/a	n/a	n/a	n/a	n/a	n/a	zoo	241.5323292	214	true	241.3726441	241.9767863
242.6533191	0.44179560000000606	trials	/intervals/trials	215	start_time	n/a	n/a	n/a	n/a	n/a	n/a	n/a	n/a	n/a	baa	242.6644971	215	true	242.6533191	243.0951147
242.6644971	0.0	cv_transition	/intervals/trials	215	cv_transition_time	n/a	n/a	n/a	n/a	n/a	n/a	n/a	n/a	n/a	baa	242.6644971	215	true	242.6533191	243.0951147
243.5715088	0.46042560000000776	trials	/intervals/trials	216	start_time	n/a	n/a	n/a	n/a	n/a	n/a	n/a	n/a	n/a	daa	243.5912033	216	true	243.5715088	244.0319344
243.5912033	0.0	cv_transition	/intervals/trials	216	cv_transition_time	n/a	n/a	n/a	n/a	n/a	n/a	n/a	n/a	n/a	daa	243.5912033	216	true	243.5715088	244.0319344
244.6318183	0.472135800000018	trials	/intervals/trials	217	start_time	n/a	n/a	n/a	n/a	n/a	n/a	n/a	n/a	n/a	gaa	244.6541742	217	true	244.6318183	245.1039541
244.6541742	0.0	cv_transition	/intervals/trials	217	cv_transition_time	n/a	n/a	n/a	n/a	n/a	n/a	n/a	n/a	n/a	gaa	244.6541742	217	true	244.6318183	245.1039541
245.5414915	0.45510269999999764	trials	/intervals/trials	218	start_time	n/a	n/a	n/a	n/a	n/a	n/a	n/a	n/a	n/a	paa	245.5851387	218	true	245.5414915	245.9965942
245.5851387	0.0	cv_transition	/intervals/trials	218	cv_transition_time	n/a	n/a	n/a	n/a	n/a	n/a	n/a	n/a	n/a	paa	245.5851387	218	true	245.5414915	245.9965942
246.5975427	0.47532950000001506	trials	/intervals/trials	219	start_time	n/a	n/a	n/a	n/a	n/a	n/a	n/a	n/a	n/a	taa	246.6321411	219	true	246.5975427	247.0728722
246.6321411	0.0	cv_transition	/intervals/trials	219	cv_transition_time	n/a	n/a	n/a	n/a	n/a	n/a	n/a	n/a	n/a	taa	246.6321411	219	true	246.5975427	247.0728722
247.5466049	0.5232349999999997	trials	/intervals/trials	220	start_time	n/a	n/a	n/a	n/a	n/a	n/a	n/a	n/a	n/a	kaa	247.6450774	220	true	247.5466049	248.0698399
247.6450774	0.0	cv_transition	/intervals/trials	220	cv_transition_time	n/a	n/a	n/a	n/a	n/a	n/a	n/a	n/a	n/a	kaa	247.6450774	220	true	247.5466049	248.0698399
248.4946025	0.4742648999999801	trials	/intervals/trials	221	start_time	n/a	n/a	n/a	n/a	n/a	n/a	n/a	n/a	n/a	maa	248.5504923	221	true	248.4946025	248.9688674
248.5504923	0.0	cv_transition	/intervals/trials	221	cv_transition_time	n/a	n/a	n/a	n/a	n/a	n/a	n/a	n/a	n/a	maa	248.5504923	221	true	248.4946025	248.9688674
249.5272332	0.4774585999999772	trials	/intervals/trials	222	start_time	n/a	n/a	n/a	n/a	n/a	n/a	n/a	n/a	n/a	naa	249.6060112	222	true	249.5272332	250.0046918
249.6060112	0.0	cv_transition	/intervals/trials	222	cv_transition_time	n/a	n/a	n/a	n/a	n/a	n/a	n/a	n/a	n/a	naa	249.6060112	222	true	249.5272332	250.0046918
250.2814795	0.6238366999999982	trials	/intervals/trials	223	start_time	n/a	n/a	n/a	n/a	n/a	n/a	n/a	n/a	n/a	shaa	250.5124907	223	true	250.2814795	250.9053162
250.5124907	0.0	cv_transition	/intervals/trials	223	cv_transition_time	n/a	n/a	n/a	n/a	n/a	n/a	n/a	n/a	n/a	shaa	250.5124907	223	true	250.2814795	250.9053162
251.2885606	0.6105295999999782	trials	/intervals/trials	224	start_time	n/a	n/a	n/a	n/a	n/a	n/a	n/a	n/a	n/a	saa	251.4886993	224	true	251.2885606	251.8990902
251.4886993	0.0	cv_transition	/intervals/trials	224	cv_transition_time	n/a	n/a	n/a	n/a	n/a	n/a	n/a	n/a	n/a	saa	251.4886993	224	true	251.2885606	251.8990902
253.4299386	0.5988193999999964	trials	/intervals/trials	225	start_time	n/a	n/a	n/a	n/a	n/a	n/a	n/a	n/a	n/a	haa	253.6268837	225	true	253.4299386	254.028758
253.6268837	0.0	cv_transition	/intervals/trials	225	cv_transition_time	n/a	n/a	n/a	n/a	n/a	n/a	n/a	n/a	n/a	haa	253.6268837	225	true	253.4299386	254.028758
254.6541916	0.41252000000000066	trials	/intervals/trials	226	start_time	n/a	n/a	n/a	n/a	n/a	n/a	n/a	n/a	n/a	vaa	254.7232828	226	true	254.6541916	255.0667116
254.7232828	0.0	cv_transition	/intervals/trials	226	cv_transition_time	n/a	n/a	n/a	n/a	n/a	n/a	n/a	n/a	n/a	vaa	254.7232828	226	true	254.6541916	255.0667116
255.8497012	0.54026810000002	trials	/intervals/trials	227	start_time	n/a	n/a	n/a	n/a	n/a	n/a	n/a	n/a	n/a	raa	256.0008698	227	true	255.8497012	256.3899693
256.0008698	0.0	cv_transition	/intervals/trials	227	cv_transition_time	n/a	n/a	n/a	n/a	n/a	n/a	n/a	n/a	n/a	raa	256.0008698	227	true	255.8497012	256.3899693
256.7721491	0.4774586999999997	trials	/intervals/trials	228	start_time	n/a	n/a	n/a	n/a	n/a	n/a	n/a	n/a	n/a	laa	256.9243823	228	true	256.7721491	257.2496078
256.9243823	0.0	cv_transition	/intervals/trials	228	cv_transition_time	n/a	n/a	n/a	n/a	n/a	n/a	n/a	n/a	n/a	laa	256.9243823	228	true	256.7721491	257.2496078
257.9442383	0.57167290000001	trials	/intervals/trials	229	start_time	n/a	n/a	n/a	n/a	n/a	n/a	n/a	n/a	n/a	yaa	258.0443076	229	true	257.9442383	258.5159112
258.0443076	0.0	cv_transition	/intervals/trials	229	cv_transition_time	n/a	n/a	n/a	n/a	n/a	n/a	n/a	n/a	n/a	yaa	258.0443076	229	true	257.9442383	258.5159112
259.0535179	0.5296224000000507	trials	/intervals/trials	230	start_time	n/a	n/a	n/a	n/a	n/a	n/a	n/a	n/a	n/a	waa	259.141877	230	true	259.0535179	259.5831403
259.141877	0.0	cv_transition	/intervals/trials	230	cv_transition_time	n/a	n/a	n/a	n/a	n/a	n/a	n/a	n/a	n/a	waa	259.141877	230	true	259.0535179	259.5831403
259.9365768	0.5892382999999768	trials	/intervals/trials	231	start_time	n/a	n/a	n/a	n/a	n/a	n/a	n/a	n/a	n/a	faa	260.1345864	231	true	259.9365768	260.5258151
260.1345864	0.0	cv_transition	/intervals/trials	231	cv_transition_time	n/a	n/a	n/a	n/a	n/a	n/a	n/a	n/a	n/a	faa	260.1345864	231	true	259.9365768	260.5258151
260.9931604	0.5642208999999525	trials	/intervals/trials	232	start_time	n/a	n/a	n/a	n/a	n/a	n/a	n/a	n/a	n/a	zaa	261.1496518	232	true	260.9931604	261.5573813
261.1496518	0.0	cv_transition	/intervals/trials	232	cv_transition_time	n/a	n/a	n/a	n/a	n/a	n/a	n/a	n/a	n/a	zaa	261.1496518	232	true	260.9931604	261.5573813
262.106166	0.41145540000002256	trials	/intervals/trials	233	start_time	n/a	n/a	n/a	n/a	n/a	n/a	n/a	n/a	n/a	bee	262.1098919	233	true	262.106166	262.5176214
262.1098919	0.0	cv_transition	/intervals/trials	233	cv_transition_time	n/a	n/a	n/a	n/a	n/a	n/a	n/a	n/a	n/a	bee	262.1098919	233	true	262.106166	262.5176214
262.72837510999597	0.05232287574915517	invalid_times	/intervals/invalid_times	19	start_time	n/a	n/a	n/a	n/a	19	262.72837510999597	262.7806979857451	"[""ECoG artifact""]"	"[{""idx_start"":801783,""count"":160,""timeseries"":""/acquisition/ElectricalSeries""}]"	n/a	n/a	n/a	n/a	n/a	n/a
263.0073226	0.4891688999999815	trials	/intervals/trials	234	start_time	n/a	n/a	n/a	n/a	n/a	n/a	n/a	n/a	n/a	dee	263.0275494	234	true	263.0073226	263.4964915
263.0275494	0.0	cv_transition	/intervals/trials	234	cv_transition_time	n/a	n/a	n/a	n/a	n/a	n/a	n/a	n/a	n/a	dee	263.0275494	234	true	263.0073226	263.4964915
263.9877895	0.4641514999999572	trials	/intervals/trials	235	start_time	n/a	n/a	n/a	n/a	n/a	n/a	n/a	n/a	n/a	gee	264.0559218	235	true	263.9877895	264.451941
264.0559218	0.0	cv_transition	/intervals/trials	235	cv_transition_time	n/a	n/a	n/a	n/a	n/a	n/a	n/a	n/a	n/a	gee	264.0559218	235	true	263.9877895	264.451941
264.9084949328792	0.13952766866452748	invalid_times	/intervals/invalid_times	31	start_time	n/a	n/a	n/a	n/a	31	264.9084949328792	265.0480226015437	"[""ECoG artifact""]"	"[{""idx_start"":808436,""count"":426,""timeseries"":""/acquisition/ElectricalSeries""}]"	n/a	n/a	n/a	n/a	n/a	n/a
266.3426134	0.4806522999999743	trials	/intervals/trials	236	start_time	n/a	n/a	n/a	n/a	n/a	n/a	n/a	n/a	n/a	tee	266.4176654	236	true	266.3426134	266.8232657
266.4176654	0.0	cv_transition	/intervals/trials	236	cv_transition_time	n/a	n/a	n/a	n/a	n/a	n/a	n/a	n/a	n/a	tee	266.4176654	236	true	266.3426134	266.8232657
267.2650614	0.5046051000000489	trials	/intervals/trials	237	start_time	n/a	n/a	n/a	n/a	n/a	n/a	n/a	n/a	n/a	kee	267.3443717	237	true	267.2650614	267.7696665
267.3443717	0.0	cv_transition	/intervals/trials	237	cv_transition_time	n/a	n/a	n/a	n/a	n/a	n/a	n/a	n/a	n/a	kee	267.3443717	237	true	267.2650614	267.7696665
267.75829475552865	0.037788743596649965	invalid_times	/intervals/invalid_times	7	start_time	n/a	n/a	n/a	n/a	7	267.75829475552865	267.7960834991253	"[""ECoG artifact""]"	"[{""idx_start"":817133,""count"":115,""timeseries"":""/acquisition/ElectricalSeries""}]"	n/a	n/a	n/a	n/a	n/a	n/a
268.3024827	0.5125893000000019	trials	/intervals/trials	238	start_time	n/a	n/a	n/a	n/a	n/a	n/a	n/a	n/a	n/a	mee	268.4105363	238	true	268.3024827	268.815072
268.4105363	0.0	cv_transition	/intervals/trials	238	cv_transition_time	n/a	n/a	n/a	n/a	n/a	n/a	n/a	n/a	n/a	mee	268.4105363	238	true	268.3024827	268.815072
269.3164835	0.502475899999979	trials	/intervals/trials	239	start_time	n/a	n/a	n/a	n/a	n/a	n/a	n/a	n/a	n/a	nee	269.4287954	239	true	269.3164835	269.8189594
269.4287954	0.0	cv_transition	/intervals/trials	239	cv_transition_time	n/a	n/a	n/a	n/a	n/a	n/a	n/a	n/a	n/a	nee	269.4287954	239	true	269.3164835	269.8189594
270.3086606	0.6408698000000186	trials	/intervals/trials	240	start_time	n/a	n/a	n/a	n/a	n/a	n/a	n/a	n/a	n/a	shee	270.5519144	240	true	270.3086606	270.9495304
270.5519144	0.0	cv_transition	/intervals/trials	240	cv_transition_time	n/a	n/a	n/a	n/a	n/a	n/a	n/a	n/a	n/a	shee	270.5519144	240	true	270.3086606	270.9495304
271.3365008	0.6834524999999871	trials	/intervals/trials	241	start_time	n/a	n/a	n/a	n/a	n/a	n/a	n/a	n/a	n/a	see	271.5983845	241	true	271.3365008	272.0199533
271.5983845	0.0	cv_transition	/intervals/trials	241	cv_transition_time	n/a	n/a	n/a	n/a	n/a	n/a	n/a	n/a	n/a	see	271.5983845	241	true	271.3365008	272.0199533
273.5028962	0.6068035999999779	trials	/intervals/trials	242	start_time	n/a	n/a	n/a	n/a	n/a	n/a	n/a	n/a	n/a	hee	273.6407577	242	true	273.5028962	274.1096998
273.6407577	0.0	cv_transition	/intervals/trials	242	cv_transition_time	n/a	n/a	n/a	n/a	n/a	n/a	n/a	n/a	n/a	hee	273.6407577	242	true	273.5028962	274.1096998
274.6531617	0.4960886000000073	trials	/intervals/trials	243	start_time	n/a	n/a	n/a	n/a	n/a	n/a	n/a	n/a	n/a	vee	274.7452468	243	true	274.6531617	275.1492503
274.7452468	0.0	cv_transition	/intervals/trials	243	cv_transition_time	n/a	n/a	n/a	n/a	n/a	n/a	n/a	n/a	n/a	vee	274.7452468	243	true	274.6531617	275.1492503
275.6086113	0.5338806999999974	trials	/intervals/trials	244	start_time	n/a	n/a	n/a	n/a	n/a	n/a	n/a	n/a	n/a	ree	275.7368917	244	true	275.6086113	276.142492
275.7368917	0.0	cv_transition	/intervals/trials	244	cv_transition_time	n/a	n/a	n/a	n/a	n/a	n/a	n/a	n/a	n/a	ree	275.7368917	244	true	275.6086113	276.142492
276.5938687	0.5493170000000305	trials	/intervals/trials	245	start_time	n/a	n/a	n/a	n/a	n/a	n/a	n/a	n/a	n/a	lee	276.7572799	245	true	276.5938687	277.1431857
276.7572799	0.0	cv_transition	/intervals/trials	245	cv_transition_time	n/a	n/a	n/a	n/a	n/a	n/a	n/a	n/a	n/a	lee	276.7572799	245	true	276.5938687	277.1431857
277.5982884	0.5168476999999712	trials	/intervals/trials	246	start_time	n/a	n/a	n/a	n/a	n/a	n/a	n/a	n/a	n/a	yee	277.7148586	246	true	277.5982884	278.1151361
277.7148586	0.0	cv_transition	/intervals/trials	246	cv_transition_time	n/a	n/a	n/a	n/a	n/a	n/a	n/a	n/a	n/a	yee	277.7148586	246	true	277.5982884	278.1151361
278.5420277	0.578592599999979	trials	/intervals/trials	247	start_time	n/a	n/a	n/a	n/a	n/a	n/a	n/a	n/a	n/a	wee	278.686809	247	true	278.5420277	279.1206203
278.686809	0.0	cv_transition	/intervals/trials	247	cv_transition_time	n/a	n/a	n/a	n/a	n/a	n/a	n/a	n/a	n/a	wee	278.686809	247	true	278.5420277	279.1206203
279.5342049	0.5658177999999907	trials	/intervals/trials	248	start_time	n/a	n/a	n/a	n/a	n/a	n/a	n/a	n/a	n/a	fee	279.7130523	248	true	279.5342049	280.1000227
279.7130523	0.0	cv_transition	/intervals/trials	248	cv_transition_time	n/a	n/a	n/a	n/a	n/a	n/a	n/a	n/a	n/a	fee	279.7130523	248	true	279.5342049	280.1000227
280.627516	0.5642209000000094	trials	/intervals/trials	249	start_time	n/a	n/a	n/a	n/a	n/a	n/a	n/a	n/a	n/a	zee	280.8058311	249	true	280.627516	281.1917369
280.8058311	0.0	cv_transition	/intervals/trials	249	cv_transition_time	n/a	n/a	n/a	n/a	n/a	n/a	n/a	n/a	n/a	zee	280.8058311	249	true	280.627516	281.1917369
281.7117783	0.4167783000000327	trials	/intervals/trials	250	start_time	n/a	n/a	n/a	n/a	n/a	n/a	n/a	n/a	n/a	boo	281.7202948	250	true	281.7117783	282.1285566
281.7202948	0.0	cv_transition	/intervals/trials	250	cv_transition_time	n/a	n/a	n/a	n/a	n/a	n/a	n/a	n/a	n/a	boo	281.7202948	250	true	281.7117783	282.1285566
282.6273066	0.4625546999999983	trials	/intervals/trials	251	start_time	n/a	n/a	n/a	n/a	n/a	n/a	n/a	n/a	n/a	doo	282.654453	251	true	282.6273066	283.0898613
282.654453	0.0	cv_transition	/intervals/trials	251	cv_transition_time	n/a	n/a	n/a	n/a	n/a	n/a	n/a	n/a	n/a	doo	282.654453	251	true	282.6273066	283.0898613
283.5215435	0.48384599999997135	trials	/intervals/trials	252	start_time	n/a	n/a	n/a	n/a	n/a	n/a	n/a	n/a	n/a	goo	283.5619971	252	true	283.5215435	284.0053895
283.5619971	0.0	cv_transition	/intervals/trials	252	cv_transition_time	n/a	n/a	n/a	n/a	n/a	n/a	n/a	n/a	n/a	goo	283.5619971	252	true	283.5215435	284.0053895
284.5861113	0.5205735999999774	trials	/intervals/trials	253	start_time	n/a	n/a	n/a	n/a	n/a	n/a	n/a	n/a	n/a	poo	284.6308231	253	true	284.5861113	285.1066849
284.6308231	0.0	cv_transition	/intervals/trials	253	cv_transition_time	n/a	n/a	n/a	n/a	n/a	n/a	n/a	n/a	n/a	poo	284.6308231	253	true	284.5861113	285.1066849
286.1196211	0.4982176999999979	trials	/intervals/trials	254	start_time	n/a	n/a	n/a	n/a	n/a	n/a	n/a	n/a	n/a	too	286.1638007	254	true	286.1196211	286.6178388
286.1638007	0.0	cv_transition	/intervals/trials	254	cv_transition_time	n/a	n/a	n/a	n/a	n/a	n/a	n/a	n/a	n/a	too	286.1638007	254	true	286.1196211	286.6178388
287.1804629	0.48544290000000956	trials	/intervals/trials	255	start_time	n/a	n/a	n/a	n/a	n/a	n/a	n/a	n/a	n/a	koo	287.2491275	255	true	287.1804629	287.6659058
287.2491275	0.0	cv_transition	/intervals/trials	255	cv_transition_time	n/a	n/a	n/a	n/a	n/a	n/a	n/a	n/a	n/a	koo	287.2491275	255	true	287.1804629	287.6659058
288.0853455	0.5376066999999694	trials	/intervals/trials	256	start_time	n/a	n/a	n/a	n/a	n/a	n/a	n/a	n/a	n/a	moo	288.1965928	256	true	288.0853455	288.6229522
288.1965928	0.0	cv_transition	/intervals/trials	256	cv_transition_time	n/a	n/a	n/a	n/a	n/a	n/a	n/a	n/a	n/a	moo	288.1965928	256	true	288.0853455	288.6229522
289.0972172	0.5530429000000368	trials	/intervals/trials	257	start_time	n/a	n/a	n/a	n/a	n/a	n/a	n/a	n/a	n/a	noo	289.2164488	257	true	289.0972172	289.6502601
289.2164488	0.0	cv_transition	/intervals/trials	257	cv_transition_time	n/a	n/a	n/a	n/a	n/a	n/a	n/a	n/a	n/a	noo	289.2164488	257	true	289.0972172	289.6502601
290.1708338	0.6584350999999629	trials	/intervals/trials	258	start_time	n/a	n/a	n/a	n/a	n/a	n/a	n/a	n/a	n/a	shoo	290.4103615	258	true	290.1708338	290.8292689
290.4103615	0.0	cv_transition	/intervals/trials	258	cv_transition_time	n/a	n/a	n/a	n/a	n/a	n/a	n/a	n/a	n/a	shoo	290.4103615	258	true	290.1708338	290.8292689
291.1672692	0.7494556999999986	trials	/intervals/trials	259	start_time	n/a	n/a	n/a	n/a	n/a	n/a	n/a	n/a	n/a	soo	291.3972158	259	true	291.1672692	291.9167249
291.3972158	0.0	cv_transition	/intervals/trials	259	cv_transition_time	n/a	n/a	n/a	n/a	n/a	n/a	n/a	n/a	n/a	soo	291.3972158	259	true	291.1672692	291.9167249
292.7023008350016	0.11045940435946022	invalid_times	/intervals/invalid_times	20	start_time	n/a	n/a	n/a	n/a	20	292.7023008350016	292.81276023936107	"[""ECoG artifact""]"	"[{""idx_start"":893256,""count"":337,""timeseries"":""/acquisition/ElectricalSeries""}]"	n/a	n/a	n/a	n/a	n/a	n/a
293.4379923	0.6206429999999727	trials	/intervals/trials	260	start_time	n/a	n/a	n/a	n/a	n/a	n/a	n/a	n/a	n/a	hoo	293.606194	260	true	293.4379923	294.0586353
293.606194	0.0	cv_transition	/intervals/trials	260	cv_transition_time	n/a	n/a	n/a	n/a	n/a	n/a	n/a	n/a	n/a	hoo	293.606194	260	true	293.4379923	294.0586353
294.5206577	0.5471877999999606	trials	/intervals/trials	261	start_time	n/a	n/a	n/a	n/a	n/a	n/a	n/a	n/a	n/a	voo	294.6542609	261	true	294.5206577	295.0678455
294.6542609	0.0	cv_transition	/intervals/trials	261	cv_transition_time	n/a	n/a	n/a	n/a	n/a	n/a	n/a	n/a	n/a	voo	294.6542609	261	true	294.5206577	295.0678455
294.89986161646794	0.1075525779289137	invalid_times	/intervals/invalid_times	32	start_time	n/a	n/a	n/a	n/a	32	294.89986161646794	295.00741419439686	"[""ECoG artifact""]"	"[{""idx_start"":899962,""count"":329,""timeseries"":""/acquisition/ElectricalSeries""}]"	n/a	n/a	n/a	n/a	n/a	n/a
295.5793703	0.5392036000000076	trials	/intervals/trials	262	start_time	n/a	n/a	n/a	n/a	n/a	n/a	n/a	n/a	n/a	roo	295.7039248	262	true	295.5793703	296.1185739
295.7039248	0.0	cv_transition	/intervals/trials	262	cv_transition_time	n/a	n/a	n/a	n/a	n/a	n/a	n/a	n/a	n/a	roo	295.7039248	262	true	295.5793703	296.1185739
296.623179	0.588706000000002	trials	/intervals/trials	263	start_time	n/a	n/a	n/a	n/a	n/a	n/a	n/a	n/a	n/a	loo	296.7892516	263	true	296.623179	297.211885
296.7892516	0.0	cv_transition	/intervals/trials	263	cv_transition_time	n/a	n/a	n/a	n/a	n/a	n/a	n/a	n/a	n/a	loo	296.7892516	263	true	296.623179	297.211885
297.7232472399395	0.13661636521078435	invalid_times	/intervals/invalid_times	8	start_time	n/a	n/a	n/a	n/a	8	297.7232472399395	297.8598636051503	"[""ECoG artifact""]"	"[{""idx_start"":908579,""count"":417,""timeseries"":""/acquisition/ElectricalSeries""}]"	n/a	n/a	n/a	n/a	n/a	n/a
297.7862193	0.521638199999984	trials	/intervals/trials	264	start_time	n/a	n/a	n/a	n/a	n/a	n/a	n/a	n/a	n/a	yoo	297.8862887	264	true	297.7862193	298.3078575
297.8862887	0.0	cv_transition	/intervals/trials	264	cv_transition_time	n/a	n/a	n/a	n/a	n/a	n/a	n/a	n/a	n/a	yoo	297.8862887	264	true	297.7862193	298.3078575
298.8869824	0.4758617999999615	trials	/intervals/trials	265	start_time	n/a	n/a	n/a	n/a	n/a	n/a	n/a	n/a	n/a	woo	299.0078108	265	true	298.8869824	299.3628442
299.0078108	0.0	cv_transition	/intervals/trials	265	cv_transition_time	n/a	n/a	n/a	n/a	n/a	n/a	n/a	n/a	n/a	woo	299.0078108	265	true	298.8869824	299.3628442
299.8562713	0.6158525000000168	trials	/intervals/trials	266	start_time	n/a	n/a	n/a	n/a	n/a	n/a	n/a	n/a	n/a	foo	300.0686526	266	true	299.8562713	300.4721238
300.0686526	0.0	cv_transition	/intervals/trials	266	cv_transition_time	n/a	n/a	n/a	n/a	n/a	n/a	n/a	n/a	n/a	foo	300.0686526	266	true	299.8562713	300.4721238
300.9969557	0.6030776999999716	trials	/intervals/trials	267	start_time	n/a	n/a	n/a	n/a	n/a	n/a	n/a	n/a	n/a	zoo	301.1646251	267	true	300.9969557	301.6000334
301.1646251	0.0	cv_transition	/intervals/trials	267	cv_transition_time	n/a	n/a	n/a	n/a	n/a	n/a	n/a	n/a	n/a	zoo	301.1646251	267	true	300.9969557	301.6000334
302.2715638	0.4324262999999746	trials	/intervals/trials	268	start_time	n/a	n/a	n/a	n/a	n/a	n/a	n/a	n/a	n/a	baa	302.2808244	268	true	302.2715638	302.7039901
302.2808244	0.0	cv_transition	/intervals/trials	268	cv_transition_time	n/a	n/a	n/a	n/a	n/a	n/a	n/a	n/a	n/a	baa	302.2808244	268	true	302.2715638	302.7039901
303.2634205	0.47213579999998956	trials	/intervals/trials	269	start_time	n/a	n/a	n/a	n/a	n/a	n/a	n/a	n/a	n/a	daa	303.2809859	269	true	303.2634205	303.7355563
303.2809859	0.0	cv_transition	/intervals/trials	269	cv_transition_time	n/a	n/a	n/a	n/a	n/a	n/a	n/a	n/a	n/a	daa	303.2809859	269	true	303.2634205	303.7355563
305.3893623	0.46308699999997316	trials	/intervals/trials	270	start_time	n/a	n/a	n/a	n/a	n/a	n/a	n/a	n/a	n/a	gaa	305.4053308	270	true	305.3893623	305.8524493
305.4053308	0.0	cv_transition	/intervals/trials	270	cv_transition_time	n/a	n/a	n/a	n/a	n/a	n/a	n/a	n/a	n/a	gaa	305.4053308	270	true	305.3893623	305.8524493
306.2804055	0.4705390000000307	trials	/intervals/trials	271	start_time	n/a	n/a	n/a	n/a	n/a	n/a	n/a	n/a	n/a	paa	306.3027615	271	true	306.2804055	306.7509445
306.3027615	0.0	cv_transition	/intervals/trials	271	cv_transition_time	n/a	n/a	n/a	n/a	n/a	n/a	n/a	n/a	n/a	paa	306.3027615	271	true	306.2804055	306.7509445
307.2853575	0.5093957000000273	trials	/intervals/trials	272	start_time	n/a	n/a	n/a	n/a	n/a	n/a	n/a	n/a	n/a	taa	307.3455056	272	true	307.2853575	307.7947532
307.3455056	0.0	cv_transition	/intervals/trials	272	cv_transition_time	n/a	n/a	n/a	n/a	n/a	n/a	n/a	n/a	n/a	taa	307.3455056	272	true	307.2853575	307.7947532
308.3407611	0.5009944999999902	trials	/intervals/trials	273	start_time	n/a	n/a	n/a	n/a	n/a	n/a	n/a	n/a	n/a	kaa	308.403686	273	true	308.3407611	308.8417556
308.403686	0.0	cv_transition	/intervals/trials	273	cv_transition_time	n/a	n/a	n/a	n/a	n/a	n/a	n/a	n/a	n/a	kaa	308.403686	273	true	308.3407611	308.8417556
309.382556	0.48650749999995924	trials	/intervals/trials	274	start_time	n/a	n/a	n/a	n/a	n/a	n/a	n/a	n/a	n/a	maa	309.4485592	274	true	309.382556	309.8690635
309.4485592	0.0	cv_transition	/intervals/trials	274	cv_transition_time	n/a	n/a	n/a	n/a	n/a	n/a	n/a	n/a	n/a	maa	309.4485592	274	true	309.382556	309.8690635
310.3401347	0.47479729999997744	trials	/intervals/trials	275	start_time	n/a	n/a	n/a	n/a	n/a	n/a	n/a	n/a	n/a	naa	310.4173159	275	true	310.3401347	310.814932
310.4173159	0.0	cv_transition	/intervals/trials	275	cv_transition_time	n/a	n/a	n/a	n/a	n/a	n/a	n/a	n/a	n/a	naa	310.4173159	275	true	310.3401347	310.814932
311.2647118	0.5977548000000183	trials	/intervals/trials	276	start_time	n/a	n/a	n/a	n/a	n/a	n/a	n/a	n/a	n/a	shaa	311.4738994	276	true	311.2647118	311.8624666
311.4738994	0.0	cv_transition	/intervals/trials	276	cv_transition_time	n/a	n/a	n/a	n/a	n/a	n/a	n/a	n/a	n/a	shaa	311.4738994	276	true	311.2647118	311.8624666
312.2579536	0.6105296000000067	trials	/intervals/trials	277	start_time	n/a	n/a	n/a	n/a	n/a	n/a	n/a	n/a	n/a	saa	312.4703348	277	true	312.2579536	312.8684832
312.4703348	0.0	cv_transition	/intervals/trials	277	cv_transition_time	n/a	n/a	n/a	n/a	n/a	n/a	n/a	n/a	n/a	saa	312.4703348	277	true	312.2579536	312.8684832
314.3210859	0.5610272000000123	trials	/intervals/trials	278	start_time	n/a	n/a	n/a	n/a	n/a	n/a	n/a	n/a	n/a	haa	314.5025947	278	true	314.3210859	314.8821131
314.5025947	0.0	cv_transition	/intervals/trials	278	cv_transition_time	n/a	n/a	n/a	n/a	n/a	n/a	n/a	n/a	n/a	haa	314.5025947	278	true	314.3210859	314.8821131
315.4484632	0.5365421000000197	trials	/intervals/trials	279	start_time	n/a	n/a	n/a	n/a	n/a	n/a	n/a	n/a	n/a	vaa	315.5527908	279	true	315.4484632	315.9850053
315.5527908	0.0	cv_transition	/intervals/trials	279	cv_transition_time	n/a	n/a	n/a	n/a	n/a	n/a	n/a	n/a	n/a	vaa	315.5527908	279	true	315.4484632	315.9850053
316.4858845	0.514718500000015	trials	/intervals/trials	280	start_time	n/a	n/a	n/a	n/a	n/a	n/a	n/a	n/a	n/a	raa	316.6045838	280	true	316.4858845	317.000603
316.6045838	0.0	cv_transition	/intervals/trials	280	cv_transition_time	n/a	n/a	n/a	n/a	n/a	n/a	n/a	n/a	n/a	raa	316.6045838	280	true	316.4858845	317.000603
317.5956964	0.5051373999999669	trials	/intervals/trials	281	start_time	n/a	n/a	n/a	n/a	n/a	n/a	n/a	n/a	n/a	laa	317.7218477	281	true	317.5956964	318.1008338
317.7218477	0.0	cv_transition	/intervals/trials	281	cv_transition_time	n/a	n/a	n/a	n/a	n/a	n/a	n/a	n/a	n/a	laa	317.7218477	281	true	317.5956964	318.1008338
318.5873412	0.543994199999986	trials	/intervals/trials	282	start_time	n/a	n/a	n/a	n/a	n/a	n/a	n/a	n/a	n/a	yaa	318.6996531	282	true	318.5873412	319.1313354
318.6996531	0.0	cv_transition	/intervals/trials	282	cv_transition_time	n/a	n/a	n/a	n/a	n/a	n/a	n/a	n/a	n/a	yaa	318.6996531	282	true	318.5873412	319.1313354
319.7077988	0.45244130000003224	trials	/intervals/trials	283	start_time	n/a	n/a	n/a	n/a	n/a	n/a	n/a	n/a	n/a	waa	319.8238367	283	true	319.7077988	320.1602401
319.8238367	0.0	cv_transition	/intervals/trials	283	cv_transition_time	n/a	n/a	n/a	n/a	n/a	n/a	n/a	n/a	n/a	waa	319.8238367	283	true	319.7077988	320.1602401
320.7340422	0.5663499999999999	trials	/intervals/trials	284	start_time	n/a	n/a	n/a	n/a	n/a	n/a	n/a	n/a	n/a	faa	320.8814848	284	true	320.7340422	321.3003922
320.8814848	0.0	cv_transition	/intervals/trials	284	cv_transition_time	n/a	n/a	n/a	n/a	n/a	n/a	n/a	n/a	n/a	faa	320.8814848	284	true	320.7340422	321.3003922
321.8459832	0.5525107000000276	trials	/intervals/trials	285	start_time	n/a	n/a	n/a	n/a	n/a	n/a	n/a	n/a	n/a	zaa	321.976925	285	true	321.8459832	322.3984939
321.976925	0.0	cv_transition	/intervals/trials	285	cv_transition_time	n/a	n/a	n/a	n/a	n/a	n/a	n/a	n/a	n/a	zaa	321.976925	285	true	321.8459832	322.3984939
322.78078119931934	0.06104135466864591	invalid_times	/intervals/invalid_times	21	start_time	n/a	n/a	n/a	n/a	21	322.78078119931934	322.841822553988	"[""ECoG artifact""]"	"[{""idx_start"":985048,""count"":187,""timeseries"":""/acquisition/ElectricalSeries""}]"	n/a	n/a	n/a	n/a	n/a	n/a
323.0446865	0.3938900999999646	trials	/intervals/trials	286	start_time	n/a	n/a	n/a	n/a	n/a	n/a	n/a	n/a	n/a	bee	323.0510739	286	true	323.0446865	323.4385766
323.0510739	0.0	cv_transition	/intervals/trials	286	cv_transition_time	n/a	n/a	n/a	n/a	n/a	n/a	n/a	n/a	n/a	bee	323.0510739	286	true	323.0446865	323.4385766
324.104996	0.4689420999999925	trials	/intervals/trials	287	start_time	n/a	n/a	n/a	n/a	n/a	n/a	n/a	n/a	n/a	dee	324.1193677	287	true	324.104996	324.5739381
324.1193677	0.0	cv_transition	/intervals/trials	287	cv_transition_time	n/a	n/a	n/a	n/a	n/a	n/a	n/a	n/a	n/a	dee	324.1193677	287	true	324.104996	324.5739381
324.96954977386594	0.08138847289148998	invalid_times	/intervals/invalid_times	33	start_time	n/a	n/a	n/a	n/a	33	324.96954977386594	325.0509382467574	"[""ECoG artifact""]"	"[{""idx_start"":991728,""count"":248,""timeseries"":""/acquisition/ElectricalSeries""}]"	n/a	n/a	n/a	n/a	n/a	n/a
325.213211	0.49715320000001384	trials	/intervals/trials	288	start_time	n/a	n/a	n/a	n/a	n/a	n/a	n/a	n/a	n/a	gee	325.2808111	288	true	325.213211	325.7103642
325.2808111	0.0	cv_transition	/intervals/trials	288	cv_transition_time	n/a	n/a	n/a	n/a	n/a	n/a	n/a	n/a	n/a	gee	325.2808111	288	true	325.213211	325.7103642
326.3853002	0.4236978999999792	trials	/intervals/trials	289	start_time	n/a	n/a	n/a	n/a	n/a	n/a	n/a	n/a	n/a	pee	326.4124466	289	true	326.3853002	326.8089981
326.4124466	0.0	cv_transition	/intervals/trials	289	cv_transition_time	n/a	n/a	n/a	n/a	n/a	n/a	n/a	n/a	n/a	pee	326.4124466	289	true	326.3853002	326.8089981
327.4961766	0.4891688999999815	trials	/intervals/trials	290	start_time	n/a	n/a	n/a	n/a	n/a	n/a	n/a	n/a	n/a	tee	327.5435499	290	true	327.4961766	327.9853455
327.5435499	0.0	cv_transition	/intervals/trials	290	cv_transition_time	n/a	n/a	n/a	n/a	n/a	n/a	n/a	n/a	n/a	tee	327.5435499	290	true	327.4961766	327.9853455
327.7872824886632	0.1191759781625592	invalid_times	/intervals/invalid_times	9	start_time	n/a	n/a	n/a	n/a	9	327.7872824886632	327.90645846682577	"[""ECoG artifact""]"	"[{""idx_start"":1000327,""count"":364,""timeseries"":""/acquisition/ElectricalSeries""}]"	n/a	n/a	n/a	n/a	n/a	n/a
328.6916862	0.4684098999999833	trials	/intervals/trials	291	start_time	n/a	n/a	n/a	n/a	n/a	n/a	n/a	n/a	n/a	kee	328.7523666	291	true	328.6916862	329.1600961
328.7523666	0.0	cv_transition	/intervals/trials	291	cv_transition_time	n/a	n/a	n/a	n/a	n/a	n/a	n/a	n/a	n/a	kee	328.7523666	291	true	328.6916862	329.1600961
329.7466729	0.5722051999999849	trials	/intervals/trials	292	start_time	n/a	n/a	n/a	n/a	n/a	n/a	n/a	n/a	n/a	mee	329.8541942	292	true	329.7466729	330.3188781
329.8541942	0.0	cv_transition	/intervals/trials	292	cv_transition_time	n/a	n/a	n/a	n/a	n/a	n/a	n/a	n/a	n/a	mee	329.8541942	292	true	329.7466729	330.3188781
330.8410486	0.5599626000000058	trials	/intervals/trials	293	start_time	n/a	n/a	n/a	n/a	n/a	n/a	n/a	n/a	n/a	nee	330.9874266	293	true	330.8410486	331.4010112
330.9874266	0.0	cv_transition	/intervals/trials	293	cv_transition_time	n/a	n/a	n/a	n/a	n/a	n/a	n/a	n/a	n/a	nee	330.9874266	293	true	330.8410486	331.4010112
331.8358871	0.6845170999999937	trials	/intervals/trials	294	start_time	n/a	n/a	n/a	n/a	n/a	n/a	n/a	n/a	n/a	shee	332.084996	294	true	331.8358871	332.5204042
332.084996	0.0	cv_transition	/intervals/trials	294	cv_transition_time	n/a	n/a	n/a	n/a	n/a	n/a	n/a	n/a	n/a	shee	332.084996	294	true	331.8358871	332.5204042
332.9558124	0.7079375999999797	trials	/intervals/trials	295	start_time	n/a	n/a	n/a	n/a	n/a	n/a	n/a	n/a	n/a	see	333.2230189	295	true	332.9558124	333.66375
333.2230189	0.0	cv_transition	/intervals/trials	295	cv_transition_time	n/a	n/a	n/a	n/a	n/a	n/a	n/a	n/a	n/a	see	333.2230189	295	true	332.9558124	333.66375
335.0860125	0.6206430000000296	trials	/intervals/trials	296	start_time	n/a	n/a	n/a	n/a	n/a	n/a	n/a	n/a	n/a	hee	335.2547465	296	true	335.0860125	335.7066555
335.2547465	0.0	cv_transition	/intervals/trials	296	cv_transition_time	n/a	n/a	n/a	n/a	n/a	n/a	n/a	n/a	n/a	hee	335.2547465	296	true	335.0860125	335.7066555
336.0835125	0.5823186000000078	trials	/intervals/trials	297	start_time	n/a	n/a	n/a	n/a	n/a	n/a	n/a	n/a	n/a	vee	336.2203095	297	true	336.0835125	336.6658311
336.2203095	0.0	cv_transition	/intervals/trials	297	cv_transition_time	n/a	n/a	n/a	n/a	n/a	n/a	n/a	n/a	n/a	vee	336.2203095	297	true	336.0835125	336.6658311
337.0623826	0.4918303000000037	trials	/intervals/trials	298	start_time	n/a	n/a	n/a	n/a	n/a	n/a	n/a	n/a	n/a	ree	337.2034378	298	true	337.0623826	337.5542129
337.2034378	0.0	cv_transition	/intervals/trials	298	cv_transition_time	n/a	n/a	n/a	n/a	n/a	n/a	n/a	n/a	n/a	ree	337.2034378	298	true	337.0623826	337.5542129
338.1386606	0.5104603000000338	trials	/intervals/trials	299	start_time	n/a	n/a	n/a	n/a	n/a	n/a	n/a	n/a	n/a	lee	338.2515048	299	true	338.1386606	338.6491209
338.2515048	0.0	cv_transition	/intervals/trials	299	cv_transition_time	n/a	n/a	n/a	n/a	n/a	n/a	n/a	n/a	n/a	lee	338.2515048	299	true	338.1386606	338.6491209
340.1091756	0.5344129999999723	trials	/intervals/trials	300	start_time	n/a	n/a	n/a	n/a	n/a	n/a	n/a	n/a	n/a	wee	340.2677962	300	true	340.1091756	340.6435886
340.2677962	0.0	cv_transition	/intervals/trials	300	cv_transition_time	n/a	n/a	n/a	n/a	n/a	n/a	n/a	n/a	n/a	wee	340.2677962	300	true	340.1091756	340.6435886
341.0326881	0.635547000000031	trials	/intervals/trials	301	start_time	n/a	n/a	n/a	n/a	n/a	n/a	n/a	n/a	n/a	fee	341.2466662	301	true	341.0326881	341.6682351
341.2466662	0.0	cv_transition	/intervals/trials	301	cv_transition_time	n/a	n/a	n/a	n/a	n/a	n/a	n/a	n/a	n/a	fee	341.2466662	301	true	341.0326881	341.6682351
342.0780936	0.6068037000000004	trials	/intervals/trials	302	start_time	n/a	n/a	n/a	n/a	n/a	n/a	n/a	n/a	n/a	zee	342.2819584	302	true	342.0780936	342.6848973
342.2819584	0.0	cv_transition	/intervals/trials	302	cv_transition_time	n/a	n/a	n/a	n/a	n/a	n/a	n/a	n/a	n/a	zee	342.2819584	302	true	342.0780936	342.6848973
343.351849	0.3992129000000091	trials	/intervals/trials	303	start_time	n/a	n/a	n/a	n/a	n/a	n/a	n/a	n/a	n/a	boo	343.3598332	303	true	343.351849	343.7510619
343.3598332	0.0	cv_transition	/intervals/trials	303	cv_transition_time	n/a	n/a	n/a	n/a	n/a	n/a	n/a	n/a	n/a	boo	343.3598332	303	true	343.351849	343.7510619
344.1257898	0.47586169999999584	trials	/intervals/trials	304	start_time	n/a	n/a	n/a	n/a	n/a	n/a	n/a	n/a	n/a	doo	344.1577268	304	true	344.1257898	344.6016515
344.1577268	0.0	cv_transition	/intervals/trials	304	cv_transition_time	n/a	n/a	n/a	n/a	n/a	n/a	n/a	n/a	n/a	doo	344.1577268	304	true	344.1257898	344.6016515
345.2153749	0.46415150000001404	trials	/intervals/trials	305	start_time	n/a	n/a	n/a	n/a	n/a	n/a	n/a	n/a	n/a	goo	345.253167	305	true	345.2153749	345.6795264
345.253167	0.0	cv_transition	/intervals/trials	305	cv_transition_time	n/a	n/a	n/a	n/a	n/a	n/a	n/a	n/a	n/a	goo	345.253167	305	true	345.2153749	345.6795264
346.1431457	0.44392470000002504	trials	/intervals/trials	306	start_time	n/a	n/a	n/a	n/a	n/a	n/a	n/a	n/a	n/a	poo	346.1761473	306	true	346.1431457	346.5870704
346.1761473	0.0	cv_transition	/intervals/trials	306	cv_transition_time	n/a	n/a	n/a	n/a	n/a	n/a	n/a	n/a	n/a	poo	346.1761473	306	true	346.1431457	346.5870704
347.3072505	0.4801200999999651	trials	/intervals/trials	307	start_time	n/a	n/a	n/a	n/a	n/a	n/a	n/a	n/a	n/a	too	347.3471718	307	true	347.3072505	347.7873706
347.3471718	0.0	cv_transition	/intervals/trials	307	cv_transition_time	n/a	n/a	n/a	n/a	n/a	n/a	n/a	n/a	n/a	too	347.3471718	307	true	347.3072505	347.7873706
348.4378215	0.4747972000000118	trials	/intervals/trials	308	start_time	n/a	n/a	n/a	n/a	n/a	n/a	n/a	n/a	n/a	koo	348.4921145	308	true	348.4378215	348.9126187
348.4921145	0.0	cv_transition	/intervals/trials	308	cv_transition_time	n/a	n/a	n/a	n/a	n/a	n/a	n/a	n/a	n/a	koo	348.4921145	308	true	348.4378215	348.9126187
349.372512	0.5056697000000554	trials	/intervals/trials	309	start_time	n/a	n/a	n/a	n/a	n/a	n/a	n/a	n/a	n/a	moo	349.490679	309	true	349.372512	349.8781817
349.490679	0.0	cv_transition	/intervals/trials	309	cv_transition_time	n/a	n/a	n/a	n/a	n/a	n/a	n/a	n/a	n/a	moo	349.490679	309	true	349.372512	349.8781817
350.4269664	0.5290901999999846	trials	/intervals/trials	310	start_time	n/a	n/a	n/a	n/a	n/a	n/a	n/a	n/a	n/a	noo	350.5477948	310	true	350.4269664	350.9560566
350.5477948	0.0	cv_transition	/intervals/trials	310	cv_transition_time	n/a	n/a	n/a	n/a	n/a	n/a	n/a	n/a	n/a	noo	350.5477948	310	true	350.4269664	350.9560566
351.3856097	0.6680162000000109	trials	/intervals/trials	311	start_time	n/a	n/a	n/a	n/a	n/a	n/a	n/a	n/a	n/a	shoo	351.6182177	311	true	351.3856097	352.0536259
351.6182177	0.0	cv_transition	/intervals/trials	311	cv_transition_time	n/a	n/a	n/a	n/a	n/a	n/a	n/a	n/a	n/a	shoo	351.6182177	311	true	351.3856097	352.0536259
352.4384672	0.6690808000000175	trials	/intervals/trials	312	start_time	n/a	n/a	n/a	n/a	n/a	n/a	n/a	n/a	n/a	soo	352.6455256	312	true	352.4384672	353.107548
352.6455256	0.0	cv_transition	/intervals/trials	312	cv_transition_time	n/a	n/a	n/a	n/a	n/a	n/a	n/a	n/a	n/a	soo	352.6455256	312	true	352.4384672	353.107548
354.6006043	0.5626240999999936	trials	/intervals/trials	313	start_time	n/a	n/a	n/a	n/a	n/a	n/a	n/a	n/a	n/a	hoo	354.7299493	313	true	354.6006043	355.1632284
354.7299493	0.0	cv_transition	/intervals/trials	313	cv_transition_time	n/a	n/a	n/a	n/a	n/a	n/a	n/a	n/a	n/a	hoo	354.7299493	313	true	354.6006043	355.1632284
354.9202225067765	0.16277694578297996	invalid_times	/intervals/invalid_times	34	start_time	n/a	n/a	n/a	n/a	34	354.9202225067765	355.0829994525595	"[""ECoG artifact""]"	"[{""idx_start"":1083130,""count"":497,""timeseries"":""/acquisition/ElectricalSeries""}]"	n/a	n/a	n/a	n/a	n/a	n/a
355.6923186	0.49715309999999135	trials	/intervals/trials	314	start_time	n/a	n/a	n/a	n/a	n/a	n/a	n/a	n/a	n/a	voo	355.8126147	314	true	355.6923186	356.1894717
355.8126147	0.0	cv_transition	/intervals/trials	314	cv_transition_time	n/a	n/a	n/a	n/a	n/a	n/a	n/a	n/a	n/a	voo	355.8126147	314	true	355.6923186	356.1894717
356.634461	0.5732697999999914	trials	/intervals/trials	315	start_time	n/a	n/a	n/a	n/a	n/a	n/a	n/a	n/a	n/a	roo	356.774984	315	true	356.634461	357.2077308
356.774984	0.0	cv_transition	/intervals/trials	315	cv_transition_time	n/a	n/a	n/a	n/a	n/a	n/a	n/a	n/a	n/a	roo	356.774984	315	true	356.634461	357.2077308
357.6495264	0.6201106999999979	trials	/intervals/trials	316	start_time	n/a	n/a	n/a	n/a	n/a	n/a	n/a	n/a	n/a	loo	357.8847959	316	true	357.6495264	358.2696371
357.74078760558535	0.1860368915527033	invalid_times	/intervals/invalid_times	10	start_time	n/a	n/a	n/a	n/a	10	357.74078760558535	357.92682449713806	"[""ECoG artifact""]"	"[{""idx_start"":1091738,""count"":567,""timeseries"":""/acquisition/ElectricalSeries""}]"	n/a	n/a	n/a	n/a	n/a	n/a
357.8847959	0.0	cv_transition	/intervals/trials	316	cv_transition_time	n/a	n/a	n/a	n/a	n/a	n/a	n/a	n/a	n/a	loo	357.8847959	316	true	357.6495264	358.2696371
358.7795651	0.5706083000000035	trials	/intervals/trials	317	start_time	n/a	n/a	n/a	n/a	n/a	n/a	n/a	n/a	n/a	yoo	358.8740266	317	true	358.7795651	359.3501734
358.8740266	0.0	cv_transition	/intervals/trials	317	cv_transition_time	n/a	n/a	n/a	n/a	n/a	n/a	n/a	n/a	n/a	yoo	358.8740266	317	true	358.7795651	359.3501734
359.8616982	0.4747973000000343	trials	/intervals/trials	318	start_time	n/a	n/a	n/a	n/a	n/a	n/a	n/a	n/a	n/a	woo	359.9370715	318	true	359.8616982	360.3364955
359.9370715	0.0	cv_transition	/intervals/trials	318	cv_transition_time	n/a	n/a	n/a	n/a	n/a	n/a	n/a	n/a	n/a	woo	359.9370715	318	true	359.8616982	360.3364955
360.7633871	0.6499187000000006	trials	/intervals/trials	319	start_time	n/a	n/a	n/a	n/a	n/a	n/a	n/a	n/a	n/a	foo	360.9571385	319	true	360.7633871	361.4133058
360.9571385	0.0	cv_transition	/intervals/trials	319	cv_transition_time	n/a	n/a	n/a	n/a	n/a	n/a	n/a	n/a	n/a	foo	360.9571385	319	true	360.7633871	361.4133058
361.8306163	0.6616289000000393	trials	/intervals/trials	320	start_time	n/a	n/a	n/a	n/a	n/a	n/a	n/a	n/a	n/a	zoo	362.0115928	320	true	361.8306163	362.4922452
362.0115928	0.0	cv_transition	/intervals/trials	320	cv_transition_time	n/a	n/a	n/a	n/a	n/a	n/a	n/a	n/a	n/a	zoo	362.0115928	320	true	361.8306163	362.4922452
363.1304536	0.3816474999999855	trials	/intervals/trials	321	start_time	n/a	n/a	n/a	n/a	n/a	n/a	n/a	n/a	n/a	baa	363.133115	321	true	363.1304536	363.5121011
363.133115	0.0	cv_transition	/intervals/trials	321	cv_transition_time	n/a	n/a	n/a	n/a	n/a	n/a	n/a	n/a	n/a	baa	363.133115	321	true	363.1304536	363.5121011
364.1162433	0.44605389999998124	trials	/intervals/trials	322	start_time	n/a	n/a	n/a	n/a	n/a	n/a	n/a	n/a	n/a	daa	364.1311473	322	true	364.1162433	364.5622972
364.1311473	0.0	cv_transition	/intervals/trials	322	cv_transition_time	n/a	n/a	n/a	n/a	n/a	n/a	n/a	n/a	n/a	daa	364.1311473	322	true	364.1162433	364.5622972
365.1084205	0.5099280000000022	trials	/intervals/trials	323	start_time	n/a	n/a	n/a	n/a	n/a	n/a	n/a	n/a	n/a	gaa	365.1499386	323	true	365.1084205	365.6183485
365.1499386	0.0	cv_transition	/intervals/trials	323	cv_transition_time	n/a	n/a	n/a	n/a	n/a	n/a	n/a	n/a	n/a	gaa	365.1499386	323	true	365.1084205	365.6183485
366.1479709	0.44126339999996844	trials	/intervals/trials	324	start_time	n/a	n/a	n/a	n/a	n/a	n/a	n/a	n/a	n/a	paa	366.1623426	324	true	366.1479709	366.5892343
366.1623426	0.0	cv_transition	/intervals/trials	324	cv_transition_time	n/a	n/a	n/a	n/a	n/a	n/a	n/a	n/a	n/a	paa	366.1623426	324	true	366.1479709	366.5892343
367.1758111	0.5402681000000484	trials	/intervals/trials	325	start_time	n/a	n/a	n/a	n/a	n/a	n/a	n/a	n/a	n/a	taa	367.2322332	325	true	367.1758111	367.7160792
367.2322332	0.0	cv_transition	/intervals/trials	325	cv_transition_time	n/a	n/a	n/a	n/a	n/a	n/a	n/a	n/a	n/a	taa	367.2322332	325	true	367.1758111	367.7160792
368.3447065	0.47266810000002124	trials	/intervals/trials	326	start_time	n/a	n/a	n/a	n/a	n/a	n/a	n/a	n/a	n/a	kaa	368.3840955	326	true	368.3447065	368.8173746
368.3840955	0.0	cv_transition	/intervals/trials	326	cv_transition_time	n/a	n/a	n/a	n/a	n/a	n/a	n/a	n/a	n/a	kaa	368.3840955	326	true	368.3447065	368.8173746
369.4039514	0.5471879000000399	trials	/intervals/trials	327	start_time	n/a	n/a	n/a	n/a	n/a	n/a	n/a	n/a	n/a	maa	369.4827295	327	true	369.4039514	369.9511393
369.4827295	0.0	cv_transition	/intervals/trials	327	cv_transition_time	n/a	n/a	n/a	n/a	n/a	n/a	n/a	n/a	n/a	maa	369.4827295	327	true	369.4039514	369.9511393
370.4717129	0.5413326999999981	trials	/intervals/trials	328	start_time	n/a	n/a	n/a	n/a	n/a	n/a	n/a	n/a	n/a	naa	370.5707177	328	true	370.4717129	371.0130456
370.5707177	0.0	cv_transition	/intervals/trials	328	cv_transition_time	n/a	n/a	n/a	n/a	n/a	n/a	n/a	n/a	n/a	naa	370.5707177	328	true	370.4717129	371.0130456
371.5543783	0.6249012999999763	trials	/intervals/trials	329	start_time	n/a	n/a	n/a	n/a	n/a	n/a	n/a	n/a	n/a	shaa	371.7390808	329	true	371.5543783	372.1792796
371.7390808	0.0	cv_transition	/intervals/trials	329	cv_transition_time	n/a	n/a	n/a	n/a	n/a	n/a	n/a	n/a	n/a	shaa	371.7390808	329	true	371.5543783	372.1792796
372.5790248	0.6648225999999795	trials	/intervals/trials	330	start_time	n/a	n/a	n/a	n/a	n/a	n/a	n/a	n/a	n/a	saa	372.7860832	330	true	372.5790248	373.2438474
372.7860832	0.0	cv_transition	/intervals/trials	330	cv_transition_time	n/a	n/a	n/a	n/a	n/a	n/a	n/a	n/a	n/a	saa	372.7860832	330	true	372.5790248	373.2438474
374.7507431	0.5594302999999741	trials	/intervals/trials	331	start_time	n/a	n/a	n/a	n/a	n/a	n/a	n/a	n/a	n/a	haa	374.9530109	331	true	374.7507431	375.3101734
374.9530109	0.0	cv_transition	/intervals/trials	331	cv_transition_time	n/a	n/a	n/a	n/a	n/a	n/a	n/a	n/a	n/a	haa	374.9530109	331	true	374.7507431	375.3101734
375.9313487	0.5610272000000123	trials	/intervals/trials	332	start_time	n/a	n/a	n/a	n/a	n/a	n/a	n/a	n/a	n/a	vaa	376.0244984	332	true	375.9313487	376.4923759
376.0244984	0.0	cv_transition	/intervals/trials	332	cv_transition_time	n/a	n/a	n/a	n/a	n/a	n/a	n/a	n/a	n/a	vaa	376.0244984	332	true	375.9313487	376.4923759
377.0273212	0.5077988999999548	trials	/intervals/trials	333	start_time	n/a	n/a	n/a	n/a	n/a	n/a	n/a	n/a	n/a	raa	377.1556017	333	true	377.0273212	377.5351201
377.1556017	0.0	cv_transition	/intervals/trials	333	cv_transition_time	n/a	n/a	n/a	n/a	n/a	n/a	n/a	n/a	n/a	raa	377.1556017	333	true	377.0273212	377.5351201
377.9753188	0.6557737999999631	trials	/intervals/trials	334	start_time	n/a	n/a	n/a	n/a	n/a	n/a	n/a	n/a	n/a	laa	378.2457191	334	true	377.9753188	378.6310926
378.2457191	0.0	cv_transition	/intervals/trials	334	cv_transition_time	n/a	n/a	n/a	n/a	n/a	n/a	n/a	n/a	n/a	laa	378.2457191	334	true	377.9753188	378.6310926
379.1141732	0.5245328000000313	trials	/intervals/trials	335	start_time	n/a	n/a	n/a	n/a	n/a	n/a	n/a	n/a	n/a	yaa	379.1873745	335	true	379.1141732	379.638706
379.1873745	0.0	cv_transition	/intervals/trials	335	cv_transition_time	n/a	n/a	n/a	n/a	n/a	n/a	n/a	n/a	n/a	yaa	379.1873745	335	true	379.1141732	379.638706
380.2433805	0.5088633999999956	trials	/intervals/trials	336	start_time	n/a	n/a	n/a	n/a	n/a	n/a	n/a	n/a	n/a	waa	380.3349333	336	true	380.2433805	380.7522439
380.3349333	0.0	cv_transition	/intervals/trials	336	cv_transition_time	n/a	n/a	n/a	n/a	n/a	n/a	n/a	n/a	n/a	waa	380.3349333	336	true	380.2433805	380.7522439
381.1828615	0.6887753999999973	trials	/intervals/trials	337	start_time	n/a	n/a	n/a	n/a	n/a	n/a	n/a	n/a	n/a	faa	381.4021625	337	true	381.1828615	381.8716369
381.4021625	0.0	cv_transition	/intervals/trials	337	cv_transition_time	n/a	n/a	n/a	n/a	n/a	n/a	n/a	n/a	n/a	faa	381.4021625	337	true	381.1828615	381.8716369
382.2559458	0.6760006000000089	trials	/intervals/trials	338	start_time	n/a	n/a	n/a	n/a	n/a	n/a	n/a	n/a	n/a	zaa	382.466198	338	true	382.2559458	382.9319464
382.466198	0.0	cv_transition	/intervals/trials	338	cv_transition_time	n/a	n/a	n/a	n/a	n/a	n/a	n/a	n/a	n/a	zaa	382.466198	338	true	382.2559458	382.9319464
382.83304183301436	0.05232287574921202	invalid_times	/intervals/invalid_times	23	start_time	n/a	n/a	n/a	n/a	23	382.83304183301436	382.8853647087636	"[""ECoG artifact""]"	"[{""idx_start"":1168313,""count"":160,""timeseries"":""/acquisition/ElectricalSeries""}]"	n/a	n/a	n/a	n/a	n/a	n/a
382.8388554858754	0.07557748719329993	invalid_times	/intervals/invalid_times	22	start_time	n/a	n/a	n/a	n/a	22	382.8388554858754	382.9144329730687	"[""ECoG artifact""]"	"[{""idx_start"":1168331,""count"":231,""timeseries"":""/acquisition/ElectricalSeries""}]"	n/a	n/a	n/a	n/a	n/a	n/a
383.4833925	0.37685700000002953	trials	/intervals/trials	339	start_time	n/a	n/a	n/a	n/a	n/a	n/a	n/a	n/a	n/a	bee	383.4892476	339	true	383.4833925	383.8602495
383.4892476	0.0	cv_transition	/intervals/trials	339	cv_transition_time	n/a	n/a	n/a	n/a	n/a	n/a	n/a	n/a	n/a	bee	383.4892476	339	true	383.4833925	383.8602495
384.4351161	0.4151813999999945	trials	/intervals/trials	340	start_time	n/a	n/a	n/a	n/a	n/a	n/a	n/a	n/a	n/a	dee	384.4564074	340	true	384.4351161	384.8502975
384.4564074	0.0	cv_transition	/intervals/trials	340	cv_transition_time	n/a	n/a	n/a	n/a	n/a	n/a	n/a	n/a	n/a	dee	384.4564074	340	true	384.4351161	384.8502975
385.01316165589765	0.08720479291531547	invalid_times	/intervals/invalid_times	35	start_time	n/a	n/a	n/a	n/a	35	385.01316165589765	385.10036644881296	"[""ECoG artifact""]"	"[{""idx_start"":1174966,""count"":267,""timeseries"":""/acquisition/ElectricalSeries""}]"	n/a	n/a	n/a	n/a	n/a	n/a
385.6045438	0.4779909000000089	trials	/intervals/trials	341	start_time	n/a	n/a	n/a	n/a	n/a	n/a	n/a	n/a	n/a	gee	385.6577721	341	true	385.6045438	386.0825347
385.6577721	0.0	cv_transition	/intervals/trials	341	cv_transition_time	n/a	n/a	n/a	n/a	n/a	n/a	n/a	n/a	n/a	gee	385.6577721	341	true	385.6045438	386.0825347
386.6307871	0.4716034999999579	trials	/intervals/trials	342	start_time	n/a	n/a	n/a	n/a	n/a	n/a	n/a	n/a	n/a	pee	386.6707084	342	true	386.6307871	387.1023906
386.6707084	0.0	cv_transition	/intervals/trials	342	cv_transition_time	n/a	n/a	n/a	n/a	n/a	n/a	n/a	n/a	n/a	pee	386.6707084	342	true	386.6307871	387.1023906
387.7107911	0.46947440000002416	trials	/intervals/trials	343	start_time	n/a	n/a	n/a	n/a	n/a	n/a	n/a	n/a	n/a	tee	387.7570998	343	true	387.7107911	388.1802655
387.7570998	0.0	cv_transition	/intervals/trials	343	cv_transition_time	n/a	n/a	n/a	n/a	n/a	n/a	n/a	n/a	n/a	tee	387.7570998	343	true	387.7107911	388.1802655
387.8455205199641	0.09011161934586198	invalid_times	/intervals/invalid_times	11	start_time	n/a	n/a	n/a	n/a	11	387.8455205199641	387.93563213931	"[""ECoG artifact""]"	"[{""idx_start"":1183610,""count"":275,""timeseries"":""/acquisition/ElectricalSeries""}]"	n/a	n/a	n/a	n/a	n/a	n/a
388.8434912	0.5557043999999678	trials	/intervals/trials	344	start_time	n/a	n/a	n/a	n/a	n/a	n/a	n/a	n/a	n/a	kee	388.9440524	344	true	388.8434912	389.3991956
388.9440524	0.0	cv_transition	/intervals/trials	344	cv_transition_time	n/a	n/a	n/a	n/a	n/a	n/a	n/a	n/a	n/a	kee	388.9440524	344	true	388.8434912	389.3991956
389.9761913	0.49768540000002304	trials	/intervals/trials	345	start_time	n/a	n/a	n/a	n/a	n/a	n/a	n/a	n/a	n/a	mee	390.0890355	345	true	389.9761913	390.4738767
390.0890355	0.0	cv_transition	/intervals/trials	345	cv_transition_time	n/a	n/a	n/a	n/a	n/a	n/a	n/a	n/a	n/a	mee	390.0890355	345	true	389.9761913	390.4738767
390.969433	0.5775280000000294	trials	/intervals/trials	346	start_time	n/a	n/a	n/a	n/a	n/a	n/a	n/a	n/a	n/a	nee	391.1158111	346	true	390.969433	391.546961
391.1158111	0.0	cv_transition	/intervals/trials	346	cv_transition_time	n/a	n/a	n/a	n/a	n/a	n/a	n/a	n/a	n/a	nee	391.1158111	346	true	390.969433	391.546961
392.0222906	0.6414019999999709	trials	/intervals/trials	347	start_time	n/a	n/a	n/a	n/a	n/a	n/a	n/a	n/a	n/a	shee	392.2671411	347	true	392.0222906	392.6636926
392.2671411	0.0	cv_transition	/intervals/trials	347	cv_transition_time	n/a	n/a	n/a	n/a	n/a	n/a	n/a	n/a	n/a	shee	392.2671411	347	true	392.0222906	392.6636926
393.1347639	0.7026147000000265	trials	/intervals/trials	348	start_time	n/a	n/a	n/a	n/a	n/a	n/a	n/a	n/a	n/a	see	393.4110192	348	true	393.1347639	393.8373786
393.4110192	0.0	cv_transition	/intervals/trials	348	cv_transition_time	n/a	n/a	n/a	n/a	n/a	n/a	n/a	n/a	n/a	see	393.4110192	348	true	393.1347639	393.8373786
395.4283751	0.5626240999999936	trials	/intervals/trials	349	start_time	n/a	n/a	n/a	n/a	n/a	n/a	n/a	n/a	n/a	hee	395.5710272	349	true	395.4283751	395.9909992
395.5710272	0.0	cv_transition	/intervals/trials	349	cv_transition_time	n/a	n/a	n/a	n/a	n/a	n/a	n/a	n/a	n/a	hee	395.5710272	349	true	395.4283751	395.9909992
396.5743823	0.5136539999999741	trials	/intervals/trials	350	start_time	n/a	n/a	n/a	n/a	n/a	n/a	n/a	n/a	n/a	vee	396.6781777	350	true	396.5743823	397.0880363
396.6781777	0.0	cv_transition	/intervals/trials	350	cv_transition_time	n/a	n/a	n/a	n/a	n/a	n/a	n/a	n/a	n/a	vee	396.6781777	350	true	396.5743823	397.0880363
397.6213847	0.5604950000000031	trials	/intervals/trials	351	start_time	n/a	n/a	n/a	n/a	n/a	n/a	n/a	n/a	n/a	ree	397.7422132	351	true	397.6213847	398.1818797
397.7422132	0.0	cv_transition	/intervals/trials	351	cv_transition_time	n/a	n/a	n/a	n/a	n/a	n/a	n/a	n/a	n/a	ree	397.7422132	351	true	397.6213847	398.1818797
398.5693823	0.6594998000000487	trials	/intervals/trials	352	start_time	n/a	n/a	n/a	n/a	n/a	n/a	n/a	n/a	n/a	lee	398.8222172	352	true	398.5693823	399.2288821
398.8222172	0.0	cv_transition	/intervals/trials	352	cv_transition_time	n/a	n/a	n/a	n/a	n/a	n/a	n/a	n/a	n/a	lee	398.8222172	352	true	398.5693823	399.2288821
399.8382615	0.5701617000000283	trials	/intervals/trials	353	start_time	n/a	n/a	n/a	n/a	n/a	n/a	n/a	n/a	n/a	yee	399.9439967	353	true	399.8382615	400.4084232
399.9439967	0.0	cv_transition	/intervals/trials	353	cv_transition_time	n/a	n/a	n/a	n/a	n/a	n/a	n/a	n/a	n/a	yee	399.9439967	353	true	399.8382615	400.4084232
400.948159	0.49449170000002596	trials	/intervals/trials	354	start_time	n/a	n/a	n/a	n/a	n/a	n/a	n/a	n/a	n/a	wee	401.0402441	354	true	400.948159	401.4426507
401.0402441	0.0	cv_transition	/intervals/trials	354	cv_transition_time	n/a	n/a	n/a	n/a	n/a	n/a	n/a	n/a	n/a	wee	401.0402441	354	true	400.948159	401.4426507
401.9312874	0.6722745000000145	trials	/intervals/trials	355	start_time	n/a	n/a	n/a	n/a	n/a	n/a	n/a	n/a	n/a	fee	402.1452655	355	true	401.9312874	402.6035619
402.1452655	0.0	cv_transition	/intervals/trials	355	cv_transition_time	n/a	n/a	n/a	n/a	n/a	n/a	n/a	n/a	n/a	fee	402.1452655	355	true	401.9312874	402.6035619
403.1741702	0.5972224999999867	trials	/intervals/trials	356	start_time	n/a	n/a	n/a	n/a	n/a	n/a	n/a	n/a	n/a	zee	403.3934712	356	true	403.1741702	403.7713927
403.3934712	0.0	cv_transition	/intervals/trials	356	cv_transition_time	n/a	n/a	n/a	n/a	n/a	n/a	n/a	n/a	n/a	zee	403.3934712	356	true	403.1741702	403.7713927
404.5304296	0.4662806000000046	trials	/intervals/trials	357	start_time	n/a	n/a	n/a	n/a	n/a	n/a	n/a	n/a	n/a	boo	404.5591729	357	true	404.5304296	404.9967102
404.5591729	0.0	cv_transition	/intervals/trials	357	cv_transition_time	n/a	n/a	n/a	n/a	n/a	n/a	n/a	n/a	n/a	boo	404.5591729	357	true	404.5304296	404.9967102
405.8723172	0.4614902000000143	trials	/intervals/trials	358	start_time	n/a	n/a	n/a	n/a	n/a	n/a	n/a	n/a	n/a	doo	405.9031897	358	true	405.8723172	406.3338074
405.9031897	0.0	cv_transition	/intervals/trials	358	cv_transition_time	n/a	n/a	n/a	n/a	n/a	n/a	n/a	n/a	n/a	doo	405.9031897	358	true	405.8723172	406.3338074
407.1529923	0.4050680000000284	trials	/intervals/trials	359	start_time	n/a	n/a	n/a	n/a	n/a	n/a	n/a	n/a	n/a	goo	407.1790742	359	true	407.1529923	407.5580603
407.1790742	0.0	cv_transition	/intervals/trials	359	cv_transition_time	n/a	n/a	n/a	n/a	n/a	n/a	n/a	n/a	n/a	goo	407.1790742	359	true	407.1529923	407.5580603
408.2830309	0.41677829999997584	trials	/intervals/trials	360	start_time	n/a	n/a	n/a	n/a	n/a	n/a	n/a	n/a	n/a	poo	408.3229522	360	true	408.2830309	408.6998092
408.3229522	0.0	cv_transition	/intervals/trials	360	cv_transition_time	n/a	n/a	n/a	n/a	n/a	n/a	n/a	n/a	n/a	poo	408.3229522	360	true	408.2830309	408.6998092
409.4992996	0.4689421000000493	trials	/intervals/trials	361	start_time	n/a	n/a	n/a	n/a	n/a	n/a	n/a	n/a	n/a	too	409.545076	361	true	409.4992996	409.9682417
409.545076	0.0	cv_transition	/intervals/trials	361	cv_transition_time	n/a	n/a	n/a	n/a	n/a	n/a	n/a	n/a	n/a	too	409.545076	361	true	409.4992996	409.9682417
411.1142489	0.5030082999999763	trials	/intervals/trials	362	start_time	n/a	n/a	n/a	n/a	n/a	n/a	n/a	n/a	n/a	moo	411.21006	362	true	411.1142489	411.6172572
411.21006	0.0	cv_transition	/intervals/trials	362	cv_transition_time	n/a	n/a	n/a	n/a	n/a	n/a	n/a	n/a	n/a	moo	411.21006	362	true	411.1142489	411.6172572
412.1974466	0.5801895000000172	trials	/intervals/trials	363	start_time	n/a	n/a	n/a	n/a	n/a	n/a	n/a	n/a	n/a	noo	412.304968	363	true	412.1974466	412.7776361
412.304968	0.0	cv_transition	/intervals/trials	363	cv_transition_time	n/a	n/a	n/a	n/a	n/a	n/a	n/a	n/a	n/a	noo	412.304968	363	true	412.1974466	412.7776361
413.2194317	0.6749360000000024	trials	/intervals/trials	364	start_time	n/a	n/a	n/a	n/a	n/a	n/a	n/a	n/a	n/a	shoo	413.4727988	364	true	413.2194317	413.8943677
413.4727988	0.0	cv_transition	/intervals/trials	364	cv_transition_time	n/a	n/a	n/a	n/a	n/a	n/a	n/a	n/a	n/a	shoo	413.4727988	364	true	413.2194317	413.8943677
414.37502	0.7020825000000173	trials	/intervals/trials	365	start_time	n/a	n/a	n/a	n/a	n/a	n/a	n/a	n/a	n/a	soo	414.5916596	365	true	414.37502	415.0771025
414.5916596	0.0	cv_transition	/intervals/trials	365	cv_transition_time	n/a	n/a	n/a	n/a	n/a	n/a	n/a	n/a	n/a	soo	414.5916596	365	true	414.37502	415.0771025
416.8501401	0.5658177000000251	trials	/intervals/trials	366	start_time	n/a	n/a	n/a	n/a	n/a	n/a	n/a	n/a	n/a	hoo	416.9651134	366	true	416.8501401	417.4159578
416.9651134	0.0	cv_transition	/intervals/trials	366	cv_transition_time	n/a	n/a	n/a	n/a	n/a	n/a	n/a	n/a	n/a	hoo	416.9651134	366	true	416.8501401	417.4159578
418.0270197	0.523767399999997	trials	/intervals/trials	367	start_time	n/a	n/a	n/a	n/a	n/a	n/a	n/a	n/a	n/a	voo	418.1430576	367	true	418.0270197	418.5507871
418.1430576	0.0	cv_transition	/intervals/trials	367	cv_transition_time	n/a	n/a	n/a	n/a	n/a	n/a	n/a	n/a	n/a	voo	418.1430576	367	true	418.0270197	418.5507871
419.1575907	0.5929643000000056	trials	/intervals/trials	368	start_time	n/a	n/a	n/a	n/a	n/a	n/a	n/a	n/a	n/a	roo	419.2959681	368	true	419.1575907	419.750555
419.2959681	0.0	cv_transition	/intervals/trials	368	cv_transition_time	n/a	n/a	n/a	n/a	n/a	n/a	n/a	n/a	n/a	roo	419.2959681	368	true	419.1575907	419.750555
420.2210939	0.48065239999999676	trials	/intervals/trials	369	start_time	n/a	n/a	n/a	n/a	n/a	n/a	n/a	n/a	n/a	loo	420.3456483	369	true	420.2210939	420.7017463
420.3456483	0.0	cv_transition	/intervals/trials	369	cv_transition_time	n/a	n/a	n/a	n/a	n/a	n/a	n/a	n/a	n/a	loo	420.3456483	369	true	420.2210939	420.7017463
421.7652495	0.5620916999999963	trials	/intervals/trials	370	start_time	n/a	n/a	n/a	n/a	n/a	n/a	n/a	n/a	n/a	yoo	421.8898039	370	true	421.7652495	422.3273412
421.8898039	0.0	cv_transition	/intervals/trials	370	cv_transition_time	n/a	n/a	n/a	n/a	n/a	n/a	n/a	n/a	n/a	yoo	421.8898039	370	true	421.7652495	422.3273412
422.7387967	0.528557899999953	trials	/intervals/trials	371	start_time	n/a	n/a	n/a	n/a	n/a	n/a	n/a	n/a	n/a	woo	422.8596251	371	true	422.7387967	423.2673546
422.8596251	0.0	cv_transition	/intervals/trials	371	cv_transition_time	n/a	n/a	n/a	n/a	n/a	n/a	n/a	n/a	n/a	woo	422.8596251	371	true	422.7387967	423.2673546
423.7309739	0.5908350999999925	trials	/intervals/trials	372	start_time	n/a	n/a	n/a	n/a	n/a	n/a	n/a	n/a	n/a	foo	423.9114181	372	true	423.7309739	424.321809
423.9114181	0.0	cv_transition	/intervals/trials	372	cv_transition_time	n/a	n/a	n/a	n/a	n/a	n/a	n/a	n/a	n/a	foo	423.9114181	372	true	423.7309739	424.321809
424.7678629	0.524831899999981	trials	/intervals/trials	373	start_time	n/a	n/a	n/a	n/a	n/a	n/a	n/a	n/a	n/a	zoo	424.9467102	373	true	424.7678629	425.2926948
424.9467102	0.0	cv_transition	/intervals/trials	373	cv_transition_time	n/a	n/a	n/a	n/a	n/a	n/a	n/a	n/a	n/a	zoo	424.9467102	373	true	424.7678629	425.2926948
426.0	12.0	epochs	/intervals/epochs	0	start_time	0	rest_period	426.0	438.0	n/a	n/a	n/a	n/a	n/a	n/a	n/a	n/a	n/a	n/a	n/a
