onset	duration	trial_type	source_table	source_row	source_onset_column	nwb_epochs_id	nwb_epochs_label	nwb_epochs_start_time	nwb_epochs_stop_time	nwb_invalid_times_id	nwb_invalid_times_start_time	nwb_invalid_times_stop_time	nwb_invalid_times_tags	nwb_invalid_times_timeseries	nwb_trials_condition	nwb_trials_cv_transition_time	nwb_trials_id	nwb_trials_speak	nwb_trials_start_time	nwb_trials_stop_time
6.1321747	0.34144159999999957	trials	/intervals/trials	0	start_time	n/a	n/a	n/a	n/a	n/a	n/a	n/a	n/a	n/a	raa	6.2133668	0	true	6.1321747	6.4736163
6.2133668	0.0	cv_transition	/intervals/trials	0	cv_transition_time	n/a	n/a	n/a	n/a	n/a	n/a	n/a	n/a	n/a	raa	6.2133668	0	true	6.1321747	6.4736163
6.8933502	0.5255735999999995	trials	/intervals/trials	1	start_time	n/a	n/a	n/a	n/a	n/a	n/a	n/a	n/a	n/a	shee	7.0927057	1	true	6.8933502	7.4189238
7.0927057	0.0	cv_transition	/intervals/trials	1	cv_transition_time	n/a	n/a	n/a	n/a	n/a	n/a	n/a	n/a	n/a	shee	7.0927057	1	true	6.8933502	7.4189238
7.947397	0.43278269999999974	trials	/intervals/trials	2	start_time	n/a	n/a	n/a	n/a	n/a	n/a	n/a	n/a	n/a	yoo	8.0177151	2	true	7.947397	8.3801797
8.0177151	0.0	cv_transition	/intervals/trials	2	cv_transition_time	n/a	n/a	n/a	n/a	n/a	n/a	n/a	n/a	n/a	yoo	8.0177151	2	true	7.947397	8.3801797
8.8303606	0.4117596999999993	trials	/intervals/trials	3	start_time	n/a	n/a	n/a	n/a	n/a	n/a	n/a	n/a	n/a	bee	8.83616	3	true	8.8303606	9.2421203
8.83616	0.0	cv_transition	/intervals/trials	3	cv_transition_time	n/a	n/a	n/a	n/a	n/a	n/a	n/a	n/a	n/a	bee	8.83616	3	true	8.8303606	9.2421203
9.4777222	0.5632698999999999	trials	/intervals/trials	4	start_time	n/a	n/a	n/a	n/a	n/a	n/a	n/a	n/a	n/a	zee	9.6379315	4	true	9.4777222	10.0409921
9.6379315	0.0	cv_transition	/intervals/trials	4	cv_transition_time	n/a	n/a	n/a	n/a	n/a	n/a	n/a	n/a	n/a	zee	9.6379315	4	true	9.4777222	10.0409921
10.4128807	0.4719287999999988	trials	/intervals/trials	5	start_time	n/a	n/a	n/a	n/a	n/a	n/a	n/a	n/a	n/a	gee	10.450577	5	true	10.4128807	10.8848095
10.450577	0.0	cv_transition	/intervals/trials	5	cv_transition_time	n/a	n/a	n/a	n/a	n/a	n/a	n/a	n/a	n/a	gee	10.450577	5	true	10.4128807	10.8848095
11.2733715	0.4559803000000002	trials	/intervals/trials	6	start_time	n/a	n/a	n/a	n/a	n/a	n/a	n/a	n/a	n/a	kee	11.3516638	6	true	11.2733715	11.7293518
11.3516638	0.0	cv_transition	/intervals/trials	6	cv_transition_time	n/a	n/a	n/a	n/a	n/a	n/a	n/a	n/a	n/a	kee	11.3516638	6	true	11.2733715	11.7293518
12.1476359	0.4980262	trials	/intervals/trials	7	start_time	n/a	n/a	n/a	n/a	n/a	n/a	n/a	n/a	n/a	ree	12.2201288	7	true	12.1476359	12.6456621
12.2201288	0.0	cv_transition	/intervals/trials	7	cv_transition_time	n/a	n/a	n/a	n/a	n/a	n/a	n/a	n/a	n/a	ree	12.2201288	7	true	12.1476359	12.6456621
13.8736919	0.42408350000000006	trials	/intervals/trials	8	start_time	n/a	n/a	n/a	n/a	n/a	n/a	n/a	n/a	n/a	voo	13.9389355	8	true	13.8736919	14.2977754
13.9389355	0.0	cv_transition	/intervals/trials	8	cv_transition_time	n/a	n/a	n/a	n/a	n/a	n/a	n/a	n/a	n/a	voo	13.9389355	8	true	13.8736919	14.2977754
14.6645895	0.4690291000000002	trials	/intervals/trials	9	start_time	n/a	n/a	n/a	n/a	n/a	n/a	n/a	n/a	n/a	noo	14.7834778	9	true	14.6645895	15.1336186
14.7834778	0.0	cv_transition	/intervals/trials	9	cv_transition_time	n/a	n/a	n/a	n/a	n/a	n/a	n/a	n/a	n/a	noo	14.7834778	9	true	14.6645895	15.1336186
15.5852494	0.4103098000000003	trials	/intervals/trials	10	start_time	n/a	n/a	n/a	n/a	n/a	n/a	n/a	n/a	n/a	dee	15.609172	10	true	15.5852494	15.9955592
15.609172	0.0	cv_transition	/intervals/trials	10	cv_transition_time	n/a	n/a	n/a	n/a	n/a	n/a	n/a	n/a	n/a	dee	15.609172	10	true	15.5852494	15.9955592
16.4711126	0.4574302999999986	trials	/intervals/trials	11	start_time	n/a	n/a	n/a	n/a	n/a	n/a	n/a	n/a	n/a	yee	16.5726027	11	true	16.4711126	16.9285429
16.5726027	0.0	cv_transition	/intervals/trials	11	cv_transition_time	n/a	n/a	n/a	n/a	n/a	n/a	n/a	n/a	n/a	yee	16.5726027	11	true	16.4711126	16.9285429
17.3664	0.28924669999999963	trials	/intervals/trials	12	start_time	n/a	n/a	n/a	n/a	n/a	n/a	n/a	n/a	n/a	koo	17.4164201	12	true	17.3664	17.6556467
17.4164201	0.0	cv_transition	/intervals/trials	12	cv_transition_time	n/a	n/a	n/a	n/a	n/a	n/a	n/a	n/a	n/a	koo	17.4164201	12	true	17.3664	17.6556467
18.0333347	0.5676194999999993	trials	/intervals/trials	13	start_time	n/a	n/a	n/a	n/a	n/a	n/a	n/a	n/a	n/a	fee	18.2305154	13	true	18.0333347	18.6009542
18.2305154	0.0	cv_transition	/intervals/trials	13	cv_transition_time	n/a	n/a	n/a	n/a	n/a	n/a	n/a	n/a	n/a	fee	18.2305154	13	true	18.0333347	18.6009542
18.8938255	0.5400721000000033	trials	/intervals/trials	14	start_time	n/a	n/a	n/a	n/a	n/a	n/a	n/a	n/a	n/a	hee	19.0380864	14	true	18.8938255	19.4338976
19.0380864	0.0	cv_transition	/intervals/trials	14	cv_transition_time	n/a	n/a	n/a	n/a	n/a	n/a	n/a	n/a	n/a	hee	19.0380864	14	true	18.8938255	19.4338976
19.7644653	0.4226335999999975	trials	/intervals/trials	15	start_time	n/a	n/a	n/a	n/a	n/a	n/a	n/a	n/a	n/a	vaa	19.8565312	15	true	19.7644653	20.1870989
19.8565312	0.0	cv_transition	/intervals/trials	15	cv_transition_time	n/a	n/a	n/a	n/a	n/a	n/a	n/a	n/a	n/a	vaa	19.8565312	15	true	19.7644653	20.1870989
20.5488385	0.40813500000000147	trials	/intervals/trials	16	start_time	n/a	n/a	n/a	n/a	n/a	n/a	n/a	n/a	n/a	loo	20.6546781	16	true	20.5488385	20.9569735
20.6546781	0.0	cv_transition	/intervals/trials	16	cv_transition_time	n/a	n/a	n/a	n/a	n/a	n/a	n/a	n/a	n/a	loo	20.6546781	16	true	20.5488385	20.9569735
21.3694581	0.40886000000000067	trials	/intervals/trials	17	start_time	n/a	n/a	n/a	n/a	n/a	n/a	n/a	n/a	n/a	hoo	21.4665986	17	true	21.3694581	21.7783181
21.4665986	0.0	cv_transition	/intervals/trials	17	cv_transition_time	n/a	n/a	n/a	n/a	n/a	n/a	n/a	n/a	n/a	hoo	21.4665986	17	true	21.3694581	21.7783181
22.2922928	0.41683420000000027	trials	/intervals/trials	18	start_time	n/a	n/a	n/a	n/a	n/a	n/a	n/a	n/a	n/a	kaa	22.3249146	18	true	22.2922928	22.709127
22.3249146	0.0	cv_transition	/intervals/trials	18	cv_transition_time	n/a	n/a	n/a	n/a	n/a	n/a	n/a	n/a	n/a	kaa	22.3249146	18	true	22.2922928	22.709127
23.0911646	0.35231549999999956	trials	/intervals/trials	19	start_time	n/a	n/a	n/a	n/a	n/a	n/a	n/a	n/a	n/a	poo	23.1187119	19	true	23.0911646	23.4434801
23.1187119	0.0	cv_transition	/intervals/trials	19	cv_transition_time	n/a	n/a	n/a	n/a	n/a	n/a	n/a	n/a	n/a	poo	23.1187119	19	true	23.0911646	23.4434801
23.9951511	0.3682639999999999	trials	/intervals/trials	20	start_time	n/a	n/a	n/a	n/a	n/a	n/a	n/a	n/a	n/a	bee	23.9987758	20	true	23.9951511	24.3634151
23.9987758	0.0	cv_transition	/intervals/trials	20	cv_transition_time	n/a	n/a	n/a	n/a	n/a	n/a	n/a	n/a	n/a	bee	23.9987758	20	true	23.9951511	24.3634151
24.7041317	0.334192299999998	trials	/intervals/trials	21	start_time	n/a	n/a	n/a	n/a	n/a	n/a	n/a	n/a	n/a	paa	24.7164555	21	true	24.7041317	25.038324
24.7164555	0.0	cv_transition	/intervals/trials	21	cv_transition_time	n/a	n/a	n/a	n/a	n/a	n/a	n/a	n/a	n/a	paa	24.7164555	21	true	24.7041317	25.038324
25.5051783	0.4016106999999991	trials	/intervals/trials	22	start_time	n/a	n/a	n/a	n/a	n/a	n/a	n/a	n/a	n/a	taa	25.5711468	22	true	25.5051783	25.906789
25.5711468	0.0	cv_transition	/intervals/trials	22	cv_transition_time	n/a	n/a	n/a	n/a	n/a	n/a	n/a	n/a	n/a	taa	25.5711468	22	true	25.5051783	25.906789
26.3098495	0.42625830000000065	trials	/intervals/trials	23	start_time	n/a	n/a	n/a	n/a	n/a	n/a	n/a	n/a	n/a	naa	26.3903167	23	true	26.3098495	26.7361078
26.3903167	0.0	cv_transition	/intervals/trials	23	cv_transition_time	n/a	n/a	n/a	n/a	n/a	n/a	n/a	n/a	n/a	naa	26.3903167	23	true	26.3098495	26.7361078
27.0195551	0.5023757999999994	trials	/intervals/trials	24	start_time	n/a	n/a	n/a	n/a	n/a	n/a	n/a	n/a	n/a	saa	27.2022372	24	true	27.0195551	27.5219309
27.2022372	0.0	cv_transition	/intervals/trials	24	cv_transition_time	n/a	n/a	n/a	n/a	n/a	n/a	n/a	n/a	n/a	saa	27.2022372	24	true	27.0195551	27.5219309
27.8140773	0.5067254000000005	trials	/intervals/trials	25	start_time	n/a	n/a	n/a	n/a	n/a	n/a	n/a	n/a	n/a	shoo	28.0105331	25	true	27.8140773	28.3208027
28.0105331	0.0	cv_transition	/intervals/trials	25	cv_transition_time	n/a	n/a	n/a	n/a	n/a	n/a	n/a	n/a	n/a	shoo	28.0105331	25	true	27.8140773	28.3208027
28.6673188	0.5096251000000009	trials	/intervals/trials	26	start_time	n/a	n/a	n/a	n/a	n/a	n/a	n/a	n/a	n/a	foo	28.8471012	26	true	28.6673188	29.1769439
28.8471012	0.0	cv_transition	/intervals/trials	26	cv_transition_time	n/a	n/a	n/a	n/a	n/a	n/a	n/a	n/a	n/a	foo	28.8471012	26	true	28.6673188	29.1769439
29.6314744	0.35521519999999995	trials	/intervals/trials	27	start_time	n/a	n/a	n/a	n/a	n/a	n/a	n/a	n/a	n/a	daa	29.6430732	27	true	29.6314744	29.9866896
29.6430732	0.0	cv_transition	/intervals/trials	27	cv_transition_time	n/a	n/a	n/a	n/a	n/a	n/a	n/a	n/a	n/a	daa	29.6430732	27	true	29.6314744	29.9866896
30.2904349	0.43456510000000037	trials	/intervals/trials	28	start_time	n/a	n/a	n/a	n/a	n/a	n/a	n/a	n/a	n/a	faa	30.4339708	28	true	30.2904349	30.725
30.4339708	0.0	cv_transition	/intervals/trials	28	cv_transition_time	n/a	n/a	n/a	n/a	n/a	n/a	n/a	n/a	n/a	faa	30.4339708	28	true	30.2904349	30.725
31.2937367	0.3871120999999995	trials	/intervals/trials	29	start_time	n/a	n/a	n/a	n/a	n/a	n/a	n/a	n/a	n/a	goo	31.320559	29	true	31.2937367	31.6808488
31.320559	0.0	cv_transition	/intervals/trials	29	cv_transition_time	n/a	n/a	n/a	n/a	n/a	n/a	n/a	n/a	n/a	goo	31.320559	29	true	31.2937367	31.6808488
32.3383594	0.4980261999999982	trials	/intervals/trials	30	start_time	n/a	n/a	n/a	n/a	n/a	n/a	n/a	n/a	n/a	mee	32.4528982	30	true	32.3383594	32.8363856
32.4528982	0.0	cv_transition	/intervals/trials	30	cv_transition_time	n/a	n/a	n/a	n/a	n/a	n/a	n/a	n/a	n/a	mee	32.4528982	30	true	32.3383594	32.8363856
33.0698128	0.5335478000000009	trials	/intervals/trials	31	start_time	n/a	n/a	n/a	n/a	n/a	n/a	n/a	n/a	n/a	zaa	33.1930507	31	true	33.0698128	33.6033606
33.1930507	0.0	cv_transition	/intervals/trials	31	cv_transition_time	n/a	n/a	n/a	n/a	n/a	n/a	n/a	n/a	n/a	zaa	33.1930507	31	true	33.0698128	33.6033606
34.4406536	0.6060407000000012	trials	/intervals/trials	32	start_time	n/a	n/a	n/a	n/a	n/a	n/a	n/a	n/a	n/a	see	34.6545077	32	true	34.4406536	35.0466943
34.6545077	0.0	cv_transition	/intervals/trials	32	cv_transition_time	n/a	n/a	n/a	n/a	n/a	n/a	n/a	n/a	n/a	see	34.6545077	32	true	34.4406536	35.0466943
35.3381158	0.5451466000000025	trials	/intervals/trials	33	start_time	n/a	n/a	n/a	n/a	n/a	n/a	n/a	n/a	n/a	zoo	35.4925256	33	true	35.3381158	35.8832624
35.4925256	0.0	cv_transition	/intervals/trials	33	cv_transition_time	n/a	n/a	n/a	n/a	n/a	n/a	n/a	n/a	n/a	zoo	35.4925256	33	true	35.3381158	35.8832624
36.3000966	0.45235569999999825	trials	/intervals/trials	34	start_time	n/a	n/a	n/a	n/a	n/a	n/a	n/a	n/a	n/a	too	36.3718646	34	true	36.3000966	36.7524523
36.3718646	0.0	cv_transition	/intervals/trials	34	cv_transition_time	n/a	n/a	n/a	n/a	n/a	n/a	n/a	n/a	n/a	too	36.3718646	34	true	36.3000966	36.7524523
37.0909942	0.46612930000000574	trials	/intervals/trials	35	start_time	n/a	n/a	n/a	n/a	n/a	n/a	n/a	n/a	n/a	vee	37.1888596	35	true	37.0909942	37.5571235
37.1888596	0.0	cv_transition	/intervals/trials	35	cv_transition_time	n/a	n/a	n/a	n/a	n/a	n/a	n/a	n/a	n/a	vee	37.1888596	35	true	37.0909942	37.5571235
38.880844	0.4994760999999954	trials	/intervals/trials	36	start_time	n/a	n/a	n/a	n/a	n/a	n/a	n/a	n/a	n/a	mee	38.9990074	36	true	38.880844	39.3803201
38.9990074	0.0	cv_transition	/intervals/trials	36	cv_transition_time	n/a	n/a	n/a	n/a	n/a	n/a	n/a	n/a	n/a	mee	38.9990074	36	true	38.880844	39.3803201
40.8178543	0.5618199999999973	trials	/intervals/trials	37	start_time	n/a	n/a	n/a	n/a	n/a	n/a	n/a	n/a	n/a	nee	40.9251438	37	true	40.8178543	41.3796743
40.9251438	0.0	cv_transition	/intervals/trials	37	cv_transition_time	n/a	n/a	n/a	n/a	n/a	n/a	n/a	n/a	n/a	nee	40.9251438	37	true	40.8178543	41.3796743
41.6921188	0.38783699999999754	trials	/intervals/trials	38	start_time	n/a	n/a	n/a	n/a	n/a	n/a	n/a	n/a	n/a	boo	41.7037176	38	true	41.6921188	42.0799558
41.7037176	0.0	cv_transition	/intervals/trials	38	cv_transition_time	n/a	n/a	n/a	n/a	n/a	n/a	n/a	n/a	n/a	boo	41.7037176	38	true	41.6921188	42.0799558
42.4924404	0.4117596999999975	trials	/intervals/trials	39	start_time	n/a	n/a	n/a	n/a	n/a	n/a	n/a	n/a	n/a	laa	42.5540594	39	true	42.4924404	42.9042001
42.5540594	0.0	cv_transition	/intervals/trials	39	cv_transition_time	n/a	n/a	n/a	n/a	n/a	n/a	n/a	n/a	n/a	laa	42.5540594	39	true	42.4924404	42.9042001
43.2586904	0.45235569999999825	trials	/intervals/trials	40	start_time	n/a	n/a	n/a	n/a	n/a	n/a	n/a	n/a	n/a	maa	43.3485816	40	true	43.2586904	43.7110461
43.3485816	0.0	cv_transition	/intervals/trials	40	cv_transition_time	n/a	n/a	n/a	n/a	n/a	n/a	n/a	n/a	n/a	maa	43.3485816	40	true	43.2586904	43.7110461
43.9850693	0.5422469000000021	trials	/intervals/trials	41	start_time	n/a	n/a	n/a	n/a	n/a	n/a	n/a	n/a	n/a	soo	44.1851497	41	true	43.9850693	44.5273162
44.1851497	0.0	cv_transition	/intervals/trials	41	cv_transition_time	n/a	n/a	n/a	n/a	n/a	n/a	n/a	n/a	n/a	soo	44.1851497	41	true	43.9850693	44.5273162
45.0050445	0.4378571000000022	trials	/intervals/trials	42	start_time	n/a	n/a	n/a	n/a	n/a	n/a	n/a	n/a	n/a	roo	45.0978354	42	true	45.0050445	45.4429016
45.0978354	0.0	cv_transition	/intervals/trials	42	cv_transition_time	n/a	n/a	n/a	n/a	n/a	n/a	n/a	n/a	n/a	roo	45.0978354	42	true	45.0050445	45.4429016
46.3548623	0.4110347999999959	trials	/intervals/trials	43	start_time	n/a	n/a	n/a	n/a	n/a	n/a	n/a	n/a	n/a	tee	46.4317048	43	true	46.3548623	46.7658971
46.4317048	0.0	cv_transition	/intervals/trials	43	cv_transition_time	n/a	n/a	n/a	n/a	n/a	n/a	n/a	n/a	n/a	tee	46.4317048	43	true	46.3548623	46.7658971
47.3936856	0.42843309999999946	trials	/intervals/trials	44	start_time	n/a	n/a	n/a	n/a	n/a	n/a	n/a	n/a	n/a	haa	47.5372216	44	true	47.3936856	47.8221187
47.5372216	0.0	cv_transition	/intervals/trials	44	cv_transition_time	n/a	n/a	n/a	n/a	n/a	n/a	n/a	n/a	n/a	haa	47.5372216	44	true	47.3936856	47.8221187
48.3034716	0.4219086999999959	trials	/intervals/trials	45	start_time	n/a	n/a	n/a	n/a	n/a	n/a	n/a	n/a	n/a	waa	48.3832138	45	true	48.3034716	48.7253803
48.3832138	0.0	cv_transition	/intervals/trials	45	cv_transition_time	n/a	n/a	n/a	n/a	n/a	n/a	n/a	n/a	n/a	waa	48.3832138	45	true	48.3034716	48.7253803
49.2067332	0.37478829999999874	trials	/intervals/trials	46	start_time	n/a	n/a	n/a	n/a	n/a	n/a	n/a	n/a	n/a	pee	49.2480541	46	true	49.2067332	49.5815215
49.2480541	0.0	cv_transition	/intervals/trials	46	cv_transition_time	n/a	n/a	n/a	n/a	n/a	n/a	n/a	n/a	n/a	pee	49.2480541	46	true	49.2067332	49.5815215
49.9070146	0.48642740000000373	trials	/intervals/trials	47	start_time	n/a	n/a	n/a	n/a	n/a	n/a	n/a	n/a	n/a	lee	50.025903	47	true	49.9070146	50.393442
50.025903	0.0	cv_transition	/intervals/trials	47	cv_transition_time	n/a	n/a	n/a	n/a	n/a	n/a	n/a	n/a	n/a	lee	50.025903	47	true	49.9070146	50.393442
50.6609408	0.4973013000000037	trials	/intervals/trials	48	start_time	n/a	n/a	n/a	n/a	n/a	n/a	n/a	n/a	n/a	wee	50.7704051	48	true	50.6609408	51.1582421
50.7704051	0.0	cv_transition	/intervals/trials	48	cv_transition_time	n/a	n/a	n/a	n/a	n/a	n/a	n/a	n/a	n/a	wee	50.7704051	48	true	50.6609408	51.1582421
51.8019791	0.44510640000000024	trials	/intervals/trials	49	start_time	n/a	n/a	n/a	n/a	n/a	n/a	n/a	n/a	n/a	yaa	51.884621	49	true	51.8019791	52.2470855
51.884621	0.0	cv_transition	/intervals/trials	49	cv_transition_time	n/a	n/a	n/a	n/a	n/a	n/a	n/a	n/a	n/a	yaa	51.884621	49	true	51.8019791	52.2470855
52.7603353	0.38276249999999834	trials	/intervals/trials	50	start_time	n/a	n/a	n/a	n/a	n/a	n/a	n/a	n/a	n/a	gaa	52.7929571	50	true	52.7603353	53.1430978
52.7929571	0.0	cv_transition	/intervals/trials	50	cv_transition_time	n/a	n/a	n/a	n/a	n/a	n/a	n/a	n/a	n/a	gaa	52.7929571	50	true	52.7603353	53.1430978
53.4968632	0.5458715999999981	trials	/intervals/trials	51	start_time	n/a	n/a	n/a	n/a	n/a	n/a	n/a	n/a	n/a	shaa	53.6788204	51	true	53.4968632	54.0427348
53.6788204	0.0	cv_transition	/intervals/trials	51	cv_transition_time	n/a	n/a	n/a	n/a	n/a	n/a	n/a	n/a	n/a	shaa	53.6788204	51	true	53.4968632	54.0427348
54.5951307	0.4023356000000007	trials	/intervals/trials	52	start_time	n/a	n/a	n/a	n/a	n/a	n/a	n/a	n/a	n/a	doo	54.6234029	52	true	54.5951307	54.9974663
54.6234029	0.0	cv_transition	/intervals/trials	52	cv_transition_time	n/a	n/a	n/a	n/a	n/a	n/a	n/a	n/a	n/a	doo	54.6234029	52	true	54.5951307	54.9974663
55.4106759	0.4197338999999971	trials	/intervals/trials	53	start_time	n/a	n/a	n/a	n/a	n/a	n/a	n/a	n/a	n/a	woo	55.4918679	53	true	55.4106759	55.8304098
55.4918679	0.0	cv_transition	/intervals/trials	53	cv_transition_time	n/a	n/a	n/a	n/a	n/a	n/a	n/a	n/a	n/a	woo	55.4918679	53	true	55.4106759	55.8304098
56.9852217	0.48280280000000175	trials	/intervals/trials	54	start_time	n/a	n/a	n/a	n/a	n/a	n/a	n/a	n/a	n/a	raa	57.0693135	54	true	56.9852217	57.4680245
57.0693135	0.0	cv_transition	/intervals/trials	54	cv_transition_time	n/a	n/a	n/a	n/a	n/a	n/a	n/a	n/a	n/a	raa	57.0693135	54	true	56.9852217	57.4680245
57.6934774	0.6814333000000019	trials	/intervals/trials	55	start_time	n/a	n/a	n/a	n/a	n/a	n/a	n/a	n/a	n/a	shee	57.8986323	55	true	57.6934774	58.3749107
57.8986323	0.0	cv_transition	/intervals/trials	55	cv_transition_time	n/a	n/a	n/a	n/a	n/a	n/a	n/a	n/a	n/a	shee	57.8986323	55	true	57.6934774	58.3749107
60.649738	0.5922669999999997	trials	/intervals/trials	56	start_time	n/a	n/a	n/a	n/a	n/a	n/a	n/a	n/a	n/a	yoo	60.8179215	56	true	60.649738	61.242005
60.8179215	0.0	cv_transition	/intervals/trials	56	cv_transition_time	n/a	n/a	n/a	n/a	n/a	n/a	n/a	n/a	n/a	yoo	60.8179215	56	true	60.649738	61.242005
62.4417626	0.4016107000000062	trials	/intervals/trials	57	start_time	n/a	n/a	n/a	n/a	n/a	n/a	n/a	n/a	n/a	baa	62.4519116	57	true	62.4417626	62.8433733
62.4519116	0.0	cv_transition	/intervals/trials	57	cv_transition_time	n/a	n/a	n/a	n/a	n/a	n/a	n/a	n/a	n/a	baa	62.4519116	57	true	62.4417626	62.8433733
63.3754712	0.5929919000000012	trials	/intervals/trials	58	start_time	n/a	n/a	n/a	n/a	n/a	n/a	n/a	n/a	n/a	zee	63.5175573	58	true	63.3754712	63.9684631
63.5175573	0.0	cv_transition	/intervals/trials	58	cv_transition_time	n/a	n/a	n/a	n/a	n/a	n/a	n/a	n/a	n/a	zee	63.5175573	58	true	63.3754712	63.9684631
64.3620996	0.46250470000001087	trials	/intervals/trials	59	start_time	n/a	n/a	n/a	n/a	n/a	n/a	n/a	n/a	n/a	gee	64.3947214	59	true	64.3620996	64.8246043
64.3947214	0.0	cv_transition	/intervals/trials	59	cv_transition_time	n/a	n/a	n/a	n/a	n/a	n/a	n/a	n/a	n/a	gee	64.3947214	59	true	64.3620996	64.8246043
65.3856994	0.4487311000000034	trials	/intervals/trials	60	start_time	n/a	n/a	n/a	n/a	n/a	n/a	n/a	n/a	n/a	kee	65.4386192	60	true	65.3856994	65.8344305
65.4386192	0.0	cv_transition	/intervals/trials	60	cv_transition_time	n/a	n/a	n/a	n/a	n/a	n/a	n/a	n/a	n/a	kee	65.4386192	60	true	65.3856994	65.8344305
66.3795771	0.6118400999999949	trials	/intervals/trials	61	start_time	n/a	n/a	n/a	n/a	n/a	n/a	n/a	n/a	n/a	ree	66.4803422	61	true	66.3795771	66.9914172
66.4803422	0.0	cv_transition	/intervals/trials	61	cv_transition_time	n/a	n/a	n/a	n/a	n/a	n/a	n/a	n/a	n/a	ree	66.4803422	61	true	66.3795771	66.9914172
68.5297166	0.49802630000000647	trials	/intervals/trials	62	start_time	n/a	n/a	n/a	n/a	n/a	n/a	n/a	n/a	n/a	voo	68.6203328	62	true	68.5297166	69.0277429
68.6203328	0.0	cv_transition	/intervals/trials	62	cv_transition_time	n/a	n/a	n/a	n/a	n/a	n/a	n/a	n/a	n/a	voo	68.6203328	62	true	68.5297166	69.0277429
69.4779238	0.5502211000000017	trials	/intervals/trials	63	start_time	n/a	n/a	n/a	n/a	n/a	n/a	n/a	n/a	n/a	noo	69.6279841	63	true	69.4779238	70.0281449
69.6279841	0.0	cv_transition	/intervals/trials	63	cv_transition_time	n/a	n/a	n/a	n/a	n/a	n/a	n/a	n/a	n/a	noo	69.6279841	63	true	69.4779238	70.0281449
70.6262114	0.44655629999999746	trials	/intervals/trials	64	start_time	n/a	n/a	n/a	n/a	n/a	n/a	n/a	n/a	n/a	dee	70.6465094	64	true	70.6262114	71.0727677
70.6465094	0.0	cv_transition	/intervals/trials	64	cv_transition_time	n/a	n/a	n/a	n/a	n/a	n/a	n/a	n/a	n/a	dee	70.6465094	64	true	70.6262114	71.0727677
71.6070404	0.47265369999999507	trials	/intervals/trials	65	start_time	n/a	n/a	n/a	n/a	n/a	n/a	n/a	n/a	n/a	yee	71.692582	65	true	71.6070404	72.0796941
71.692582	0.0	cv_transition	/intervals/trials	65	cv_transition_time	n/a	n/a	n/a	n/a	n/a	n/a	n/a	n/a	n/a	yee	71.692582	65	true	71.6070404	72.0796941
72.6777606	0.42408349999999473	trials	/intervals/trials	66	start_time	n/a	n/a	n/a	n/a	n/a	n/a	n/a	n/a	n/a	koo	72.7401045	66	true	72.6777606	73.1018441
72.7401045	0.0	cv_transition	/intervals/trials	66	cv_transition_time	n/a	n/a	n/a	n/a	n/a	n/a	n/a	n/a	n/a	koo	72.7401045	66	true	72.6777606	73.1018441
73.4853315	0.6016910999999965	trials	/intervals/trials	67	start_time	n/a	n/a	n/a	n/a	n/a	n/a	n/a	n/a	n/a	fee	73.6774377	67	true	73.4853315	74.0870226
73.6774377	0.0	cv_transition	/intervals/trials	67	cv_transition_time	n/a	n/a	n/a	n/a	n/a	n/a	n/a	n/a	n/a	fee	73.6774377	67	true	73.4853315	74.0870226
74.5596764	0.5741438000000016	trials	/intervals/trials	68	start_time	n/a	n/a	n/a	n/a	n/a	n/a	n/a	n/a	n/a	hee	74.6763899	68	true	74.5596764	75.1338202
74.6763899	0.0	cv_transition	/intervals/trials	68	cv_transition_time	n/a	n/a	n/a	n/a	n/a	n/a	n/a	n/a	n/a	hee	74.6763899	68	true	74.5596764	75.1338202
75.6630184	0.5328228000000053	trials	/intervals/trials	69	start_time	n/a	n/a	n/a	n/a	n/a	n/a	n/a	n/a	n/a	vaa	75.7739325	69	true	75.6630184	76.1958412
75.7739325	0.0	cv_transition	/intervals/trials	69	cv_transition_time	n/a	n/a	n/a	n/a	n/a	n/a	n/a	n/a	n/a	vaa	75.7739325	69	true	75.6630184	76.1958412
76.5916524	0.513249799999997	trials	/intervals/trials	70	start_time	n/a	n/a	n/a	n/a	n/a	n/a	n/a	n/a	n/a	loo	76.739538	70	true	76.5916524	77.1049022
76.739538	0.0	cv_transition	/intervals/trials	70	cv_transition_time	n/a	n/a	n/a	n/a	n/a	n/a	n/a	n/a	n/a	loo	76.739538	70	true	76.5916524	77.1049022
77.6413497	0.5270233999999903	trials	/intervals/trials	71	start_time	n/a	n/a	n/a	n/a	n/a	n/a	n/a	n/a	n/a	hoo	77.781261	71	true	77.6413497	78.1683731
77.781261	0.0	cv_transition	/intervals/trials	71	cv_transition_time	n/a	n/a	n/a	n/a	n/a	n/a	n/a	n/a	n/a	hoo	77.781261	71	true	77.6413497	78.1683731
78.7736888	0.4762783999999982	trials	/intervals/trials	72	start_time	n/a	n/a	n/a	n/a	n/a	n/a	n/a	n/a	n/a	kaa	78.8019611	72	true	78.7736888	79.2499672
78.8019611	0.0	cv_transition	/intervals/trials	72	cv_transition_time	n/a	n/a	n/a	n/a	n/a	n/a	n/a	n/a	n/a	kaa	78.8019611	72	true	78.7736888	79.2499672
79.8705065	0.4103097999999932	trials	/intervals/trials	73	start_time	n/a	n/a	n/a	n/a	n/a	n/a	n/a	n/a	n/a	poo	79.8995036	73	true	79.8705065	80.2808163
79.8995036	0.0	cv_transition	/intervals/trials	73	cv_transition_time	n/a	n/a	n/a	n/a	n/a	n/a	n/a	n/a	n/a	poo	79.8995036	73	true	79.8705065	80.2808163
80.9470261	0.4226335999999975	trials	/intervals/trials	74	start_time	n/a	n/a	n/a	n/a	n/a	n/a	n/a	n/a	n/a	bee	80.9550003	74	true	80.9470261	81.3696597
80.9550003	0.0	cv_transition	/intervals/trials	74	cv_transition_time	n/a	n/a	n/a	n/a	n/a	n/a	n/a	n/a	n/a	bee	80.9550003	74	true	80.9470261	81.3696597
82.7992198	0.44510640000000024	trials	/intervals/trials	75	start_time	n/a	n/a	n/a	n/a	n/a	n/a	n/a	n/a	n/a	taa	82.8289419	75	true	82.7992198	83.2443262
82.8289419	0.0	cv_transition	/intervals/trials	75	cv_transition_time	n/a	n/a	n/a	n/a	n/a	n/a	n/a	n/a	n/a	taa	82.8289419	75	true	82.7992198	83.2443262
83.7336533	0.5262984999999958	trials	/intervals/trials	76	start_time	n/a	n/a	n/a	n/a	n/a	n/a	n/a	n/a	n/a	naa	83.8358683	76	true	83.7336533	84.2599518
83.8358683	0.0	cv_transition	/intervals/trials	76	cv_transition_time	n/a	n/a	n/a	n/a	n/a	n/a	n/a	n/a	n/a	naa	83.8358683	76	true	83.7336533	84.2599518
84.6608376	0.608215400000006	trials	/intervals/trials	77	start_time	n/a	n/a	n/a	n/a	n/a	n/a	n/a	n/a	n/a	saa	84.871067	77	true	84.6608376	85.269053
84.871067	0.0	cv_transition	/intervals/trials	77	cv_transition_time	n/a	n/a	n/a	n/a	n/a	n/a	n/a	n/a	n/a	saa	84.871067	77	true	84.6608376	85.269053
85.7779532	0.6321381000000059	trials	/intervals/trials	78	start_time	n/a	n/a	n/a	n/a	n/a	n/a	n/a	n/a	n/a	shoo	86.0302285	78	true	85.7779532	86.4100913
86.0302285	0.0	cv_transition	/intervals/trials	78	cv_transition_time	n/a	n/a	n/a	n/a	n/a	n/a	n/a	n/a	n/a	shoo	86.0302285	78	true	85.7779532	86.4100913
88.1484712	0.44220669999999984	trials	/intervals/trials	79	start_time	n/a	n/a	n/a	n/a	n/a	n/a	n/a	n/a	n/a	daa	88.1629697	79	true	88.1484712	88.5906779
88.1629697	0.0	cv_transition	/intervals/trials	79	cv_transition_time	n/a	n/a	n/a	n/a	n/a	n/a	n/a	n/a	n/a	daa	88.1629697	79	true	88.1484712	88.5906779
89.0299849	0.5581952999999942	trials	/intervals/trials	80	start_time	n/a	n/a	n/a	n/a	n/a	n/a	n/a	n/a	n/a	faa	89.2054177	80	true	89.0299849	89.5881802
89.2054177	0.0	cv_transition	/intervals/trials	80	cv_transition_time	n/a	n/a	n/a	n/a	n/a	n/a	n/a	n/a	n/a	faa	89.2054177	80	true	89.0299849	89.5881802
91.2199955	0.482077799999999	trials	/intervals/trials	81	start_time	n/a	n/a	n/a	n/a	n/a	n/a	n/a	n/a	n/a	mee	91.3055371	81	true	91.2199955	91.7020733
91.3055371	0.0	cv_transition	/intervals/trials	81	cv_transition_time	n/a	n/a	n/a	n/a	n/a	n/a	n/a	n/a	n/a	mee	91.3055371	81	true	91.2199955	91.7020733
92.1964749	0.5386223000000001	trials	/intervals/trials	82	start_time	n/a	n/a	n/a	n/a	n/a	n/a	n/a	n/a	n/a	zaa	92.3458103	82	true	92.1964749	92.7350972
92.3458103	0.0	cv_transition	/intervals/trials	82	cv_transition_time	n/a	n/a	n/a	n/a	n/a	n/a	n/a	n/a	n/a	zaa	92.3458103	82	true	92.1964749	92.7350972
93.2092008	0.6205391999999961	trials	/intervals/trials	83	start_time	n/a	n/a	n/a	n/a	n/a	n/a	n/a	n/a	n/a	see	93.4266795	83	true	93.2092008	93.82974
93.4266795	0.0	cv_transition	/intervals/trials	83	cv_transition_time	n/a	n/a	n/a	n/a	n/a	n/a	n/a	n/a	n/a	see	93.4266795	83	true	93.2092008	93.82974
94.3371903	0.5328228999999993	trials	/intervals/trials	84	start_time	n/a	n/a	n/a	n/a	n/a	n/a	n/a	n/a	n/a	zoo	94.4981246	84	true	94.3371903	94.8700132
94.4981246	0.0	cv_transition	/intervals/trials	84	cv_transition_time	n/a	n/a	n/a	n/a	n/a	n/a	n/a	n/a	n/a	zoo	94.4981246	84	true	94.3371903	94.8700132
95.5217244	0.44800610000000063	trials	/intervals/trials	85	start_time	n/a	n/a	n/a	n/a	n/a	n/a	n/a	n/a	n/a	too	95.5876929	85	true	95.5217244	95.9697305
95.5876929	0.0	cv_transition	/intervals/trials	85	cv_transition_time	n/a	n/a	n/a	n/a	n/a	n/a	n/a	n/a	n/a	too	95.5876929	85	true	95.5217244	95.9697305
96.4974789	0.5625448999999918	trials	/intervals/trials	86	start_time	n/a	n/a	n/a	n/a	n/a	n/a	n/a	n/a	n/a	vee	96.6221667	86	true	96.4974789	97.0600238
96.6221667	0.0	cv_transition	/intervals/trials	86	cv_transition_time	n/a	n/a	n/a	n/a	n/a	n/a	n/a	n/a	n/a	vee	96.6221667	86	true	96.4974789	97.0600238
99.09055	0.48280280000000175	trials	/intervals/trials	87	start_time	n/a	n/a	n/a	n/a	n/a	n/a	n/a	n/a	n/a	moo	99.1978395	87	true	99.09055	99.5733528
99.1978395	0.0	cv_transition	/intervals/trials	87	cv_transition_time	n/a	n/a	n/a	n/a	n/a	n/a	n/a	n/a	n/a	moo	99.1978395	87	true	99.09055	99.5733528
101.1573227	0.6408373000000012	trials	/intervals/trials	88	start_time	n/a	n/a	n/a	n/a	n/a	n/a	n/a	n/a	n/a	nee	101.297234	88	true	101.1573227	101.79816
101.297234	0.0	cv_transition	/intervals/trials	88	cv_transition_time	n/a	n/a	n/a	n/a	n/a	n/a	n/a	n/a	n/a	nee	101.297234	88	true	101.1573227	101.79816
102.3657794	0.42698320000000933	trials	/intervals/trials	89	start_time	n/a	n/a	n/a	n/a	n/a	n/a	n/a	n/a	n/a	boo	102.3868024	89	true	102.3657794	102.7927626
102.3868024	0.0	cv_transition	/intervals/trials	89	cv_transition_time	n/a	n/a	n/a	n/a	n/a	n/a	n/a	n/a	n/a	boo	102.3868024	89	true	102.3657794	102.7927626
103.3212359	0.5784933999999993	trials	/intervals/trials	90	start_time	n/a	n/a	n/a	n/a	n/a	n/a	n/a	n/a	n/a	laa	103.4669466	90	true	103.3212359	103.8997293
103.4669466	0.0	cv_transition	/intervals/trials	90	cv_transition_time	n/a	n/a	n/a	n/a	n/a	n/a	n/a	n/a	n/a	laa	103.4669466	90	true	103.3212359	103.8997293
104.3810821	0.5190491999999978	trials	/intervals/trials	91	start_time	n/a	n/a	n/a	n/a	n/a	n/a	n/a	n/a	n/a	maa	104.5064949	91	true	104.3810821	104.9001313
104.5064949	0.0	cv_transition	/intervals/trials	91	cv_transition_time	n/a	n/a	n/a	n/a	n/a	n/a	n/a	n/a	n/a	maa	104.5064949	91	true	104.3810821	104.9001313
105.3749599	0.6437369000000075	trials	/intervals/trials	92	start_time	n/a	n/a	n/a	n/a	n/a	n/a	n/a	n/a	n/a	soo	105.6170862	92	true	105.3749599	106.0186968
105.6170862	0.0	cv_transition	/intervals/trials	92	cv_transition_time	n/a	n/a	n/a	n/a	n/a	n/a	n/a	n/a	n/a	soo	105.6170862	92	true	105.3749599	106.0186968
106.5515197	0.5197741000000065	trials	/intervals/trials	93	start_time	n/a	n/a	n/a	n/a	n/a	n/a	n/a	n/a	n/a	roo	106.660259	93	true	106.5515197	107.0712938
106.660259	0.0	cv_transition	/intervals/trials	93	cv_transition_time	n/a	n/a	n/a	n/a	n/a	n/a	n/a	n/a	n/a	roo	106.660259	93	true	106.5515197	107.0712938
107.8520424	0.5284731999999934	trials	/intervals/trials	94	start_time	n/a	n/a	n/a	n/a	n/a	n/a	n/a	n/a	n/a	tee	107.9267101	94	true	107.8520424	108.3805156
107.9267101	0.0	cv_transition	/intervals/trials	94	cv_transition_time	n/a	n/a	n/a	n/a	n/a	n/a	n/a	n/a	n/a	tee	107.9267101	94	true	107.8520424	108.3805156
108.8401206	0.5067253999999934	trials	/intervals/trials	95	start_time	n/a	n/a	n/a	n/a	n/a	n/a	n/a	n/a	n/a	haa	109.0300521	95	true	108.8401206	109.346846
109.0300521	0.0	cv_transition	/intervals/trials	95	cv_transition_time	n/a	n/a	n/a	n/a	n/a	n/a	n/a	n/a	n/a	haa	109.0300521	95	true	108.8401206	109.346846
110.1391935	0.4973012999999895	trials	/intervals/trials	96	start_time	n/a	n/a	n/a	n/a	n/a	n/a	n/a	n/a	n/a	waa	110.235609	96	true	110.1391935	110.6364948
110.235609	0.0	cv_transition	/intervals/trials	96	cv_transition_time	n/a	n/a	n/a	n/a	n/a	n/a	n/a	n/a	n/a	waa	110.235609	96	true	110.1391935	110.6364948
111.2461601	0.4008857999999975	trials	/intervals/trials	97	start_time	n/a	n/a	n/a	n/a	n/a	n/a	n/a	n/a	n/a	pee	111.2824066	97	true	111.2461601	111.6470459
111.2824066	0.0	cv_transition	/intervals/trials	97	cv_transition_time	n/a	n/a	n/a	n/a	n/a	n/a	n/a	n/a	n/a	pee	111.2824066	97	true	111.2461601	111.6470459
112.2313387	0.5364475000000084	trials	/intervals/trials	98	start_time	n/a	n/a	n/a	n/a	n/a	n/a	n/a	n/a	n/a	lee	112.3553015	98	true	112.2313387	112.7677862
112.3553015	0.0	cv_transition	/intervals/trials	98	cv_transition_time	n/a	n/a	n/a	n/a	n/a	n/a	n/a	n/a	n/a	lee	112.3553015	98	true	112.2313387	112.7677862
113.3709271	0.5487712999999985	trials	/intervals/trials	99	start_time	n/a	n/a	n/a	n/a	n/a	n/a	n/a	n/a	n/a	wee	113.4499444	99	true	113.3709271	113.9196984
113.4499444	0.0	cv_transition	/intervals/trials	99	cv_transition_time	n/a	n/a	n/a	n/a	n/a	n/a	n/a	n/a	n/a	wee	113.4499444	99	true	113.3709271	113.9196984
114.3619051	0.5364474999999942	trials	/intervals/trials	100	start_time	n/a	n/a	n/a	n/a	n/a	n/a	n/a	n/a	n/a	yaa	114.455421	100	true	114.3619051	114.8983526
114.455421	0.0	cv_transition	/intervals/trials	100	cv_transition_time	n/a	n/a	n/a	n/a	n/a	n/a	n/a	n/a	n/a	yaa	114.455421	100	true	114.3619051	114.8983526
115.4833703	0.44945599999999786	trials	/intervals/trials	101	start_time	n/a	n/a	n/a	n/a	n/a	n/a	n/a	n/a	n/a	gaa	115.507293	101	true	115.4833703	115.9328263
115.507293	0.0	cv_transition	/intervals/trials	101	cv_transition_time	n/a	n/a	n/a	n/a	n/a	n/a	n/a	n/a	n/a	gaa	115.507293	101	true	115.4833703	115.9328263
116.3721333	0.6270636999999937	trials	/intervals/trials	102	start_time	n/a	n/a	n/a	n/a	n/a	n/a	n/a	n/a	n/a	shaa	116.5852625	102	true	116.3721333	116.999197
116.5852625	0.0	cv_transition	/intervals/trials	102	cv_transition_time	n/a	n/a	n/a	n/a	n/a	n/a	n/a	n/a	n/a	shaa	116.5852625	102	true	116.3721333	116.999197
117.6371345	0.4349574000000018	trials	/intervals/trials	103	start_time	n/a	n/a	n/a	n/a	n/a	n/a	n/a	n/a	n/a	doo	117.6588824	103	true	117.6371345	118.0720919
117.6588824	0.0	cv_transition	/intervals/trials	103	cv_transition_time	n/a	n/a	n/a	n/a	n/a	n/a	n/a	n/a	n/a	doo	117.6588824	103	true	117.6371345	118.0720919
118.6194134	0.4516306999999955	trials	/intervals/trials	104	start_time	n/a	n/a	n/a	n/a	n/a	n/a	n/a	n/a	n/a	woo	118.7093046	104	true	118.6194134	119.0710441
118.7093046	0.0	cv_transition	/intervals/trials	104	cv_transition_time	n/a	n/a	n/a	n/a	n/a	n/a	n/a	n/a	n/a	woo	118.7093046	104	true	118.6194134	119.0710441
120.9472756	0.5310045000000088	trials	/intervals/trials	105	start_time	n/a	n/a	n/a	n/a	n/a	n/a	n/a	n/a	n/a	raa	121.0833519	105	true	120.9472756	121.4782801
121.0833519	0.0	cv_transition	/intervals/trials	105	cv_transition_time	n/a	n/a	n/a	n/a	n/a	n/a	n/a	n/a	n/a	raa	121.0833519	105	true	120.9472756	121.4782801
121.7657797	0.666057600000002	trials	/intervals/trials	106	start_time	n/a	n/a	n/a	n/a	n/a	n/a	n/a	n/a	n/a	shee	122.0205391	106	true	121.7657797	122.4318373
122.0205391	0.0	cv_transition	/intervals/trials	106	cv_transition_time	n/a	n/a	n/a	n/a	n/a	n/a	n/a	n/a	n/a	shee	122.0205391	106	true	121.7657797	122.4318373
123.2667115	0.5217963000000054	trials	/intervals/trials	107	start_time	n/a	n/a	n/a	n/a	n/a	n/a	n/a	n/a	n/a	yoo	123.3915334	107	true	123.2667115	123.7885078
123.3915334	0.0	cv_transition	/intervals/trials	107	cv_transition_time	n/a	n/a	n/a	n/a	n/a	n/a	n/a	n/a	n/a	yoo	123.3915334	107	true	123.2667115	123.7885078
125.3569662	0.5657910000000044	trials	/intervals/trials	108	start_time	n/a	n/a	n/a	n/a	n/a	n/a	n/a	n/a	n/a	yoo	125.5145283	108	true	125.3569662	125.9227572
125.5145283	0.0	cv_transition	/intervals/trials	108	cv_transition_time	n/a	n/a	n/a	n/a	n/a	n/a	n/a	n/a	n/a	yoo	125.5145283	108	true	125.3569662	125.9227572
127.7326743	0.43483030000000156	trials	/intervals/trials	109	start_time	n/a	n/a	n/a	n/a	n/a	n/a	n/a	n/a	n/a	baa	127.7408593	109	true	127.7326743	128.1675046
127.7408593	0.0	cv_transition	/intervals/trials	109	cv_transition_time	n/a	n/a	n/a	n/a	n/a	n/a	n/a	n/a	n/a	baa	127.7408593	109	true	127.7326743	128.1675046
128.5767566	0.64559509999998	trials	/intervals/trials	110	start_time	n/a	n/a	n/a	n/a	n/a	n/a	n/a	n/a	n/a	zee	128.7977527	110	true	128.5767566	129.2223517
128.7977527	0.0	cv_transition	/intervals/trials	110	cv_transition_time	n/a	n/a	n/a	n/a	n/a	n/a	n/a	n/a	n/a	zee	128.7977527	110	true	128.5767566	129.2223517
129.7748419	0.48394049999998856	trials	/intervals/trials	111	start_time	n/a	n/a	n/a	n/a	n/a	n/a	n/a	n/a	n/a	gee	129.8669236	111	true	129.7748419	130.2587824
129.8669236	0.0	cv_transition	/intervals/trials	111	cv_transition_time	n/a	n/a	n/a	n/a	n/a	n/a	n/a	n/a	n/a	gee	129.8669236	111	true	129.7748419	130.2587824
130.8348047	0.492125499999986	trials	/intervals/trials	112	start_time	n/a	n/a	n/a	n/a	n/a	n/a	n/a	n/a	n/a	kee	130.8982387	112	true	130.8348047	131.3269302
130.8982387	0.0	cv_transition	/intervals/trials	112	cv_transition_time	n/a	n/a	n/a	n/a	n/a	n/a	n/a	n/a	n/a	kee	130.8982387	112	true	130.8348047	131.3269302
131.789385	0.5473745999999835	trials	/intervals/trials	113	start_time	n/a	n/a	n/a	n/a	n/a	n/a	n/a	n/a	n/a	ree	131.8947674	113	true	131.789385	132.3367596
131.8947674	0.0	cv_transition	/intervals/trials	113	cv_transition_time	n/a	n/a	n/a	n/a	n/a	n/a	n/a	n/a	n/a	ree	131.8947674	113	true	131.789385	132.3367596
134.2459203	0.4951949999999954	trials	/intervals/trials	114	start_time	n/a	n/a	n/a	n/a	n/a	n/a	n/a	n/a	n/a	voo	134.3226551	114	true	134.2459203	134.7411153
134.3226551	0.0	cv_transition	/intervals/trials	114	cv_transition_time	n/a	n/a	n/a	n/a	n/a	n/a	n/a	n/a	n/a	voo	134.3226551	114	true	134.2459203	134.7411153
135.1247891	0.556582700000007	trials	/intervals/trials	115	start_time	n/a	n/a	n/a	n/a	n/a	n/a	n/a	n/a	n/a	noo	135.2537035	115	true	135.1247891	135.6813718
135.2537035	0.0	cv_transition	/intervals/trials	115	cv_transition_time	n/a	n/a	n/a	n/a	n/a	n/a	n/a	n/a	n/a	noo	135.2537035	115	true	135.1247891	135.6813718
136.8098843	0.4481310000000178	trials	/intervals/trials	116	start_time	n/a	n/a	n/a	n/a	n/a	n/a	n/a	n/a	n/a	dee	136.8272775	116	true	136.8098843	137.2580153
136.8272775	0.0	cv_transition	/intervals/trials	116	cv_transition_time	n/a	n/a	n/a	n/a	n/a	n/a	n/a	n/a	n/a	dee	136.8272775	116	true	136.8098843	137.2580153
137.8340375	0.4992875000000083	trials	/intervals/trials	117	start_time	n/a	n/a	n/a	n/a	n/a	n/a	n/a	n/a	n/a	yee	137.9660213	117	true	137.8340375	138.333325
137.9660213	0.0	cv_transition	/intervals/trials	117	cv_transition_time	n/a	n/a	n/a	n/a	n/a	n/a	n/a	n/a	n/a	yee	137.9660213	117	true	137.8340375	138.333325
138.8735377	0.45733909999998446	trials	/intervals/trials	118	start_time	n/a	n/a	n/a	n/a	n/a	n/a	n/a	n/a	n/a	koo	138.9246942	118	true	138.8735377	139.3308768
138.9246942	0.0	cv_transition	/intervals/trials	118	cv_transition_time	n/a	n/a	n/a	n/a	n/a	n/a	n/a	n/a	n/a	koo	138.9246942	118	true	138.8735377	139.3308768
139.6081451	0.6241092999999864	trials	/intervals/trials	119	start_time	n/a	n/a	n/a	n/a	n/a	n/a	n/a	n/a	n/a	fee	139.8250486	119	true	139.6081451	140.2322544
139.8250486	0.0	cv_transition	/intervals/trials	119	cv_transition_time	n/a	n/a	n/a	n/a	n/a	n/a	n/a	n/a	n/a	fee	139.8250486	119	true	139.6081451	140.2322544
140.5872805	0.5258889000000124	trials	/intervals/trials	120	start_time	n/a	n/a	n/a	n/a	n/a	n/a	n/a	n/a	n/a	hee	140.7274494	120	true	140.5872805	141.1131694
140.7274494	0.0	cv_transition	/intervals/trials	120	cv_transition_time	n/a	n/a	n/a	n/a	n/a	n/a	n/a	n/a	n/a	hee	140.7274494	120	true	140.5872805	141.1131694
141.5050282	0.4634779000000151	trials	/intervals/trials	121	start_time	n/a	n/a	n/a	n/a	n/a	n/a	n/a	n/a	n/a	vaa	141.6073412	121	true	141.5050282	141.9685061
141.6073412	0.0	cv_transition	/intervals/trials	121	cv_transition_time	n/a	n/a	n/a	n/a	n/a	n/a	n/a	n/a	n/a	vaa	141.6073412	121	true	141.5050282	141.9685061
142.4350535	0.48087110000000166	trials	/intervals/trials	122	start_time	n/a	n/a	n/a	n/a	n/a	n/a	n/a	n/a	n/a	loo	142.549644	122	true	142.4350535	142.9159246
142.549644	0.0	cv_transition	/intervals/trials	122	cv_transition_time	n/a	n/a	n/a	n/a	n/a	n/a	n/a	n/a	n/a	loo	142.549644	122	true	142.4350535	142.9159246
143.445906	0.4399458999999979	trials	/intervals/trials	123	start_time	n/a	n/a	n/a	n/a	n/a	n/a	n/a	n/a	n/a	hoo	143.5134326	123	true	143.445906	143.8858519
143.5134326	0.0	cv_transition	/intervals/trials	123	cv_transition_time	n/a	n/a	n/a	n/a	n/a	n/a	n/a	n/a	n/a	hoo	143.5134326	123	true	143.445906	143.8858519
144.4751748	0.40106700000001183	trials	/intervals/trials	124	start_time	n/a	n/a	n/a	n/a	n/a	n/a	n/a	n/a	n/a	kaa	144.5181463	124	true	144.4751748	144.8762418
144.5181463	0.0	cv_transition	/intervals/trials	124	cv_transition_time	n/a	n/a	n/a	n/a	n/a	n/a	n/a	n/a	n/a	kaa	144.5181463	124	true	144.4751748	144.8762418
145.3939456	0.40515949999999634	trials	/intervals/trials	125	start_time	n/a	n/a	n/a	n/a	n/a	n/a	n/a	n/a	n/a	poo	145.4543103	125	true	145.3939456	145.7991051
145.4543103	0.0	cv_transition	/intervals/trials	125	cv_transition_time	n/a	n/a	n/a	n/a	n/a	n/a	n/a	n/a	n/a	poo	145.4543103	125	true	145.3939456	145.7991051
146.2973695	0.3949282000000096	trials	/intervals/trials	126	start_time	n/a	n/a	n/a	n/a	n/a	n/a	n/a	n/a	n/a	bee	146.3035083	126	true	146.2973695	146.6922977
146.3035083	0.0	cv_transition	/intervals/trials	126	cv_transition_time	n/a	n/a	n/a	n/a	n/a	n/a	n/a	n/a	n/a	bee	146.3035083	126	true	146.2973695	146.6922977
147.0023061	0.4215296000000137	trials	/intervals/trials	127	start_time	n/a	n/a	n/a	n/a	n/a	n/a	n/a	n/a	n/a	paa	147.0452776	127	true	147.0023061	147.4238357
147.0452776	0.0	cv_transition	/intervals/trials	127	cv_transition_time	n/a	n/a	n/a	n/a	n/a	n/a	n/a	n/a	n/a	paa	147.0452776	127	true	147.0023061	147.4238357
147.8729898	0.4460847000000001	trials	/intervals/trials	128	start_time	n/a	n/a	n/a	n/a	n/a	n/a	n/a	n/a	n/a	taa	147.9302851	128	true	147.8729898	148.3190745
147.9302851	0.0	cv_transition	/intervals/trials	128	cv_transition_time	n/a	n/a	n/a	n/a	n/a	n/a	n/a	n/a	n/a	taa	147.9302851	128	true	147.8729898	148.3190745
148.6700081	0.45938540000000216	trials	/intervals/trials	129	start_time	n/a	n/a	n/a	n/a	n/a	n/a	n/a	n/a	n/a	naa	148.7569742	129	true	148.6700081	149.1293935
148.7569742	0.0	cv_transition	/intervals/trials	129	cv_transition_time	n/a	n/a	n/a	n/a	n/a	n/a	n/a	n/a	n/a	naa	148.7569742	129	true	148.6700081	149.1293935
149.3790373	0.5852304000000004	trials	/intervals/trials	130	start_time	n/a	n/a	n/a	n/a	n/a	n/a	n/a	n/a	n/a	saa	149.5857096	130	true	149.3790373	149.9642677
149.5857096	0.0	cv_transition	/intervals/trials	130	cv_transition_time	n/a	n/a	n/a	n/a	n/a	n/a	n/a	n/a	n/a	saa	149.5857096	130	true	149.3790373	149.9642677
150.2527904	0.5780685000000005	trials	/intervals/trials	131	start_time	n/a	n/a	n/a	n/a	n/a	n/a	n/a	n/a	n/a	shoo	150.4666245	131	true	150.2527904	150.8308589
150.4666245	0.0	cv_transition	/intervals/trials	131	cv_transition_time	n/a	n/a	n/a	n/a	n/a	n/a	n/a	n/a	n/a	shoo	150.4666245	131	true	150.2527904	150.8308589
151.2298796	0.5115649999999903	trials	/intervals/trials	132	start_time	n/a	n/a	n/a	n/a	n/a	n/a	n/a	n/a	n/a	foo	151.382326	132	true	151.2298796	151.7414446
151.382326	0.0	cv_transition	/intervals/trials	132	cv_transition_time	n/a	n/a	n/a	n/a	n/a	n/a	n/a	n/a	n/a	foo	151.382326	132	true	151.2298796	151.7414446
152.1026095	0.40413639999999873	trials	/intervals/trials	133	start_time	n/a	n/a	n/a	n/a	n/a	n/a	n/a	n/a	n/a	daa	152.1230721	133	true	152.1026095	152.5067459
152.1230721	0.0	cv_transition	/intervals/trials	133	cv_transition_time	n/a	n/a	n/a	n/a	n/a	n/a	n/a	n/a	n/a	daa	152.1230721	133	true	152.1026095	152.5067459
152.830055	0.5391896000000145	trials	/intervals/trials	134	start_time	n/a	n/a	n/a	n/a	n/a	n/a	n/a	n/a	n/a	faa	152.971247	134	true	152.830055	153.3692446
152.971247	0.0	cv_transition	/intervals/trials	134	cv_transition_time	n/a	n/a	n/a	n/a	n/a	n/a	n/a	n/a	n/a	faa	152.971247	134	true	152.830055	153.3692446
153.6905074	0.4245990000000006	trials	/intervals/trials	135	start_time	n/a	n/a	n/a	n/a	n/a	n/a	n/a	n/a	n/a	goo	153.7478027	135	true	153.6905074	154.1151064
153.7478027	0.0	cv_transition	/intervals/trials	135	cv_transition_time	n/a	n/a	n/a	n/a	n/a	n/a	n/a	n/a	n/a	goo	153.7478027	135	true	153.6905074	154.1151064
154.7709328	0.4931487000000061	trials	/intervals/trials	136	start_time	n/a	n/a	n/a	n/a	n/a	n/a	n/a	n/a	n/a	mee	154.8619914	136	true	154.7709328	155.2640815
154.8619914	0.0	cv_transition	/intervals/trials	136	cv_transition_time	n/a	n/a	n/a	n/a	n/a	n/a	n/a	n/a	n/a	mee	154.8619914	136	true	154.7709328	155.2640815
155.5362341	0.5402127000000121	trials	/intervals/trials	137	start_time	n/a	n/a	n/a	n/a	n/a	n/a	n/a	n/a	n/a	zaa	155.677426	137	true	155.5362341	156.0764468
155.677426	0.0	cv_transition	/intervals/trials	137	cv_transition_time	n/a	n/a	n/a	n/a	n/a	n/a	n/a	n/a	n/a	zaa	155.677426	137	true	155.5362341	156.0764468
156.6913479	0.6230861999999888	trials	/intervals/trials	138	start_time	n/a	n/a	n/a	n/a	n/a	n/a	n/a	n/a	n/a	see	156.9051821	138	true	156.6913479	157.3144341
156.9051821	0.0	cv_transition	/intervals/trials	138	cv_transition_time	n/a	n/a	n/a	n/a	n/a	n/a	n/a	n/a	n/a	see	156.9051821	138	true	156.6913479	157.3144341
157.7421025	0.5504439999999988	trials	/intervals/trials	139	start_time	n/a	n/a	n/a	n/a	n/a	n/a	n/a	n/a	n/a	zoo	157.8976183	139	true	157.7421025	158.2925465
157.8976183	0.0	cv_transition	/intervals/trials	139	cv_transition_time	n/a	n/a	n/a	n/a	n/a	n/a	n/a	n/a	n/a	zoo	157.8976183	139	true	157.7421025	158.2925465
158.8266204	0.4716630000000066	trials	/intervals/trials	140	start_time	n/a	n/a	n/a	n/a	n/a	n/a	n/a	n/a	n/a	too	158.8880082	140	true	158.8266204	159.2982834
158.8880082	0.0	cv_transition	/intervals/trials	140	cv_transition_time	n/a	n/a	n/a	n/a	n/a	n/a	n/a	n/a	n/a	too	158.8880082	140	true	158.8266204	159.2982834
159.7801776	0.48803309999999556	trials	/intervals/trials	141	start_time	n/a	n/a	n/a	n/a	n/a	n/a	n/a	n/a	n/a	vee	159.8906757	141	true	159.7801776	160.2682107
159.8906757	0.0	cv_transition	/intervals/trials	141	cv_transition_time	n/a	n/a	n/a	n/a	n/a	n/a	n/a	n/a	n/a	vee	159.8906757	141	true	159.7801776	160.2682107
162.528305	0.5228194999999971	trials	/intervals/trials	142	start_time	n/a	n/a	n/a	n/a	n/a	n/a	n/a	n/a	n/a	moo	162.6575	142	true	162.528305	163.0511245
162.6575	0.0	cv_transition	/intervals/trials	142	cv_transition_time	n/a	n/a	n/a	n/a	n/a	n/a	n/a	n/a	n/a	moo	162.6575	142	true	162.528305	163.0511245
165.4565033	0.5361201000000051	trials	/intervals/trials	143	start_time	n/a	n/a	n/a	n/a	n/a	n/a	n/a	n/a	n/a	nee	165.5915565	143	true	165.4565033	165.9926234
165.5915565	0.0	cv_transition	/intervals/trials	143	cv_transition_time	n/a	n/a	n/a	n/a	n/a	n/a	n/a	n/a	n/a	nee	165.5915565	143	true	165.4565033	165.9926234
166.5543219	0.45631600000001526	trials	/intervals/trials	144	start_time	n/a	n/a	n/a	n/a	n/a	n/a	n/a	n/a	n/a	boo	166.5768307	144	true	166.5543219	167.0106379
166.5768307	0.0	cv_transition	/intervals/trials	144	cv_transition_time	n/a	n/a	n/a	n/a	n/a	n/a	n/a	n/a	n/a	boo	166.5768307	144	true	166.5543219	167.0106379
167.7258058	0.5463515000000143	trials	/intervals/trials	145	start_time	n/a	n/a	n/a	n/a	n/a	n/a	n/a	n/a	n/a	laa	167.8414195	145	true	167.7258058	168.2721573
167.8414195	0.0	cv_transition	/intervals/trials	145	cv_transition_time	n/a	n/a	n/a	n/a	n/a	n/a	n/a	n/a	n/a	laa	167.8414195	145	true	167.7258058	168.2721573
168.7121032	0.5197501000000102	trials	/intervals/trials	146	start_time	n/a	n/a	n/a	n/a	n/a	n/a	n/a	n/a	n/a	maa	168.8348788	146	true	168.7121032	169.2318533
168.8348788	0.0	cv_transition	/intervals/trials	146	cv_transition_time	n/a	n/a	n/a	n/a	n/a	n/a	n/a	n/a	n/a	maa	168.8348788	146	true	168.7121032	169.2318533
169.5418617	0.6681039000000055	trials	/intervals/trials	147	start_time	n/a	n/a	n/a	n/a	n/a	n/a	n/a	n/a	n/a	soo	169.7720659	147	true	169.5418617	170.2099656
169.7720659	0.0	cv_transition	/intervals/trials	147	cv_transition_time	n/a	n/a	n/a	n/a	n/a	n/a	n/a	n/a	n/a	soo	169.7720659	147	true	169.5418617	170.2099656
170.6713973	0.5340739000000099	trials	/intervals/trials	148	start_time	n/a	n/a	n/a	n/a	n/a	n/a	n/a	n/a	n/a	roo	170.7737103	148	true	170.6713973	171.2054712
170.7737103	0.0	cv_transition	/intervals/trials	148	cv_transition_time	n/a	n/a	n/a	n/a	n/a	n/a	n/a	n/a	n/a	roo	170.7737103	148	true	170.6713973	171.2054712
172.179491	0.48189429999999334	trials	/intervals/trials	149	start_time	n/a	n/a	n/a	n/a	n/a	n/a	n/a	n/a	n/a	tee	172.2562258	149	true	172.179491	172.6613853
172.2562258	0.0	cv_transition	/intervals/trials	149	cv_transition_time	n/a	n/a	n/a	n/a	n/a	n/a	n/a	n/a	n/a	tee	172.2562258	149	true	172.179491	172.6613853
173.1084931	0.5463514999999859	trials	/intervals/trials	150	start_time	n/a	n/a	n/a	n/a	n/a	n/a	n/a	n/a	n/a	haa	173.2824252	150	true	173.1084931	173.6548446
173.2824252	0.0	cv_transition	/intervals/trials	150	cv_transition_time	n/a	n/a	n/a	n/a	n/a	n/a	n/a	n/a	n/a	haa	173.2824252	150	true	173.1084931	173.6548446
174.2175661	0.5003106000000059	trials	/intervals/trials	151	start_time	n/a	n/a	n/a	n/a	n/a	n/a	n/a	n/a	n/a	waa	174.3168097	151	true	174.2175661	174.7178767
174.3168097	0.0	cv_transition	/intervals/trials	151	cv_transition_time	n/a	n/a	n/a	n/a	n/a	n/a	n/a	n/a	n/a	waa	174.3168097	151	true	174.2175661	174.7178767
175.2775289	0.4604084999999998	trials	/intervals/trials	152	start_time	n/a	n/a	n/a	n/a	n/a	n/a	n/a	n/a	n/a	pee	175.3051534	152	true	175.2775289	175.7379374
175.3051534	0.0	cv_transition	/intervals/trials	152	cv_transition_time	n/a	n/a	n/a	n/a	n/a	n/a	n/a	n/a	n/a	pee	175.3051534	152	true	175.2775289	175.7379374
176.2443868	0.5228194999999971	trials	/intervals/trials	153	start_time	n/a	n/a	n/a	n/a	n/a	n/a	n/a	n/a	n/a	lee	176.3333991	153	true	176.2443868	176.7672063
176.3333991	0.0	cv_transition	/intervals/trials	153	cv_transition_time	n/a	n/a	n/a	n/a	n/a	n/a	n/a	n/a	n/a	lee	176.3333991	153	true	176.2443868	176.7672063
177.4547497	0.5637445999999784	trials	/intervals/trials	154	start_time	n/a	n/a	n/a	n/a	n/a	n/a	n/a	n/a	n/a	wee	177.5192069	154	true	177.4547497	178.0184943
177.5192069	0.0	cv_transition	/intervals/trials	154	cv_transition_time	n/a	n/a	n/a	n/a	n/a	n/a	n/a	n/a	n/a	wee	177.5192069	154	true	177.4547497	178.0184943
178.4072838	0.616947400000015	trials	/intervals/trials	155	start_time	n/a	n/a	n/a	n/a	n/a	n/a	n/a	n/a	n/a	yaa	178.550522	155	true	178.4072838	179.0242312
178.550522	0.0	cv_transition	/intervals/trials	155	cv_transition_time	n/a	n/a	n/a	n/a	n/a	n/a	n/a	n/a	n/a	yaa	178.550522	155	true	178.4072838	179.0242312
179.6166235	0.5125882000000104	trials	/intervals/trials	156	start_time	n/a	n/a	n/a	n/a	n/a	n/a	n/a	n/a	n/a	gaa	179.6452712	156	true	179.6166235	180.1292117
179.6452712	0.0	cv_transition	/intervals/trials	156	cv_transition_time	n/a	n/a	n/a	n/a	n/a	n/a	n/a	n/a	n/a	gaa	179.6452712	156	true	179.6166235	180.1292117
181.6506061	0.6507106999999905	trials	/intervals/trials	157	start_time	n/a	n/a	n/a	n/a	n/a	n/a	n/a	n/a	n/a	shaa	181.8664866	157	true	181.6506061	182.3013168
181.8664866	0.0	cv_transition	/intervals/trials	157	cv_transition_time	n/a	n/a	n/a	n/a	n/a	n/a	n/a	n/a	n/a	shaa	181.8664866	157	true	181.6506061	182.3013168
182.21100133336233	2.8096073472245564	invalid_times	/intervals/invalid_times	1	start_time	n/a	n/a	n/a	n/a	1	182.21100133336233	185.0206086805869	"[""ECoG artifact""]"	"[{""idx_start"":556063,""count"":8575,""timeseries"":""/acquisition/ElectricalSeries""}]"	n/a	n/a	n/a	n/a	n/a	n/a
183.1228903	0.4358534000000134	trials	/intervals/trials	158	start_time	n/a	n/a	n/a	n/a	n/a	n/a	n/a	n/a	n/a	doo	183.1413066	158	true	183.1228903	183.5587437
183.1413066	0.0	cv_transition	/intervals/trials	158	cv_transition_time	n/a	n/a	n/a	n/a	n/a	n/a	n/a	n/a	n/a	doo	183.1413066	158	true	183.1228903	183.5587437
183.47371329024844	0.31641042075105474	invalid_times	/intervals/invalid_times	0	start_time	n/a	n/a	n/a	n/a	0	183.47371329024844	183.7901237109995	"[""ECoG artifact""]"	"[{""idx_start"":559917,""count"":965,""timeseries"":""/acquisition/ElectricalSeries""}]"	n/a	n/a	n/a	n/a	n/a	n/a
185.4627888	0.539189499999992	trials	/intervals/trials	159	start_time	n/a	n/a	n/a	n/a	n/a	n/a	n/a	n/a	n/a	raa	185.5651018	159	true	185.4627888	186.0019783
185.5651018	0.0	cv_transition	/intervals/trials	159	cv_transition_time	n/a	n/a	n/a	n/a	n/a	n/a	n/a	n/a	n/a	raa	185.5651018	159	true	185.4627888	186.0019783
186.3723514	0.6087623999999892	trials	/intervals/trials	160	start_time	n/a	n/a	n/a	n/a	n/a	n/a	n/a	n/a	n/a	shee	186.6046019	160	true	186.3723514	186.9811138
186.6046019	0.0	cv_transition	/intervals/trials	160	cv_transition_time	n/a	n/a	n/a	n/a	n/a	n/a	n/a	n/a	n/a	shee	186.6046019	160	true	186.3723514	186.9811138
187.6318245	0.5443051999999966	trials	/intervals/trials	161	start_time	n/a	n/a	n/a	n/a	n/a	n/a	n/a	n/a	n/a	yoo	187.7331144	161	true	187.6318245	188.1761297
187.7331144	0.0	cv_transition	/intervals/trials	161	cv_transition_time	n/a	n/a	n/a	n/a	n/a	n/a	n/a	n/a	n/a	yoo	187.7331144	161	true	187.6318245	188.1761297
188.9045984	0.45017720000001304	trials	/intervals/trials	162	start_time	n/a	n/a	n/a	n/a	n/a	n/a	n/a	n/a	n/a	baa	188.917899	162	true	188.9045984	189.3547756
188.917899	0.0	cv_transition	/intervals/trials	162	cv_transition_time	n/a	n/a	n/a	n/a	n/a	n/a	n/a	n/a	n/a	baa	188.917899	162	true	188.9045984	189.3547756
189.9850237	0.646618200000006	trials	/intervals/trials	163	start_time	n/a	n/a	n/a	n/a	n/a	n/a	n/a	n/a	n/a	zee	190.1671409	163	true	189.9850237	190.6316419
190.1671409	0.0	cv_transition	/intervals/trials	163	cv_transition_time	n/a	n/a	n/a	n/a	n/a	n/a	n/a	n/a	n/a	zee	190.1671409	163	true	189.9850237	190.6316419
191.2708536	0.5220410000000015	trials	/intervals/trials	164	start_time	n/a	n/a	n/a	n/a	n/a	n/a	n/a	n/a	n/a	gee	191.3222547	164	true	191.2708536	191.7928946
191.3222547	0.0	cv_transition	/intervals/trials	164	cv_transition_time	n/a	n/a	n/a	n/a	n/a	n/a	n/a	n/a	n/a	gee	191.3222547	164	true	191.2708536	191.7928946
192.3300378	0.5381664999999884	trials	/intervals/trials	165	start_time	n/a	n/a	n/a	n/a	n/a	n/a	n/a	n/a	n/a	kee	192.4026801	165	true	192.3300378	192.8682043
192.4026801	0.0	cv_transition	/intervals/trials	165	cv_transition_time	n/a	n/a	n/a	n/a	n/a	n/a	n/a	n/a	n/a	kee	192.4026801	165	true	192.3300378	192.8682043
193.3480523	0.6455949999999859	trials	/intervals/trials	166	start_time	n/a	n/a	n/a	n/a	n/a	n/a	n/a	n/a	n/a	ree	193.4687816	166	true	193.3480523	193.9936473
193.4687816	0.0	cv_transition	/intervals/trials	166	cv_transition_time	n/a	n/a	n/a	n/a	n/a	n/a	n/a	n/a	n/a	ree	193.4687816	166	true	193.3480523	193.9936473
195.6470255	0.49110249999998246	trials	/intervals/trials	167	start_time	n/a	n/a	n/a	n/a	n/a	n/a	n/a	n/a	n/a	voo	195.7237603	167	true	195.6470255	196.138128
195.7237603	0.0	cv_transition	/intervals/trials	167	cv_transition_time	n/a	n/a	n/a	n/a	n/a	n/a	n/a	n/a	n/a	voo	195.7237603	167	true	195.6470255	196.138128
196.5555651	0.5790915999999982	trials	/intervals/trials	168	start_time	n/a	n/a	n/a	n/a	n/a	n/a	n/a	n/a	n/a	noo	196.7161965	168	true	196.5555651	197.1346567
196.7161965	0.0	cv_transition	/intervals/trials	168	cv_transition_time	n/a	n/a	n/a	n/a	n/a	n/a	n/a	n/a	n/a	noo	196.7161965	168	true	196.5555651	197.1346567
197.695332	0.5258887999999899	trials	/intervals/trials	169	start_time	n/a	n/a	n/a	n/a	n/a	n/a	n/a	n/a	n/a	dee	197.7475116	169	true	197.695332	198.2212208
197.7475116	0.0	cv_transition	/intervals/trials	169	cv_transition_time	n/a	n/a	n/a	n/a	n/a	n/a	n/a	n/a	n/a	dee	197.7475116	169	true	197.695332	198.2212208
198.7501791	0.662988299999995	trials	/intervals/trials	170	start_time	n/a	n/a	n/a	n/a	n/a	n/a	n/a	n/a	n/a	yee	198.9016023	170	true	198.7501791	199.4131674
198.9016023	0.0	cv_transition	/intervals/trials	170	cv_transition_time	n/a	n/a	n/a	n/a	n/a	n/a	n/a	n/a	n/a	yee	198.9016023	170	true	198.7501791	199.4131674
199.9175705	0.4604084999999998	trials	/intervals/trials	171	start_time	n/a	n/a	n/a	n/a	n/a	n/a	n/a	n/a	n/a	koo	199.9738426	171	true	199.9175705	200.377979
199.9738426	0.0	cv_transition	/intervals/trials	171	cv_transition_time	n/a	n/a	n/a	n/a	n/a	n/a	n/a	n/a	n/a	koo	199.9738426	171	true	199.9175705	200.377979
200.8312256	0.6149011999999914	trials	/intervals/trials	172	start_time	n/a	n/a	n/a	n/a	n/a	n/a	n/a	n/a	n/a	fee	201.0123197	172	true	200.8312256	201.4461268
201.0123197	0.0	cv_transition	/intervals/trials	172	cv_transition_time	n/a	n/a	n/a	n/a	n/a	n/a	n/a	n/a	n/a	fee	201.0123197	172	true	200.8312256	201.4461268
201.9392755	0.5975080000000048	trials	/intervals/trials	173	start_time	n/a	n/a	n/a	n/a	n/a	n/a	n/a	n/a	n/a	hee	202.0252184	173	true	201.9392755	202.5367835
202.0252184	0.0	cv_transition	/intervals/trials	173	cv_transition_time	n/a	n/a	n/a	n/a	n/a	n/a	n/a	n/a	n/a	hee	202.0252184	173	true	201.9392755	202.5367835
203.4944332	0.5760223000000053	trials	/intervals/trials	174	start_time	n/a	n/a	n/a	n/a	n/a	n/a	n/a	n/a	n/a	vaa	203.6120932	174	true	203.4944332	204.0704555
203.6120932	0.0	cv_transition	/intervals/trials	174	cv_transition_time	n/a	n/a	n/a	n/a	n/a	n/a	n/a	n/a	n/a	vaa	203.6120932	174	true	203.4944332	204.0704555
204.5615579	0.5258889000000124	trials	/intervals/trials	175	start_time	n/a	n/a	n/a	n/a	n/a	n/a	n/a	n/a	n/a	loo	204.7088886	175	true	204.5615579	205.0874468
204.7088886	0.0	cv_transition	/intervals/trials	175	cv_transition_time	n/a	n/a	n/a	n/a	n/a	n/a	n/a	n/a	n/a	loo	204.7088886	175	true	204.5615579	205.0874468
205.9663155	0.5975080000000048	trials	/intervals/trials	176	start_time	n/a	n/a	n/a	n/a	n/a	n/a	n/a	n/a	n/a	hoo	206.0809061	176	true	205.9663155	206.5638235
206.0809061	0.0	cv_transition	/intervals/trials	176	cv_transition_time	n/a	n/a	n/a	n/a	n/a	n/a	n/a	n/a	n/a	hoo	206.0809061	176	true	205.9663155	206.5638235
207.1828172	0.4829173000000253	trials	/intervals/trials	177	start_time	n/a	n/a	n/a	n/a	n/a	n/a	n/a	n/a	n/a	kaa	207.2380662	177	true	207.1828172	207.6657345
207.2380662	0.0	cv_transition	/intervals/trials	177	cv_transition_time	n/a	n/a	n/a	n/a	n/a	n/a	n/a	n/a	n/a	kaa	207.2380662	177	true	207.1828172	207.6657345
208.2816589	0.47780170000001476	trials	/intervals/trials	178	start_time	n/a	n/a	n/a	n/a	n/a	n/a	n/a	n/a	n/a	poo	208.3215609	178	true	208.2816589	208.7594606
208.3215609	0.0	cv_transition	/intervals/trials	178	cv_transition_time	n/a	n/a	n/a	n/a	n/a	n/a	n/a	n/a	n/a	poo	208.3215609	178	true	208.2816589	208.7594606
209.5227156	0.48496370000000866	trials	/intervals/trials	179	start_time	n/a	n/a	n/a	n/a	n/a	n/a	n/a	n/a	n/a	bee	209.541132	179	true	209.5227156	210.0076793
209.541132	0.0	cv_transition	/intervals/trials	179	cv_transition_time	n/a	n/a	n/a	n/a	n/a	n/a	n/a	n/a	n/a	bee	209.541132	179	true	209.5227156	210.0076793
210.6328118	0.4941717999999753	trials	/intervals/trials	180	start_time	n/a	n/a	n/a	n/a	n/a	n/a	n/a	n/a	n/a	paa	210.6655519	180	true	210.6328118	211.1269836
210.6655519	0.0	cv_transition	/intervals/trials	180	cv_transition_time	n/a	n/a	n/a	n/a	n/a	n/a	n/a	n/a	n/a	paa	210.6655519	180	true	210.6328118	211.1269836
211.7091446	0.5657908999999961	trials	/intervals/trials	181	start_time	n/a	n/a	n/a	n/a	n/a	n/a	n/a	n/a	n/a	taa	211.78281	181	true	211.7091446	212.2749355
211.78281	0.0	cv_transition	/intervals/trials	181	cv_transition_time	n/a	n/a	n/a	n/a	n/a	n/a	n/a	n/a	n/a	taa	211.78281	181	true	211.7091446	212.2749355
212.7537604	0.5586289999999963	trials	/intervals/trials	182	start_time	n/a	n/a	n/a	n/a	n/a	n/a	n/a	n/a	n/a	naa	212.8673278	182	true	212.7537604	213.3123894
212.8673278	0.0	cv_transition	/intervals/trials	182	cv_transition_time	n/a	n/a	n/a	n/a	n/a	n/a	n/a	n/a	n/a	naa	212.8673278	182	true	212.7537604	213.3123894
213.7461966	0.7069829000000141	trials	/intervals/trials	183	start_time	n/a	n/a	n/a	n/a	n/a	n/a	n/a	n/a	n/a	saa	213.9702621	183	true	213.7461966	214.4531795
213.9702621	0.0	cv_transition	/intervals/trials	183	cv_transition_time	n/a	n/a	n/a	n/a	n/a	n/a	n/a	n/a	n/a	saa	213.9702621	183	true	213.7461966	214.4531795
215.0742194	0.7080059999999833	trials	/intervals/trials	184	start_time	n/a	n/a	n/a	n/a	n/a	n/a	n/a	n/a	n/a	shoo	215.3320482	184	true	215.0742194	215.7822254
215.3320482	0.0	cv_transition	/intervals/trials	184	cv_transition_time	n/a	n/a	n/a	n/a	n/a	n/a	n/a	n/a	n/a	shoo	215.3320482	184	true	215.0742194	215.7822254
216.2559347	0.6865201999999897	trials	/intervals/trials	185	start_time	n/a	n/a	n/a	n/a	n/a	n/a	n/a	n/a	n/a	foo	216.4646532	185	true	216.2559347	216.9424549
216.4646532	0.0	cv_transition	/intervals/trials	185	cv_transition_time	n/a	n/a	n/a	n/a	n/a	n/a	n/a	n/a	n/a	foo	216.4646532	185	true	216.2559347	216.9424549
217.5870269	0.5514670999999964	trials	/intervals/trials	186	start_time	n/a	n/a	n/a	n/a	n/a	n/a	n/a	n/a	n/a	daa	217.6044201	186	true	217.5870269	218.138494
217.6044201	0.0	cv_transition	/intervals/trials	186	cv_transition_time	n/a	n/a	n/a	n/a	n/a	n/a	n/a	n/a	n/a	daa	217.6044201	186	true	217.5870269	218.138494
218.6469896	0.6230862999999829	trials	/intervals/trials	187	start_time	n/a	n/a	n/a	n/a	n/a	n/a	n/a	n/a	n/a	faa	218.7851122	187	true	218.6469896	219.2700759
218.7851122	0.0	cv_transition	/intervals/trials	187	cv_transition_time	n/a	n/a	n/a	n/a	n/a	n/a	n/a	n/a	n/a	faa	218.7851122	187	true	218.6469896	219.2700759
219.9259022	0.48291739999999095	trials	/intervals/trials	188	start_time	n/a	n/a	n/a	n/a	n/a	n/a	n/a	n/a	n/a	goo	219.9627349	188	true	219.9259022	220.4088196
219.9627349	0.0	cv_transition	/intervals/trials	188	cv_transition_time	n/a	n/a	n/a	n/a	n/a	n/a	n/a	n/a	n/a	goo	219.9627349	188	true	219.9259022	220.4088196
220.9920038	0.6067160999999999	trials	/intervals/trials	189	start_time	n/a	n/a	n/a	n/a	n/a	n/a	n/a	n/a	n/a	mee	221.0779467	189	true	220.9920038	221.5987199
221.0779467	0.0	cv_transition	/intervals/trials	189	cv_transition_time	n/a	n/a	n/a	n/a	n/a	n/a	n/a	n/a	n/a	mee	221.0779467	189	true	220.9920038	221.5987199
222.0857298	0.6773120999999946	trials	/intervals/trials	190	start_time	n/a	n/a	n/a	n/a	n/a	n/a	n/a	n/a	n/a	zaa	222.2750089	190	true	222.0857298	222.7630419
222.2750089	0.0	cv_transition	/intervals/trials	190	cv_transition_time	n/a	n/a	n/a	n/a	n/a	n/a	n/a	n/a	n/a	zaa	222.2750089	190	true	222.0857298	222.7630419
223.2735838	0.7939489999999978	trials	/intervals/trials	191	start_time	n/a	n/a	n/a	n/a	n/a	n/a	n/a	n/a	n/a	see	223.5140194	191	true	223.2735838	224.0675328
223.5140194	0.0	cv_transition	/intervals/trials	191	cv_transition_time	n/a	n/a	n/a	n/a	n/a	n/a	n/a	n/a	n/a	see	223.5140194	191	true	223.2735838	224.0675328
224.5637509	0.6691270000000031	trials	/intervals/trials	192	start_time	n/a	n/a	n/a	n/a	n/a	n/a	n/a	n/a	n/a	zoo	224.7274517	192	true	224.5637509	225.2328779
224.7274517	0.0	cv_transition	/intervals/trials	192	cv_transition_time	n/a	n/a	n/a	n/a	n/a	n/a	n/a	n/a	n/a	zoo	224.7274517	192	true	224.5637509	225.2328779
225.8406172	0.5668141000000162	trials	/intervals/trials	193	start_time	n/a	n/a	n/a	n/a	n/a	n/a	n/a	n/a	n/a	too	225.9193982	193	true	225.8406172	226.4074313
225.9193982	0.0	cv_transition	/intervals/trials	193	cv_transition_time	n/a	n/a	n/a	n/a	n/a	n/a	n/a	n/a	n/a	too	225.9193982	193	true	225.8406172	226.4074313
227.6392799	0.6527570000000082	trials	/intervals/trials	194	start_time	n/a	n/a	n/a	n/a	n/a	n/a	n/a	n/a	n/a	vee	227.757963	194	true	227.6392799	228.2920369
227.757963	0.0	cv_transition	/intervals/trials	194	cv_transition_time	n/a	n/a	n/a	n/a	n/a	n/a	n/a	n/a	n/a	vee	227.757963	194	true	227.6392799	228.2920369
230.0139648	0.5882998000000157	trials	/intervals/trials	195	start_time	n/a	n/a	n/a	n/a	n/a	n/a	n/a	n/a	n/a	moo	230.1582261	195	true	230.0139648	230.6022646
230.1582261	0.0	cv_transition	/intervals/trials	195	cv_transition_time	n/a	n/a	n/a	n/a	n/a	n/a	n/a	n/a	n/a	moo	230.1582261	195	true	230.0139648	230.6022646
232.3016836	0.6455951000000084	trials	/intervals/trials	196	start_time	n/a	n/a	n/a	n/a	n/a	n/a	n/a	n/a	n/a	nee	232.4449218	196	true	232.3016836	232.9472787
232.4449218	0.0	cv_transition	/intervals/trials	196	cv_transition_time	n/a	n/a	n/a	n/a	n/a	n/a	n/a	n/a	n/a	nee	232.4449218	196	true	232.3016836	232.9472787
233.563203	0.5177038000000209	trials	/intervals/trials	197	start_time	n/a	n/a	n/a	n/a	n/a	n/a	n/a	n/a	n/a	boo	233.5857119	197	true	233.563203	234.0809068
233.5857119	0.0	cv_transition	/intervals/trials	197	cv_transition_time	n/a	n/a	n/a	n/a	n/a	n/a	n/a	n/a	n/a	boo	233.5857119	197	true	233.563203	234.0809068
234.6344202	0.5770454000000029	trials	/intervals/trials	198	start_time	n/a	n/a	n/a	n/a	n/a	n/a	n/a	n/a	n/a	laa	234.7653809	198	true	234.6344202	235.2114656
234.7653809	0.0	cv_transition	/intervals/trials	198	cv_transition_time	n/a	n/a	n/a	n/a	n/a	n/a	n/a	n/a	n/a	laa	234.7653809	198	true	234.6344202	235.2114656
235.8580838	0.5842072000000087	trials	/intervals/trials	199	start_time	n/a	n/a	n/a	n/a	n/a	n/a	n/a	n/a	n/a	maa	235.9962063	199	true	235.8580838	236.442291
235.9962063	0.0	cv_transition	/intervals/trials	199	cv_transition_time	n/a	n/a	n/a	n/a	n/a	n/a	n/a	n/a	n/a	maa	235.9962063	199	true	235.8580838	236.442291
236.8801907	0.7182372999999984	trials	/intervals/trials	200	start_time	n/a	n/a	n/a	n/a	n/a	n/a	n/a	n/a	n/a	soo	237.1380195	200	true	236.8801907	237.598428
237.1380195	0.0	cv_transition	/intervals/trials	200	cv_transition_time	n/a	n/a	n/a	n/a	n/a	n/a	n/a	n/a	n/a	soo	237.1380195	200	true	236.8801907	237.598428
238.1713809	0.5801146999999958	trials	/intervals/trials	201	start_time	n/a	n/a	n/a	n/a	n/a	n/a	n/a	n/a	n/a	roo	238.2716476	201	true	238.1713809	238.7514956
238.2716476	0.0	cv_transition	/intervals/trials	201	cv_transition_time	n/a	n/a	n/a	n/a	n/a	n/a	n/a	n/a	n/a	roo	238.2716476	201	true	238.1713809	238.7514956
239.439039	0.5944385999999895	trials	/intervals/trials	202	start_time	n/a	n/a	n/a	n/a	n/a	n/a	n/a	n/a	n/a	tee	239.5127044	202	true	239.439039	240.0334776
239.5127044	0.0	cv_transition	/intervals/trials	202	cv_transition_time	n/a	n/a	n/a	n/a	n/a	n/a	n/a	n/a	n/a	tee	239.5127044	202	true	239.439039	240.0334776
240.4621691	0.556582800000001	trials	/intervals/trials	203	start_time	n/a	n/a	n/a	n/a	n/a	n/a	n/a	n/a	n/a	haa	240.6412169	203	true	240.4621691	241.0187519
240.6412169	0.0	cv_transition	/intervals/trials	203	cv_transition_time	n/a	n/a	n/a	n/a	n/a	n/a	n/a	n/a	n/a	haa	240.6412169	203	true	240.4621691	241.0187519
241.7114109	0.509518799999995	trials	/intervals/trials	204	start_time	n/a	n/a	n/a	n/a	n/a	n/a	n/a	n/a	n/a	waa	241.8147471	204	true	241.7114109	242.2209297
241.8147471	0.0	cv_transition	/intervals/trials	204	cv_transition_time	n/a	n/a	n/a	n/a	n/a	n/a	n/a	n/a	n/a	waa	241.8147471	204	true	241.7114109	242.2209297
244.7992175	0.5238425999999947	trials	/intervals/trials	205	start_time	n/a	n/a	n/a	n/a	n/a	n/a	n/a	n/a	n/a	pee	244.8350271	205	true	244.7992175	245.3230601
244.8350271	0.0	cv_transition	/intervals/trials	205	cv_transition_time	n/a	n/a	n/a	n/a	n/a	n/a	n/a	n/a	n/a	pee	244.8350271	205	true	244.7992175	245.3230601
245.7926768	0.5893228999999849	trials	/intervals/trials	206	start_time	n/a	n/a	n/a	n/a	n/a	n/a	n/a	n/a	n/a	lee	245.9318225	206	true	245.7926768	246.3819997
245.9318225	0.0	cv_transition	/intervals/trials	206	cv_transition_time	n/a	n/a	n/a	n/a	n/a	n/a	n/a	n/a	n/a	lee	245.9318225	206	true	245.7926768	246.3819997
246.8567321	0.5964848000000131	trials	/intervals/trials	207	start_time	n/a	n/a	n/a	n/a	n/a	n/a	n/a	n/a	n/a	wee	246.9887159	207	true	246.8567321	247.4532169
246.9887159	0.0	cv_transition	/intervals/trials	207	cv_transition_time	n/a	n/a	n/a	n/a	n/a	n/a	n/a	n/a	n/a	wee	246.9887159	207	true	246.8567321	247.4532169
247.9658051	0.615924299999989	trials	/intervals/trials	208	start_time	n/a	n/a	n/a	n/a	n/a	n/a	n/a	n/a	n/a	yaa	248.0711875	208	true	247.9658051	248.5817294
248.0711875	0.0	cv_transition	/intervals/trials	208	cv_transition_time	n/a	n/a	n/a	n/a	n/a	n/a	n/a	n/a	n/a	yaa	248.0711875	208	true	247.9658051	248.5817294
249.1352428	0.5217963000000054	trials	/intervals/trials	209	start_time	n/a	n/a	n/a	n/a	n/a	n/a	n/a	n/a	n/a	gaa	249.1638904	209	true	249.1352428	249.6570391
249.1638904	0.0	cv_transition	/intervals/trials	209	cv_transition_time	n/a	n/a	n/a	n/a	n/a	n/a	n/a	n/a	n/a	gaa	249.1638904	209	true	249.1352428	249.6570391
250.0325278	0.6752658999999994	trials	/intervals/trials	210	start_time	n/a	n/a	n/a	n/a	n/a	n/a	n/a	n/a	n/a	shaa	250.2668246	210	true	250.0325278	250.7077937
250.2668246	0.0	cv_transition	/intervals/trials	210	cv_transition_time	n/a	n/a	n/a	n/a	n/a	n/a	n/a	n/a	n/a	shaa	250.2668246	210	true	250.0325278	250.7077937
251.4761644	0.5084956000000034	trials	/intervals/trials	211	start_time	n/a	n/a	n/a	n/a	n/a	n/a	n/a	n/a	n/a	doo	251.4996964	211	true	251.4761644	251.98466
251.4996964	0.0	cv_transition	/intervals/trials	211	cv_transition_time	n/a	n/a	n/a	n/a	n/a	n/a	n/a	n/a	n/a	doo	251.4996964	211	true	251.4761644	251.98466
252.6210469	0.586253599999992	trials	/intervals/trials	212	start_time	n/a	n/a	n/a	n/a	n/a	n/a	n/a	n/a	n/a	woo	252.778609	212	true	252.6210469	253.2073005
252.778609	0.0	cv_transition	/intervals/trials	212	cv_transition_time	n/a	n/a	n/a	n/a	n/a	n/a	n/a	n/a	n/a	woo	252.778609	212	true	252.6210469	253.2073005
255.7595911	0.5483496999999886	trials	/intervals/trials	213	start_time	n/a	n/a	n/a	n/a	n/a	n/a	n/a	n/a	n/a	raa	255.870128	213	true	255.7595911	256.3079408
255.870128	0.0	cv_transition	/intervals/trials	213	cv_transition_time	n/a	n/a	n/a	n/a	n/a	n/a	n/a	n/a	n/a	raa	255.870128	213	true	255.7595911	256.3079408
256.7804318	0.7271593000000394	trials	/intervals/trials	214	start_time	n/a	n/a	n/a	n/a	n/a	n/a	n/a	n/a	n/a	shee	257.0372675	214	true	256.7804318	257.5075911
257.0372675	0.0	cv_transition	/intervals/trials	214	cv_transition_time	n/a	n/a	n/a	n/a	n/a	n/a	n/a	n/a	n/a	shee	257.0372675	214	true	256.7804318	257.5075911
257.990919	0.5678561999999943	trials	/intervals/trials	215	start_time	n/a	n/a	n/a	n/a	n/a	n/a	n/a	n/a	n/a	yoo	258.1003722	215	true	257.990919	258.5587752
258.1003722	0.0	cv_transition	/intervals/trials	215	cv_transition_time	n/a	n/a	n/a	n/a	n/a	n/a	n/a	n/a	n/a	yoo	258.1003722	215	true	257.990919	258.5587752
259.2729301	0.46923989999999094	trials	/intervals/trials	216	start_time	n/a	n/a	n/a	n/a	n/a	n/a	n/a	n/a	n/a	baa	259.2794323	216	true	259.2729301	259.74217
259.2794323	0.0	cv_transition	/intervals/trials	216	cv_transition_time	n/a	n/a	n/a	n/a	n/a	n/a	n/a	n/a	n/a	baa	259.2794323	216	true	259.2729301	259.74217
260.5907032	0.7109037999999828	trials	/intervals/trials	217	start_time	n/a	n/a	n/a	n/a	n/a	n/a	n/a	n/a	n/a	zee	260.8193628	217	true	260.5907032	261.301607
260.8193628	0.0	cv_transition	/intervals/trials	217	cv_transition_time	n/a	n/a	n/a	n/a	n/a	n/a	n/a	n/a	n/a	zee	260.8193628	217	true	260.5907032	261.301607
261.8976393	0.5895300000000248	trials	/intervals/trials	218	start_time	n/a	n/a	n/a	n/a	n/a	n/a	n/a	n/a	n/a	gee	261.9800001	218	true	261.8976393	262.4871693
261.9800001	0.0	cv_transition	/intervals/trials	218	cv_transition_time	n/a	n/a	n/a	n/a	n/a	n/a	n/a	n/a	n/a	gee	261.9800001	218	true	261.8976393	262.4871693
263.113545	0.457319200000029	trials	/intervals/trials	219	start_time	n/a	n/a	n/a	n/a	n/a	n/a	n/a	n/a	n/a	kee	263.1612276	219	true	263.113545	263.5708642
263.1612276	0.0	cv_transition	/intervals/trials	219	cv_transition_time	n/a	n/a	n/a	n/a	n/a	n/a	n/a	n/a	n/a	kee	263.1612276	219	true	263.113545	263.5708642
264.14739	0.5906137000000058	trials	/intervals/trials	220	start_time	n/a	n/a	n/a	n/a	n/a	n/a	n/a	n/a	n/a	ree	264.2871866	220	true	264.14739	264.7380037
264.2871866	0.0	cv_transition	/intervals/trials	220	cv_transition_time	n/a	n/a	n/a	n/a	n/a	n/a	n/a	n/a	n/a	ree	264.2871866	220	true	264.14739	264.7380037
266.7612621	0.5375126999999793	trials	/intervals/trials	221	start_time	n/a	n/a	n/a	n/a	n/a	n/a	n/a	n/a	n/a	voo	266.8555436	221	true	266.7612621	267.2987748
266.8555436	0.0	cv_transition	/intervals/trials	221	cv_transition_time	n/a	n/a	n/a	n/a	n/a	n/a	n/a	n/a	n/a	voo	266.8555436	221	true	266.7612621	267.2987748
267.7452571	0.6057855000000245	trials	/intervals/trials	222	start_time	n/a	n/a	n/a	n/a	n/a	n/a	n/a	n/a	n/a	noo	267.9088951	222	true	267.7452571	268.3510426
267.9088951	0.0	cv_transition	/intervals/trials	222	cv_transition_time	n/a	n/a	n/a	n/a	n/a	n/a	n/a	n/a	n/a	noo	267.9088951	222	true	267.7452571	268.3510426
269.9581622	0.5548517999999945	trials	/intervals/trials	223	start_time	n/a	n/a	n/a	n/a	n/a	n/a	n/a	n/a	n/a	dee	269.9852546	223	true	269.9581622	270.513014
269.9852546	0.0	cv_transition	/intervals/trials	223	cv_transition_time	n/a	n/a	n/a	n/a	n/a	n/a	n/a	n/a	n/a	dee	269.9852546	223	true	269.9581622	270.513014
271.0050115	0.5375126999999793	trials	/intervals/trials	224	start_time	n/a	n/a	n/a	n/a	n/a	n/a	n/a	n/a	n/a	yee	271.1155484	224	true	271.0050115	271.5425242
271.1155484	0.0	cv_transition	/intervals/trials	224	cv_transition_time	n/a	n/a	n/a	n/a	n/a	n/a	n/a	n/a	n/a	yee	271.1155484	224	true	271.0050115	271.5425242
272.3206172	0.5039180999999644	trials	/intervals/trials	225	start_time	n/a	n/a	n/a	n/a	n/a	n/a	n/a	n/a	n/a	koo	272.3845552	225	true	272.3206172	272.8245353
272.3845552	0.0	cv_transition	/intervals/trials	225	cv_transition_time	n/a	n/a	n/a	n/a	n/a	n/a	n/a	n/a	n/a	koo	272.3845552	225	true	272.3206172	272.8245353
273.3176165	0.6545518000000357	trials	/intervals/trials	226	start_time	n/a	n/a	n/a	n/a	n/a	n/a	n/a	n/a	n/a	fee	273.5083468	226	true	273.3176165	273.9721683
273.5083468	0.0	cv_transition	/intervals/trials	226	cv_transition_time	n/a	n/a	n/a	n/a	n/a	n/a	n/a	n/a	n/a	fee	273.5083468	226	true	273.3176165	273.9721683
274.523769	0.641547399999979	trials	/intervals/trials	227	start_time	n/a	n/a	n/a	n/a	n/a	n/a	n/a	n/a	n/a	hee	274.6863232	227	true	274.523769	275.1653164
274.6863232	0.0	cv_transition	/intervals/trials	227	cv_transition_time	n/a	n/a	n/a	n/a	n/a	n/a	n/a	n/a	n/a	hee	274.6863232	227	true	274.523769	275.1653164
275.7938594	0.5299269000000209	trials	/intervals/trials	228	start_time	n/a	n/a	n/a	n/a	n/a	n/a	n/a	n/a	n/a	vaa	275.9141496	228	true	275.7938594	276.3237863
275.9141496	0.0	cv_transition	/intervals/trials	228	cv_transition_time	n/a	n/a	n/a	n/a	n/a	n/a	n/a	n/a	n/a	vaa	275.9141496	228	true	275.7938594	276.3237863
276.9013957	0.5602702999999565	trials	/intervals/trials	229	start_time	n/a	n/a	n/a	n/a	n/a	n/a	n/a	n/a	n/a	loo	277.0541967	229	true	276.9013957	277.461666
277.0541967	0.0	cv_transition	/intervals/trials	229	cv_transition_time	n/a	n/a	n/a	n/a	n/a	n/a	n/a	n/a	n/a	loo	277.0541967	229	true	276.9013957	277.461666
278.1053807	0.4995834000000059	trials	/intervals/trials	230	start_time	n/a	n/a	n/a	n/a	n/a	n/a	n/a	n/a	n/a	hoo	278.2115829	230	true	278.1053807	278.6049641
278.2115829	0.0	cv_transition	/intervals/trials	230	cv_transition_time	n/a	n/a	n/a	n/a	n/a	n/a	n/a	n/a	n/a	hoo	278.2115829	230	true	278.1053807	278.6049641
279.276855	0.467072499999972	trials	/intervals/trials	231	start_time	n/a	n/a	n/a	n/a	n/a	n/a	n/a	n/a	n/a	kaa	279.3223702	231	true	279.276855	279.7439275
279.3223702	0.0	cv_transition	/intervals/trials	231	cv_transition_time	n/a	n/a	n/a	n/a	n/a	n/a	n/a	n/a	n/a	kaa	279.3223702	231	true	279.276855	279.7439275
280.4299064	0.4822442000000251	trials	/intervals/trials	232	start_time	n/a	n/a	n/a	n/a	n/a	n/a	n/a	n/a	n/a	poo	280.4895096	232	true	280.4299064	280.9121506
280.4895096	0.0	cv_transition	/intervals/trials	232	cv_transition_time	n/a	n/a	n/a	n/a	n/a	n/a	n/a	n/a	n/a	poo	280.4895096	232	true	280.4299064	280.9121506
281.7834414	0.44864969999997584	trials	/intervals/trials	233	start_time	n/a	n/a	n/a	n/a	n/a	n/a	n/a	n/a	n/a	bee	281.7921109	233	true	281.7834414	282.2320911
281.7921109	0.0	cv_transition	/intervals/trials	233	cv_transition_time	n/a	n/a	n/a	n/a	n/a	n/a	n/a	n/a	n/a	bee	281.7921109	233	true	281.7834414	282.2320911
283.0047656	0.44431489999999485	trials	/intervals/trials	234	start_time	n/a	n/a	n/a	n/a	n/a	n/a	n/a	n/a	n/a	paa	283.021021	234	true	283.0047656	283.4490805
283.021021	0.0	cv_transition	/intervals/trials	234	cv_transition_time	n/a	n/a	n/a	n/a	n/a	n/a	n/a	n/a	n/a	paa	283.021021	234	true	283.0047656	283.4490805
286.3588014	0.45731929999999466	trials	/intervals/trials	235	start_time	n/a	n/a	n/a	n/a	n/a	n/a	n/a	n/a	n/a	taa	286.420572	235	true	286.3588014	286.8161207
286.420572	0.0	cv_transition	/intervals/trials	235	cv_transition_time	n/a	n/a	n/a	n/a	n/a	n/a	n/a	n/a	n/a	taa	286.420572	235	true	286.3588014	286.8161207
287.2853606	0.5385962999999947	trials	/intervals/trials	236	start_time	n/a	n/a	n/a	n/a	n/a	n/a	n/a	n/a	n/a	naa	287.415404	236	true	287.2853606	287.8239569
287.415404	0.0	cv_transition	/intervals/trials	236	cv_transition_time	n/a	n/a	n/a	n/a	n/a	n/a	n/a	n/a	n/a	naa	287.415404	236	true	287.2853606	287.8239569
288.3083686	0.6112039000000209	trials	/intervals/trials	237	start_time	n/a	n/a	n/a	n/a	n/a	n/a	n/a	n/a	n/a	saa	288.5337771	237	true	288.3083686	288.9195725
288.5337771	0.0	cv_transition	/intervals/trials	237	cv_transition_time	n/a	n/a	n/a	n/a	n/a	n/a	n/a	n/a	n/a	saa	288.5337771	237	true	288.3083686	288.9195725
289.4191559	0.6166223999999829	trials	/intervals/trials	238	start_time	n/a	n/a	n/a	n/a	n/a	n/a	n/a	n/a	n/a	shoo	289.6434807	238	true	289.4191559	290.0357783
289.6434807	0.0	cv_transition	/intervals/trials	238	cv_transition_time	n/a	n/a	n/a	n/a	n/a	n/a	n/a	n/a	n/a	shoo	289.6434807	238	true	289.4191559	290.0357783
290.5461986	0.5721909999999752	trials	/intervals/trials	239	start_time	n/a	n/a	n/a	n/a	n/a	n/a	n/a	n/a	n/a	foo	290.7412637	239	true	290.5461986	291.1183896
290.7412637	0.0	cv_transition	/intervals/trials	239	cv_transition_time	n/a	n/a	n/a	n/a	n/a	n/a	n/a	n/a	n/a	foo	290.7412637	239	true	290.5461986	291.1183896
291.8553021	0.48007689999997183	trials	/intervals/trials	240	start_time	n/a	n/a	n/a	n/a	n/a	n/a	n/a	n/a	n/a	daa	291.8813108	240	true	291.8553021	292.335379
291.8813108	0.0	cv_transition	/intervals/trials	240	cv_transition_time	n/a	n/a	n/a	n/a	n/a	n/a	n/a	n/a	n/a	daa	291.8813108	240	true	291.8553021	292.335379
292.8132884	0.5602703000000133	trials	/intervals/trials	241	start_time	n/a	n/a	n/a	n/a	n/a	n/a	n/a	n/a	n/a	faa	292.9704242	241	true	292.8132884	293.3735587
292.9704242	0.0	cv_transition	/intervals/trials	241	cv_transition_time	n/a	n/a	n/a	n/a	n/a	n/a	n/a	n/a	n/a	faa	292.9704242	241	true	292.8132884	293.3735587
294.0075203	0.41938989999999876	trials	/intervals/trials	242	start_time	n/a	n/a	n/a	n/a	n/a	n/a	n/a	n/a	n/a	goo	294.0573702	242	true	294.0075203	294.4269102
294.0573702	0.0	cv_transition	/intervals/trials	242	cv_transition_time	n/a	n/a	n/a	n/a	n/a	n/a	n/a	n/a	n/a	goo	294.0573702	242	true	294.0075203	294.4269102
295.0121055	0.5104202999999643	trials	/intervals/trials	243	start_time	n/a	n/a	n/a	n/a	n/a	n/a	n/a	n/a	n/a	mee	295.1118054	243	true	295.0121055	295.5225258
295.1118054	0.0	cv_transition	/intervals/trials	243	cv_transition_time	n/a	n/a	n/a	n/a	n/a	n/a	n/a	n/a	n/a	mee	295.1118054	243	true	295.0121055	295.5225258
295.976594	0.5310105000000362	trials	/intervals/trials	244	start_time	n/a	n/a	n/a	n/a	n/a	n/a	n/a	n/a	n/a	zaa	296.1250602	244	true	295.976594	296.5076045
296.1250602	0.0	cv_transition	/intervals/trials	244	cv_transition_time	n/a	n/a	n/a	n/a	n/a	n/a	n/a	n/a	n/a	zaa	296.1250602	244	true	295.976594	296.5076045
297.4525865	0.6653886999999941	trials	/intervals/trials	245	start_time	n/a	n/a	n/a	n/a	n/a	n/a	n/a	n/a	n/a	see	297.7126733	245	true	297.4525865	298.1179752
297.7126733	0.0	cv_transition	/intervals/trials	245	cv_transition_time	n/a	n/a	n/a	n/a	n/a	n/a	n/a	n/a	n/a	see	297.7126733	245	true	297.4525865	298.1179752
298.4994358	0.6718907999999715	trials	/intervals/trials	246	start_time	n/a	n/a	n/a	n/a	n/a	n/a	n/a	n/a	n/a	zoo	298.7551878	246	true	298.4994358	299.1713266
298.7551878	0.0	cv_transition	/intervals/trials	246	cv_transition_time	n/a	n/a	n/a	n/a	n/a	n/a	n/a	n/a	n/a	zoo	298.7551878	246	true	298.4994358	299.1713266
299.7825306	0.47249100000004773	trials	/intervals/trials	247	start_time	n/a	n/a	n/a	n/a	n/a	n/a	n/a	n/a	n/a	too	299.8421338	247	true	299.7825306	300.2550216
299.8421338	0.0	cv_transition	/intervals/trials	247	cv_transition_time	n/a	n/a	n/a	n/a	n/a	n/a	n/a	n/a	n/a	too	299.8421338	247	true	299.7825306	300.2550216
300.7849484	0.5526843999999755	trials	/intervals/trials	248	start_time	n/a	n/a	n/a	n/a	n/a	n/a	n/a	n/a	n/a	vee	300.9041548	248	true	300.7849484	301.3376328
300.9041548	0.0	cv_transition	/intervals/trials	248	cv_transition_time	n/a	n/a	n/a	n/a	n/a	n/a	n/a	n/a	n/a	vee	300.9041548	248	true	300.7849484	301.3376328
303.0520382	0.4844115999999872	trials	/intervals/trials	249	start_time	n/a	n/a	n/a	n/a	n/a	n/a	n/a	n/a	n/a	maa	303.1463197	249	true	303.0520382	303.5364498
303.1463197	0.0	cv_transition	/intervals/trials	249	cv_transition_time	n/a	n/a	n/a	n/a	n/a	n/a	n/a	n/a	n/a	maa	303.1463197	249	true	303.0520382	303.5364498
305.4090747	0.5505169999999566	trials	/intervals/trials	250	start_time	n/a	n/a	n/a	n/a	n/a	n/a	n/a	n/a	n/a	nee	305.5261138	250	true	305.4090747	305.9595917
305.5261138	0.0	cv_transition	/intervals/trials	250	cv_transition_time	n/a	n/a	n/a	n/a	n/a	n/a	n/a	n/a	n/a	nee	305.5261138	250	true	305.4090747	305.9595917
306.5241968	0.38904649999994945	trials	/intervals/trials	251	start_time	n/a	n/a	n/a	n/a	n/a	n/a	n/a	n/a	n/a	boo	306.5393685	251	true	306.5241968	306.9132433
306.5393685	0.0	cv_transition	/intervals/trials	251	cv_transition_time	n/a	n/a	n/a	n/a	n/a	n/a	n/a	n/a	n/a	boo	306.5393685	251	true	306.5241968	306.9132433
307.5580418	0.48983010000000604	trials	/intervals/trials	252	start_time	n/a	n/a	n/a	n/a	n/a	n/a	n/a	n/a	n/a	laa	307.6826667	252	true	307.5580418	308.0478719
307.6826667	0.0	cv_transition	/intervals/trials	252	cv_transition_time	n/a	n/a	n/a	n/a	n/a	n/a	n/a	n/a	n/a	laa	307.6826667	252	true	307.5580418	308.0478719
308.6579921	0.46923989999999094	trials	/intervals/trials	253	start_time	n/a	n/a	n/a	n/a	n/a	n/a	n/a	n/a	n/a	maa	308.7507247	253	true	308.6579921	309.127232
308.7507247	0.0	cv_transition	/intervals/trials	253	cv_transition_time	n/a	n/a	n/a	n/a	n/a	n/a	n/a	n/a	n/a	maa	308.7507247	253	true	308.6579921	309.127232
309.6409034	0.6068692000000055	trials	/intervals/trials	254	start_time	n/a	n/a	n/a	n/a	n/a	n/a	n/a	n/a	n/a	soo	309.8641446	254	true	309.6409034	310.2477726
309.8641446	0.0	cv_transition	/intervals/trials	254	cv_transition_time	n/a	n/a	n/a	n/a	n/a	n/a	n/a	n/a	n/a	soo	309.8641446	254	true	309.6409034	310.2477726
310.9131613	0.5223408999999606	trials	/intervals/trials	255	start_time	n/a	n/a	n/a	n/a	n/a	n/a	n/a	n/a	n/a	roo	311.0009406	255	true	310.9131613	311.4355022
311.0009406	0.0	cv_transition	/intervals/trials	255	cv_transition_time	n/a	n/a	n/a	n/a	n/a	n/a	n/a	n/a	n/a	roo	311.0009406	255	true	310.9131613	311.4355022
312.0499573	0.5440147999999567	trials	/intervals/trials	256	start_time	n/a	n/a	n/a	n/a	n/a	n/a	n/a	n/a	n/a	tee	312.1301507	256	true	312.0499573	312.5939721
312.1301507	0.0	cv_transition	/intervals/trials	256	cv_transition_time	n/a	n/a	n/a	n/a	n/a	n/a	n/a	n/a	n/a	tee	312.1301507	256	true	312.0499573	312.5939721
313.0687531	0.5081303000000048	trials	/intervals/trials	257	start_time	n/a	n/a	n/a	n/a	n/a	n/a	n/a	n/a	n/a	haa	313.2170967	257	true	313.0687531	313.5768834
313.2170967	0.0	cv_transition	/intervals/trials	257	cv_transition_time	n/a	n/a	n/a	n/a	n/a	n/a	n/a	n/a	n/a	haa	313.2170967	257	true	313.0687531	313.5768834
314.2682808	0.45948670000001357	trials	/intervals/trials	258	start_time	n/a	n/a	n/a	n/a	n/a	n/a	n/a	n/a	n/a	waa	314.3570191	258	true	314.2682808	314.7277675
314.3570191	0.0	cv_transition	/intervals/trials	258	cv_transition_time	n/a	n/a	n/a	n/a	n/a	n/a	n/a	n/a	n/a	waa	314.3570191	258	true	314.2682808	314.7277675
315.5275343	0.4475659999999948	trials	/intervals/trials	259	start_time	n/a	n/a	n/a	n/a	n/a	n/a	n/a	n/a	n/a	pee	315.5513756	259	true	315.5275343	315.9751003
315.5513756	0.0	cv_transition	/intervals/trials	259	cv_transition_time	n/a	n/a	n/a	n/a	n/a	n/a	n/a	n/a	n/a	pee	315.5513756	259	true	315.5275343	315.9751003
316.6058108	0.48983010000000604	trials	/intervals/trials	260	start_time	n/a	n/a	n/a	n/a	n/a	n/a	n/a	n/a	n/a	lee	316.7055107	260	true	316.6058108	317.0956409
316.7055107	0.0	cv_transition	/intervals/trials	260	cv_transition_time	n/a	n/a	n/a	n/a	n/a	n/a	n/a	n/a	n/a	lee	316.7055107	260	true	316.6058108	317.0956409
317.6840873	0.5136714000000211	trials	/intervals/trials	261	start_time	n/a	n/a	n/a	n/a	n/a	n/a	n/a	n/a	n/a	wee	317.8159872	261	true	317.6840873	318.1977587
317.8159872	0.0	cv_transition	/intervals/trials	261	cv_transition_time	n/a	n/a	n/a	n/a	n/a	n/a	n/a	n/a	n/a	wee	317.8159872	261	true	317.6840873	318.1977587
318.7905398	0.47799320000001444	trials	/intervals/trials	262	start_time	n/a	n/a	n/a	n/a	n/a	n/a	n/a	n/a	n/a	yaa	318.8672485	262	true	318.7905398	319.268533
318.8672485	0.0	cv_transition	/intervals/trials	262	cv_transition_time	n/a	n/a	n/a	n/a	n/a	n/a	n/a	n/a	n/a	yaa	318.8672485	262	true	318.7905398	319.268533
319.9500934	0.4269757999999797	trials	/intervals/trials	263	start_time	n/a	n/a	n/a	n/a	n/a	n/a	n/a	n/a	n/a	gaa	319.9763001	263	true	319.9500934	320.3770692
319.9763001	0.0	cv_transition	/intervals/trials	263	cv_transition_time	n/a	n/a	n/a	n/a	n/a	n/a	n/a	n/a	n/a	gaa	319.9763001	263	true	319.9500934	320.3770692
320.9416742	0.5943106999999941	trials	/intervals/trials	264	start_time	n/a	n/a	n/a	n/a	n/a	n/a	n/a	n/a	n/a	shaa	321.1454089	264	true	320.9416742	321.5359849
321.1454089	0.0	cv_transition	/intervals/trials	264	cv_transition_time	n/a	n/a	n/a	n/a	n/a	n/a	n/a	n/a	n/a	shaa	321.1454089	264	true	320.9416742	321.5359849
322.2095973	0.41011539999999513	trials	/intervals/trials	265	start_time	n/a	n/a	n/a	n/a	n/a	n/a	n/a	n/a	n/a	doo	322.2366094	265	true	322.2095973	322.6197127
322.2366094	0.0	cv_transition	/intervals/trials	265	cv_transition_time	n/a	n/a	n/a	n/a	n/a	n/a	n/a	n/a	n/a	doo	322.2366094	265	true	322.2095973	322.6197127
323.233689	0.5234246999999641	trials	/intervals/trials	266	start_time	n/a	n/a	n/a	n/a	n/a	n/a	n/a	n/a	n/a	woo	323.3789042	266	true	323.233689	323.7571137
323.3789042	0.0	cv_transition	/intervals/trials	266	cv_transition_time	n/a	n/a	n/a	n/a	n/a	n/a	n/a	n/a	n/a	woo	323.3789042	266	true	323.233689	323.7571137
324.4553618	0.5219923999999878	trials	/intervals/trials	267	start_time	n/a	n/a	n/a	n/a	n/a	n/a	n/a	n/a	n/a	raa	324.5521116	267	true	324.4553618	324.9773542
324.5521116	0.0	cv_transition	/intervals/trials	267	cv_transition_time	n/a	n/a	n/a	n/a	n/a	n/a	n/a	n/a	n/a	raa	324.5521116	267	true	324.4553618	324.9773542
325.5538799	0.64913329999996	trials	/intervals/trials	268	start_time	n/a	n/a	n/a	n/a	n/a	n/a	n/a	n/a	n/a	shee	325.8042134	268	true	325.5538799	326.2030132
325.8042134	0.0	cv_transition	/intervals/trials	268	cv_transition_time	n/a	n/a	n/a	n/a	n/a	n/a	n/a	n/a	n/a	shee	325.8042134	268	true	325.5538799	326.2030132
327.4351261	0.5330979999999954	trials	/intervals/trials	269	start_time	n/a	n/a	n/a	n/a	n/a	n/a	n/a	n/a	n/a	yoo	327.5253827	269	true	327.4351261	327.9682241
327.5253827	0.0	cv_transition	/intervals/trials	269	cv_transition_time	n/a	n/a	n/a	n/a	n/a	n/a	n/a	n/a	n/a	yoo	327.5253827	269	true	327.4351261	327.9682241
328.6649526	0.44326080000001866	trials	/intervals/trials	270	start_time	n/a	n/a	n/a	n/a	n/a	n/a	n/a	n/a	n/a	baa	328.6733938	270	true	328.6649526	329.1082134
328.6733938	0.0	cv_transition	/intervals/trials	270	cv_transition_time	n/a	n/a	n/a	n/a	n/a	n/a	n/a	n/a	n/a	baa	328.6733938	270	true	328.6649526	329.1082134
329.8461736	0.5429478000000358	trials	/intervals/trials	271	start_time	n/a	n/a	n/a	n/a	n/a	n/a	n/a	n/a	n/a	gee	329.9136752	271	true	329.8461736	330.3891214
329.9136752	0.0	cv_transition	/intervals/trials	271	cv_transition_time	n/a	n/a	n/a	n/a	n/a	n/a	n/a	n/a	n/a	gee	329.9136752	271	true	329.8461736	330.3891214
331.688283	0.6525156999999808	trials	/intervals/trials	272	start_time	n/a	n/a	n/a	n/a	n/a	n/a	n/a	n/a	n/a	zee	331.9044839	272	true	331.688283	332.3407987
331.9044839	0.0	cv_transition	/intervals/trials	272	cv_transition_time	n/a	n/a	n/a	n/a	n/a	n/a	n/a	n/a	n/a	zee	331.9044839	272	true	331.688283	332.3407987
332.8974425	0.4734895999999935	trials	/intervals/trials	273	start_time	n/a	n/a	n/a	n/a	n/a	n/a	n/a	n/a	n/a	gee	332.9933143	273	true	332.8974425	333.3709321
332.9933143	0.0	cv_transition	/intervals/trials	273	cv_transition_time	n/a	n/a	n/a	n/a	n/a	n/a	n/a	n/a	n/a	gee	332.9933143	273	true	332.8974425	333.3709321
334.0283392	0.47740269999997054	trials	/intervals/trials	274	start_time	n/a	n/a	n/a	n/a	n/a	n/a	n/a	n/a	n/a	kee	334.1017105	274	true	334.0283392	334.5057419
334.1017105	0.0	cv_transition	/intervals/trials	274	cv_transition_time	n/a	n/a	n/a	n/a	n/a	n/a	n/a	n/a	n/a	kee	334.1017105	274	true	334.0283392	334.5057419
335.0604291	0.5158416999999531	trials	/intervals/trials	275	start_time	n/a	n/a	n/a	n/a	n/a	n/a	n/a	n/a	n/a	ree	335.1822536	275	true	335.0604291	335.5762708
335.1822536	0.0	cv_transition	/intervals/trials	275	cv_transition_time	n/a	n/a	n/a	n/a	n/a	n/a	n/a	n/a	n/a	ree	335.1822536	275	true	335.0604291	335.5762708
337.2977629	0.45452929999999014	trials	/intervals/trials	276	start_time	n/a	n/a	n/a	n/a	n/a	n/a	n/a	n/a	n/a	voo	337.3964607	276	true	337.2977629	337.7522922
337.3964607	0.0	cv_transition	/intervals/trials	276	cv_transition_time	n/a	n/a	n/a	n/a	n/a	n/a	n/a	n/a	n/a	voo	337.3964607	276	true	337.2977629	337.7522922
338.2705203	0.5206961000000092	trials	/intervals/trials	277	start_time	n/a	n/a	n/a	n/a	n/a	n/a	n/a	n/a	n/a	noo	338.4053003	277	true	338.2705203	338.7912164
338.4053003	0.0	cv_transition	/intervals/trials	277	cv_transition_time	n/a	n/a	n/a	n/a	n/a	n/a	n/a	n/a	n/a	noo	338.4053003	277	true	338.2705203	338.7912164
339.3966107	0.42427759999998216	trials	/intervals/trials	278	start_time	n/a	n/a	n/a	n/a	n/a	n/a	n/a	n/a	n/a	dee	339.4293088	278	true	339.3966107	339.8208883
339.4293088	0.0	cv_transition	/intervals/trials	278	cv_transition_time	n/a	n/a	n/a	n/a	n/a	n/a	n/a	n/a	n/a	dee	339.4293088	278	true	339.3966107	339.8208883
340.3937569	0.4431647999999768	trials	/intervals/trials	279	start_time	n/a	n/a	n/a	n/a	n/a	n/a	n/a	n/a	n/a	yee	340.4736242	279	true	340.3937569	340.8369217
340.4736242	0.0	cv_transition	/intervals/trials	279	cv_transition_time	n/a	n/a	n/a	n/a	n/a	n/a	n/a	n/a	n/a	yee	340.4736242	279	true	340.3937569	340.8369217
342.0268132	0.4610792999999944	trials	/intervals/trials	280	start_time	n/a	n/a	n/a	n/a	n/a	n/a	n/a	n/a	n/a	koo	342.099387	280	true	342.0268132	342.4878925
342.099387	0.0	cv_transition	/intervals/trials	280	cv_transition_time	n/a	n/a	n/a	n/a	n/a	n/a	n/a	n/a	n/a	koo	342.099387	280	true	342.0268132	342.4878925
343.0240385	0.5299957999999947	trials	/intervals/trials	281	start_time	n/a	n/a	n/a	n/a	n/a	n/a	n/a	n/a	n/a	fee	343.1572951	281	true	343.0240385	343.5540343
343.1572951	0.0	cv_transition	/intervals/trials	281	cv_transition_time	n/a	n/a	n/a	n/a	n/a	n/a	n/a	n/a	n/a	fee	343.1572951	281	true	343.0240385	343.5540343
344.1923233	0.5596165000000042	trials	/intervals/trials	282	start_time	n/a	n/a	n/a	n/a	n/a	n/a	n/a	n/a	n/a	hee	344.3626043	282	true	344.1923233	344.7519398
344.3626043	0.0	cv_transition	/intervals/trials	282	cv_transition_time	n/a	n/a	n/a	n/a	n/a	n/a	n/a	n/a	n/a	hee	344.3626043	282	true	344.1923233	344.7519398
345.2744123	0.4836108000000081	trials	/intervals/trials	283	start_time	n/a	n/a	n/a	n/a	n/a	n/a	n/a	n/a	n/a	vaa	345.3600517	283	true	345.2744123	345.7580231
345.3600517	0.0	cv_transition	/intervals/trials	283	cv_transition_time	n/a	n/a	n/a	n/a	n/a	n/a	n/a	n/a	n/a	vaa	345.3600517	283	true	345.2744123	345.7580231
346.2797759	0.5116775999999845	trials	/intervals/trials	284	start_time	n/a	n/a	n/a	n/a	n/a	n/a	n/a	n/a	n/a	loo	346.4244274	284	true	346.2797759	346.7914535
346.4244274	0.0	cv_transition	/intervals/trials	284	cv_transition_time	n/a	n/a	n/a	n/a	n/a	n/a	n/a	n/a	n/a	loo	346.4244274	284	true	346.2797759	346.7914535
347.4398663	0.5052005999999665	trials	/intervals/trials	285	start_time	n/a	n/a	n/a	n/a	n/a	n/a	n/a	n/a	n/a	hoo	347.5247861	285	true	347.4398663	347.9450669
347.5247861	0.0	cv_transition	/intervals/trials	285	cv_transition_time	n/a	n/a	n/a	n/a	n/a	n/a	n/a	n/a	n/a	hoo	347.5247861	285	true	347.4398663	347.9450669
349.880433	0.4441401000000269	trials	/intervals/trials	286	start_time	n/a	n/a	n/a	n/a	n/a	n/a	n/a	n/a	n/a	kaa	349.918094	286	true	349.880433	350.3245731
349.918094	0.0	cv_transition	/intervals/trials	286	cv_transition_time	n/a	n/a	n/a	n/a	n/a	n/a	n/a	n/a	n/a	kaa	349.918094	286	true	349.880433	350.3245731
350.6966378	0.6337052000000085	trials	/intervals/trials	287	start_time	n/a	n/a	n/a	n/a	n/a	n/a	n/a	n/a	n/a	hoo	350.8647236	287	true	350.6966378	351.330343
350.8647236	0.0	cv_transition	/intervals/trials	287	cv_transition_time	n/a	n/a	n/a	n/a	n/a	n/a	n/a	n/a	n/a	hoo	350.8647236	287	true	350.6966378	351.330343
351.9446454	0.4941382999999746	trials	/intervals/trials	288	start_time	n/a	n/a	n/a	n/a	n/a	n/a	n/a	n/a	n/a	bee	351.9543853	288	true	351.9446454	352.4387837
351.9543853	0.0	cv_transition	/intervals/trials	288	cv_transition_time	n/a	n/a	n/a	n/a	n/a	n/a	n/a	n/a	n/a	bee	351.9543853	288	true	351.9446454	352.4387837
352.891365	0.49608630000000176	trials	/intervals/trials	289	start_time	n/a	n/a	n/a	n/a	n/a	n/a	n/a	n/a	n/a	paa	352.9287057	289	true	352.891365	353.3874513
352.9287057	0.0	cv_transition	/intervals/trials	289	cv_transition_time	n/a	n/a	n/a	n/a	n/a	n/a	n/a	n/a	n/a	paa	352.9287057	289	true	352.891365	353.3874513
353.9056147	0.4904758000000129	trials	/intervals/trials	290	start_time	n/a	n/a	n/a	n/a	n/a	n/a	n/a	n/a	n/a	taa	353.9520609	290	true	353.9056147	354.3960905
353.9520609	0.0	cv_transition	/intervals/trials	290	cv_transition_time	n/a	n/a	n/a	n/a	n/a	n/a	n/a	n/a	n/a	taa	353.9520609	290	true	353.9056147	354.3960905
354.9991648	0.5145561999999586	trials	/intervals/trials	291	start_time	n/a	n/a	n/a	n/a	n/a	n/a	n/a	n/a	n/a	naa	355.0906376	291	true	354.9991648	355.513721
355.0906376	0.0	cv_transition	/intervals/trials	291	cv_transition_time	n/a	n/a	n/a	n/a	n/a	n/a	n/a	n/a	n/a	naa	355.0906376	291	true	354.9991648	355.513721
355.9880083	0.5879294000000073	trials	/intervals/trials	292	start_time	n/a	n/a	n/a	n/a	n/a	n/a	n/a	n/a	n/a	saa	356.1858825	292	true	355.9880083	356.5759377
356.1858825	0.0	cv_transition	/intervals/trials	292	cv_transition_time	n/a	n/a	n/a	n/a	n/a	n/a	n/a	n/a	n/a	saa	356.1858825	292	true	355.9880083	356.5759377
357.0768204	0.6275427000000491	trials	/intervals/trials	293	start_time	n/a	n/a	n/a	n/a	n/a	n/a	n/a	n/a	n/a	shoo	357.3193455	293	true	357.0768204	357.7043631
357.3193455	0.0	cv_transition	/intervals/trials	293	cv_transition_time	n/a	n/a	n/a	n/a	n/a	n/a	n/a	n/a	n/a	shoo	357.3193455	293	true	357.0768204	357.7043631
358.1833849	0.6040649999999914	trials	/intervals/trials	294	start_time	n/a	n/a	n/a	n/a	n/a	n/a	n/a	n/a	n/a	foo	358.3703913	294	true	358.1833849	358.7874499
358.3703913	0.0	cv_transition	/intervals/trials	294	cv_transition_time	n/a	n/a	n/a	n/a	n/a	n/a	n/a	n/a	n/a	foo	358.3703913	294	true	358.1833849	358.7874499
359.3917836	0.4600419999999872	trials	/intervals/trials	295	start_time	n/a	n/a	n/a	n/a	n/a	n/a	n/a	n/a	n/a	daa	359.4067181	295	true	359.3917836	359.8518256
359.4067181	0.0	cv_transition	/intervals/trials	295	cv_transition_time	n/a	n/a	n/a	n/a	n/a	n/a	n/a	n/a	n/a	daa	359.4067181	295	true	359.3917836	359.8518256
360.357983	0.5207606999999825	trials	/intervals/trials	296	start_time	n/a	n/a	n/a	n/a	n/a	n/a	n/a	n/a	n/a	faa	360.4884979	296	true	360.357983	360.8787437
360.4884979	0.0	cv_transition	/intervals/trials	296	cv_transition_time	n/a	n/a	n/a	n/a	n/a	n/a	n/a	n/a	n/a	faa	360.4884979	296	true	360.357983	360.8787437
361.5150848	0.4402440999999726	trials	/intervals/trials	297	start_time	n/a	n/a	n/a	n/a	n/a	n/a	n/a	n/a	n/a	goo	361.5618364	297	true	361.5150848	361.9553289
361.5618364	0.0	cv_transition	/intervals/trials	297	cv_transition_time	n/a	n/a	n/a	n/a	n/a	n/a	n/a	n/a	n/a	goo	361.5618364	297	true	361.5150848	361.9553289
362.5033614	0.48050239999997757	trials	/intervals/trials	298	start_time	n/a	n/a	n/a	n/a	n/a	n/a	n/a	n/a	n/a	mee	362.5786834	298	true	362.5033614	362.9838638
362.5786834	0.0	cv_transition	/intervals/trials	298	cv_transition_time	n/a	n/a	n/a	n/a	n/a	n/a	n/a	n/a	n/a	mee	362.5786834	298	true	362.5033614	362.9838638
363.5013779	0.5895893999999657	trials	/intervals/trials	299	start_time	n/a	n/a	n/a	n/a	n/a	n/a	n/a	n/a	n/a	zaa	363.640334	299	true	363.5013779	364.0909673
363.640334	0.0	cv_transition	/intervals/trials	299	cv_transition_time	n/a	n/a	n/a	n/a	n/a	n/a	n/a	n/a	n/a	zaa	363.640334	299	true	363.5013779	364.0909673
364.5623792	0.6324450000000184	trials	/intervals/trials	300	start_time	n/a	n/a	n/a	n/a	n/a	n/a	n/a	n/a	n/a	see	364.7870465	300	true	364.5623792	365.1948242
364.7870465	0.0	cv_transition	/intervals/trials	300	cv_transition_time	n/a	n/a	n/a	n/a	n/a	n/a	n/a	n/a	n/a	see	364.7870465	300	true	364.5623792	365.1948242
365.8720729	0.5928360999999995	trials	/intervals/trials	301	start_time	n/a	n/a	n/a	n/a	n/a	n/a	n/a	n/a	n/a	zoo	366.0610272	301	true	365.8720729	366.464909
366.0610272	0.0	cv_transition	/intervals/trials	301	cv_transition_time	n/a	n/a	n/a	n/a	n/a	n/a	n/a	n/a	n/a	zoo	366.0610272	301	true	365.8720729	366.464909
367.0415119	0.5084234999999921	trials	/intervals/trials	302	start_time	n/a	n/a	n/a	n/a	n/a	n/a	n/a	n/a	n/a	too	367.1096913	302	true	367.0415119	367.5499354
367.1096913	0.0	cv_transition	/intervals/trials	302	cv_transition_time	n/a	n/a	n/a	n/a	n/a	n/a	n/a	n/a	n/a	too	367.1096913	302	true	367.0415119	367.5499354
368.0765401	0.5019302000000039	trials	/intervals/trials	303	start_time	n/a	n/a	n/a	n/a	n/a	n/a	n/a	n/a	n/a	vee	368.1836791	303	true	368.0765401	368.5784703
368.1836791	0.0	cv_transition	/intervals/trials	303	cv_transition_time	n/a	n/a	n/a	n/a	n/a	n/a	n/a	n/a	n/a	vee	368.1836791	303	true	368.0765401	368.5784703
371.5932983	0.5506297999999674	trials	/intervals/trials	304	start_time	n/a	n/a	n/a	n/a	n/a	n/a	n/a	n/a	n/a	moo	371.7166706	304	true	371.5932983	372.1439281
371.7166706	0.0	cv_transition	/intervals/trials	304	cv_transition_time	n/a	n/a	n/a	n/a	n/a	n/a	n/a	n/a	n/a	moo	371.7166706	304	true	371.5932983	372.1439281
373.7010157	0.5447857999999997	trials	/intervals/trials	305	start_time	n/a	n/a	n/a	n/a	n/a	n/a	n/a	n/a	n/a	nee	373.8386731	305	true	373.7010157	374.2458015
373.8386731	0.0	cv_transition	/intervals/trials	305	cv_transition_time	n/a	n/a	n/a	n/a	n/a	n/a	n/a	n/a	n/a	nee	373.8386731	305	true	373.7010157	374.2458015
374.8801946	0.3805060000000253	trials	/intervals/trials	306	start_time	n/a	n/a	n/a	n/a	n/a	n/a	n/a	n/a	n/a	boo	374.8925318	306	true	374.8801946	375.2607006
374.8925318	0.0	cv_transition	/intervals/trials	306	cv_transition_time	n/a	n/a	n/a	n/a	n/a	n/a	n/a	n/a	n/a	boo	374.8925318	306	true	374.8801946	375.2607006
375.886003	0.4759571999999821	trials	/intervals/trials	307	start_time	n/a	n/a	n/a	n/a	n/a	n/a	n/a	n/a	n/a	laa	376.0022327	307	true	375.886003	376.3619602
376.0022327	0.0	cv_transition	/intervals/trials	307	cv_transition_time	n/a	n/a	n/a	n/a	n/a	n/a	n/a	n/a	n/a	laa	376.0022327	307	true	375.886003	376.3619602
376.9632375	0.4590746000000081	trials	/intervals/trials	308	start_time	n/a	n/a	n/a	n/a	n/a	n/a	n/a	n/a	n/a	maa	377.0567407	308	true	376.9632375	377.4223121
377.0567407	0.0	cv_transition	/intervals/trials	308	cv_transition_time	n/a	n/a	n/a	n/a	n/a	n/a	n/a	n/a	n/a	maa	377.0567407	308	true	376.9632375	377.4223121
377.9859285	0.5980306999999812	trials	/intervals/trials	309	start_time	n/a	n/a	n/a	n/a	n/a	n/a	n/a	n/a	n/a	soo	378.1865707	309	true	377.9859285	378.5839592
378.1865707	0.0	cv_transition	/intervals/trials	309	cv_transition_time	n/a	n/a	n/a	n/a	n/a	n/a	n/a	n/a	n/a	soo	378.1865707	309	true	377.9859285	378.5839592
379.1488742	0.49803429999997206	trials	/intervals/trials	310	start_time	n/a	n/a	n/a	n/a	n/a	n/a	n/a	n/a	n/a	roo	379.2482213	310	true	379.1488742	379.6469085
379.2482213	0.0	cv_transition	/intervals/trials	310	cv_transition_time	n/a	n/a	n/a	n/a	n/a	n/a	n/a	n/a	n/a	roo	379.2482213	310	true	379.1488742	379.6469085
380.3520782	0.4895930000000135	trials	/intervals/trials	311	start_time	n/a	n/a	n/a	n/a	n/a	n/a	n/a	n/a	n/a	tee	380.4202576	311	true	380.3520782	380.8416712
380.4202576	0.0	cv_transition	/intervals/trials	311	cv_transition_time	n/a	n/a	n/a	n/a	n/a	n/a	n/a	n/a	n/a	tee	380.4202576	311	true	380.3520782	380.8416712
381.3481467	0.5454352000000426	trials	/intervals/trials	312	start_time	n/a	n/a	n/a	n/a	n/a	n/a	n/a	n/a	n/a	haa	381.5078813	312	true	381.3481467	381.8935819
381.5078813	0.0	cv_transition	/intervals/trials	312	cv_transition_time	n/a	n/a	n/a	n/a	n/a	n/a	n/a	n/a	n/a	haa	381.5078813	312	true	381.3481467	381.8935819
382.5604414	0.4772557000000006	trials	/intervals/trials	313	start_time	n/a	n/a	n/a	n/a	n/a	n/a	n/a	n/a	n/a	waa	382.678619	313	true	382.5604414	383.0376971
382.678619	0.0	cv_transition	/intervals/trials	313	cv_transition_time	n/a	n/a	n/a	n/a	n/a	n/a	n/a	n/a	n/a	waa	382.678619	313	true	382.5604414	383.0376971
383.6707915	0.4227123000000006	trials	/intervals/trials	314	start_time	n/a	n/a	n/a	n/a	n/a	n/a	n/a	n/a	n/a	pee	383.7071539	314	true	383.6707915	384.0935038
383.7071539	0.0	cv_transition	/intervals/trials	314	cv_transition_time	n/a	n/a	n/a	n/a	n/a	n/a	n/a	n/a	n/a	pee	383.7071539	314	true	383.6707915	384.0935038
384.6597175	0.5038781999999742	trials	/intervals/trials	315	start_time	n/a	n/a	n/a	n/a	n/a	n/a	n/a	n/a	n/a	lee	384.7720511	315	true	384.6597175	385.1635957
384.7720511	0.0	cv_transition	/intervals/trials	315	cv_transition_time	n/a	n/a	n/a	n/a	n/a	n/a	n/a	n/a	n/a	lee	384.7720511	315	true	384.6597175	385.1635957
385.7583797	0.5084236000000146	trials	/intervals/trials	316	start_time	n/a	n/a	n/a	n/a	n/a	n/a	n/a	n/a	n/a	wee	385.8388964	316	true	385.7583797	386.2668033
385.8388964	0.0	cv_transition	/intervals/trials	316	cv_transition_time	n/a	n/a	n/a	n/a	n/a	n/a	n/a	n/a	n/a	wee	385.8388964	316	true	385.7583797	386.2668033
386.8317183	0.449984000000029	trials	/intervals/trials	317	start_time	n/a	n/a	n/a	n/a	n/a	n/a	n/a	n/a	n/a	yaa	386.9031443	317	true	386.8317183	387.2817023
386.9031443	0.0	cv_transition	/intervals/trials	317	cv_transition_time	n/a	n/a	n/a	n/a	n/a	n/a	n/a	n/a	n/a	yaa	386.9031443	317	true	386.8317183	387.2817023
387.949211	0.435698900000034	trials	/intervals/trials	318	start_time	n/a	n/a	n/a	n/a	n/a	n/a	n/a	n/a	n/a	gaa	387.9699895	318	true	387.949211	388.3849099
387.9699895	0.0	cv_transition	/intervals/trials	318	cv_transition_time	n/a	n/a	n/a	n/a	n/a	n/a	n/a	n/a	n/a	gaa	387.9699895	318	true	387.949211	388.3849099
388.8615163	0.6428343000000041	trials	/intervals/trials	319	start_time	n/a	n/a	n/a	n/a	n/a	n/a	n/a	n/a	n/a	shaa	389.0952742	319	true	388.8615163	389.5043506
389.0952742	0.0	cv_transition	/intervals/trials	319	cv_transition_time	n/a	n/a	n/a	n/a	n/a	n/a	n/a	n/a	n/a	shaa	389.0952742	319	true	388.8615163	389.5043506
390.1419903	0.39673920000001317	trials	/intervals/trials	320	start_time	n/a	n/a	n/a	n/a	n/a	n/a	n/a	n/a	n/a	doo	390.1705607	320	true	390.1419903	390.5387295
390.1705607	0.0	cv_transition	/intervals/trials	320	cv_transition_time	n/a	n/a	n/a	n/a	n/a	n/a	n/a	n/a	n/a	doo	390.1705607	320	true	390.1419903	390.5387295
391.1393575	0.48050239999997757	trials	/intervals/trials	321	start_time	n/a	n/a	n/a	n/a	n/a	n/a	n/a	n/a	n/a	woo	391.2549378	321	true	391.1393575	391.6198599
391.2549378	0.0	cv_transition	/intervals/trials	321	cv_transition_time	n/a	n/a	n/a	n/a	n/a	n/a	n/a	n/a	n/a	woo	391.2549378	321	true	391.1393575	391.6198599
392.1886709	0.5545258000000217	trials	/intervals/trials	322	start_time	n/a	n/a	n/a	n/a	n/a	n/a	n/a	n/a	n/a	raa	392.2906153	322	true	392.1886709	392.7431967
392.2906153	0.0	cv_transition	/intervals/trials	322	cv_transition_time	n/a	n/a	n/a	n/a	n/a	n/a	n/a	n/a	n/a	raa	392.2906153	322	true	392.1886709	392.7431967
393.2126605	0.6155625999999756	trials	/intervals/trials	323	start_time	n/a	n/a	n/a	n/a	n/a	n/a	n/a	n/a	n/a	shee	393.4327826	323	true	393.2126605	393.8282231
393.4327826	0.0	cv_transition	/intervals/trials	323	cv_transition_time	n/a	n/a	n/a	n/a	n/a	n/a	n/a	n/a	n/a	shee	393.4327826	323	true	393.2126605	393.8282231
394.7392297	0.5512790999999879	trials	/intervals/trials	324	start_time	n/a	n/a	n/a	n/a	n/a	n/a	n/a	n/a	n/a	yoo	394.852862	324	true	394.7392297	395.2905088
394.852862	0.0	cv_transition	/intervals/trials	324	cv_transition_time	n/a	n/a	n/a	n/a	n/a	n/a	n/a	n/a	n/a	yoo	394.852862	324	true	394.7392297	395.2905088
395.9774974	0.42401089999998476	trials	/intervals/trials	325	start_time	n/a	n/a	n/a	n/a	n/a	n/a	n/a	n/a	n/a	baa	395.9833413	325	true	395.9774974	396.4015083
395.9833413	0.0	cv_transition	/intervals/trials	325	cv_transition_time	n/a	n/a	n/a	n/a	n/a	n/a	n/a	n/a	n/a	baa	395.9833413	325	true	395.9774974	396.4015083
396.9196717	0.544136500000036	trials	/intervals/trials	326	start_time	n/a	n/a	n/a	n/a	n/a	n/a	n/a	n/a	n/a	zee	397.1047301	326	true	396.9196717	397.4638082
397.1047301	0.0	cv_transition	/intervals/trials	326	cv_transition_time	n/a	n/a	n/a	n/a	n/a	n/a	n/a	n/a	n/a	zee	397.1047301	326	true	396.9196717	397.4638082
398.1027466	0.4259589000000119	trials	/intervals/trials	327	start_time	n/a	n/a	n/a	n/a	n/a	n/a	n/a	n/a	n/a	gee	398.129369	327	true	398.1027466	398.5287055
398.129369	0.0	cv_transition	/intervals/trials	327	cv_transition_time	n/a	n/a	n/a	n/a	n/a	n/a	n/a	n/a	n/a	gee	398.129369	327	true	398.1027466	398.5287055
399.0176492	0.44478939999999056	trials	/intervals/trials	328	start_time	n/a	n/a	n/a	n/a	n/a	n/a	n/a	n/a	n/a	kee	399.0884259	328	true	399.0176492	399.4624386
399.0884259	0.0	cv_transition	/intervals/trials	328	cv_transition_time	n/a	n/a	n/a	n/a	n/a	n/a	n/a	n/a	n/a	kee	399.0884259	328	true	399.0176492	399.4624386
399.9838486	0.5019303000000264	trials	/intervals/trials	329	start_time	n/a	n/a	n/a	n/a	n/a	n/a	n/a	n/a	n/a	ree	400.0994289	329	true	399.9838486	400.4857789
400.0994289	0.0	cv_transition	/intervals/trials	329	cv_transition_time	n/a	n/a	n/a	n/a	n/a	n/a	n/a	n/a	n/a	ree	400.0994289	329	true	399.9838486	400.4857789
402.0636449	0.47790509999998676	trials	/intervals/trials	330	start_time	n/a	n/a	n/a	n/a	n/a	n/a	n/a	n/a	n/a	voo	402.1357203	330	true	402.0636449	402.54155
402.1357203	0.0	cv_transition	/intervals/trials	330	cv_transition_time	n/a	n/a	n/a	n/a	n/a	n/a	n/a	n/a	n/a	voo	402.1357203	330	true	402.0636449	402.54155
403.0778946	0.4623213000000419	trials	/intervals/trials	331	start_time	n/a	n/a	n/a	n/a	n/a	n/a	n/a	n/a	n/a	noo	403.1941242	331	true	403.0778946	403.5402159
403.1941242	0.0	cv_transition	/intervals/trials	331	cv_transition_time	n/a	n/a	n/a	n/a	n/a	n/a	n/a	n/a	n/a	noo	403.1941242	331	true	403.0778946	403.5402159
404.1635703	0.44478939999999056	trials	/intervals/trials	332	start_time	n/a	n/a	n/a	n/a	n/a	n/a	n/a	n/a	n/a	dee	404.1862968	332	true	404.1635703	404.6083597
404.1862968	0.0	cv_transition	/intervals/trials	332	cv_transition_time	n/a	n/a	n/a	n/a	n/a	n/a	n/a	n/a	n/a	dee	404.1862968	332	true	404.1635703	404.6083597
405.1473016	0.50257959999999	trials	/intervals/trials	333	start_time	n/a	n/a	n/a	n/a	n/a	n/a	n/a	n/a	n/a	yee	405.223273	333	true	405.1473016	405.6498812
405.223273	0.0	cv_transition	/intervals/trials	333	cv_transition_time	n/a	n/a	n/a	n/a	n/a	n/a	n/a	n/a	n/a	yee	405.223273	333	true	405.1473016	405.6498812
405.8966898510088	1.602560186581627	invalid_times	/intervals/invalid_times	2	start_time	n/a	n/a	n/a	n/a	2	405.8966898510088	407.4992500375904	"[""ECoG artifact""]"	"[{""idx_start"":1238698,""count"":4891,""timeseries"":""/acquisition/ElectricalSeries""}]"	n/a	n/a	n/a	n/a	n/a	n/a
406.1583047	0.40712840000003325	trials	/intervals/trials	334	start_time	n/a	n/a	n/a	n/a	n/a	n/a	n/a	n/a	n/a	koo	406.2102509	334	true	406.1583047	406.5654331
406.2102509	0.0	cv_transition	/intervals/trials	334	cv_transition_time	n/a	n/a	n/a	n/a	n/a	n/a	n/a	n/a	n/a	koo	406.2102509	334	true	406.1583047	406.5654331
407.0972324	0.5454351999999858	trials	/intervals/trials	335	start_time	n/a	n/a	n/a	n/a	n/a	n/a	n/a	n/a	n/a	fee	407.1926836	335	true	407.0972324	407.6426676
407.1926836	0.0	cv_transition	/intervals/trials	335	cv_transition_time	n/a	n/a	n/a	n/a	n/a	n/a	n/a	n/a	n/a	fee	407.1926836	335	true	407.0972324	407.6426676
408.0530426	0.5551750999999854	trials	/intervals/trials	336	start_time	n/a	n/a	n/a	n/a	n/a	n/a	n/a	n/a	n/a	hee	408.1919987	336	true	408.0530426	408.6082177
408.1919987	0.0	cv_transition	/intervals/trials	336	cv_transition_time	n/a	n/a	n/a	n/a	n/a	n/a	n/a	n/a	n/a	hee	408.1919987	336	true	408.0530426	408.6082177
408.23461129322476	0.7851665996415136	invalid_times	/intervals/invalid_times	3	start_time	n/a	n/a	n/a	n/a	3	408.23461129322476	409.0197778928663	"[""ECoG artifact""]"	"[{""idx_start"":1245833,""count"":2396,""timeseries"":""/acquisition/ElectricalSeries""}]"	n/a	n/a	n/a	n/a	n/a	n/a
409.51783133293736	0.12597822307679962	invalid_times	/intervals/invalid_times	4	start_time	n/a	n/a	n/a	n/a	4	409.51783133293736	409.64380955601416	"[""ECoG artifact""]"	"[{""idx_start"":1249749,""count"":384,""timeseries"":""/acquisition/ElectricalSeries""}]"	n/a	n/a	n/a	n/a	n/a	n/a
409.6951921	0.47855440000000726	trials	/intervals/trials	337	start_time	n/a	n/a	n/a	n/a	n/a	n/a	n/a	n/a	n/a	vaa	409.8049285	337	true	409.6951921	410.1737465
409.8049285	0.0	cv_transition	/intervals/trials	337	cv_transition_time	n/a	n/a	n/a	n/a	n/a	n/a	n/a	n/a	n/a	vaa	409.8049285	337	true	409.6951921	410.1737465
410.5439086440022	0.7412449982426779	invalid_times	/intervals/invalid_times	5	start_time	n/a	n/a	n/a	n/a	5	410.5439086440022	411.2851536422449	"[""ECoG artifact""]"	"[{""idx_start"":1252880,""count"":2262,""timeseries"":""/acquisition/ElectricalSeries""}]"	n/a	n/a	n/a	n/a	n/a	n/a
410.650353	0.46361990000002606	trials	/intervals/trials	338	start_time	n/a	n/a	n/a	n/a	n/a	n/a	n/a	n/a	n/a	loo	410.7893091	338	true	410.650353	411.1139729
410.7893091	0.0	cv_transition	/intervals/trials	338	cv_transition_time	n/a	n/a	n/a	n/a	n/a	n/a	n/a	n/a	n/a	loo	410.7893091	338	true	410.650353	411.1139729
411.6574601	0.4084270000000174	trials	/intervals/trials	339	start_time	n/a	n/a	n/a	n/a	n/a	n/a	n/a	n/a	n/a	hoo	411.7282368	339	true	411.6574601	412.0658871
411.7282368	0.0	cv_transition	/intervals/trials	339	cv_transition_time	n/a	n/a	n/a	n/a	n/a	n/a	n/a	n/a	n/a	hoo	411.7282368	339	true	411.6574601	412.0658871
412.6626192	0.42725749999999607	trials	/intervals/trials	340	start_time	n/a	n/a	n/a	n/a	n/a	n/a	n/a	n/a	n/a	kaa	412.7009295	340	true	412.6626192	413.0898767
412.7009295	0.0	cv_transition	/intervals/trials	340	cv_transition_time	n/a	n/a	n/a	n/a	n/a	n/a	n/a	n/a	n/a	kaa	412.7009295	340	true	412.6626192	413.0898767
413.6788169	0.3934924999999794	trials	/intervals/trials	341	start_time	n/a	n/a	n/a	n/a	n/a	n/a	n/a	n/a	n/a	poo	413.7223218	341	true	413.6788169	414.0723094
413.7223218	0.0	cv_transition	/intervals/trials	341	cv_transition_time	n/a	n/a	n/a	n/a	n/a	n/a	n/a	n/a	n/a	poo	413.7223218	341	true	413.6788169	414.0723094
414.6625482	0.37790860000001203	trials	/intervals/trials	342	start_time	n/a	n/a	n/a	n/a	n/a	n/a	n/a	n/a	n/a	bee	414.6774827	342	true	414.6625482	415.0404568
414.6774827	0.0	cv_transition	/intervals/trials	342	cv_transition_time	n/a	n/a	n/a	n/a	n/a	n/a	n/a	n/a	n/a	bee	414.6774827	342	true	414.6625482	415.0404568
415.5761521	0.40647910000001275	trials	/intervals/trials	343	start_time	n/a	n/a	n/a	n/a	n/a	n/a	n/a	n/a	n/a	paa	415.6170597	343	true	415.5761521	415.9826312
415.6170597	0.0	cv_transition	/intervals/trials	343	cv_transition_time	n/a	n/a	n/a	n/a	n/a	n/a	n/a	n/a	n/a	paa	415.6170597	343	true	415.5761521	415.9826312
416.5124825	0.4175175999999965	trials	/intervals/trials	344	start_time	n/a	n/a	n/a	n/a	n/a	n/a	n/a	n/a	n/a	taa	416.5657273	344	true	416.5124825	416.9300001
416.5657273	0.0	cv_transition	/intervals/trials	344	cv_transition_time	n/a	n/a	n/a	n/a	n/a	n/a	n/a	n/a	n/a	taa	416.5657273	344	true	416.5124825	416.9300001
417.4598514	0.4740092000000118	trials	/intervals/trials	345	start_time	n/a	n/a	n/a	n/a	n/a	n/a	n/a	n/a	n/a	naa	417.5578999	345	true	417.4598514	417.9338606
417.5578999	0.0	cv_transition	/intervals/trials	345	cv_transition_time	n/a	n/a	n/a	n/a	n/a	n/a	n/a	n/a	n/a	naa	417.5578999	345	true	417.4598514	417.9338606
418.3189118	0.6298477999999932	trials	/intervals/trials	346	start_time	n/a	n/a	n/a	n/a	n/a	n/a	n/a	n/a	n/a	saa	418.5228007	346	true	418.3189118	418.9487596
418.5228007	0.0	cv_transition	/intervals/trials	346	cv_transition_time	n/a	n/a	n/a	n/a	n/a	n/a	n/a	n/a	n/a	saa	418.5228007	346	true	418.3189118	418.9487596
419.3565373	0.6538729000000103	trials	/intervals/trials	347	start_time	n/a	n/a	n/a	n/a	n/a	n/a	n/a	n/a	n/a	shoo	419.6526307	347	true	419.3565373	420.0104102
419.6526307	0.0	cv_transition	/intervals/trials	347	cv_transition_time	n/a	n/a	n/a	n/a	n/a	n/a	n/a	n/a	n/a	shoo	419.6526307	347	true	419.3565373	420.0104102
420.5220804	0.52465669999998	trials	/intervals/trials	348	start_time	n/a	n/a	n/a	n/a	n/a	n/a	n/a	n/a	n/a	foo	420.6688284	348	true	420.5220804	421.0467371
420.6688284	0.0	cv_transition	/intervals/trials	348	cv_transition_time	n/a	n/a	n/a	n/a	n/a	n/a	n/a	n/a	n/a	foo	420.6688284	348	true	420.5220804	421.0467371
421.5980162	0.42660819999997557	trials	/intervals/trials	349	start_time	n/a	n/a	n/a	n/a	n/a	n/a	n/a	n/a	n/a	daa	421.62334	349	true	421.5980162	422.0246244
421.62334	0.0	cv_transition	/intervals/trials	349	cv_transition_time	n/a	n/a	n/a	n/a	n/a	n/a	n/a	n/a	n/a	daa	421.62334	349	true	421.5980162	422.0246244
422.5200614	0.5006314999999972	trials	/intervals/trials	350	start_time	n/a	n/a	n/a	n/a	n/a	n/a	n/a	n/a	n/a	faa	422.6447323	350	true	422.5200614	423.0206929
422.6447323	0.0	cv_transition	/intervals/trials	350	cv_transition_time	n/a	n/a	n/a	n/a	n/a	n/a	n/a	n/a	n/a	faa	422.6447323	350	true	422.5200614	423.0206929
423.5408043	0.381155299999989	trials	/intervals/trials	351	start_time	n/a	n/a	n/a	n/a	n/a	n/a	n/a	n/a	n/a	goo	423.5784653	351	true	423.5408043	423.9219596
423.5784653	0.0	cv_transition	/intervals/trials	351	cv_transition_time	n/a	n/a	n/a	n/a	n/a	n/a	n/a	n/a	n/a	goo	423.5784653	351	true	423.5408043	423.9219596
424.4771347	0.4402440999999726	trials	/intervals/trials	352	start_time	n/a	n/a	n/a	n/a	n/a	n/a	n/a	n/a	n/a	mee	424.5219383	352	true	424.4771347	424.9173788
424.5219383	0.0	cv_transition	/intervals/trials	352	cv_transition_time	n/a	n/a	n/a	n/a	n/a	n/a	n/a	n/a	n/a	mee	424.5219383	352	true	424.4771347	424.9173788
425.2933395	0.5233579999999733	trials	/intervals/trials	353	start_time	n/a	n/a	n/a	n/a	n/a	n/a	n/a	n/a	n/a	zaa	425.4472301	353	true	425.2933395	425.8166975
425.4472301	0.0	cv_transition	/intervals/trials	353	cv_transition_time	n/a	n/a	n/a	n/a	n/a	n/a	n/a	n/a	n/a	zaa	425.4472301	353	true	425.2933395	425.8166975
426.2660322	0.5720577000000162	trials	/intervals/trials	354	start_time	n/a	n/a	n/a	n/a	n/a	n/a	n/a	n/a	n/a	see	426.487453	354	true	426.2660322	426.8380899
426.487453	0.0	cv_transition	/intervals/trials	354	cv_transition_time	n/a	n/a	n/a	n/a	n/a	n/a	n/a	n/a	n/a	see	426.487453	354	true	426.2660322	426.8380899
427.3530066	0.538292599999977	trials	/intervals/trials	355	start_time	n/a	n/a	n/a	n/a	n/a	n/a	n/a	n/a	n/a	zoo	427.5198838	355	true	427.3530066	427.8912992
427.5198838	0.0	cv_transition	/intervals/trials	355	cv_transition_time	n/a	n/a	n/a	n/a	n/a	n/a	n/a	n/a	n/a	zoo	427.5198838	355	true	427.3530066	427.8912992
428.4568635	0.3999858000000245	trials	/intervals/trials	356	start_time	n/a	n/a	n/a	n/a	n/a	n/a	n/a	n/a	n/a	too	428.5088097	356	true	428.4568635	428.8568493
428.5088097	0.0	cv_transition	/intervals/trials	356	cv_transition_time	n/a	n/a	n/a	n/a	n/a	n/a	n/a	n/a	n/a	too	428.5088097	356	true	428.4568635	428.8568493
429.4308549	0.42141359999999395	trials	/intervals/trials	357	start_time	n/a	n/a	n/a	n/a	n/a	n/a	n/a	n/a	n/a	vee	429.5061769	357	true	429.4308549	429.8522685
429.5061769	0.0	cv_transition	/intervals/trials	357	cv_transition_time	n/a	n/a	n/a	n/a	n/a	n/a	n/a	n/a	n/a	vee	429.5061769	357	true	429.4308549	429.8522685
431.4301346	0.4110243000000082	trials	/intervals/trials	358	start_time	n/a	n/a	n/a	n/a	n/a	n/a	n/a	n/a	n/a	moo	431.528183	358	true	431.4301346	431.8411589
431.528183	0.0	cv_transition	/intervals/trials	358	cv_transition_time	n/a	n/a	n/a	n/a	n/a	n/a	n/a	n/a	n/a	moo	431.528183	358	true	431.4301346	431.8411589
433.4865551	0.47595710000001645	trials	/intervals/trials	359	start_time	n/a	n/a	n/a	n/a	n/a	n/a	n/a	n/a	n/a	nee	433.5975901	359	true	433.4865551	433.9625122
433.5975901	0.0	cv_transition	/intervals/trials	359	cv_transition_time	n/a	n/a	n/a	n/a	n/a	n/a	n/a	n/a	n/a	nee	433.5975901	359	true	433.4865551	433.9625122
434.5534003	0.32531309999995983	trials	/intervals/trials	360	start_time	n/a	n/a	n/a	n/a	n/a	n/a	n/a	n/a	n/a	boo	434.5585949	360	true	434.5534003	434.8787134
434.5585949	0.0	cv_transition	/intervals/trials	360	cv_transition_time	n/a	n/a	n/a	n/a	n/a	n/a	n/a	n/a	n/a	boo	434.5585949	360	true	434.5534003	434.8787134
435.4254473	0.4162189000000467	trials	/intervals/trials	361	start_time	n/a	n/a	n/a	n/a	n/a	n/a	n/a	n/a	n/a	laa	435.529989	361	true	435.4254473	435.8416662
435.529989	0.0	cv_transition	/intervals/trials	361	cv_transition_time	n/a	n/a	n/a	n/a	n/a	n/a	n/a	n/a	n/a	laa	435.529989	361	true	435.4254473	435.8416662
436.3689202	0.43959480000000895	trials	/intervals/trials	362	start_time	n/a	n/a	n/a	n/a	n/a	n/a	n/a	n/a	n/a	maa	436.4345023	362	true	436.3689202	436.808515
436.4345023	0.0	cv_transition	/intervals/trials	362	cv_transition_time	n/a	n/a	n/a	n/a	n/a	n/a	n/a	n/a	n/a	maa	436.4345023	362	true	436.3689202	436.808515
437.1617492	0.5649150000000418	trials	/intervals/trials	363	start_time	n/a	n/a	n/a	n/a	n/a	n/a	n/a	n/a	n/a	soo	437.381222	363	true	437.1617492	437.7266642
437.381222	0.0	cv_transition	/intervals/trials	363	cv_transition_time	n/a	n/a	n/a	n/a	n/a	n/a	n/a	n/a	n/a	soo	437.381222	363	true	437.1617492	437.7266642
438.2526196	0.4740090999999893	trials	/intervals/trials	364	start_time	n/a	n/a	n/a	n/a	n/a	n/a	n/a	n/a	n/a	roo	438.3487201	364	true	438.2526196	438.7266287
438.3487201	0.0	cv_transition	/intervals/trials	364	cv_transition_time	n/a	n/a	n/a	n/a	n/a	n/a	n/a	n/a	n/a	roo	438.3487201	364	true	438.2526196	438.7266287
439.2610253	0.4740092000000118	trials	/intervals/trials	365	start_time	n/a	n/a	n/a	n/a	n/a	n/a	n/a	n/a	n/a	tee	439.3045303	365	true	439.2610253	439.7350345
439.3045303	0.0	cv_transition	/intervals/trials	365	cv_transition_time	n/a	n/a	n/a	n/a	n/a	n/a	n/a	n/a	n/a	tee	439.3045303	365	true	439.2610253	439.7350345
440.0973593	0.4480360000000019	trials	/intervals/trials	366	start_time	n/a	n/a	n/a	n/a	n/a	n/a	n/a	n/a	n/a	haa	440.2207315	366	true	440.0973593	440.5453953
440.2207315	0.0	cv_transition	/intervals/trials	366	cv_transition_time	n/a	n/a	n/a	n/a	n/a	n/a	n/a	n/a	n/a	haa	440.2207315	366	true	440.0973593	440.5453953
441.1401794	0.47465849999997545	trials	/intervals/trials	367	start_time	n/a	n/a	n/a	n/a	n/a	n/a	n/a	n/a	n/a	waa	441.2278386	367	true	441.1401794	441.6148379
441.2278386	0.0	cv_transition	/intervals/trials	367	cv_transition_time	n/a	n/a	n/a	n/a	n/a	n/a	n/a	n/a	n/a	waa	441.2278386	367	true	441.1401794	441.6148379
442.1797529	0.42011490000004414	trials	/intervals/trials	368	start_time	n/a	n/a	n/a	n/a	n/a	n/a	n/a	n/a	n/a	pee	442.2310497	368	true	442.1797529	442.5998678
442.2310497	0.0	cv_transition	/intervals/trials	368	cv_transition_time	n/a	n/a	n/a	n/a	n/a	n/a	n/a	n/a	n/a	pee	442.2310497	368	true	442.1797529	442.5998678
443.1167326	0.5330979000000298	trials	/intervals/trials	369	start_time	n/a	n/a	n/a	n/a	n/a	n/a	n/a	n/a	n/a	lee	443.2446501	369	true	443.1167326	443.6498305
443.2446501	0.0	cv_transition	/intervals/trials	369	cv_transition_time	n/a	n/a	n/a	n/a	n/a	n/a	n/a	n/a	n/a	lee	443.2446501	369	true	443.1167326	443.6498305
444.0965679	0.4818010999999842	trials	/intervals/trials	370	start_time	n/a	n/a	n/a	n/a	n/a	n/a	n/a	n/a	n/a	wee	444.1991617	370	true	444.0965679	444.578369
444.1991617	0.0	cv_transition	/intervals/trials	370	cv_transition_time	n/a	n/a	n/a	n/a	n/a	n/a	n/a	n/a	n/a	wee	444.1991617	370	true	444.0965679	444.578369
445.0497808	0.4642693000000122	trials	/intervals/trials	371	start_time	n/a	n/a	n/a	n/a	n/a	n/a	n/a	n/a	n/a	yaa	445.1160122	371	true	445.0497808	445.5140501
445.1160122	0.0	cv_transition	/intervals/trials	371	cv_transition_time	n/a	n/a	n/a	n/a	n/a	n/a	n/a	n/a	n/a	yaa	445.1160122	371	true	445.0497808	445.5140501
446.1036395	0.41167369999999437	trials	/intervals/trials	372	start_time	n/a	n/a	n/a	n/a	n/a	n/a	n/a	n/a	n/a	gaa	446.1296126	372	true	446.1036395	446.5153132
446.1296126	0.0	cv_transition	/intervals/trials	372	cv_transition_time	n/a	n/a	n/a	n/a	n/a	n/a	n/a	n/a	n/a	gaa	446.1296126	372	true	446.1036395	446.5153132
446.9672452	0.5830962	trials	/intervals/trials	373	start_time	n/a	n/a	n/a	n/a	n/a	n/a	n/a	n/a	n/a	shaa	447.1626928	373	true	446.9672452	447.5503414
447.1626928	0.0	cv_transition	/intervals/trials	373	cv_transition_time	n/a	n/a	n/a	n/a	n/a	n/a	n/a	n/a	n/a	shaa	447.1626928	373	true	446.9672452	447.5503414
448.0756474	0.3999858000000245	trials	/intervals/trials	374	start_time	n/a	n/a	n/a	n/a	n/a	n/a	n/a	n/a	n/a	doo	448.0996725	374	true	448.0756474	448.4756332
448.0996725	0.0	cv_transition	/intervals/trials	374	cv_transition_time	n/a	n/a	n/a	n/a	n/a	n/a	n/a	n/a	n/a	doo	448.0996725	374	true	448.0756474	448.4756332
449.063924	0.4129723000000354	trials	/intervals/trials	375	start_time	n/a	n/a	n/a	n/a	n/a	n/a	n/a	n/a	n/a	woo	449.137298	375	true	449.063924	449.4768963
449.137298	0.0	cv_transition	/intervals/trials	375	cv_transition_time	n/a	n/a	n/a	n/a	n/a	n/a	n/a	n/a	n/a	woo	449.137298	375	true	449.063924	449.4768963
451.7365564	0.48634630000003654	trials	/intervals/trials	376	start_time	n/a	n/a	n/a	n/a	n/a	n/a	n/a	n/a	n/a	raa	451.8404488	376	true	451.7365564	452.2229027
451.8404488	0.0	cv_transition	/intervals/trials	376	cv_transition_time	n/a	n/a	n/a	n/a	n/a	n/a	n/a	n/a	n/a	raa	451.8404488	376	true	451.7365564	452.2229027
452.5670464	0.638289000000043	trials	/intervals/trials	377	start_time	n/a	n/a	n/a	n/a	n/a	n/a	n/a	n/a	n/a	shee	452.8189855	377	true	452.5670464	453.2053354
452.8189855	0.0	cv_transition	/intervals/trials	377	cv_transition_time	n/a	n/a	n/a	n/a	n/a	n/a	n/a	n/a	n/a	shee	452.8189855	377	true	452.5670464	453.2053354
454.0845249	0.4428414999999859	trials	/intervals/trials	378	start_time	n/a	n/a	n/a	n/a	n/a	n/a	n/a	n/a	n/a	yoo	454.1838721	378	true	454.0845249	454.5273664
454.1838721	0.0	cv_transition	/intervals/trials	378	cv_transition_time	n/a	n/a	n/a	n/a	n/a	n/a	n/a	n/a	n/a	yoo	454.1838721	378	true	454.0845249	454.5273664
456.758456	0.4532305999999835	trials	/intervals/trials	379	start_time	n/a	n/a	n/a	n/a	n/a	n/a	n/a	n/a	n/a	baa	456.7642999	379	true	456.758456	457.2116866
456.7642999	0.0	cv_transition	/intervals/trials	379	cv_transition_time	n/a	n/a	n/a	n/a	n/a	n/a	n/a	n/a	n/a	baa	456.7642999	379	true	456.758456	457.2116866
457.8629622	0.5447857999999997	trials	/intervals/trials	380	start_time	n/a	n/a	n/a	n/a	n/a	n/a	n/a	n/a	n/a	zee	458.0460726	380	true	457.8629622	458.407748
458.0460726	0.0	cv_transition	/intervals/trials	380	cv_transition_time	n/a	n/a	n/a	n/a	n/a	n/a	n/a	n/a	n/a	zee	458.0460726	380	true	457.8629622	458.407748
458.9460406	0.4233616000000211	trials	/intervals/trials	381	start_time	n/a	n/a	n/a	n/a	n/a	n/a	n/a	n/a	n/a	gee	459.0038308	381	true	458.9460406	459.3694022
459.0038308	0.0	cv_transition	/intervals/trials	381	cv_transition_time	n/a	n/a	n/a	n/a	n/a	n/a	n/a	n/a	n/a	gee	459.0038308	381	true	458.9460406	459.3694022
459.9486024	0.47660649999994575	trials	/intervals/trials	382	start_time	n/a	n/a	n/a	n/a	n/a	n/a	n/a	n/a	n/a	kee	460.0200285	382	true	459.9486024	460.4252089
460.0200285	0.0	cv_transition	/intervals/trials	382	cv_transition_time	n/a	n/a	n/a	n/a	n/a	n/a	n/a	n/a	n/a	kee	460.0200285	382	true	459.9486024	460.4252089
460.9096073	0.5012808999999834	trials	/intervals/trials	383	start_time	n/a	n/a	n/a	n/a	n/a	n/a	n/a	n/a	n/a	ree	461.0284342	383	true	460.9096073	461.4108882
461.0284342	0.0	cv_transition	/intervals/trials	383	cv_transition_time	n/a	n/a	n/a	n/a	n/a	n/a	n/a	n/a	n/a	ree	461.0284342	383	true	460.9096073	461.4108882
462.9452493	0.41232300000001487	trials	/intervals/trials	384	start_time	n/a	n/a	n/a	n/a	n/a	n/a	n/a	n/a	n/a	voo	462.9939488	384	true	462.9452493	463.3575723
462.9939488	0.0	cv_transition	/intervals/trials	384	cv_transition_time	n/a	n/a	n/a	n/a	n/a	n/a	n/a	n/a	n/a	voo	462.9939488	384	true	462.9452493	463.3575723
463.8452173	0.48829430000000684	trials	/intervals/trials	385	start_time	n/a	n/a	n/a	n/a	n/a	n/a	n/a	n/a	n/a	noo	463.9750828	385	true	463.8452173	464.3335116
463.9750828	0.0	cv_transition	/intervals/trials	385	cv_transition_time	n/a	n/a	n/a	n/a	n/a	n/a	n/a	n/a	n/a	noo	463.9750828	385	true	463.8452173	464.3335116
464.8769988	0.43310149999996383	trials	/intervals/trials	386	start_time	n/a	n/a	n/a	n/a	n/a	n/a	n/a	n/a	n/a	dee	464.9036213	386	true	464.8769988	465.3101003
464.9036213	0.0	cv_transition	/intervals/trials	386	cv_transition_time	n/a	n/a	n/a	n/a	n/a	n/a	n/a	n/a	n/a	dee	464.9036213	386	true	464.8769988	465.3101003
465.8100826	0.5434872000000155	trials	/intervals/trials	387	start_time	n/a	n/a	n/a	n/a	n/a	n/a	n/a	n/a	n/a	yee	465.9380001	387	true	465.8100826	466.3535698
465.9380001	0.0	cv_transition	/intervals/trials	387	cv_transition_time	n/a	n/a	n/a	n/a	n/a	n/a	n/a	n/a	n/a	yee	465.9380001	387	true	465.8100826	466.3535698
466.8555	0.3623248000000103	trials	/intervals/trials	388	start_time	n/a	n/a	n/a	n/a	n/a	n/a	n/a	n/a	n/a	koo	466.9132902	388	true	466.8555	467.2178248
466.9132902	0.0	cv_transition	/intervals/trials	388	cv_transition_time	n/a	n/a	n/a	n/a	n/a	n/a	n/a	n/a	n/a	koo	466.9132902	388	true	466.8555	467.2178248
467.7392349	0.5279032999999913	trials	/intervals/trials	389	start_time	n/a	n/a	n/a	n/a	n/a	n/a	n/a	n/a	n/a	fee	467.9061121	389	true	467.7392349	468.2671382
467.9061121	0.0	cv_transition	/intervals/trials	389	cv_transition_time	n/a	n/a	n/a	n/a	n/a	n/a	n/a	n/a	n/a	fee	467.9061121	389	true	467.7392349	468.2671382
468.7093303	0.5642657000000213	trials	/intervals/trials	390	start_time	n/a	n/a	n/a	n/a	n/a	n/a	n/a	n/a	n/a	hee	468.8807528	390	true	468.7093303	469.273596
468.8807528	0.0	cv_transition	/intervals/trials	390	cv_transition_time	n/a	n/a	n/a	n/a	n/a	n/a	n/a	n/a	n/a	hee	468.8807528	390	true	468.7093303	469.273596
469.7904607	0.4415428000000361	trials	/intervals/trials	391	start_time	n/a	n/a	n/a	n/a	n/a	n/a	n/a	n/a	n/a	vaa	469.8833146	391	true	469.7904607	470.2320035
469.8833146	0.0	cv_transition	/intervals/trials	391	cv_transition_time	n/a	n/a	n/a	n/a	n/a	n/a	n/a	n/a	n/a	vaa	469.8833146	391	true	469.7904607	470.2320035
470.661209	0.4616718999999989	trials	/intervals/trials	392	start_time	n/a	n/a	n/a	n/a	n/a	n/a	n/a	n/a	n/a	loo	470.8508127	392	true	470.661209	471.1228809
470.8508127	0.0	cv_transition	/intervals/trials	392	cv_transition_time	n/a	n/a	n/a	n/a	n/a	n/a	n/a	n/a	n/a	loo	470.8508127	392	true	470.661209	471.1228809
471.8046749	0.36687009999997144	trials	/intervals/trials	393	start_time	n/a	n/a	n/a	n/a	n/a	n/a	n/a	n/a	n/a	hoo	471.8871395	393	true	471.8046749	472.171545
471.8871395	0.0	cv_transition	/intervals/trials	393	cv_transition_time	n/a	n/a	n/a	n/a	n/a	n/a	n/a	n/a	n/a	hoo	471.8871395	393	true	471.8046749	472.171545
472.845547	0.38829789999999775	trials	/intervals/trials	394	start_time	n/a	n/a	n/a	n/a	n/a	n/a	n/a	n/a	n/a	kaa	472.8819094	394	true	472.845547	473.2338449
472.8819094	0.0	cv_transition	/intervals/trials	394	cv_transition_time	n/a	n/a	n/a	n/a	n/a	n/a	n/a	n/a	n/a	kaa	472.8819094	394	true	472.845547	473.2338449
473.8481089	0.3389490000000137	trials	/intervals/trials	395	start_time	n/a	n/a	n/a	n/a	n/a	n/a	n/a	n/a	n/a	poo	473.8786272	395	true	473.8481089	474.1870579
473.8786272	0.0	cv_transition	/intervals/trials	395	cv_transition_time	n/a	n/a	n/a	n/a	n/a	n/a	n/a	n/a	n/a	poo	473.8786272	395	true	473.8481089	474.1870579
474.8974222	0.4434908000000064	trials	/intervals/trials	396	start_time	n/a	n/a	n/a	n/a	n/a	n/a	n/a	n/a	n/a	bee	474.91885	396	true	474.8974222	475.340913
474.91885	0.0	cv_transition	/intervals/trials	396	cv_transition_time	n/a	n/a	n/a	n/a	n/a	n/a	n/a	n/a	n/a	bee	474.91885	396	true	474.8974222	475.340913
475.8376486	0.398687099999961	trials	/intervals/trials	397	start_time	n/a	n/a	n/a	n/a	n/a	n/a	n/a	n/a	n/a	paa	475.8636217	397	true	475.8376486	476.2363357
475.8636217	0.0	cv_transition	/intervals/trials	397	cv_transition_time	n/a	n/a	n/a	n/a	n/a	n/a	n/a	n/a	n/a	paa	475.8636217	397	true	475.8376486	476.2363357
476.9505961	0.43115349999999353	trials	/intervals/trials	398	start_time	n/a	n/a	n/a	n/a	n/a	n/a	n/a	n/a	n/a	taa	477.0070876	398	true	476.9505961	477.3817496
477.0070876	0.0	cv_transition	/intervals/trials	398	cv_transition_time	n/a	n/a	n/a	n/a	n/a	n/a	n/a	n/a	n/a	taa	477.0070876	398	true	476.9505961	477.3817496
477.9278341	0.488943699999993	trials	/intervals/trials	399	start_time	n/a	n/a	n/a	n/a	n/a	n/a	n/a	n/a	n/a	naa	478.0330252	399	true	477.9278341	478.4167778
478.0330252	0.0	cv_transition	/intervals/trials	399	cv_transition_time	n/a	n/a	n/a	n/a	n/a	n/a	n/a	n/a	n/a	naa	478.0330252	399	true	477.9278341	478.4167778
478.8797484	0.5590710000000172	trials	/intervals/trials	400	start_time	n/a	n/a	n/a	n/a	n/a	n/a	n/a	n/a	n/a	saa	479.0849359	400	true	478.8797484	479.4388194
479.0849359	0.0	cv_transition	/intervals/trials	400	cv_transition_time	n/a	n/a	n/a	n/a	n/a	n/a	n/a	n/a	n/a	saa	479.0849359	400	true	478.8797484	479.4388194
480.0556806	0.538292599999977	trials	/intervals/trials	401	start_time	n/a	n/a	n/a	n/a	n/a	n/a	n/a	n/a	n/a	shoo	480.2673614	401	true	480.0556806	480.5939732
480.2673614	0.0	cv_transition	/intervals/trials	401	cv_transition_time	n/a	n/a	n/a	n/a	n/a	n/a	n/a	n/a	n/a	shoo	480.2673614	401	true	480.0556806	480.5939732
481.2413528	0.4759570999999596	trials	/intervals/trials	402	start_time	n/a	n/a	n/a	n/a	n/a	n/a	n/a	n/a	n/a	foo	481.3906982	402	true	481.2413528	481.7173099
481.3906982	0.0	cv_transition	/intervals/trials	402	cv_transition_time	n/a	n/a	n/a	n/a	n/a	n/a	n/a	n/a	n/a	foo	481.3906982	402	true	481.2413528	481.7173099
482.3237819	0.40712840000003325	trials	/intervals/trials	403	start_time	n/a	n/a	n/a	n/a	n/a	n/a	n/a	n/a	n/a	daa	482.3452097	403	true	482.3237819	482.7309103
482.3452097	0.0	cv_transition	/intervals/trials	403	cv_transition_time	n/a	n/a	n/a	n/a	n/a	n/a	n/a	n/a	n/a	daa	482.3452097	403	true	482.3237819	482.7309103
483.2445284	0.4876451000000088	trials	/intervals/trials	404	start_time	n/a	n/a	n/a	n/a	n/a	n/a	n/a	n/a	n/a	faa	483.3523168	404	true	483.2445284	483.7321735
483.3523168	0.0	cv_transition	/intervals/trials	404	cv_transition_time	n/a	n/a	n/a	n/a	n/a	n/a	n/a	n/a	n/a	faa	483.3523168	404	true	483.2445284	483.7321735
484.3373468	0.37076600000000326	trials	/intervals/trials	405	start_time	n/a	n/a	n/a	n/a	n/a	n/a	n/a	n/a	n/a	goo	484.3769558	405	true	484.3373468	484.7081128
484.3769558	0.0	cv_transition	/intervals/trials	405	cv_transition_time	n/a	n/a	n/a	n/a	n/a	n/a	n/a	n/a	n/a	goo	484.3769558	405	true	484.3373468	484.7081128
485.324974	0.46361990000002606	trials	/intervals/trials	406	start_time	n/a	n/a	n/a	n/a	n/a	n/a	n/a	n/a	n/a	mee	485.3671803	406	true	485.324974	485.7885939
485.3671803	0.0	cv_transition	/intervals/trials	406	cv_transition_time	n/a	n/a	n/a	n/a	n/a	n/a	n/a	n/a	n/a	mee	485.3671803	406	true	485.324974	485.7885939
486.2457206	0.4967355999999654	trials	/intervals/trials	407	start_time	n/a	n/a	n/a	n/a	n/a	n/a	n/a	n/a	n/a	zaa	486.3729888	407	true	486.2457206	486.7424562
486.3729888	0.0	cv_transition	/intervals/trials	407	cv_transition_time	n/a	n/a	n/a	n/a	n/a	n/a	n/a	n/a	n/a	zaa	486.3729888	407	true	486.2457206	486.7424562
487.2859434	0.5441364999999792	trials	/intervals/trials	408	start_time	n/a	n/a	n/a	n/a	n/a	n/a	n/a	n/a	n/a	see	487.4606125	408	true	487.2859434	487.8300799
487.4606125	0.0	cv_transition	/intervals/trials	408	cv_transition_time	n/a	n/a	n/a	n/a	n/a	n/a	n/a	n/a	n/a	see	487.4606125	408	true	487.2859434	487.8300799
488.3105823	0.5181633999999917	trials	/intervals/trials	409	start_time	n/a	n/a	n/a	n/a	n/a	n/a	n/a	n/a	n/a	zoo	488.4631743	409	true	488.3105823	488.8287457
488.4631743	0.0	cv_transition	/intervals/trials	409	cv_transition_time	n/a	n/a	n/a	n/a	n/a	n/a	n/a	n/a	n/a	zoo	488.4631743	409	true	488.3105823	488.8287457
489.4248285	0.39868710000001784	trials	/intervals/trials	410	start_time	n/a	n/a	n/a	n/a	n/a	n/a	n/a	n/a	n/a	too	489.4832679	410	true	489.4248285	489.8235156
489.4832679	0.0	cv_transition	/intervals/trials	410	cv_transition_time	n/a	n/a	n/a	n/a	n/a	n/a	n/a	n/a	n/a	too	489.4832679	410	true	489.4248285	489.8235156
490.422845	0.43504940000002534	trials	/intervals/trials	411	start_time	n/a	n/a	n/a	n/a	n/a	n/a	n/a	n/a	n/a	vee	490.4910244	411	true	490.422845	490.8578944
490.4910244	0.0	cv_transition	/intervals/trials	411	cv_transition_time	n/a	n/a	n/a	n/a	n/a	n/a	n/a	n/a	n/a	vee	490.4910244	411	true	490.422845	490.8578944
492.6286108	0.38375260000003664	trials	/intervals/trials	412	start_time	n/a	n/a	n/a	n/a	n/a	n/a	n/a	n/a	n/a	moo	492.7338019	412	true	492.6286108	493.0123634
492.7338019	0.0	cv_transition	/intervals/trials	412	cv_transition_time	n/a	n/a	n/a	n/a	n/a	n/a	n/a	n/a	n/a	moo	492.7338019	412	true	492.6286108	493.0123634
494.5460752	0.4837489999999889	trials	/intervals/trials	413	start_time	n/a	n/a	n/a	n/a	n/a	n/a	n/a	n/a	n/a	nee	494.6662008	413	true	494.5460752	495.0298242
494.6662008	0.0	cv_transition	/intervals/trials	413	cv_transition_time	n/a	n/a	n/a	n/a	n/a	n/a	n/a	n/a	n/a	nee	494.6662008	413	true	494.5460752	495.0298242
495.5291571	0.3116772999999853	trials	/intervals/trials	414	start_time	n/a	n/a	n/a	n/a	n/a	n/a	n/a	n/a	n/a	boo	495.5343518	414	true	495.5291571	495.8408344
495.5343518	0.0	cv_transition	/intervals/trials	414	cv_transition_time	n/a	n/a	n/a	n/a	n/a	n/a	n/a	n/a	n/a	boo	495.5343518	414	true	495.5291571	495.8408344
496.3726337	0.4045310999999856	trials	/intervals/trials	415	start_time	n/a	n/a	n/a	n/a	n/a	n/a	n/a	n/a	n/a	laa	496.4752274	415	true	496.3726337	496.7771648
496.4752274	0.0	cv_transition	/intervals/trials	415	cv_transition_time	n/a	n/a	n/a	n/a	n/a	n/a	n/a	n/a	n/a	laa	496.4752274	415	true	496.3726337	496.7771648
497.2732511	0.4486853000000224	trials	/intervals/trials	416	start_time	n/a	n/a	n/a	n/a	n/a	n/a	n/a	n/a	n/a	maa	497.3706502	416	true	497.2732511	497.7219364
497.3706502	0.0	cv_transition	/intervals/trials	416	cv_transition_time	n/a	n/a	n/a	n/a	n/a	n/a	n/a	n/a	n/a	maa	497.3706502	416	true	497.2732511	497.7219364
498.0491975	0.5298513000000185	trials	/intervals/trials	417	start_time	n/a	n/a	n/a	n/a	n/a	n/a	n/a	n/a	n/a	soo	498.2634756	417	true	498.0491975	498.5790488
498.2634756	0.0	cv_transition	/intervals/trials	417	cv_transition_time	n/a	n/a	n/a	n/a	n/a	n/a	n/a	n/a	n/a	soo	498.2634756	417	true	498.0491975	498.5790488
499.0783818	0.36881800000003295	trials	/intervals/trials	418	start_time	n/a	n/a	n/a	n/a	n/a	n/a	n/a	n/a	n/a	roo	499.1907154	418	true	499.0783818	499.4471998
499.1907154	0.0	cv_transition	/intervals/trials	418	cv_transition_time	n/a	n/a	n/a	n/a	n/a	n/a	n/a	n/a	n/a	roo	499.1907154	418	true	499.0783818	499.4471998
500.0504252	0.4733597999999688	trials	/intervals/trials	419	start_time	n/a	n/a	n/a	n/a	n/a	n/a	n/a	n/a	n/a	tee	500.1647068	419	true	500.0504252	500.523785
500.1647068	0.0	cv_transition	/intervals/trials	419	cv_transition_time	n/a	n/a	n/a	n/a	n/a	n/a	n/a	n/a	n/a	tee	500.1647068	419	true	500.0504252	500.523785
500.9666264	0.35323420000003125	trials	/intervals/trials	420	start_time	n/a	n/a	n/a	n/a	n/a	n/a	n/a	n/a	n/a	haa	501.1114265	420	true	500.9666264	501.3198606
501.1114265	0.0	cv_transition	/intervals/trials	420	cv_transition_time	n/a	n/a	n/a	n/a	n/a	n/a	n/a	n/a	n/a	haa	501.1114265	420	true	500.9666264	501.3198606
501.9652922	0.41102439999997387	trials	/intervals/trials	421	start_time	n/a	n/a	n/a	n/a	n/a	n/a	n/a	n/a	n/a	waa	502.0503542	421	true	501.9652922	502.3763166
502.0503542	0.0	cv_transition	/intervals/trials	421	cv_transition_time	n/a	n/a	n/a	n/a	n/a	n/a	n/a	n/a	n/a	waa	502.0503542	421	true	501.9652922	502.3763166
503.9730131	0.45972399999999425	trials	/intervals/trials	422	start_time	n/a	n/a	n/a	n/a	n/a	n/a	n/a	n/a	n/a	pee	504.0398939	422	true	503.9730131	504.4327371
504.0398939	0.0	cv_transition	/intervals/trials	422	cv_transition_time	n/a	n/a	n/a	n/a	n/a	n/a	n/a	n/a	n/a	pee	504.0398939	422	true	503.9730131	504.4327371
504.971679	0.5279032999999913	trials	/intervals/trials	423	start_time	n/a	n/a	n/a	n/a	n/a	n/a	n/a	n/a	n/a	lee	505.0742727	423	true	504.971679	505.4995823
505.0742727	0.0	cv_transition	/intervals/trials	423	cv_transition_time	n/a	n/a	n/a	n/a	n/a	n/a	n/a	n/a	n/a	lee	505.0742727	423	true	504.971679	505.4995823
506.3092938	0.6123158999999987	trials	/intervals/trials	424	start_time	n/a	n/a	n/a	n/a	n/a	n/a	n/a	n/a	n/a	wee	506.4495486	424	true	506.3092938	506.9216097
506.4495486	0.0	cv_transition	/intervals/trials	424	cv_transition_time	n/a	n/a	n/a	n/a	n/a	n/a	n/a	n/a	n/a	wee	506.4495486	424	true	506.3092938	506.9216097
507.3806844	0.49154090000001815	trials	/intervals/trials	425	start_time	n/a	n/a	n/a	n/a	n/a	n/a	n/a	n/a	n/a	yaa	507.4787328	425	true	507.3806844	507.8722253
507.4787328	0.0	cv_transition	/intervals/trials	425	cv_transition_time	n/a	n/a	n/a	n/a	n/a	n/a	n/a	n/a	n/a	yaa	507.4787328	425	true	507.3806844	507.8722253
508.5027224	0.4623213000000419	trials	/intervals/trials	426	start_time	n/a	n/a	n/a	n/a	n/a	n/a	n/a	n/a	n/a	gaa	508.5228516	426	true	508.5027224	508.9650437
508.5228516	0.0	cv_transition	/intervals/trials	426	cv_transition_time	n/a	n/a	n/a	n/a	n/a	n/a	n/a	n/a	n/a	gaa	508.5228516	426	true	508.5027224	508.9650437
509.4325595	0.6136145999999485	trials	/intervals/trials	427	start_time	n/a	n/a	n/a	n/a	n/a	n/a	n/a	n/a	n/a	shaa	509.6351498	427	true	509.4325595	510.0461741
509.6351498	0.0	cv_transition	/intervals/trials	427	cv_transition_time	n/a	n/a	n/a	n/a	n/a	n/a	n/a	n/a	n/a	shaa	509.6351498	427	true	509.4325595	510.0461741
510.8123807	0.39738849999997683	trials	/intervals/trials	428	start_time	n/a	n/a	n/a	n/a	n/a	n/a	n/a	n/a	n/a	doo	510.8403018	428	true	510.8123807	511.2097692
510.8403018	0.0	cv_transition	/intervals/trials	428	cv_transition_time	n/a	n/a	n/a	n/a	n/a	n/a	n/a	n/a	n/a	doo	510.8403018	428	true	510.8123807	511.2097692
511.8831219	0.39998579999996764	trials	/intervals/trials	429	start_time	n/a	n/a	n/a	n/a	n/a	n/a	n/a	n/a	n/a	woo	511.9564959	429	true	511.8831219	512.2831077
511.9564959	0.0	cv_transition	/intervals/trials	429	cv_transition_time	n/a	n/a	n/a	n/a	n/a	n/a	n/a	n/a	n/a	woo	511.9564959	429	true	511.8831219	512.2831077
516.0	6.0	epochs	/intervals/epochs	0	start_time	0	rest_period	516.0	522.0	n/a	n/a	n/a	n/a	n/a	n/a	n/a	n/a	n/a	n/a	n/a
