onset	duration	trial_type	source_table	source_row	source_onset_column	nwb_epochs_id	nwb_epochs_label	nwb_epochs_start_time	nwb_epochs_stop_time	nwb_invalid_times_id	nwb_invalid_times_start_time	nwb_invalid_times_stop_time	nwb_invalid_times_tags	nwb_invalid_times_timeseries	nwb_trials_condition	nwb_trials_cv_transition_time	nwb_trials_id	nwb_trials_speak	nwb_trials_start_time	nwb_trials_stop_time
8.3839923	0.5393434000000017	trials	/intervals/trials	0	start_time	n/a	n/a	n/a	n/a	n/a	n/a	n/a	n/a	n/a	raa	8.5671655	0	true	8.3839923	8.9233357
8.5671655	0.0	cv_transition	/intervals/trials	0	cv_transition_time	n/a	n/a	n/a	n/a	n/a	n/a	n/a	n/a	n/a	raa	8.5671655	0	true	8.3839923	8.9233357
9.3469238	0.5736884999999994	trials	/intervals/trials	1	start_time	n/a	n/a	n/a	n/a	n/a	n/a	n/a	n/a	n/a	shee	9.5733463	1	true	9.3469238	9.9206123
9.5733463	0.0	cv_transition	/intervals/trials	1	cv_transition_time	n/a	n/a	n/a	n/a	n/a	n/a	n/a	n/a	n/a	shee	9.5733463	1	true	9.3469238	9.9206123
10.0	55.0	epochs	/intervals/epochs	0	start_time	0	rest_period	10.0	65.0	n/a	n/a	n/a	n/a	n/a	n/a	n/a	n/a	n/a	n/a	n/a
10.4408752	0.5100865999999993	trials	/intervals/trials	2	start_time	n/a	n/a	n/a	n/a	n/a	n/a	n/a	n/a	n/a	yoo	10.5718949	2	true	10.4408752	10.9509618
10.5718949	0.0	cv_transition	/intervals/trials	2	cv_transition_time	n/a	n/a	n/a	n/a	n/a	n/a	n/a	n/a	n/a	yoo	10.5718949	2	true	10.4408752	10.9509618
11.5424588	0.33708959999999877	trials	/intervals/trials	3	start_time	n/a	n/a	n/a	n/a	n/a	n/a	n/a	n/a	n/a	baa	11.550091	3	true	11.5424588	11.8795484
11.550091	0.0	cv_transition	/intervals/trials	3	cv_transition_time	n/a	n/a	n/a	n/a	n/a	n/a	n/a	n/a	n/a	baa	11.550091	3	true	11.5424588	11.8795484
12.6987399	0.6042173000000002	trials	/intervals/trials	4	start_time	n/a	n/a	n/a	n/a	n/a	n/a	n/a	n/a	n/a	zee	12.9175302	4	true	12.6987399	13.3029572
12.9175302	0.0	cv_transition	/intervals/trials	4	cv_transition_time	n/a	n/a	n/a	n/a	n/a	n/a	n/a	n/a	n/a	zee	12.9175302	4	true	12.6987399	13.3029572
13.7723387	0.4235880999999999	trials	/intervals/trials	5	start_time	n/a	n/a	n/a	n/a	n/a	n/a	n/a	n/a	n/a	gee	13.853749	5	true	13.7723387	14.1959268
13.853749	0.0	cv_transition	/intervals/trials	5	cv_transition_time	n/a	n/a	n/a	n/a	n/a	n/a	n/a	n/a	n/a	gee	13.853749	5	true	13.7723387	14.1959268
14.7416304	0.39814739999999915	trials	/intervals/trials	6	start_time	n/a	n/a	n/a	n/a	n/a	n/a	n/a	n/a	n/a	kee	14.8192247	6	true	14.7416304	15.1397778
14.8192247	0.0	cv_transition	/intervals/trials	6	cv_transition_time	n/a	n/a	n/a	n/a	n/a	n/a	n/a	n/a	n/a	kee	14.8192247	6	true	14.7416304	15.1397778
15.6803933	0.422316099999998	trials	/intervals/trials	7	start_time	n/a	n/a	n/a	n/a	n/a	n/a	n/a	n/a	n/a	ree	15.7707079	7	true	15.6803933	16.1027094
15.7707079	0.0	cv_transition	/intervals/trials	7	cv_transition_time	n/a	n/a	n/a	n/a	n/a	n/a	n/a	n/a	n/a	ree	15.7707079	7	true	15.6803933	16.1027094
17.6965711	0.47701370000000054	trials	/intervals/trials	8	start_time	n/a	n/a	n/a	n/a	n/a	n/a	n/a	n/a	n/a	voo	17.7945179	8	true	17.6965711	18.1735848
17.7945179	0.0	cv_transition	/intervals/trials	8	cv_transition_time	n/a	n/a	n/a	n/a	n/a	n/a	n/a	n/a	n/a	voo	17.7945179	8	true	17.6965711	18.1735848
18.5590118	0.48082979999999864	trials	/intervals/trials	9	start_time	n/a	n/a	n/a	n/a	n/a	n/a	n/a	n/a	n/a	noo	18.670951	9	true	18.5590118	19.0398416
18.670951	0.0	cv_transition	/intervals/trials	9	cv_transition_time	n/a	n/a	n/a	n/a	n/a	n/a	n/a	n/a	n/a	noo	18.670951	9	true	18.5590118	19.0398416
19.4774221	0.38542710000000113	trials	/intervals/trials	10	start_time	n/a	n/a	n/a	n/a	n/a	n/a	n/a	n/a	n/a	dee	19.4990468	10	true	19.4774221	19.8628492
19.4990468	0.0	cv_transition	/intervals/trials	10	cv_transition_time	n/a	n/a	n/a	n/a	n/a	n/a	n/a	n/a	n/a	dee	19.4990468	10	true	19.4774221	19.8628492
20.3513112	0.45666109999999804	trials	/intervals/trials	11	start_time	n/a	n/a	n/a	n/a	n/a	n/a	n/a	n/a	n/a	yee	20.4365376	11	true	20.3513112	20.8079723
20.4365376	0.0	cv_transition	/intervals/trials	11	cv_transition_time	n/a	n/a	n/a	n/a	n/a	n/a	n/a	n/a	n/a	yee	20.4365376	11	true	20.3513112	20.8079723
21.4694312	0.4452128000000002	trials	/intervals/trials	12	start_time	n/a	n/a	n/a	n/a	n/a	n/a	n/a	n/a	n/a	koo	21.5775543	12	true	21.4694312	21.914644
21.5775543	0.0	cv_transition	/intervals/trials	12	cv_transition_time	n/a	n/a	n/a	n/a	n/a	n/a	n/a	n/a	n/a	koo	21.5775543	12	true	21.4694312	21.914644
22.3433203	0.47319750000000127	trials	/intervals/trials	13	start_time	n/a	n/a	n/a	n/a	n/a	n/a	n/a	n/a	n/a	fee	22.4997808	13	true	22.3433203	22.8165178
22.4997808	0.0	cv_transition	/intervals/trials	13	cv_transition_time	n/a	n/a	n/a	n/a	n/a	n/a	n/a	n/a	n/a	fee	22.4997808	13	true	22.3433203	22.8165178
24.6507944	0.5202629000000023	trials	/intervals/trials	14	start_time	n/a	n/a	n/a	n/a	n/a	n/a	n/a	n/a	n/a	hee	24.8174312	14	true	24.6507944	25.1710573
24.8174312	0.0	cv_transition	/intervals/trials	14	cv_transition_time	n/a	n/a	n/a	n/a	n/a	n/a	n/a	n/a	n/a	hee	24.8174312	14	true	24.6507944	25.1710573
25.6735117	0.40577960000000246	trials	/intervals/trials	15	start_time	n/a	n/a	n/a	n/a	n/a	n/a	n/a	n/a	n/a	vaa	25.754922	15	true	25.6735117	26.0792913
25.754922	0.0	cv_transition	/intervals/trials	15	cv_transition_time	n/a	n/a	n/a	n/a	n/a	n/a	n/a	n/a	n/a	vaa	25.754922	15	true	25.6735117	26.0792913
26.5512169	0.4910059999999987	trials	/intervals/trials	16	start_time	n/a	n/a	n/a	n/a	n/a	n/a	n/a	n/a	n/a	loo	26.6682442	16	true	26.5512169	27.0422229
26.6682442	0.0	cv_transition	/intervals/trials	16	cv_transition_time	n/a	n/a	n/a	n/a	n/a	n/a	n/a	n/a	n/a	loo	26.6682442	16	true	26.5512169	27.0422229
27.3525998	0.5635121999999981	trials	/intervals/trials	17	start_time	n/a	n/a	n/a	n/a	n/a	n/a	n/a	n/a	n/a	hoo	27.5192366	17	true	27.3525998	27.916112
27.5192366	0.0	cv_transition	/intervals/trials	17	cv_transition_time	n/a	n/a	n/a	n/a	n/a	n/a	n/a	n/a	n/a	hoo	27.5192366	17	true	27.3525998	27.916112
28.3740451	0.47065350000000095	trials	/intervals/trials	18	start_time	n/a	n/a	n/a	n/a	n/a	n/a	n/a	n/a	n/a	kaa	28.4605436	18	true	28.3740451	28.8446986
28.4605436	0.0	cv_transition	/intervals/trials	18	cv_transition_time	n/a	n/a	n/a	n/a	n/a	n/a	n/a	n/a	n/a	kaa	28.4605436	18	true	28.3740451	28.8446986
29.454004	0.4731975999999989	trials	/intervals/trials	19	start_time	n/a	n/a	n/a	n/a	n/a	n/a	n/a	n/a	n/a	poo	29.5087016	19	true	29.454004	29.9272016
29.5087016	0.0	cv_transition	/intervals/trials	19	cv_transition_time	n/a	n/a	n/a	n/a	n/a	n/a	n/a	n/a	n/a	poo	29.5087016	19	true	29.454004	29.9272016
30.3749584	0.40069150000000064	trials	/intervals/trials	20	start_time	n/a	n/a	n/a	n/a	n/a	n/a	n/a	n/a	n/a	bee	30.3838627	20	true	30.3749584	30.7756499
30.3838627	0.0	cv_transition	/intervals/trials	20	cv_transition_time	n/a	n/a	n/a	n/a	n/a	n/a	n/a	n/a	n/a	bee	30.3838627	20	true	30.3749584	30.7756499
31.1343642	0.4057795999999989	trials	/intervals/trials	21	start_time	n/a	n/a	n/a	n/a	n/a	n/a	n/a	n/a	n/a	paa	31.1827016	21	true	31.1343642	31.5401438
31.1827016	0.0	cv_transition	/intervals/trials	21	cv_transition_time	n/a	n/a	n/a	n/a	n/a	n/a	n/a	n/a	n/a	paa	31.1827016	21	true	31.1343642	31.5401438
32.1380009	0.42867629999999934	trials	/intervals/trials	22	start_time	n/a	n/a	n/a	n/a	n/a	n/a	n/a	n/a	n/a	taa	32.24358	22	true	32.1380009	32.5666772
32.24358	0.0	cv_transition	/intervals/trials	22	cv_transition_time	n/a	n/a	n/a	n/a	n/a	n/a	n/a	n/a	n/a	taa	32.24358	22	true	32.1380009	32.5666772
33.1060207	0.46938139999999606	trials	/intervals/trials	23	start_time	n/a	n/a	n/a	n/a	n/a	n/a	n/a	n/a	n/a	naa	33.2192319	23	true	33.1060207	33.5754021
33.2192319	0.0	cv_transition	/intervals/trials	23	cv_transition_time	n/a	n/a	n/a	n/a	n/a	n/a	n/a	n/a	n/a	naa	33.2192319	23	true	33.1060207	33.5754021
34.0562319	0.5482476999999975	trials	/intervals/trials	24	start_time	n/a	n/a	n/a	n/a	n/a	n/a	n/a	n/a	n/a	saa	34.2470374	24	true	34.0562319	34.6044796
34.2470374	0.0	cv_transition	/intervals/trials	24	cv_transition_time	n/a	n/a	n/a	n/a	n/a	n/a	n/a	n/a	n/a	saa	34.2470374	24	true	34.0562319	34.6044796
35.0509644	0.5088146000000009	trials	/intervals/trials	25	start_time	n/a	n/a	n/a	n/a	n/a	n/a	n/a	n/a	n/a	shoo	35.2595784	25	true	35.0509644	35.559779
35.2595784	0.0	cv_transition	/intervals/trials	25	cv_transition_time	n/a	n/a	n/a	n/a	n/a	n/a	n/a	n/a	n/a	shoo	35.2595784	25	true	35.0509644	35.559779
36.0278884	0.48210179999999525	trials	/intervals/trials	26	start_time	n/a	n/a	n/a	n/a	n/a	n/a	n/a	n/a	n/a	foo	36.1741726	26	true	36.0278884	36.5099902
36.1741726	0.0	cv_transition	/intervals/trials	26	cv_transition_time	n/a	n/a	n/a	n/a	n/a	n/a	n/a	n/a	n/a	foo	36.1741726	26	true	36.0278884	36.5099902
37.1142075	0.3587143000000026	trials	/intervals/trials	27	start_time	n/a	n/a	n/a	n/a	n/a	n/a	n/a	n/a	n/a	daa	37.130744	27	true	37.1142075	37.4729218
37.130744	0.0	cv_transition	/intervals/trials	27	cv_transition_time	n/a	n/a	n/a	n/a	n/a	n/a	n/a	n/a	n/a	daa	37.130744	27	true	37.1142075	37.4729218
37.967744	0.4553890999999979	trials	/intervals/trials	28	start_time	n/a	n/a	n/a	n/a	n/a	n/a	n/a	n/a	n/a	faa	38.0593306	28	true	37.967744	38.4231331
38.0593306	0.0	cv_transition	/intervals/trials	28	cv_transition_time	n/a	n/a	n/a	n/a	n/a	n/a	n/a	n/a	n/a	faa	38.0593306	28	true	37.967744	38.4231331
39.2028914	0.41341179999999866	trials	/intervals/trials	29	start_time	n/a	n/a	n/a	n/a	n/a	n/a	n/a	n/a	n/a	goo	39.2626771	29	true	39.2028914	39.6163032
39.2626771	0.0	cv_transition	/intervals/trials	29	cv_transition_time	n/a	n/a	n/a	n/a	n/a	n/a	n/a	n/a	n/a	goo	39.2626771	29	true	39.2028914	39.6163032
40.2065282	0.4223160999999962	trials	/intervals/trials	30	start_time	n/a	n/a	n/a	n/a	n/a	n/a	n/a	n/a	n/a	mee	40.2942987	30	true	40.2065282	40.6288443
40.2942987	0.0	cv_transition	/intervals/trials	30	cv_transition_time	n/a	n/a	n/a	n/a	n/a	n/a	n/a	n/a	n/a	mee	40.2942987	30	true	40.2065282	40.6288443
41.3729856	0.6054893000000021	trials	/intervals/trials	31	start_time	n/a	n/a	n/a	n/a	n/a	n/a	n/a	n/a	n/a	zaa	41.596864	31	true	41.3729856	41.9784749
41.596864	0.0	cv_transition	/intervals/trials	31	cv_transition_time	n/a	n/a	n/a	n/a	n/a	n/a	n/a	n/a	n/a	zaa	41.596864	31	true	41.3729856	41.9784749
42.6577424	0.5991292000000001	trials	/intervals/trials	32	start_time	n/a	n/a	n/a	n/a	n/a	n/a	n/a	n/a	n/a	see	42.8930691	32	true	42.6577424	43.2568716
42.8930691	0.0	cv_transition	/intervals/trials	32	cv_transition_time	n/a	n/a	n/a	n/a	n/a	n/a	n/a	n/a	n/a	see	42.8930691	32	true	42.6577424	43.2568716
43.7326132	0.5609680999999966	trials	/intervals/trials	33	start_time	n/a	n/a	n/a	n/a	n/a	n/a	n/a	n/a	n/a	zoo	43.9463153	33	true	43.7326132	44.2935813
43.9463153	0.0	cv_transition	/intervals/trials	33	cv_transition_time	n/a	n/a	n/a	n/a	n/a	n/a	n/a	n/a	n/a	zoo	43.9463153	33	true	43.7326132	44.2935813
44.8494612	0.41850000000000165	trials	/intervals/trials	34	start_time	n/a	n/a	n/a	n/a	n/a	n/a	n/a	n/a	n/a	too	44.9448639	34	true	44.8494612	45.2679612
44.9448639	0.0	cv_transition	/intervals/trials	34	cv_transition_time	n/a	n/a	n/a	n/a	n/a	n/a	n/a	n/a	n/a	too	44.9448639	34	true	44.8494612	45.2679612
45.8645463	0.44394069999999886	trials	/intervals/trials	35	start_time	n/a	n/a	n/a	n/a	n/a	n/a	n/a	n/a	n/a	vee	45.9510448	35	true	45.8645463	46.308487
45.9510448	0.0	cv_transition	/intervals/trials	35	cv_transition_time	n/a	n/a	n/a	n/a	n/a	n/a	n/a	n/a	n/a	vee	45.9510448	35	true	45.8645463	46.308487
47.8107621	0.4986383000000032	trials	/intervals/trials	36	start_time	n/a	n/a	n/a	n/a	n/a	n/a	n/a	n/a	n/a	moo	47.9176131	36	true	47.8107621	48.3094004
47.9176131	0.0	cv_transition	/intervals/trials	36	cv_transition_time	n/a	n/a	n/a	n/a	n/a	n/a	n/a	n/a	n/a	moo	47.9176131	36	true	47.8107621	48.3094004
50.0648107	0.4935501000000002	trials	/intervals/trials	37	start_time	n/a	n/a	n/a	n/a	n/a	n/a	n/a	n/a	n/a	nee	50.1958304	37	true	50.0648107	50.5583608
50.1958304	0.0	cv_transition	/intervals/trials	37	cv_transition_time	n/a	n/a	n/a	n/a	n/a	n/a	n/a	n/a	n/a	nee	50.1958304	37	true	50.0648107	50.5583608
51.193107	0.38542699999999996	trials	/intervals/trials	38	start_time	n/a	n/a	n/a	n/a	n/a	n/a	n/a	n/a	n/a	boo	51.2070994	38	true	51.193107	51.578534
51.2070994	0.0	cv_transition	/intervals/trials	38	cv_transition_time	n/a	n/a	n/a	n/a	n/a	n/a	n/a	n/a	n/a	boo	51.2070994	38	true	51.193107	51.578534
52.2310887	0.4782857000000007	trials	/intervals/trials	39	start_time	n/a	n/a	n/a	n/a	n/a	n/a	n/a	n/a	n/a	laa	52.3697407	39	true	52.2310887	52.7093744
52.3697407	0.0	cv_transition	/intervals/trials	39	cv_transition_time	n/a	n/a	n/a	n/a	n/a	n/a	n/a	n/a	n/a	laa	52.3697407	39	true	52.2310887	52.7093744
53.1723957	0.4515729999999962	trials	/intervals/trials	40	start_time	n/a	n/a	n/a	n/a	n/a	n/a	n/a	n/a	n/a	maa	53.285607	40	true	53.1723957	53.6239687
53.285607	0.0	cv_transition	/intervals/trials	40	cv_transition_time	n/a	n/a	n/a	n/a	n/a	n/a	n/a	n/a	n/a	maa	53.285607	40	true	53.1723957	53.6239687
54.0501009	0.5762325000000033	trials	/intervals/trials	41	start_time	n/a	n/a	n/a	n/a	n/a	n/a	n/a	n/a	n/a	soo	54.3019641	41	true	54.0501009	54.6263334
54.3019641	0.0	cv_transition	/intervals/trials	41	cv_transition_time	n/a	n/a	n/a	n/a	n/a	n/a	n/a	n/a	n/a	soo	54.3019641	41	true	54.0501009	54.6263334
55.2674397	0.45157300000000333	trials	/intervals/trials	42	start_time	n/a	n/a	n/a	n/a	n/a	n/a	n/a	n/a	n/a	roo	55.3653866	42	true	55.2674397	55.7190127
55.3653866	0.0	cv_transition	/intervals/trials	42	cv_transition_time	n/a	n/a	n/a	n/a	n/a	n/a	n/a	n/a	n/a	roo	55.3653866	42	true	55.2674397	55.7190127
56.2087467	0.419772100000003	trials	/intervals/trials	43	start_time	n/a	n/a	n/a	n/a	n/a	n/a	n/a	n/a	n/a	tee	56.2914291	43	true	56.2087467	56.6285188
56.2914291	0.0	cv_transition	/intervals/trials	43	cv_transition_time	n/a	n/a	n/a	n/a	n/a	n/a	n/a	n/a	n/a	tee	56.2914291	43	true	56.2087467	56.6285188
57.090268	0.4350364999999954	trials	/intervals/trials	44	start_time	n/a	n/a	n/a	n/a	n/a	n/a	n/a	n/a	n/a	haa	57.2365522	44	true	57.090268	57.5253045
57.2365522	0.0	cv_transition	/intervals/trials	44	cv_transition_time	n/a	n/a	n/a	n/a	n/a	n/a	n/a	n/a	n/a	haa	57.2365522	44	true	57.090268	57.5253045
58.1893075	0.4172279000000003	trials	/intervals/trials	45	start_time	n/a	n/a	n/a	n/a	n/a	n/a	n/a	n/a	n/a	waa	58.2643576	45	true	58.1893075	58.6065354
58.2643576	0.0	cv_transition	/intervals/trials	45	cv_transition_time	n/a	n/a	n/a	n/a	n/a	n/a	n/a	n/a	n/a	waa	58.2643576	45	true	58.1893075	58.6065354
59.18404	0.36253039999999714	trials	/intervals/trials	46	start_time	n/a	n/a	n/a	n/a	n/a	n/a	n/a	n/a	n/a	pee	59.2476418	46	true	59.18404	59.5465704
59.2476418	0.0	cv_transition	/intervals/trials	46	cv_transition_time	n/a	n/a	n/a	n/a	n/a	n/a	n/a	n/a	n/a	pee	59.2476418	46	true	59.18404	59.5465704
60.1749564	0.445212699999999	trials	/intervals/trials	47	start_time	n/a	n/a	n/a	n/a	n/a	n/a	n/a	n/a	n/a	lee	60.266543	47	true	60.1749564	60.6201691
60.266543	0.0	cv_transition	/intervals/trials	47	cv_transition_time	n/a	n/a	n/a	n/a	n/a	n/a	n/a	n/a	n/a	lee	60.266543	47	true	60.1749564	60.6201691
61.1213515	0.510086599999994	trials	/intervals/trials	48	start_time	n/a	n/a	n/a	n/a	n/a	n/a	n/a	n/a	n/a	wee	61.2663637	48	true	61.1213515	61.6314381
61.2663637	0.0	cv_transition	/intervals/trials	48	cv_transition_time	n/a	n/a	n/a	n/a	n/a	n/a	n/a	n/a	n/a	wee	61.2663637	48	true	61.1213515	61.6314381
62.116084	0.48973399999999856	trials	/intervals/trials	49	start_time	n/a	n/a	n/a	n/a	n/a	n/a	n/a	n/a	n/a	yaa	62.2229351	49	true	62.116084	62.605818
62.2229351	0.0	cv_transition	/intervals/trials	49	cv_transition_time	n/a	n/a	n/a	n/a	n/a	n/a	n/a	n/a	n/a	yaa	62.2229351	49	true	62.116084	62.605818
63.234204	0.41086779999999834	trials	/intervals/trials	50	start_time	n/a	n/a	n/a	n/a	n/a	n/a	n/a	n/a	n/a	gaa	63.2647329	50	true	63.234204	63.6450718
63.2647329	0.0	cv_transition	/intervals/trials	50	cv_transition_time	n/a	n/a	n/a	n/a	n/a	n/a	n/a	n/a	n/a	gaa	63.2647329	50	true	63.234204	63.6450718
64.0979168	0.5711444000000085	trials	/intervals/trials	51	start_time	n/a	n/a	n/a	n/a	n/a	n/a	n/a	n/a	n/a	shaa	64.3090748	51	true	64.0979168	64.6690612
64.3090748	0.0	cv_transition	/intervals/trials	51	cv_transition_time	n/a	n/a	n/a	n/a	n/a	n/a	n/a	n/a	n/a	shaa	64.3090748	51	true	64.0979168	64.6690612
65.2605581	0.391787199999996	trials	/intervals/trials	52	start_time	n/a	n/a	n/a	n/a	n/a	n/a	n/a	n/a	n/a	doo	65.2859988	52	true	65.2605581	65.6523453
65.2859988	0.0	cv_transition	/intervals/trials	52	cv_transition_time	n/a	n/a	n/a	n/a	n/a	n/a	n/a	n/a	n/a	doo	65.2859988	52	true	65.2605581	65.6523453
66.1446234	0.46683740000000284	trials	/intervals/trials	53	start_time	n/a	n/a	n/a	n/a	n/a	n/a	n/a	n/a	n/a	woo	66.2769152	53	true	66.1446234	66.6114608
66.2769152	0.0	cv_transition	/intervals/trials	53	cv_transition_time	n/a	n/a	n/a	n/a	n/a	n/a	n/a	n/a	n/a	woo	66.2769152	53	true	66.1446234	66.6114608
67.0604897	0.48210179999999525	trials	/intervals/trials	54	start_time	n/a	n/a	n/a	n/a	n/a	n/a	n/a	n/a	n/a	raa	67.1902374	54	true	67.0604897	67.5425915
67.1902374	0.0	cv_transition	/intervals/trials	54	cv_transition_time	n/a	n/a	n/a	n/a	n/a	n/a	n/a	n/a	n/a	raa	67.1902374	54	true	67.0604897	67.5425915
67.8656888	0.5927690000000041	trials	/intervals/trials	55	start_time	n/a	n/a	n/a	n/a	n/a	n/a	n/a	n/a	n/a	shee	68.1353605	55	true	67.8656888	68.4584578
68.1353605	0.0	cv_transition	/intervals/trials	55	cv_transition_time	n/a	n/a	n/a	n/a	n/a	n/a	n/a	n/a	n/a	shee	68.1353605	55	true	67.8656888	68.4584578
69.0652191	0.4986383000000103	trials	/intervals/trials	56	start_time	n/a	n/a	n/a	n/a	n/a	n/a	n/a	n/a	n/a	yoo	69.2216796	56	true	69.0652191	69.5638574
69.2216796	0.0	cv_transition	/intervals/trials	56	cv_transition_time	n/a	n/a	n/a	n/a	n/a	n/a	n/a	n/a	n/a	yoo	69.2216796	56	true	69.0652191	69.5638574
70.2182161	0.3867089999999962	trials	/intervals/trials	57	start_time	n/a	n/a	n/a	n/a	n/a	n/a	n/a	n/a	n/a	baa	70.2283926	57	true	70.2182161	70.6049251
70.2283926	0.0	cv_transition	/intervals/trials	57	cv_transition_time	n/a	n/a	n/a	n/a	n/a	n/a	n/a	n/a	n/a	baa	70.2283926	57	true	70.2182161	70.6049251
71.13665	0.5609824999999944	trials	/intervals/trials	58	start_time	n/a	n/a	n/a	n/a	n/a	n/a	n/a	n/a	n/a	zee	71.3516297	58	true	71.13665	71.6976325
71.3516297	0.0	cv_transition	/intervals/trials	58	cv_transition_time	n/a	n/a	n/a	n/a	n/a	n/a	n/a	n/a	n/a	zee	71.3516297	58	true	71.13665	71.6976325
72.3158581	0.43886380000000713	trials	/intervals/trials	59	start_time	n/a	n/a	n/a	n/a	n/a	n/a	n/a	n/a	n/a	gee	72.3807336	59	true	72.3158581	72.7547219
72.3807336	0.0	cv_transition	/intervals/trials	59	cv_transition_time	n/a	n/a	n/a	n/a	n/a	n/a	n/a	n/a	n/a	gee	72.3807336	59	true	72.3158581	72.7547219
73.4123817	0.4604890000000097	trials	/intervals/trials	60	start_time	n/a	n/a	n/a	n/a	n/a	n/a	n/a	n/a	n/a	kee	73.4899779	60	true	73.4123817	73.8728707
73.4899779	0.0	cv_transition	/intervals/trials	60	cv_transition_time	n/a	n/a	n/a	n/a	n/a	n/a	n/a	n/a	n/a	kee	73.4899779	60	true	73.4123817	73.8728707
74.4058677	0.5190041999999977	trials	/intervals/trials	61	start_time	n/a	n/a	n/a	n/a	n/a	n/a	n/a	n/a	n/a	ree	74.5139935	61	true	74.4058677	74.9248719
74.5139935	0.0	cv_transition	/intervals/trials	61	cv_transition_time	n/a	n/a	n/a	n/a	n/a	n/a	n/a	n/a	n/a	ree	74.5139935	61	true	74.4058677	74.9248719
76.7273938	0.4859304000000009	trials	/intervals/trials	62	start_time	n/a	n/a	n/a	n/a	n/a	n/a	n/a	n/a	n/a	voo	76.8520566	62	true	76.7273938	77.2133242
76.8520566	0.0	cv_transition	/intervals/trials	62	cv_transition_time	n/a	n/a	n/a	n/a	n/a	n/a	n/a	n/a	n/a	voo	76.8520566	62	true	76.7273938	77.2133242
77.8608074	0.5139159000000006	trials	/intervals/trials	63	start_time	n/a	n/a	n/a	n/a	n/a	n/a	n/a	n/a	n/a	noo	77.9969188	63	true	77.8608074	78.3747233
77.9969188	0.0	cv_transition	/intervals/trials	63	cv_transition_time	n/a	n/a	n/a	n/a	n/a	n/a	n/a	n/a	n/a	noo	77.9969188	63	true	77.8608074	78.3747233
79.08581	0.4146945000000102	trials	/intervals/trials	64	start_time	n/a	n/a	n/a	n/a	n/a	n/a	n/a	n/a	n/a	dee	79.1188838	64	true	79.08581	79.5005045
79.1188838	0.0	cv_transition	/intervals/trials	64	cv_transition_time	n/a	n/a	n/a	n/a	n/a	n/a	n/a	n/a	n/a	dee	79.1188838	64	true	79.08581	79.5005045
80.1416274	0.4668492999999927	trials	/intervals/trials	65	start_time	n/a	n/a	n/a	n/a	n/a	n/a	n/a	n/a	n/a	yee	80.2586577	65	true	80.1416274	80.6084767
80.2586577	0.0	cv_transition	/intervals/trials	65	cv_transition_time	n/a	n/a	n/a	n/a	n/a	n/a	n/a	n/a	n/a	yee	80.2586577	65	true	80.1416274	80.6084767
81.2127096	0.42741519999999866	trials	/intervals/trials	66	start_time	n/a	n/a	n/a	n/a	n/a	n/a	n/a	n/a	n/a	koo	81.3170192	66	true	81.2127096	81.6401248
81.3170192	0.0	cv_transition	/intervals/trials	66	cv_transition_time	n/a	n/a	n/a	n/a	n/a	n/a	n/a	n/a	n/a	koo	81.3170192	66	true	81.2127096	81.6401248
82.1489525	0.5647987000000114	trials	/intervals/trials	67	start_time	n/a	n/a	n/a	n/a	n/a	n/a	n/a	n/a	n/a	fee	82.3372187	67	true	82.1489525	82.7137512
82.3372187	0.0	cv_transition	/intervals/trials	67	cv_transition_time	n/a	n/a	n/a	n/a	n/a	n/a	n/a	n/a	n/a	fee	82.3372187	67	true	82.1489525	82.7137512
83.1831447	0.5609824999999944	trials	/intervals/trials	68	start_time	n/a	n/a	n/a	n/a	n/a	n/a	n/a	n/a	n/a	hee	83.3701388	68	true	83.1831447	83.7441272
83.3701388	0.0	cv_transition	/intervals/trials	68	cv_transition_time	n/a	n/a	n/a	n/a	n/a	n/a	n/a	n/a	n/a	hee	83.3701388	68	true	83.1831447	83.7441272
84.3101979	0.4732096999999982	trials	/intervals/trials	69	start_time	n/a	n/a	n/a	n/a	n/a	n/a	n/a	n/a	n/a	vaa	84.4106914	69	true	84.3101979	84.7834076
84.4106914	0.0	cv_transition	/intervals/trials	69	cv_transition_time	n/a	n/a	n/a	n/a	n/a	n/a	n/a	n/a	n/a	vaa	84.4106914	69	true	84.3101979	84.7834076
85.3354856	0.4872024999999951	trials	/intervals/trials	70	start_time	n/a	n/a	n/a	n/a	n/a	n/a	n/a	n/a	n/a	loo	85.4563322	70	true	85.3354856	85.8226881
85.4563322	0.0	cv_transition	/intervals/trials	70	cv_transition_time	n/a	n/a	n/a	n/a	n/a	n/a	n/a	n/a	n/a	loo	85.4563322	70	true	85.3354856	85.8226881
86.4218327	0.4961069000000009	trials	/intervals/trials	71	start_time	n/a	n/a	n/a	n/a	n/a	n/a	n/a	n/a	n/a	hoo	86.5490396	71	true	86.4218327	86.9179396
86.5490396	0.0	cv_transition	/intervals/trials	71	cv_transition_time	n/a	n/a	n/a	n/a	n/a	n/a	n/a	n/a	n/a	hoo	86.5490396	71	true	86.4218327	86.9179396
87.4725618	0.49737900000000934	trials	/intervals/trials	72	start_time	n/a	n/a	n/a	n/a	n/a	n/a	n/a	n/a	n/a	kaa	87.5832318	72	true	87.4725618	87.9699408
87.5832318	0.0	cv_transition	/intervals/trials	72	cv_transition_time	n/a	n/a	n/a	n/a	n/a	n/a	n/a	n/a	n/a	kaa	87.5832318	72	true	87.4725618	87.9699408
88.5143864	0.449040399999987	trials	/intervals/trials	73	start_time	n/a	n/a	n/a	n/a	n/a	n/a	n/a	n/a	n/a	poo	88.5767178	73	true	88.5143864	88.9634268
88.5767178	0.0	cv_transition	/intervals/trials	73	cv_transition_time	n/a	n/a	n/a	n/a	n/a	n/a	n/a	n/a	n/a	poo	88.5767178	73	true	88.5143864	88.9634268
89.6312631	0.3867089999999962	trials	/intervals/trials	74	start_time	n/a	n/a	n/a	n/a	n/a	n/a	n/a	n/a	n/a	bee	89.6414396	74	true	89.6312631	90.0179721
89.6414396	0.0	cv_transition	/intervals/trials	74	cv_transition_time	n/a	n/a	n/a	n/a	n/a	n/a	n/a	n/a	n/a	bee	89.6414396	74	true	89.6312631	90.0179721
90.5433367	0.4375916999999987	trials	/intervals/trials	75	start_time	n/a	n/a	n/a	n/a	n/a	n/a	n/a	n/a	n/a	paa	90.5891311	75	true	90.5433367	90.9809284
90.5891311	0.0	cv_transition	/intervals/trials	75	cv_transition_time	n/a	n/a	n/a	n/a	n/a	n/a	n/a	n/a	n/a	paa	90.5891311	75	true	90.5433367	90.9809284
91.562264	0.5253646000000032	trials	/intervals/trials	76	start_time	n/a	n/a	n/a	n/a	n/a	n/a	n/a	n/a	n/a	taa	91.7352654	76	true	91.562264	92.0876286
91.7352654	0.0	cv_transition	/intervals/trials	76	cv_transition_time	n/a	n/a	n/a	n/a	n/a	n/a	n/a	n/a	n/a	taa	91.7352654	76	true	91.562264	92.0876286
92.6626038	0.506283499999995	trials	/intervals/trials	77	start_time	n/a	n/a	n/a	n/a	n/a	n/a	n/a	n/a	n/a	naa	92.7809063	77	true	92.6626038	93.1688873
92.7809063	0.0	cv_transition	/intervals/trials	77	cv_transition_time	n/a	n/a	n/a	n/a	n/a	n/a	n/a	n/a	n/a	naa	92.7809063	77	true	92.6626038	93.1688873
93.6370088	0.5864238999999998	trials	/intervals/trials	78	start_time	n/a	n/a	n/a	n/a	n/a	n/a	n/a	n/a	n/a	saa	93.8558047	78	true	93.6370088	94.2234327
93.8558047	0.0	cv_transition	/intervals/trials	78	cv_transition_time	n/a	n/a	n/a	n/a	n/a	n/a	n/a	n/a	n/a	saa	93.8558047	78	true	93.6370088	94.2234327
94.6762893	0.5851518000000056	trials	/intervals/trials	79	start_time	n/a	n/a	n/a	n/a	n/a	n/a	n/a	n/a	n/a	shoo	94.9065338	79	true	94.6762893	95.2614411
94.9065338	0.0	cv_transition	/intervals/trials	79	cv_transition_time	n/a	n/a	n/a	n/a	n/a	n/a	n/a	n/a	n/a	shoo	94.9065338	79	true	94.6762893	95.2614411
97.2522293	0.5647986999999972	trials	/intervals/trials	80	start_time	n/a	n/a	n/a	n/a	n/a	n/a	n/a	n/a	n/a	foo	97.4646648	80	true	97.2522293	97.817028
97.4646648	0.0	cv_transition	/intervals/trials	80	cv_transition_time	n/a	n/a	n/a	n/a	n/a	n/a	n/a	n/a	n/a	foo	97.4646648	80	true	97.2522293	97.817028
98.4505184	0.37907659999999055	trials	/intervals/trials	81	start_time	n/a	n/a	n/a	n/a	n/a	n/a	n/a	n/a	n/a	daa	98.461967	81	true	98.4505184	98.829595
98.461967	0.0	cv_transition	/intervals/trials	81	cv_transition_time	n/a	n/a	n/a	n/a	n/a	n/a	n/a	n/a	n/a	daa	98.461967	81	true	98.4505184	98.829595
99.3485992	0.5571663000000058	trials	/intervals/trials	82	start_time	n/a	n/a	n/a	n/a	n/a	n/a	n/a	n/a	n/a	faa	99.5190565	82	true	99.3485992	99.9057655
99.5190565	0.0	cv_transition	/intervals/trials	82	cv_transition_time	n/a	n/a	n/a	n/a	n/a	n/a	n/a	n/a	n/a	faa	99.5190565	82	true	99.3485992	99.9057655
100.522719	0.4286873000000071	trials	/intervals/trials	83	start_time	n/a	n/a	n/a	n/a	n/a	n/a	n/a	n/a	n/a	goo	100.5634252	83	true	100.522719	100.9514063
100.5634252	0.0	cv_transition	/intervals/trials	83	cv_transition_time	n/a	n/a	n/a	n/a	n/a	n/a	n/a	n/a	n/a	goo	100.5634252	83	true	100.522719	100.9514063
101.4716826	0.6296742000000108	trials	/intervals/trials	84	start_time	n/a	n/a	n/a	n/a	n/a	n/a	n/a	n/a	n/a	mee	101.7642585	84	true	101.4716826	102.1013568
101.7642585	0.0	cv_transition	/intervals/trials	84	cv_transition_time	n/a	n/a	n/a	n/a	n/a	n/a	n/a	n/a	n/a	mee	101.7642585	84	true	101.4716826	102.1013568
103.9369525	0.5431736000000029	trials	/intervals/trials	85	start_time	n/a	n/a	n/a	n/a	n/a	n/a	n/a	n/a	n/a	zaa	104.0997774	85	true	103.9369525	104.4801261
104.0997774	0.0	cv_transition	/intervals/trials	85	cv_transition_time	n/a	n/a	n/a	n/a	n/a	n/a	n/a	n/a	n/a	zaa	104.0997774	85	true	103.9369525	104.4801261
104.8668351	0.5889679999999942	trials	/intervals/trials	86	start_time	n/a	n/a	n/a	n/a	n/a	n/a	n/a	n/a	n/a	see	105.1110724	86	true	104.8668351	105.4558031
105.1110724	0.0	cv_transition	/intervals/trials	86	cv_transition_time	n/a	n/a	n/a	n/a	n/a	n/a	n/a	n/a	n/a	see	105.1110724	86	true	104.8668351	105.4558031
105.9557263	0.5419014000000004	trials	/intervals/trials	87	start_time	n/a	n/a	n/a	n/a	n/a	n/a	n/a	n/a	n/a	zoo	106.1516249	87	true	105.9557263	106.4976277
106.1516249	0.0	cv_transition	/intervals/trials	87	cv_transition_time	n/a	n/a	n/a	n/a	n/a	n/a	n/a	n/a	n/a	zoo	106.1516249	87	true	105.9557263	106.4976277
107.0624264	0.4643051999999983	trials	/intervals/trials	88	start_time	n/a	n/a	n/a	n/a	n/a	n/a	n/a	n/a	n/a	too	107.1451109	88	true	107.0624264	107.5267316
107.1451109	0.0	cv_transition	/intervals/trials	88	cv_transition_time	n/a	n/a	n/a	n/a	n/a	n/a	n/a	n/a	n/a	too	107.1451109	88	true	107.0624264	107.5267316
108.0622727	0.49229080000000636	trials	/intervals/trials	89	start_time	n/a	n/a	n/a	n/a	n/a	n/a	n/a	n/a	n/a	vee	108.1869355	89	true	108.0622727	108.5545635
108.1869355	0.0	cv_transition	/intervals/trials	89	cv_transition_time	n/a	n/a	n/a	n/a	n/a	n/a	n/a	n/a	n/a	vee	108.1869355	89	true	108.0622727	108.5545635
110.1039437	0.4706656000000038	trials	/intervals/trials	90	start_time	n/a	n/a	n/a	n/a	n/a	n/a	n/a	n/a	n/a	moo	110.1968047	90	true	110.1039437	110.5746093
110.1968047	0.0	cv_transition	/intervals/trials	90	cv_transition_time	n/a	n/a	n/a	n/a	n/a	n/a	n/a	n/a	n/a	moo	110.1968047	90	true	110.1039437	110.5746093
112.243564	0.501195199999998	trials	/intervals/trials	91	start_time	n/a	n/a	n/a	n/a	n/a	n/a	n/a	n/a	n/a	nee	112.3669547	91	true	112.243564	112.7447592
112.3669547	0.0	cv_transition	/intervals/trials	91	cv_transition_time	n/a	n/a	n/a	n/a	n/a	n/a	n/a	n/a	n/a	nee	112.3669547	91	true	112.243564	112.7447592
113.3337272	0.39561349999999607	trials	/intervals/trials	92	start_time	n/a	n/a	n/a	n/a	n/a	n/a	n/a	n/a	n/a	boo	113.3578965	92	true	113.3337272	113.7293407
113.3578965	0.0	cv_transition	/intervals/trials	92	cv_transition_time	n/a	n/a	n/a	n/a	n/a	n/a	n/a	n/a	n/a	boo	113.3578965	92	true	113.3337272	113.7293407
114.1771091	0.544445500000009	trials	/intervals/trials	93	start_time	n/a	n/a	n/a	n/a	n/a	n/a	n/a	n/a	n/a	laa	114.3628312	93	true	114.1771091	114.7215546
114.3628312	0.0	cv_transition	/intervals/trials	93	cv_transition_time	n/a	n/a	n/a	n/a	n/a	n/a	n/a	n/a	n/a	laa	114.3628312	93	true	114.1771091	114.7215546
115.2939858	0.46557729999999253	trials	/intervals/trials	94	start_time	n/a	n/a	n/a	n/a	n/a	n/a	n/a	n/a	n/a	maa	115.3792144	94	true	115.2939858	115.7595631
115.3792144	0.0	cv_transition	/intervals/trials	94	cv_transition_time	n/a	n/a	n/a	n/a	n/a	n/a	n/a	n/a	n/a	maa	115.3792144	94	true	115.2939858	115.7595631
116.18189	0.5953283999999996	trials	/intervals/trials	95	start_time	n/a	n/a	n/a	n/a	n/a	n/a	n/a	n/a	n/a	soo	116.40323	95	true	116.18189	116.7772184
116.40323	0.0	cv_transition	/intervals/trials	95	cv_transition_time	n/a	n/a	n/a	n/a	n/a	n/a	n/a	n/a	n/a	soo	116.40323	95	true	116.18189	116.7772184
117.2237146	0.5317249000000004	trials	/intervals/trials	96	start_time	n/a	n/a	n/a	n/a	n/a	n/a	n/a	n/a	n/a	roo	117.3738188	96	true	117.2237146	117.7554395
117.3738188	0.0	cv_transition	/intervals/trials	96	cv_transition_time	n/a	n/a	n/a	n/a	n/a	n/a	n/a	n/a	n/a	roo	117.3738188	96	true	117.2237146	117.7554395
118.3227824	0.46939350000000957	trials	/intervals/trials	97	start_time	n/a	n/a	n/a	n/a	n/a	n/a	n/a	n/a	n/a	tee	118.4347244	97	true	118.3227824	118.7921759
118.4347244	0.0	cv_transition	/intervals/trials	97	cv_transition_time	n/a	n/a	n/a	n/a	n/a	n/a	n/a	n/a	n/a	tee	118.4347244	97	true	118.3227824	118.7921759
119.2081425	0.5991445000000084	trials	/intervals/trials	98	start_time	n/a	n/a	n/a	n/a	n/a	n/a	n/a	n/a	n/a	haa	119.4332987	98	true	119.2081425	119.807287
119.4332987	0.0	cv_transition	/intervals/trials	98	cv_transition_time	n/a	n/a	n/a	n/a	n/a	n/a	n/a	n/a	n/a	haa	119.4332987	98	true	119.2081425	119.807287
120.4013433	0.4604890000000097	trials	/intervals/trials	99	start_time	n/a	n/a	n/a	n/a	n/a	n/a	n/a	n/a	n/a	waa	120.5120133	99	true	120.4013433	120.8618323
120.5120133	0.0	cv_transition	/intervals/trials	99	cv_transition_time	n/a	n/a	n/a	n/a	n/a	n/a	n/a	n/a	n/a	waa	120.5120133	99	true	120.4013433	120.8618323
121.4558886	0.41469460000000424	trials	/intervals/trials	100	start_time	n/a	n/a	n/a	n/a	n/a	n/a	n/a	n/a	n/a	pee	121.5105876	100	true	121.4558886	121.8705832
121.5105876	0.0	cv_transition	/intervals/trials	100	cv_transition_time	n/a	n/a	n/a	n/a	n/a	n/a	n/a	n/a	n/a	pee	121.5105876	100	true	121.4558886	121.8705832
122.3514253	0.48847449999999526	trials	/intervals/trials	101	start_time	n/a	n/a	n/a	n/a	n/a	n/a	n/a	n/a	n/a	lee	122.4888088	101	true	122.3514253	122.8398998
122.4888088	0.0	cv_transition	/intervals/trials	101	cv_transition_time	n/a	n/a	n/a	n/a	n/a	n/a	n/a	n/a	n/a	lee	122.4888088	101	true	122.3514253	122.8398998
123.375441	0.4337755000000101	trials	/intervals/trials	102	start_time	n/a	n/a	n/a	n/a	n/a	n/a	n/a	n/a	n/a	wee	123.4695741	102	true	123.375441	123.8092165
123.4695741	0.0	cv_transition	/intervals/trials	102	cv_transition_time	n/a	n/a	n/a	n/a	n/a	n/a	n/a	n/a	n/a	wee	123.4695741	102	true	123.375441	123.8092165
124.3422135	0.447768300000007	trials	/intervals/trials	103	start_time	n/a	n/a	n/a	n/a	n/a	n/a	n/a	n/a	n/a	yaa	124.3854638	103	true	124.3422135	124.7899818
124.3854638	0.0	cv_transition	/intervals/trials	103	cv_transition_time	n/a	n/a	n/a	n/a	n/a	n/a	n/a	n/a	n/a	yaa	124.3854638	103	true	124.3422135	124.7899818
125.4781712	0.42487109999999007	trials	/intervals/trials	104	start_time	n/a	n/a	n/a	n/a	n/a	n/a	n/a	n/a	n/a	gaa	125.5061567	104	true	125.4781712	125.9030423
125.5061567	0.0	cv_transition	/intervals/trials	104	cv_transition_time	n/a	n/a	n/a	n/a	n/a	n/a	n/a	n/a	n/a	gaa	125.5061567	104	true	125.4781712	125.9030423
126.5390769	0.592784199999997	trials	/intervals/trials	105	start_time	n/a	n/a	n/a	n/a	n/a	n/a	n/a	n/a	n/a	shaa	126.7642331	105	true	126.5390769	127.1318611
126.7642331	0.0	cv_transition	/intervals/trials	105	cv_transition_time	n/a	n/a	n/a	n/a	n/a	n/a	n/a	n/a	n/a	shaa	126.7642331	105	true	126.5390769	127.1318611
128.3879672	0.4204809999999952	trials	/intervals/trials	106	start_time	n/a	n/a	n/a	n/a	n/a	n/a	n/a	n/a	n/a	doo	128.4177471	106	true	128.3879672	128.8084482
128.4177471	0.0	cv_transition	/intervals/trials	106	cv_transition_time	n/a	n/a	n/a	n/a	n/a	n/a	n/a	n/a	n/a	doo	128.4177471	106	true	128.3879672	128.8084482
129.3363569	0.4706655999999896	trials	/intervals/trials	107	start_time	n/a	n/a	n/a	n/a	n/a	n/a	n/a	n/a	n/a	woo	129.4368504	107	true	129.3363569	129.8070225
129.4368504	0.0	cv_transition	/intervals/trials	107	cv_transition_time	n/a	n/a	n/a	n/a	n/a	n/a	n/a	n/a	n/a	woo	129.4368504	107	true	129.3363569	129.8070225
130.534646	0.5113717999999778	trials	/intervals/trials	108	start_time	n/a	n/a	n/a	n/a	n/a	n/a	n/a	n/a	n/a	raa	130.6669412	108	true	130.534646	131.0460178
130.6669412	0.0	cv_transition	/intervals/trials	108	cv_transition_time	n/a	n/a	n/a	n/a	n/a	n/a	n/a	n/a	n/a	raa	130.6669412	108	true	130.534646	131.0460178
131.6947731	0.6614758999999992	trials	/intervals/trials	109	start_time	n/a	n/a	n/a	n/a	n/a	n/a	n/a	n/a	n/a	shee	131.988621	109	true	131.6947731	132.356249
131.988621	0.0	cv_transition	/intervals/trials	109	cv_transition_time	n/a	n/a	n/a	n/a	n/a	n/a	n/a	n/a	n/a	shee	131.988621	109	true	131.6947731	132.356249
132.889246	0.4515844999999956	trials	/intervals/trials	110	start_time	n/a	n/a	n/a	n/a	n/a	n/a	n/a	n/a	n/a	yoo	133.0228132	110	true	132.889246	133.3408305
133.0228132	0.0	cv_transition	/intervals/trials	110	cv_transition_time	n/a	n/a	n/a	n/a	n/a	n/a	n/a	n/a	n/a	yoo	133.0228132	110	true	132.889246	133.3408305
134.0461633	0.37210980000000404	trials	/intervals/trials	111	start_time	n/a	n/a	n/a	n/a	n/a	n/a	n/a	n/a	n/a	baa	134.0570055	111	true	134.0461633	134.4182731
134.0570055	0.0	cv_transition	/intervals/trials	111	cv_transition_time	n/a	n/a	n/a	n/a	n/a	n/a	n/a	n/a	n/a	baa	134.0570055	111	true	134.0461633	134.4182731
137.0883462	0.6767408000000046	trials	/intervals/trials	112	start_time	n/a	n/a	n/a	n/a	n/a	n/a	n/a	n/a	n/a	zee	137.3491204	112	true	137.0883462	137.765087
137.3491204	0.0	cv_transition	/intervals/trials	112	cv_transition_time	n/a	n/a	n/a	n/a	n/a	n/a	n/a	n/a	n/a	zee	137.3491204	112	true	137.0883462	137.765087
139.0409107	0.4925805999999966	trials	/intervals/trials	113	start_time	n/a	n/a	n/a	n/a	n/a	n/a	n/a	n/a	n/a	gee	139.1109513	113	true	139.0409107	139.5334913
139.1109513	0.0	cv_transition	/intervals/trials	113	cv_transition_time	n/a	n/a	n/a	n/a	n/a	n/a	n/a	n/a	n/a	gee	139.1109513	113	true	139.0409107	139.5334913
140.2109331	0.5293231999999932	trials	/intervals/trials	114	start_time	n/a	n/a	n/a	n/a	n/a	n/a	n/a	n/a	n/a	kee	140.3188645	114	true	140.2109331	140.7402563
140.3188645	0.0	cv_transition	/intervals/trials	114	cv_transition_time	n/a	n/a	n/a	n/a	n/a	n/a	n/a	n/a	n/a	kee	140.3188645	114	true	140.2109331	140.7402563
141.4590335	0.5488426999999945	trials	/intervals/trials	115	start_time	n/a	n/a	n/a	n/a	n/a	n/a	n/a	n/a	n/a	ree	141.5979665	115	true	141.4590335	142.0078762
141.5979665	0.0	cv_transition	/intervals/trials	115	cv_transition_time	n/a	n/a	n/a	n/a	n/a	n/a	n/a	n/a	n/a	ree	141.5979665	115	true	141.4590335	142.0078762
143.5453246	0.48454310000002465	trials	/intervals/trials	116	start_time	n/a	n/a	n/a	n/a	n/a	n/a	n/a	n/a	n/a	voo	143.614217	116	true	143.5453246	144.0298677
143.614217	0.0	cv_transition	/intervals/trials	116	cv_transition_time	n/a	n/a	n/a	n/a	n/a	n/a	n/a	n/a	n/a	voo	143.614217	116	true	143.5453246	144.0298677
144.5924889	0.4833949000000075	trials	/intervals/trials	117	start_time	n/a	n/a	n/a	n/a	n/a	n/a	n/a	n/a	n/a	noo	144.6969757	117	true	144.5924889	145.0758838
144.6969757	0.0	cv_transition	/intervals/trials	117	cv_transition_time	n/a	n/a	n/a	n/a	n/a	n/a	n/a	n/a	n/a	noo	144.6969757	117	true	144.5924889	145.0758838
145.6959153	0.3731671000000176	trials	/intervals/trials	118	start_time	n/a	n/a	n/a	n/a	n/a	n/a	n/a	n/a	n/a	dee	145.7142866	118	true	145.6959153	146.0690824
145.7142866	0.0	cv_transition	/intervals/trials	118	cv_transition_time	n/a	n/a	n/a	n/a	n/a	n/a	n/a	n/a	n/a	dee	145.7142866	118	true	145.6959153	146.0690824
146.742308	0.4393863999999894	trials	/intervals/trials	119	start_time	n/a	n/a	n/a	n/a	n/a	n/a	n/a	n/a	n/a	yee	146.829195	119	true	146.742308	147.1816944
146.829195	0.0	cv_transition	/intervals/trials	119	cv_transition_time	n/a	n/a	n/a	n/a	n/a	n/a	n/a	n/a	n/a	yee	146.829195	119	true	146.742308	147.1816944
147.8143562	0.420243499999998	trials	/intervals/trials	120	start_time	n/a	n/a	n/a	n/a	n/a	n/a	n/a	n/a	n/a	koo	147.8935824	120	true	147.8143562	148.2345997
147.8935824	0.0	cv_transition	/intervals/trials	120	cv_transition_time	n/a	n/a	n/a	n/a	n/a	n/a	n/a	n/a	n/a	koo	147.8935824	120	true	147.8143562	148.2345997
148.6984751	0.6039566000000036	trials	/intervals/trials	121	start_time	n/a	n/a	n/a	n/a	n/a	n/a	n/a	n/a	n/a	fee	148.9108933	121	true	148.6984751	149.3024317
148.9108933	0.0	cv_transition	/intervals/trials	121	cv_transition_time	n/a	n/a	n/a	n/a	n/a	n/a	n/a	n/a	n/a	fee	148.9108933	121	true	148.6984751	149.3024317
149.8386441	0.587881699999997	trials	/intervals/trials	122	start_time	n/a	n/a	n/a	n/a	n/a	n/a	n/a	n/a	n/a	hee	150.0453213	122	true	149.8386441	150.4265258
150.0453213	0.0	cv_transition	/intervals/trials	122	cv_transition_time	n/a	n/a	n/a	n/a	n/a	n/a	n/a	n/a	n/a	hee	150.0453213	122	true	149.8386441	150.4265258
151.0247414	0.4707645999999954	trials	/intervals/trials	123	start_time	n/a	n/a	n/a	n/a	n/a	n/a	n/a	n/a	n/a	vaa	151.0970784	123	true	151.0247414	151.495506
151.0970784	0.0	cv_transition	/intervals/trials	123	cv_transition_time	n/a	n/a	n/a	n/a	n/a	n/a	n/a	n/a	n/a	vaa	151.0970784	123	true	151.0247414	151.495506
152.0638682	0.48224669999999037	trials	/intervals/trials	124	start_time	n/a	n/a	n/a	n/a	n/a	n/a	n/a	n/a	n/a	loo	152.1855781	124	true	152.0638682	152.5461149
152.1855781	0.0	cv_transition	/intervals/trials	124	cv_transition_time	n/a	n/a	n/a	n/a	n/a	n/a	n/a	n/a	n/a	loo	152.1855781	124	true	152.0638682	152.5461149
153.1558125	0.46961650000000077	trials	/intervals/trials	125	start_time	n/a	n/a	n/a	n/a	n/a	n/a	n/a	n/a	n/a	hoo	153.2878563	125	true	153.1558125	153.625429
153.2878563	0.0	cv_transition	/intervals/trials	125	cv_transition_time	n/a	n/a	n/a	n/a	n/a	n/a	n/a	n/a	n/a	hoo	153.2878563	125	true	153.1558125	153.625429
154.4142468	0.48454309999999623	trials	/intervals/trials	126	start_time	n/a	n/a	n/a	n/a	n/a	n/a	n/a	n/a	n/a	kaa	154.515289	126	true	154.4142468	154.8987899
154.515289	0.0	cv_transition	/intervals/trials	126	cv_transition_time	n/a	n/a	n/a	n/a	n/a	n/a	n/a	n/a	n/a	kaa	154.515289	126	true	154.4142468	154.8987899
155.4728931	0.45468980000001125	trials	/intervals/trials	127	start_time	n/a	n/a	n/a	n/a	n/a	n/a	n/a	n/a	n/a	poo	155.5532676	127	true	155.4728931	155.9275829
155.5532676	0.0	cv_transition	/intervals/trials	127	cv_transition_time	n/a	n/a	n/a	n/a	n/a	n/a	n/a	n/a	n/a	poo	155.5532676	127	true	155.4728931	155.9275829
157.5568878	0.43172559999999294	trials	/intervals/trials	128	start_time	n/a	n/a	n/a	n/a	n/a	n/a	n/a	n/a	n/a	bee	157.5729627	128	true	157.5568878	157.9886134
157.5729627	0.0	cv_transition	/intervals/trials	128	cv_transition_time	n/a	n/a	n/a	n/a	n/a	n/a	n/a	n/a	n/a	bee	157.5729627	128	true	157.5568878	157.9886134
158.4260801	0.4558379000000059	trials	/intervals/trials	129	start_time	n/a	n/a	n/a	n/a	n/a	n/a	n/a	n/a	n/a	paa	158.4984171	129	true	158.4260801	158.881918
158.4984171	0.0	cv_transition	/intervals/trials	129	cv_transition_time	n/a	n/a	n/a	n/a	n/a	n/a	n/a	n/a	n/a	paa	158.4984171	129	true	158.4260801	158.881918
159.4801336	0.4696164000000067	trials	/intervals/trials	130	start_time	n/a	n/a	n/a	n/a	n/a	n/a	n/a	n/a	n/a	taa	159.5846204	130	true	159.4801336	159.94975
159.5846204	0.0	cv_transition	/intervals/trials	130	cv_transition_time	n/a	n/a	n/a	n/a	n/a	n/a	n/a	n/a	n/a	taa	159.5846204	130	true	159.4801336	159.94975
160.5663369	0.507507199999992	trials	/intervals/trials	131	start_time	n/a	n/a	n/a	n/a	n/a	n/a	n/a	n/a	n/a	naa	160.6800093	131	true	160.5663369	161.0738441
160.6800093	0.0	cv_transition	/intervals/trials	131	cv_transition_time	n/a	n/a	n/a	n/a	n/a	n/a	n/a	n/a	n/a	naa	160.6800093	131	true	160.5663369	161.0738441
161.4952359	0.6234760999999764	trials	/intervals/trials	132	start_time	n/a	n/a	n/a	n/a	n/a	n/a	n/a	n/a	n/a	saa	161.7432485	132	true	161.4952359	162.118712
161.7432485	0.0	cv_transition	/intervals/trials	132	cv_transition_time	n/a	n/a	n/a	n/a	n/a	n/a	n/a	n/a	n/a	saa	161.7432485	132	true	161.4952359	162.118712
162.6170336	0.5959190999999748	trials	/intervals/trials	133	start_time	n/a	n/a	n/a	n/a	n/a	n/a	n/a	n/a	n/a	shoo	162.8616016	133	true	162.6170336	163.2129527
162.8616016	0.0	cv_transition	/intervals/trials	133	cv_transition_time	n/a	n/a	n/a	n/a	n/a	n/a	n/a	n/a	n/a	shoo	162.8616016	133	true	162.6170336	163.2129527
163.6722353	0.5212856999999929	trials	/intervals/trials	134	start_time	n/a	n/a	n/a	n/a	n/a	n/a	n/a	n/a	n/a	foo	163.8938392	134	true	163.6722353	164.193521
163.8938392	0.0	cv_transition	/intervals/trials	134	cv_transition_time	n/a	n/a	n/a	n/a	n/a	n/a	n/a	n/a	n/a	foo	163.8938392	134	true	163.6722353	164.193521
165.4714748	0.3766116999999838	trials	/intervals/trials	135	start_time	n/a	n/a	n/a	n/a	n/a	n/a	n/a	n/a	n/a	daa	165.4886979	135	true	165.4714748	165.8480865
165.4886979	0.0	cv_transition	/intervals/trials	135	cv_transition_time	n/a	n/a	n/a	n/a	n/a	n/a	n/a	n/a	n/a	daa	165.4886979	135	true	165.4714748	165.8480865
166.4543395	0.5339160000000049	trials	/intervals/trials	136	start_time	n/a	n/a	n/a	n/a	n/a	n/a	n/a	n/a	n/a	faa	166.6277187	136	true	166.4543395	166.9882555
166.6277187	0.0	cv_transition	/intervals/trials	136	cv_transition_time	n/a	n/a	n/a	n/a	n/a	n/a	n/a	n/a	n/a	faa	166.6277187	136	true	166.4543395	166.9882555
168.74662630187163	0.07029513476945226	invalid_times	/intervals/invalid_times	0	start_time	n/a	n/a	n/a	n/a	0	168.74662630187163	168.81692143664108	"[""ECoG artifact""]"	"[{""idx_start"":514973,""count"":215,""timeseries"":""/acquisition/ElectricalSeries""}]"	n/a	n/a	n/a	n/a	n/a	n/a
168.8196448	0.5029144000000088	trials	/intervals/trials	137	start_time	n/a	n/a	n/a	n/a	n/a	n/a	n/a	n/a	n/a	mee	168.9241316	137	true	168.8196448	169.3225592
168.9241316	0.0	cv_transition	/intervals/trials	137	cv_transition_time	n/a	n/a	n/a	n/a	n/a	n/a	n/a	n/a	n/a	mee	168.9241316	137	true	168.8196448	169.3225592
169.8909214	0.4707645999999954	trials	/intervals/trials	138	start_time	n/a	n/a	n/a	n/a	n/a	n/a	n/a	n/a	n/a	zaa	170.0711898	138	true	169.8909214	170.361686
170.0711898	0.0	cv_transition	/intervals/trials	138	cv_transition_time	n/a	n/a	n/a	n/a	n/a	n/a	n/a	n/a	n/a	zaa	170.0711898	138	true	169.8909214	170.361686
171.0483135	0.5798441999999966	trials	/intervals/trials	139	start_time	n/a	n/a	n/a	n/a	n/a	n/a	n/a	n/a	n/a	see	171.2745102	139	true	171.0483135	171.6281577
171.2745102	0.0	cv_transition	/intervals/trials	139	cv_transition_time	n/a	n/a	n/a	n/a	n/a	n/a	n/a	n/a	n/a	see	171.2745102	139	true	171.0483135	171.6281577
172.2723016	0.5327677000000222	trials	/intervals/trials	140	start_time	n/a	n/a	n/a	n/a	n/a	n/a	n/a	n/a	n/a	zoo	172.4548664	140	true	172.2723016	172.8050693
172.4548664	0.0	cv_transition	/intervals/trials	140	cv_transition_time	n/a	n/a	n/a	n/a	n/a	n/a	n/a	n/a	n/a	zoo	172.4548664	140	true	172.2723016	172.8050693
173.4664363	0.4788020000000017	trials	/intervals/trials	141	start_time	n/a	n/a	n/a	n/a	n/a	n/a	n/a	n/a	n/a	too	173.5732195	141	true	173.4664363	173.9452383
173.5732195	0.0	cv_transition	/intervals/trials	141	cv_transition_time	n/a	n/a	n/a	n/a	n/a	n/a	n/a	n/a	n/a	too	173.5732195	141	true	173.4664363	173.9452383
174.6858315	0.46387540000000627	trials	/intervals/trials	142	start_time	n/a	n/a	n/a	n/a	n/a	n/a	n/a	n/a	n/a	vee	174.7811326	142	true	174.6858315	175.1497069
174.7811326	0.0	cv_transition	/intervals/trials	142	cv_transition_time	n/a	n/a	n/a	n/a	n/a	n/a	n/a	n/a	n/a	vee	174.7811326	142	true	174.6858315	175.1497069
176.78016	0.4994698000000142	trials	/intervals/trials	143	start_time	n/a	n/a	n/a	n/a	n/a	n/a	n/a	n/a	n/a	moo	176.907611	143	true	176.78016	177.2796298
176.907611	0.0	cv_transition	/intervals/trials	143	cv_transition_time	n/a	n/a	n/a	n/a	n/a	n/a	n/a	n/a	n/a	moo	176.907611	143	true	176.78016	177.2796298
178.9273061	0.5121000999999978	trials	/intervals/trials	144	start_time	n/a	n/a	n/a	n/a	n/a	n/a	n/a	n/a	n/a	nee	179.0731283	144	true	178.9273061	179.4394062
178.987724092211	2.090296995874411	invalid_times	/intervals/invalid_times	1	start_time	n/a	n/a	n/a	n/a	1	178.987724092211	181.07802108808542	"[""ECoG artifact""]"	"[{""idx_start"":546227,""count"":6379,""timeseries"":""/acquisition/ElectricalSeries""}]"	n/a	n/a	n/a	n/a	n/a	n/a
179.0731283	0.0	cv_transition	/intervals/trials	144	cv_transition_time	n/a	n/a	n/a	n/a	n/a	n/a	n/a	n/a	n/a	nee	179.0731283	144	true	178.9273061	179.4394062
180.2178901	0.39842769999998495	trials	/intervals/trials	145	start_time	n/a	n/a	n/a	n/a	n/a	n/a	n/a	n/a	n/a	boo	180.2316686	145	true	180.2178901	180.6163178
180.2316686	0.0	cv_transition	/intervals/trials	145	cv_transition_time	n/a	n/a	n/a	n/a	n/a	n/a	n/a	n/a	n/a	boo	180.2316686	145	true	180.2178901	180.6163178
181.1663087	0.5327676999999937	trials	/intervals/trials	146	start_time	n/a	n/a	n/a	n/a	n/a	n/a	n/a	n/a	n/a	laa	181.3178719	146	true	181.1663087	181.6990764
181.3178719	0.0	cv_transition	/intervals/trials	146	cv_transition_time	n/a	n/a	n/a	n/a	n/a	n/a	n/a	n/a	n/a	laa	181.3178719	146	true	181.1663087	181.6990764
182.3443685	0.4960250999999971	trials	/intervals/trials	147	start_time	n/a	n/a	n/a	n/a	n/a	n/a	n/a	n/a	n/a	maa	182.4454106	147	true	182.3443685	182.8403936
182.4454106	0.0	cv_transition	/intervals/trials	147	cv_transition_time	n/a	n/a	n/a	n/a	n/a	n/a	n/a	n/a	n/a	maa	182.4454106	147	true	182.3443685	182.8403936
183.3559383	0.6154386999999986	trials	/intervals/trials	148	start_time	n/a	n/a	n/a	n/a	n/a	n/a	n/a	n/a	n/a	soo	183.615433	148	true	183.3559383	183.971377
183.615433	0.0	cv_transition	/intervals/trials	148	cv_transition_time	n/a	n/a	n/a	n/a	n/a	n/a	n/a	n/a	n/a	soo	183.615433	148	true	183.3559383	183.971377
184.7429717	0.48454309999999623	trials	/intervals/trials	149	start_time	n/a	n/a	n/a	n/a	n/a	n/a	n/a	n/a	n/a	roo	184.8282532	149	true	184.7429717	185.2275148
184.8282532	0.0	cv_transition	/intervals/trials	149	cv_transition_time	n/a	n/a	n/a	n/a	n/a	n/a	n/a	n/a	n/a	roo	184.8282532	149	true	184.7429717	185.2275148
185.8050627	0.46846819999998957	trials	/intervals/trials	150	start_time	n/a	n/a	n/a	n/a	n/a	n/a	n/a	n/a	n/a	tee	185.9084013	150	true	185.8050627	186.2735309
185.9084013	0.0	cv_transition	/intervals/trials	150	cv_transition_time	n/a	n/a	n/a	n/a	n/a	n/a	n/a	n/a	n/a	tee	185.9084013	150	true	185.8050627	186.2735309
186.2428961671416	0.6342554452737943	invalid_times	/intervals/invalid_times	2	start_time	n/a	n/a	n/a	n/a	2	186.2428961671416	186.8771516124154	"[""ECoG artifact""]"	"[{""idx_start"":568368,""count"":1935,""timeseries"":""/acquisition/ElectricalSeries""}]"	n/a	n/a	n/a	n/a	n/a	n/a
186.8522269	0.5212857999999869	trials	/intervals/trials	151	start_time	n/a	n/a	n/a	n/a	n/a	n/a	n/a	n/a	n/a	haa	187.0152723	151	true	186.8522269	187.3735127
187.0152723	0.0	cv_transition	/intervals/trials	151	cv_transition_time	n/a	n/a	n/a	n/a	n/a	n/a	n/a	n/a	n/a	haa	187.0152723	151	true	186.8522269	187.3735127
187.9613944	0.48454310000002465	trials	/intervals/trials	152	start_time	n/a	n/a	n/a	n/a	n/a	n/a	n/a	n/a	n/a	waa	188.070474	152	true	187.9613944	188.4459375
188.070474	0.0	cv_transition	/intervals/trials	152	cv_transition_time	n/a	n/a	n/a	n/a	n/a	n/a	n/a	n/a	n/a	waa	188.070474	152	true	187.9613944	188.4459375
189.0062622	0.4546897999999828	trials	/intervals/trials	153	start_time	n/a	n/a	n/a	n/a	n/a	n/a	n/a	n/a	n/a	pee	189.1084526	153	true	189.0062622	189.460952
189.1084526	0.0	cv_transition	/intervals/trials	153	cv_transition_time	n/a	n/a	n/a	n/a	n/a	n/a	n/a	n/a	n/a	pee	189.1084526	153	true	189.0062622	189.460952
190.0201285	0.4914324000000079	trials	/intervals/trials	154	start_time	n/a	n/a	n/a	n/a	n/a	n/a	n/a	n/a	n/a	lee	190.1464312	154	true	190.0201285	190.5115609
190.1464312	0.0	cv_transition	/intervals/trials	154	cv_transition_time	n/a	n/a	n/a	n/a	n/a	n/a	n/a	n/a	n/a	lee	190.1464312	154	true	190.0201285	190.5115609
191.0937015	0.47420929999998407	trials	/intervals/trials	155	start_time	n/a	n/a	n/a	n/a	n/a	n/a	n/a	n/a	n/a	wee	191.1878545	155	true	191.0937015	191.5679108
191.12162534643284	1.8336950198291504	invalid_times	/intervals/invalid_times	3	start_time	n/a	n/a	n/a	n/a	3	191.12162534643284	192.955320366262	"[""ECoG artifact""]"	"[{""idx_start"":583256,""count"":5596,""timeseries"":""/acquisition/ElectricalSeries""}]"	n/a	n/a	n/a	n/a	n/a	n/a
191.1878545	0.0	cv_transition	/intervals/trials	155	cv_transition_time	n/a	n/a	n/a	n/a	n/a	n/a	n/a	n/a	n/a	wee	191.1878545	155	true	191.0937015	191.5679108
192.1925351	0.4512451000000226	trials	/intervals/trials	156	start_time	n/a	n/a	n/a	n/a	n/a	n/a	n/a	n/a	n/a	yaa	192.2591311	156	true	192.1925351	192.6437802
192.2591311	0.0	cv_transition	/intervals/trials	156	cv_transition_time	n/a	n/a	n/a	n/a	n/a	n/a	n/a	n/a	n/a	yaa	192.2591311	156	true	192.1925351	192.6437802
193.2844794	0.4363184999999987	trials	/intervals/trials	157	start_time	n/a	n/a	n/a	n/a	n/a	n/a	n/a	n/a	n/a	gaa	193.3131846	157	true	193.2844794	193.7207979
193.3131846	0.0	cv_transition	/intervals/trials	157	cv_transition_time	n/a	n/a	n/a	n/a	n/a	n/a	n/a	n/a	n/a	gaa	193.3131846	157	true	193.2844794	193.7207979
194.1996	0.6315134999999827	trials	/intervals/trials	158	start_time	n/a	n/a	n/a	n/a	n/a	n/a	n/a	n/a	n/a	shaa	194.4315377	158	true	194.1996	194.8311135
194.4315377	0.0	cv_transition	/intervals/trials	158	cv_transition_time	n/a	n/a	n/a	n/a	n/a	n/a	n/a	n/a	n/a	shaa	194.4315377	158	true	194.1996	194.8311135
195.5211856	0.40531680000000847	trials	/intervals/trials	159	start_time	n/a	n/a	n/a	n/a	n/a	n/a	n/a	n/a	n/a	doo	195.5407051	159	true	195.5211856	195.9265024
195.5407051	0.0	cv_transition	/intervals/trials	159	cv_transition_time	n/a	n/a	n/a	n/a	n/a	n/a	n/a	n/a	n/a	doo	195.5407051	159	true	195.5211856	195.9265024
196.4902718	0.45928260000002297	trials	/intervals/trials	160	start_time	n/a	n/a	n/a	n/a	n/a	n/a	n/a	n/a	n/a	woo	196.591314	160	true	196.4902718	196.9495544
196.591314	0.0	cv_transition	/intervals/trials	160	cv_transition_time	n/a	n/a	n/a	n/a	n/a	n/a	n/a	n/a	n/a	woo	196.591314	160	true	196.4902718	196.9495544
197.5971428	0.509803699999992	trials	/intervals/trials	161	start_time	n/a	n/a	n/a	n/a	n/a	n/a	n/a	n/a	n/a	raa	197.7050742	161	true	197.5971428	198.1069465
197.7050742	0.0	cv_transition	/intervals/trials	161	cv_transition_time	n/a	n/a	n/a	n/a	n/a	n/a	n/a	n/a	n/a	raa	197.7050742	161	true	197.5971428	198.1069465
198.5065223	0.6361063999999885	trials	/intervals/trials	162	start_time	n/a	n/a	n/a	n/a	n/a	n/a	n/a	n/a	n/a	shee	198.7786472	162	true	198.5065223	199.1426287
198.7786472	0.0	cv_transition	/intervals/trials	162	cv_transition_time	n/a	n/a	n/a	n/a	n/a	n/a	n/a	n/a	n/a	shee	198.7786472	162	true	198.5065223	199.1426287
199.8522203	0.4948769000000084	trials	/intervals/trials	163	start_time	n/a	n/a	n/a	n/a	n/a	n/a	n/a	n/a	n/a	yoo	199.9681891	163	true	199.8522203	200.3470972
199.9681891	0.0	cv_transition	/intervals/trials	163	cv_transition_time	n/a	n/a	n/a	n/a	n/a	n/a	n/a	n/a	n/a	yoo	199.9681891	163	true	199.8522203	200.3470972
201.0394657	0.4179472000000146	trials	/intervals/trials	164	start_time	n/a	n/a	n/a	n/a	n/a	n/a	n/a	n/a	n/a	baa	201.0475032	164	true	201.0394657	201.4574129
201.0475032	0.0	cv_transition	/intervals/trials	164	cv_transition_time	n/a	n/a	n/a	n/a	n/a	n/a	n/a	n/a	n/a	baa	201.0475032	164	true	201.0394657	201.4574129
201.980995	0.6005119999999806	trials	/intervals/trials	165	start_time	n/a	n/a	n/a	n/a	n/a	n/a	n/a	n/a	n/a	zee	202.2037471	165	true	201.980995	202.581507
202.2037471	0.0	cv_transition	/intervals/trials	165	cv_transition_time	n/a	n/a	n/a	n/a	n/a	n/a	n/a	n/a	n/a	zee	202.2037471	165	true	201.980995	202.581507
203.332434	0.49028409999999667	trials	/intervals/trials	166	start_time	n/a	n/a	n/a	n/a	n/a	n/a	n/a	n/a	n/a	gee	203.4426618	166	true	203.332434	203.8227181
203.4426618	0.0	cv_transition	/intervals/trials	166	cv_transition_time	n/a	n/a	n/a	n/a	n/a	n/a	n/a	n/a	n/a	gee	203.4426618	166	true	203.332434	203.8227181
204.4691584	0.4661718000000121	trials	/intervals/trials	167	start_time	n/a	n/a	n/a	n/a	n/a	n/a	n/a	n/a	n/a	kee	204.5564221	167	true	204.4691584	204.9353302
204.5564221	0.0	cv_transition	/intervals/trials	167	cv_transition_time	n/a	n/a	n/a	n/a	n/a	n/a	n/a	n/a	n/a	kee	204.5564221	167	true	204.4691584	204.9353302
205.5565099	0.4512450999999942	trials	/intervals/trials	168	start_time	n/a	n/a	n/a	n/a	n/a	n/a	n/a	n/a	n/a	ree	205.6598484	168	true	205.5565099	206.007755
205.6598484	0.0	cv_transition	/intervals/trials	168	cv_transition_time	n/a	n/a	n/a	n/a	n/a	n/a	n/a	n/a	n/a	ree	205.6598484	168	true	205.5565099	206.007755
208.9138655	0.5350641999999937	trials	/intervals/trials	169	start_time	n/a	n/a	n/a	n/a	n/a	n/a	n/a	n/a	n/a	noo	209.0567855	169	true	208.9138655	209.4489297
209.0567855	0.0	cv_transition	/intervals/trials	169	cv_transition_time	n/a	n/a	n/a	n/a	n/a	n/a	n/a	n/a	n/a	noo	209.0567855	169	true	208.9138655	209.4489297
210.1998567	0.4041687000000138	trials	/intervals/trials	170	start_time	n/a	n/a	n/a	n/a	n/a	n/a	n/a	n/a	n/a	dee	210.2228208	170	true	210.1998567	210.6040254
210.2228208	0.0	cv_transition	/intervals/trials	170	cv_transition_time	n/a	n/a	n/a	n/a	n/a	n/a	n/a	n/a	n/a	dee	210.2228208	170	true	210.1998567	210.6040254
211.2102784	0.5006180000000029	trials	/intervals/trials	171	start_time	n/a	n/a	n/a	n/a	n/a	n/a	n/a	n/a	n/a	yee	211.3319883	171	true	211.2102784	211.7108964
211.3319883	0.0	cv_transition	/intervals/trials	171	cv_transition_time	n/a	n/a	n/a	n/a	n/a	n/a	n/a	n/a	n/a	yee	211.3319883	171	true	211.2102784	211.7108964
212.3803007	0.47191290000000663	trials	/intervals/trials	172	start_time	n/a	n/a	n/a	n/a	n/a	n/a	n/a	n/a	n/a	koo	212.4882322	172	true	212.3803007	212.8522136
212.4882322	0.0	cv_transition	/intervals/trials	172	cv_transition_time	n/a	n/a	n/a	n/a	n/a	n/a	n/a	n/a	n/a	koo	212.4882322	172	true	212.3803007	212.8522136
213.4848753	0.5350641999999937	trials	/intervals/trials	173	start_time	n/a	n/a	n/a	n/a	n/a	n/a	n/a	n/a	n/a	fee	213.6502171	173	true	213.4848753	214.0199395
213.6502171	0.0	cv_transition	/intervals/trials	173	cv_transition_time	n/a	n/a	n/a	n/a	n/a	n/a	n/a	n/a	n/a	fee	213.6502171	173	true	213.4848753	214.0199395
214.6273408	0.5408051999999941	trials	/intervals/trials	174	start_time	n/a	n/a	n/a	n/a	n/a	n/a	n/a	n/a	n/a	hee	214.7800522	174	true	214.6273408	215.168146
214.7800522	0.0	cv_transition	/intervals/trials	174	cv_transition_time	n/a	n/a	n/a	n/a	n/a	n/a	n/a	n/a	n/a	hee	214.7800522	174	true	214.6273408	215.168146
215.7698062	0.5247302999999874	trials	/intervals/trials	175	start_time	n/a	n/a	n/a	n/a	n/a	n/a	n/a	n/a	n/a	vaa	215.891516	175	true	215.7698062	216.2945365
215.891516	0.0	cv_transition	/intervals/trials	175	cv_transition_time	n/a	n/a	n/a	n/a	n/a	n/a	n/a	n/a	n/a	vaa	215.891516	175	true	215.7698062	216.2945365
216.8789736	0.510951800000015	trials	/intervals/trials	176	start_time	n/a	n/a	n/a	n/a	n/a	n/a	n/a	n/a	n/a	loo	217.0213512	176	true	216.8789736	217.3899254
217.0213512	0.0	cv_transition	/intervals/trials	176	cv_transition_time	n/a	n/a	n/a	n/a	n/a	n/a	n/a	n/a	n/a	loo	217.0213512	176	true	216.8789736	217.3899254
218.0512924	0.5029144000000088	trials	/intervals/trials	177	start_time	n/a	n/a	n/a	n/a	n/a	n/a	n/a	n/a	n/a	hoo	218.1764469	177	true	218.0512924	218.5542068
218.1764469	0.0	cv_transition	/intervals/trials	177	cv_transition_time	n/a	n/a	n/a	n/a	n/a	n/a	n/a	n/a	n/a	hoo	218.1764469	177	true	218.0512924	218.5542068
219.2477235	0.5201375000000041	trials	/intervals/trials	178	start_time	n/a	n/a	n/a	n/a	n/a	n/a	n/a	n/a	n/a	kaa	219.4004349	178	true	219.2477235	219.767861
219.4004349	0.0	cv_transition	/intervals/trials	178	cv_transition_time	n/a	n/a	n/a	n/a	n/a	n/a	n/a	n/a	n/a	kaa	219.4004349	178	true	219.2477235	219.767861
220.4475992	0.48454309999999623	trials	/intervals/trials	179	start_time	n/a	n/a	n/a	n/a	n/a	n/a	n/a	n/a	n/a	poo	220.552086	179	true	220.4475992	220.9321423
220.552086	0.0	cv_transition	/intervals/trials	179	cv_transition_time	n/a	n/a	n/a	n/a	n/a	n/a	n/a	n/a	n/a	poo	220.552086	179	true	220.4475992	220.9321423
221.7358868	0.4122060999999917	trials	/intervals/trials	180	start_time	n/a	n/a	n/a	n/a	n/a	n/a	n/a	n/a	n/a	bee	221.7577027	180	true	221.7358868	222.1480929
221.7577027	0.0	cv_transition	/intervals/trials	180	cv_transition_time	n/a	n/a	n/a	n/a	n/a	n/a	n/a	n/a	n/a	bee	221.7577027	180	true	221.7358868	222.1480929
222.8335722	0.5121000999999978	trials	/intervals/trials	181	start_time	n/a	n/a	n/a	n/a	n/a	n/a	n/a	n/a	n/a	paa	222.9690605	181	true	222.8335722	223.3456723
222.9690605	0.0	cv_transition	/intervals/trials	181	cv_transition_time	n/a	n/a	n/a	n/a	n/a	n/a	n/a	n/a	n/a	paa	222.9690605	181	true	222.8335722	223.3456723
224.0598567	0.576399600000002	trials	/intervals/trials	182	start_time	n/a	n/a	n/a	n/a	n/a	n/a	n/a	n/a	n/a	taa	224.2251984	182	true	224.0598567	224.6362563
224.2251984	0.0	cv_transition	/intervals/trials	182	cv_transition_time	n/a	n/a	n/a	n/a	n/a	n/a	n/a	n/a	n/a	taa	224.2251984	182	true	224.0598567	224.6362563
225.3136981	0.5327677999999878	trials	/intervals/trials	183	start_time	n/a	n/a	n/a	n/a	n/a	n/a	n/a	n/a	n/a	naa	225.4262223	183	true	225.3136981	225.8464659
225.4262223	0.0	cv_transition	/intervals/trials	183	cv_transition_time	n/a	n/a	n/a	n/a	n/a	n/a	n/a	n/a	n/a	naa	225.4262223	183	true	225.3136981	225.8464659
226.4802758	0.6728490000000136	trials	/intervals/trials	184	start_time	n/a	n/a	n/a	n/a	n/a	n/a	n/a	n/a	n/a	saa	226.7305848	184	true	226.4802758	227.1531248
226.7305848	0.0	cv_transition	/intervals/trials	184	cv_transition_time	n/a	n/a	n/a	n/a	n/a	n/a	n/a	n/a	n/a	saa	226.7305848	184	true	226.4802758	227.1531248
227.7145978	0.6315134999999827	trials	/intervals/trials	185	start_time	n/a	n/a	n/a	n/a	n/a	n/a	n/a	n/a	n/a	shoo	227.9706478	185	true	227.7145978	228.3461113
227.9706478	0.0	cv_transition	/intervals/trials	185	cv_transition_time	n/a	n/a	n/a	n/a	n/a	n/a	n/a	n/a	n/a	shoo	227.9706478	185	true	227.7145978	228.3461113
228.9695874	0.5442499000000112	trials	/intervals/trials	186	start_time	n/a	n/a	n/a	n/a	n/a	n/a	n/a	n/a	n/a	foo	229.1234471	186	true	228.9695874	229.5138373
229.1234471	0.0	cv_transition	/intervals/trials	186	cv_transition_time	n/a	n/a	n/a	n/a	n/a	n/a	n/a	n/a	n/a	foo	229.1234471	186	true	228.9695874	229.5138373
231.4738257	0.41450249999999755	trials	/intervals/trials	187	start_time	n/a	n/a	n/a	n/a	n/a	n/a	n/a	n/a	n/a	daa	231.4853077	187	true	231.4738257	231.8883282
231.4853077	0.0	cv_transition	/intervals/trials	187	cv_transition_time	n/a	n/a	n/a	n/a	n/a	n/a	n/a	n/a	n/a	daa	231.4853077	187	true	231.4738257	231.8883282
232.4004282	0.5741033000000186	trials	/intervals/trials	188	start_time	n/a	n/a	n/a	n/a	n/a	n/a	n/a	n/a	n/a	faa	232.5979198	188	true	232.4004282	232.9745315
232.5979198	0.0	cv_transition	/intervals/trials	188	cv_transition_time	n/a	n/a	n/a	n/a	n/a	n/a	n/a	n/a	n/a	faa	232.5979198	188	true	232.4004282	232.9745315
233.6485287	0.4833948999999791	trials	/intervals/trials	189	start_time	n/a	n/a	n/a	n/a	n/a	n/a	n/a	n/a	n/a	goo	233.6760856	189	true	233.6485287	234.1319236
233.6760856	0.0	cv_transition	/intervals/trials	189	cv_transition_time	n/a	n/a	n/a	n/a	n/a	n/a	n/a	n/a	n/a	goo	233.6760856	189	true	233.6485287	234.1319236
234.6968411	0.48109850000000165	trials	/intervals/trials	190	start_time	n/a	n/a	n/a	n/a	n/a	n/a	n/a	n/a	n/a	mee	234.8036243	190	true	234.6968411	235.1779396
234.8036243	0.0	cv_transition	/intervals/trials	190	cv_transition_time	n/a	n/a	n/a	n/a	n/a	n/a	n/a	n/a	n/a	mee	234.8036243	190	true	234.6968411	235.1779396
235.7968229	0.5419534000000112	trials	/intervals/trials	191	start_time	n/a	n/a	n/a	n/a	n/a	n/a	n/a	n/a	n/a	zaa	235.9460897	191	true	235.7968229	236.3387763
235.9460897	0.0	cv_transition	/intervals/trials	191	cv_transition_time	n/a	n/a	n/a	n/a	n/a	n/a	n/a	n/a	n/a	zaa	235.9460897	191	true	235.7968229	236.3387763
236.7946143	0.6487366000000065	trials	/intervals/trials	192	start_time	n/a	n/a	n/a	n/a	n/a	n/a	n/a	n/a	n/a	see	237.065591	192	true	236.7946143	237.4433509
237.065591	0.0	cv_transition	/intervals/trials	192	cv_transition_time	n/a	n/a	n/a	n/a	n/a	n/a	n/a	n/a	n/a	see	237.065591	192	true	236.7946143	237.4433509
237.9210048	0.5499909000000116	trials	/intervals/trials	193	start_time	n/a	n/a	n/a	n/a	n/a	n/a	n/a	n/a	n/a	zoo	238.0978286	193	true	237.9210048	238.4709957
238.0978286	0.0	cv_transition	/intervals/trials	193	cv_transition_time	n/a	n/a	n/a	n/a	n/a	n/a	n/a	n/a	n/a	zoo	238.0978286	193	true	237.9210048	238.4709957
239.0841379	0.47306109999999535	trials	/intervals/trials	194	start_time	n/a	n/a	n/a	n/a	n/a	n/a	n/a	n/a	n/a	too	239.1771427	194	true	239.0841379	239.557199
239.1771427	0.0	cv_transition	/intervals/trials	194	cv_transition_time	n/a	n/a	n/a	n/a	n/a	n/a	n/a	n/a	n/a	too	239.1771427	194	true	239.0841379	239.557199
240.1393397	0.49028409999999667	trials	/intervals/trials	195	start_time	n/a	n/a	n/a	n/a	n/a	n/a	n/a	n/a	n/a	vee	240.2047874	195	true	240.1393397	240.6296238
240.2047874	0.0	cv_transition	/intervals/trials	195	cv_transition_time	n/a	n/a	n/a	n/a	n/a	n/a	n/a	n/a	n/a	vee	240.2047874	195	true	240.1393397	240.6296238
242.226779	0.5201375000000041	trials	/intervals/trials	196	start_time	n/a	n/a	n/a	n/a	n/a	n/a	n/a	n/a	n/a	moo	242.3703048	196	true	242.226779	242.7469165
242.3703048	0.0	cv_transition	/intervals/trials	196	cv_transition_time	n/a	n/a	n/a	n/a	n/a	n/a	n/a	n/a	n/a	moo	242.3703048	196	true	242.226779	242.7469165
244.3762214	0.5006180000000029	trials	/intervals/trials	197	start_time	n/a	n/a	n/a	n/a	n/a	n/a	n/a	n/a	n/a	nee	244.4887457	197	true	244.3762214	244.8768394
244.4887457	0.0	cv_transition	/intervals/trials	197	cv_transition_time	n/a	n/a	n/a	n/a	n/a	n/a	n/a	n/a	n/a	nee	244.4887457	197	true	244.3762214	244.8768394
245.4899817	0.37431530000000635	trials	/intervals/trials	198	start_time	n/a	n/a	n/a	n/a	n/a	n/a	n/a	n/a	n/a	boo	245.5049084	198	true	245.4899817	245.864297
245.5049084	0.0	cv_transition	/intervals/trials	198	cv_transition_time	n/a	n/a	n/a	n/a	n/a	n/a	n/a	n/a	n/a	boo	245.5049084	198	true	245.4899817	245.864297
246.3993612	0.48109850000000165	trials	/intervals/trials	199	start_time	n/a	n/a	n/a	n/a	n/a	n/a	n/a	n/a	n/a	laa	246.542887	199	true	246.3993612	246.8804597
246.542887	0.0	cv_transition	/intervals/trials	199	cv_transition_time	n/a	n/a	n/a	n/a	n/a	n/a	n/a	n/a	n/a	laa	246.542887	199	true	246.3993612	246.8804597
247.4580075	0.4799502999999845	trials	/intervals/trials	200	start_time	n/a	n/a	n/a	n/a	n/a	n/a	n/a	n/a	n/a	maa	247.5843102	200	true	247.4580075	247.9379578
247.5843102	0.0	cv_transition	/intervals/trials	200	cv_transition_time	n/a	n/a	n/a	n/a	n/a	n/a	n/a	n/a	n/a	maa	247.5843102	200	true	247.4580075	247.9379578
248.4512061	0.6234761000000049	trials	/intervals/trials	201	start_time	n/a	n/a	n/a	n/a	n/a	n/a	n/a	n/a	n/a	soo	248.6831438	201	true	248.4512061	249.0746822
248.6831438	0.0	cv_transition	/intervals/trials	201	cv_transition_time	n/a	n/a	n/a	n/a	n/a	n/a	n/a	n/a	n/a	soo	248.6831438	201	true	248.4512061	249.0746822
249.646489	0.49028409999999667	trials	/intervals/trials	202	start_time	n/a	n/a	n/a	n/a	n/a	n/a	n/a	n/a	n/a	roo	249.7659025	202	true	249.646489	250.1367731
249.7659025	0.0	cv_transition	/intervals/trials	202	cv_transition_time	n/a	n/a	n/a	n/a	n/a	n/a	n/a	n/a	n/a	roo	249.7659025	202	true	249.646489	250.1367731
250.7820652	0.5109517999999866	trials	/intervals/trials	203	start_time	n/a	n/a	n/a	n/a	n/a	n/a	n/a	n/a	n/a	tee	250.9083679	203	true	250.7820652	251.293017
250.9083679	0.0	cv_transition	/intervals/trials	203	cv_transition_time	n/a	n/a	n/a	n/a	n/a	n/a	n/a	n/a	n/a	tee	250.9083679	203	true	250.7820652	251.293017
251.8257848	0.5339160000000049	trials	/intervals/trials	204	start_time	n/a	n/a	n/a	n/a	n/a	n/a	n/a	n/a	n/a	haa	252.0175353	204	true	251.8257848	252.3597008
252.0175353	0.0	cv_transition	/intervals/trials	204	cv_transition_time	n/a	n/a	n/a	n/a	n/a	n/a	n/a	n/a	n/a	haa	252.0175353	204	true	251.8257848	252.3597008
253.0176231	0.41794709999999213	trials	/intervals/trials	205	start_time	n/a	n/a	n/a	n/a	n/a	n/a	n/a	n/a	n/a	waa	253.1232581	205	true	253.0176231	253.4355702
253.1232581	0.0	cv_transition	/intervals/trials	205	cv_transition_time	n/a	n/a	n/a	n/a	n/a	n/a	n/a	n/a	n/a	waa	253.1232581	205	true	253.0176231	253.4355702
254.1692742	0.4259846000000209	trials	/intervals/trials	206	start_time	n/a	n/a	n/a	n/a	n/a	n/a	n/a	n/a	n/a	pee	254.2335737	206	true	254.1692742	254.5952588
254.2335737	0.0	cv_transition	/intervals/trials	206	cv_transition_time	n/a	n/a	n/a	n/a	n/a	n/a	n/a	n/a	n/a	pee	254.2335737	206	true	254.1692742	254.5952588
255.2462918	0.47650570000001835	trials	/intervals/trials	207	start_time	n/a	n/a	n/a	n/a	n/a	n/a	n/a	n/a	n/a	lee	255.3634089	207	true	255.2462918	255.7227975
255.3634089	0.0	cv_transition	/intervals/trials	207	cv_transition_time	n/a	n/a	n/a	n/a	n/a	n/a	n/a	n/a	n/a	lee	255.3634089	207	true	255.2462918	255.7227975
256.3531628	0.48109849999997323	trials	/intervals/trials	208	start_time	n/a	n/a	n/a	n/a	n/a	n/a	n/a	n/a	n/a	wee	256.4358337	208	true	256.3531628	256.8342613
256.4358337	0.0	cv_transition	/intervals/trials	208	cv_transition_time	n/a	n/a	n/a	n/a	n/a	n/a	n/a	n/a	n/a	wee	256.4358337	208	true	256.3531628	256.8342613
257.4519964	0.5281749000000104	trials	/intervals/trials	209	start_time	n/a	n/a	n/a	n/a	n/a	n/a	n/a	n/a	n/a	yaa	257.5725581	209	true	257.4519964	257.9801713
257.5725581	0.0	cv_transition	/intervals/trials	209	cv_transition_time	n/a	n/a	n/a	n/a	n/a	n/a	n/a	n/a	n/a	yaa	257.5725581	209	true	257.4519964	257.9801713
258.6564649	0.46387540000000627	trials	/intervals/trials	210	start_time	n/a	n/a	n/a	n/a	n/a	n/a	n/a	n/a	n/a	gaa	258.6851701	210	true	258.6564649	259.1203403
258.6851701	0.0	cv_transition	/intervals/trials	210	cv_transition_time	n/a	n/a	n/a	n/a	n/a	n/a	n/a	n/a	n/a	gaa	258.6851701	210	true	258.6564649	259.1203403
259.6289958	0.6785900000000424	trials	/intervals/trials	211	start_time	n/a	n/a	n/a	n/a	n/a	n/a	n/a	n/a	n/a	shaa	259.8678227	211	true	259.6289958	260.3075858
259.8678227	0.0	cv_transition	/intervals/trials	211	cv_transition_time	n/a	n/a	n/a	n/a	n/a	n/a	n/a	n/a	n/a	shaa	259.8678227	211	true	259.6289958	260.3075858
261.0056953	0.44205949999997074	trials	/intervals/trials	212	start_time	n/a	n/a	n/a	n/a	n/a	n/a	n/a	n/a	n/a	doo	261.0447343	212	true	261.0056953	261.4477548
261.0447343	0.0	cv_transition	/intervals/trials	212	cv_transition_time	n/a	n/a	n/a	n/a	n/a	n/a	n/a	n/a	n/a	doo	261.0447343	212	true	261.0056953	261.4477548
262.127493	0.4788020999999958	trials	/intervals/trials	213	start_time	n/a	n/a	n/a	n/a	n/a	n/a	n/a	n/a	n/a	woo	262.2434619	213	true	262.127493	262.6062951
262.2434619	0.0	cv_transition	/intervals/trials	213	cv_transition_time	n/a	n/a	n/a	n/a	n/a	n/a	n/a	n/a	n/a	woo	262.2434619	213	true	262.127493	262.6062951
263.3124421	0.5029144000000088	trials	/intervals/trials	214	start_time	n/a	n/a	n/a	n/a	n/a	n/a	n/a	n/a	n/a	raa	263.4353001	214	true	263.3124421	263.8153565
263.4353001	0.0	cv_transition	/intervals/trials	214	cv_transition_time	n/a	n/a	n/a	n/a	n/a	n/a	n/a	n/a	n/a	raa	263.4353001	214	true	263.3124421	263.8153565
264.4755752	0.6131422000000271	trials	/intervals/trials	215	start_time	n/a	n/a	n/a	n/a	n/a	n/a	n/a	n/a	n/a	shee	264.7017718	215	true	264.4755752	265.0887174
264.7017718	0.0	cv_transition	/intervals/trials	215	cv_transition_time	n/a	n/a	n/a	n/a	n/a	n/a	n/a	n/a	n/a	shee	264.7017718	215	true	264.4755752	265.0887174
265.8074946	0.4615790000000288	trials	/intervals/trials	216	start_time	n/a	n/a	n/a	n/a	n/a	n/a	n/a	n/a	n/a	yoo	265.9188707	216	true	265.8074946	266.2690736
265.9188707	0.0	cv_transition	/intervals/trials	216	cv_transition_time	n/a	n/a	n/a	n/a	n/a	n/a	n/a	n/a	n/a	yoo	265.9188707	216	true	265.8074946	266.2690736
267.0854484	0.42942919999995866	trials	/intervals/trials	217	start_time	n/a	n/a	n/a	n/a	n/a	n/a	n/a	n/a	n/a	baa	267.0980787	217	true	267.0854484	267.5148776
267.0980787	0.0	cv_transition	/intervals/trials	217	cv_transition_time	n/a	n/a	n/a	n/a	n/a	n/a	n/a	n/a	n/a	baa	267.0980787	217	true	267.0854484	267.5148776
268.1831338	0.5832887999999912	trials	/intervals/trials	218	start_time	n/a	n/a	n/a	n/a	n/a	n/a	n/a	n/a	n/a	zee	268.3852181	218	true	268.1831338	268.7664226
268.3852181	0.0	cv_transition	/intervals/trials	218	cv_transition_time	n/a	n/a	n/a	n/a	n/a	n/a	n/a	n/a	n/a	zee	268.3852181	218	true	268.1831338	268.7664226
269.5368692	0.4696164000000067	trials	/intervals/trials	219	start_time	n/a	n/a	n/a	n/a	n/a	n/a	n/a	n/a	n/a	gee	269.5954277	219	true	269.5368692	270.0064856
269.5954277	0.0	cv_transition	/intervals/trials	219	cv_transition_time	n/a	n/a	n/a	n/a	n/a	n/a	n/a	n/a	n/a	gee	269.5954277	219	true	269.5368692	270.0064856
270.681631	0.5316195999999991	trials	/intervals/trials	220	start_time	n/a	n/a	n/a	n/a	n/a	n/a	n/a	n/a	n/a	kee	270.7895624	220	true	270.681631	271.2132506
270.7895624	0.0	cv_transition	/intervals/trials	220	cv_transition_time	n/a	n/a	n/a	n/a	n/a	n/a	n/a	n/a	n/a	kee	270.7895624	220	true	270.681631	271.2132506
271.9021744	0.4742093000000409	trials	/intervals/trials	221	start_time	n/a	n/a	n/a	n/a	n/a	n/a	n/a	n/a	n/a	ree	272.0066612	221	true	271.9021744	272.3763837
272.0066612	0.0	cv_transition	/intervals/trials	221	cv_transition_time	n/a	n/a	n/a	n/a	n/a	n/a	n/a	n/a	n/a	ree	272.0066612	221	true	271.9021744	272.3763837
274.6107934	0.5029144000000088	trials	/intervals/trials	222	start_time	n/a	n/a	n/a	n/a	n/a	n/a	n/a	n/a	n/a	voo	274.6888715	222	true	274.6107934	275.1137078
274.6888715	0.0	cv_transition	/intervals/trials	222	cv_transition_time	n/a	n/a	n/a	n/a	n/a	n/a	n/a	n/a	n/a	voo	274.6888715	222	true	274.6107934	275.1137078
275.8646349	0.48683949999997367	trials	/intervals/trials	223	start_time	n/a	n/a	n/a	n/a	n/a	n/a	n/a	n/a	n/a	noo	275.9760109	223	true	275.8646349	276.3514744
275.9760109	0.0	cv_transition	/intervals/trials	223	cv_transition_time	n/a	n/a	n/a	n/a	n/a	n/a	n/a	n/a	n/a	noo	275.9760109	223	true	275.8646349	276.3514744
277.2757806	0.37661169999995536	trials	/intervals/trials	224	start_time	n/a	n/a	n/a	n/a	n/a	n/a	n/a	n/a	n/a	dee	277.2987447	224	true	277.2757806	277.6523923
277.2987447	0.0	cv_transition	/intervals/trials	224	cv_transition_time	n/a	n/a	n/a	n/a	n/a	n/a	n/a	n/a	n/a	dee	277.2987447	224	true	277.2757806	277.6523923
278.3619839	0.5235820999999987	trials	/intervals/trials	225	start_time	n/a	n/a	n/a	n/a	n/a	n/a	n/a	n/a	n/a	yee	278.4733599	225	true	278.3619839	278.885566
278.4733599	0.0	cv_transition	/intervals/trials	225	cv_transition_time	n/a	n/a	n/a	n/a	n/a	n/a	n/a	n/a	n/a	yee	278.4733599	225	true	278.3619839	278.885566
279.6560125	0.5086555000000317	trials	/intervals/trials	226	start_time	n/a	n/a	n/a	n/a	n/a	n/a	n/a	n/a	n/a	koo	279.7846117	226	true	279.6560125	280.164668
279.7846117	0.0	cv_transition	/intervals/trials	226	cv_transition_time	n/a	n/a	n/a	n/a	n/a	n/a	n/a	n/a	n/a	koo	279.7846117	226	true	279.6560125	280.164668
280.9029647	0.5821407000000249	trials	/intervals/trials	227	start_time	n/a	n/a	n/a	n/a	n/a	n/a	n/a	n/a	n/a	fee	281.0717511	227	true	280.9029647	281.4851054
281.0717511	0.0	cv_transition	/intervals/trials	227	cv_transition_time	n/a	n/a	n/a	n/a	n/a	n/a	n/a	n/a	n/a	fee	281.0717511	227	true	280.9029647	281.4851054
282.1166189	0.5339160000000334	trials	/intervals/trials	228	start_time	n/a	n/a	n/a	n/a	n/a	n/a	n/a	n/a	n/a	hee	282.2831089	228	true	282.1166189	282.6505349
282.2831089	0.0	cv_transition	/intervals/trials	228	cv_transition_time	n/a	n/a	n/a	n/a	n/a	n/a	n/a	n/a	n/a	hee	282.2831089	228	true	282.1166189	282.6505349
283.3968691	0.4696164000000067	trials	/intervals/trials	229	start_time	n/a	n/a	n/a	n/a	n/a	n/a	n/a	n/a	n/a	vaa	283.4726507	229	true	283.3968691	283.8664855
283.4726507	0.0	cv_transition	/intervals/trials	229	cv_transition_time	n/a	n/a	n/a	n/a	n/a	n/a	n/a	n/a	n/a	vaa	283.4726507	229	true	283.3968691	283.8664855
284.5944484	0.48109850000003007	trials	/intervals/trials	230	start_time	n/a	n/a	n/a	n/a	n/a	n/a	n/a	n/a	n/a	loo	284.7138619	230	true	284.5944484	285.0755469
284.7138619	0.0	cv_transition	/intervals/trials	230	cv_transition_time	n/a	n/a	n/a	n/a	n/a	n/a	n/a	n/a	n/a	loo	284.7138619	230	true	284.5944484	285.0755469
285.8414006	0.5373605999999995	trials	/intervals/trials	231	start_time	n/a	n/a	n/a	n/a	n/a	n/a	n/a	n/a	n/a	hoo	286.010187	231	true	285.8414006	286.3787612
286.010187	0.0	cv_transition	/intervals/trials	231	cv_transition_time	n/a	n/a	n/a	n/a	n/a	n/a	n/a	n/a	n/a	hoo	286.010187	231	true	285.8414006	286.3787612
287.1756165	0.468468200000018	trials	/intervals/trials	232	start_time	n/a	n/a	n/a	n/a	n/a	n/a	n/a	n/a	n/a	kaa	287.2456571	232	true	287.1756165	287.6440847
287.2456571	0.0	cv_transition	/intervals/trials	232	cv_transition_time	n/a	n/a	n/a	n/a	n/a	n/a	n/a	n/a	n/a	kaa	287.2456571	232	true	287.1756165	287.6440847
288.374344	0.4799502999999845	trials	/intervals/trials	233	start_time	n/a	n/a	n/a	n/a	n/a	n/a	n/a	n/a	n/a	poo	288.4432364	233	true	288.374344	288.8542943
288.4432364	0.0	cv_transition	/intervals/trials	233	cv_transition_time	n/a	n/a	n/a	n/a	n/a	n/a	n/a	n/a	n/a	poo	288.4432364	233	true	288.374344	288.8542943
289.6947814	0.4213917999999808	trials	/intervals/trials	234	start_time	n/a	n/a	n/a	n/a	n/a	n/a	n/a	n/a	n/a	bee	289.720042	234	true	289.6947814	290.1161732
289.720042	0.0	cv_transition	/intervals/trials	234	cv_transition_time	n/a	n/a	n/a	n/a	n/a	n/a	n/a	n/a	n/a	bee	289.720042	234	true	289.6947814	290.1161732
290.8613592	0.45009690000000546	trials	/intervals/trials	235	start_time	n/a	n/a	n/a	n/a	n/a	n/a	n/a	n/a	n/a	paa	290.94403	235	true	290.8613592	291.3114561
290.94403	0.0	cv_transition	/intervals/trials	235	cv_transition_time	n/a	n/a	n/a	n/a	n/a	n/a	n/a	n/a	n/a	paa	290.94403	235	true	290.8613592	291.3114561
292.0428636	0.5143965000000321	trials	/intervals/trials	236	start_time	n/a	n/a	n/a	n/a	n/a	n/a	n/a	n/a	n/a	tee	292.1795002	236	true	292.0428636	292.5572601
292.1795002	0.0	cv_transition	/intervals/trials	236	cv_transition_time	n/a	n/a	n/a	n/a	n/a	n/a	n/a	n/a	n/a	tee	292.1795002	236	true	292.0428636	292.5572601
293.3506707	0.5453980999999999	trials	/intervals/trials	237	start_time	n/a	n/a	n/a	n/a	n/a	n/a	n/a	n/a	n/a	naa	293.5183089	237	true	293.3506707	293.8960688
293.5183089	0.0	cv_transition	/intervals/trials	237	cv_transition_time	n/a	n/a	n/a	n/a	n/a	n/a	n/a	n/a	n/a	naa	293.5183089	237	true	293.3506707	293.8960688
294.5712142	0.6487366000000065	trials	/intervals/trials	238	start_time	n/a	n/a	n/a	n/a	n/a	n/a	n/a	n/a	n/a	saa	294.8192268	238	true	294.5712142	295.2199508
294.8192268	0.0	cv_transition	/intervals/trials	238	cv_transition_time	n/a	n/a	n/a	n/a	n/a	n/a	n/a	n/a	n/a	saa	294.8192268	238	true	294.5712142	295.2199508
295.6620103	0.6969612999999981	trials	/intervals/trials	239	start_time	n/a	n/a	n/a	n/a	n/a	n/a	n/a	n/a	n/a	shoo	295.9410245	239	true	295.6620103	296.3589716
295.9410245	0.0	cv_transition	/intervals/trials	239	cv_transition_time	n/a	n/a	n/a	n/a	n/a	n/a	n/a	n/a	n/a	shoo	295.9410245	239	true	295.6620103	296.3589716
296.9376677	0.6384027999999944	trials	/intervals/trials	240	start_time	n/a	n/a	n/a	n/a	n/a	n/a	n/a	n/a	n/a	foo	297.1512341	240	true	296.9376677	297.5760705
297.1512341	0.0	cv_transition	/intervals/trials	240	cv_transition_time	n/a	n/a	n/a	n/a	n/a	n/a	n/a	n/a	n/a	foo	297.1512341	240	true	296.9376677	297.5760705
298.3120708	0.45468969999996034	trials	/intervals/trials	241	start_time	n/a	n/a	n/a	n/a	n/a	n/a	n/a	n/a	n/a	daa	298.3269975	241	true	298.3120708	298.7667605
298.3269975	0.0	cv_transition	/intervals/trials	241	cv_transition_time	n/a	n/a	n/a	n/a	n/a	n/a	n/a	n/a	n/a	daa	298.3269975	241	true	298.3120708	298.7667605
299.3776064	0.6384027000000287	trials	/intervals/trials	242	start_time	n/a	n/a	n/a	n/a	n/a	n/a	n/a	n/a	n/a	faa	299.6106923	242	true	299.3776064	300.0160091
299.6106923	0.0	cv_transition	/intervals/trials	242	cv_transition_time	n/a	n/a	n/a	n/a	n/a	n/a	n/a	n/a	n/a	faa	299.6106923	242	true	299.3776064	300.0160091
300.7359346	0.48683949999997367	trials	/intervals/trials	243	start_time	n/a	n/a	n/a	n/a	n/a	n/a	n/a	n/a	n/a	goo	300.8036788	243	true	300.7359346	301.2227741
300.8036788	0.0	cv_transition	/intervals/trials	243	cv_transition_time	n/a	n/a	n/a	n/a	n/a	n/a	n/a	n/a	n/a	goo	300.8036788	243	true	300.7359346	301.2227741
301.9404031	0.5270267999999874	trials	/intervals/trials	244	start_time	n/a	n/a	n/a	n/a	n/a	n/a	n/a	n/a	n/a	mee	302.0460381	244	true	301.9404031	302.4674299
302.0460381	0.0	cv_transition	/intervals/trials	244	cv_transition_time	n/a	n/a	n/a	n/a	n/a	n/a	n/a	n/a	n/a	mee	302.0460381	244	true	301.9404031	302.4674299
303.0771275	0.6223278999999593	trials	/intervals/trials	245	start_time	n/a	n/a	n/a	n/a	n/a	n/a	n/a	n/a	n/a	zaa	303.2654334	245	true	303.0771275	303.6994554
303.2654334	0.0	cv_transition	/intervals/trials	245	cv_transition_time	n/a	n/a	n/a	n/a	n/a	n/a	n/a	n/a	n/a	zaa	303.2654334	245	true	303.0771275	303.6994554
304.2092591	0.7704464999999914	trials	/intervals/trials	246	start_time	n/a	n/a	n/a	n/a	n/a	n/a	n/a	n/a	n/a	see	304.5410907	246	true	304.2092591	304.9797056
304.5410907	0.0	cv_transition	/intervals/trials	246	cv_transition_time	n/a	n/a	n/a	n/a	n/a	n/a	n/a	n/a	n/a	see	304.5410907	246	true	304.2092591	304.9797056
305.6617402	0.6590704999999843	trials	/intervals/trials	247	start_time	n/a	n/a	n/a	n/a	n/a	n/a	n/a	n/a	n/a	zoo	305.8741584	247	true	305.6617402	306.3208107
305.8741584	0.0	cv_transition	/intervals/trials	247	cv_transition_time	n/a	n/a	n/a	n/a	n/a	n/a	n/a	n/a	n/a	zoo	305.8741584	247	true	305.6617402	306.3208107
307.1119249	0.4925805999999966	trials	/intervals/trials	248	start_time	n/a	n/a	n/a	n/a	n/a	n/a	n/a	n/a	n/a	too	307.1911512	248	true	307.1119249	307.6045055
307.1911512	0.0	cv_transition	/intervals/trials	248	cv_transition_time	n/a	n/a	n/a	n/a	n/a	n/a	n/a	n/a	n/a	too	307.1911512	248	true	307.1119249	307.6045055
308.4174357	0.5235820999999987	trials	/intervals/trials	249	start_time	n/a	n/a	n/a	n/a	n/a	n/a	n/a	n/a	n/a	vee	308.5311081	249	true	308.4174357	308.9410178
308.5311081	0.0	cv_transition	/intervals/trials	249	cv_transition_time	n/a	n/a	n/a	n/a	n/a	n/a	n/a	n/a	n/a	vee	308.5311081	249	true	308.4174357	308.9410178
311.177724	0.49028409999999667	trials	/intervals/trials	250	start_time	n/a	n/a	n/a	n/a	n/a	n/a	n/a	n/a	n/a	moo	311.2535056	250	true	311.177724	311.6680081
311.2535056	0.0	cv_transition	/intervals/trials	250	cv_transition_time	n/a	n/a	n/a	n/a	n/a	n/a	n/a	n/a	n/a	moo	311.2535056	250	true	311.177724	311.6680081
313.5499185	0.5143964000000096	trials	/intervals/trials	251	start_time	n/a	n/a	n/a	n/a	n/a	n/a	n/a	n/a	n/a	nee	313.6624427	251	true	313.5499185	314.0643149
313.6624427	0.0	cv_transition	/intervals/trials	251	cv_transition_time	n/a	n/a	n/a	n/a	n/a	n/a	n/a	n/a	n/a	nee	313.6624427	251	true	313.5499185	314.0643149
314.8749487	0.4213917999999808	trials	/intervals/trials	252	start_time	n/a	n/a	n/a	n/a	n/a	n/a	n/a	n/a	n/a	boo	314.9013574	252	true	314.8749487	315.2963405
314.9013574	0.0	cv_transition	/intervals/trials	252	cv_transition_time	n/a	n/a	n/a	n/a	n/a	n/a	n/a	n/a	n/a	boo	314.9013574	252	true	314.8749487	315.2963405
315.9588556	0.5201375000000326	trials	/intervals/trials	253	start_time	n/a	n/a	n/a	n/a	n/a	n/a	n/a	n/a	n/a	laa	316.1046778	253	true	315.9588556	316.4789931
316.1046778	0.0	cv_transition	/intervals/trials	253	cv_transition_time	n/a	n/a	n/a	n/a	n/a	n/a	n/a	n/a	n/a	laa	316.1046778	253	true	315.9588556	316.4789931
317.1748062	0.471912800000041	trials	/intervals/trials	254	start_time	n/a	n/a	n/a	n/a	n/a	n/a	n/a	n/a	n/a	maa	317.2724037	254	true	317.1748062	317.646719
317.2724037	0.0	cv_transition	/intervals/trials	254	cv_transition_time	n/a	n/a	n/a	n/a	n/a	n/a	n/a	n/a	n/a	maa	317.2724037	254	true	317.1748062	317.646719
318.1886725	0.5878817000000254	trials	/intervals/trials	255	start_time	n/a	n/a	n/a	n/a	n/a	n/a	n/a	n/a	n/a	soo	318.4343887	255	true	318.1886725	318.7765542
318.4343887	0.0	cv_transition	/intervals/trials	255	cv_transition_time	n/a	n/a	n/a	n/a	n/a	n/a	n/a	n/a	n/a	soo	318.4343887	255	true	318.1886725	318.7765542
319.4126605	0.5476944999999773	trials	/intervals/trials	256	start_time	n/a	n/a	n/a	n/a	n/a	n/a	n/a	n/a	n/a	roo	319.5745577	256	true	319.4126605	319.960355
319.5745577	0.0	cv_transition	/intervals/trials	256	cv_transition_time	n/a	n/a	n/a	n/a	n/a	n/a	n/a	n/a	n/a	roo	319.5745577	256	true	319.4126605	319.960355
320.8077314	0.46846819999996114	trials	/intervals/trials	257	start_time	n/a	n/a	n/a	n/a	n/a	n/a	n/a	n/a	n/a	tee	320.8972915	257	true	320.8077314	321.2761996
320.8972915	0.0	cv_transition	/intervals/trials	257	cv_transition_time	n/a	n/a	n/a	n/a	n/a	n/a	n/a	n/a	n/a	tee	320.8972915	257	true	320.8077314	321.2761996
321.9559378	0.5465462999999886	trials	/intervals/trials	258	start_time	n/a	n/a	n/a	n/a	n/a	n/a	n/a	n/a	n/a	haa	322.1362062	258	true	321.9559378	322.5024841
322.1362062	0.0	cv_transition	/intervals/trials	258	cv_transition_time	n/a	n/a	n/a	n/a	n/a	n/a	n/a	n/a	n/a	haa	322.1362062	258	true	321.9559378	322.5024841
323.241929	0.5201374999999757	trials	/intervals/trials	259	start_time	n/a	n/a	n/a	n/a	n/a	n/a	n/a	n/a	n/a	waa	323.3601943	259	true	323.241929	323.7620665
323.3601943	0.0	cv_transition	/intervals/trials	259	cv_transition_time	n/a	n/a	n/a	n/a	n/a	n/a	n/a	n/a	n/a	waa	323.3601943	259	true	323.241929	323.7620665
324.5072525	0.4788020999999958	trials	/intervals/trials	260	start_time	n/a	n/a	n/a	n/a	n/a	n/a	n/a	n/a	n/a	pee	324.6140357	260	true	324.5072525	324.9860546
324.6140357	0.0	cv_transition	/intervals/trials	260	cv_transition_time	n/a	n/a	n/a	n/a	n/a	n/a	n/a	n/a	n/a	pee	324.6140357	260	true	324.5072525	324.9860546
325.7519083	0.49143239999995103	trials	/intervals/trials	261	start_time	n/a	n/a	n/a	n/a	n/a	n/a	n/a	n/a	n/a	lee	325.8805074	261	true	325.7519083	326.2433407
325.8805074	0.0	cv_transition	/intervals/trials	261	cv_transition_time	n/a	n/a	n/a	n/a	n/a	n/a	n/a	n/a	n/a	lee	325.8805074	261	true	325.7519083	326.2433407
327.0160836	0.4673199999999724	trials	/intervals/trials	262	start_time	n/a	n/a	n/a	n/a	n/a	n/a	n/a	n/a	n/a	wee	327.1171258	262	true	327.0160836	327.4834036
327.1171258	0.0	cv_transition	/intervals/trials	262	cv_transition_time	n/a	n/a	n/a	n/a	n/a	n/a	n/a	n/a	n/a	wee	327.1171258	262	true	327.0160836	327.4834036
328.1665864	0.5098036999999636	trials	/intervals/trials	263	start_time	n/a	n/a	n/a	n/a	n/a	n/a	n/a	n/a	n/a	yaa	328.2710732	263	true	328.1665864	328.6763901
328.2710732	0.0	cv_transition	/intervals/trials	263	cv_transition_time	n/a	n/a	n/a	n/a	n/a	n/a	n/a	n/a	n/a	yaa	328.2710732	263	true	328.1665864	328.6763901
330.4067372	0.390390200000013	trials	/intervals/trials	264	start_time	n/a	n/a	n/a	n/a	n/a	n/a	n/a	n/a	n/a	gaa	330.4377388	264	true	330.4067372	330.7971274
330.4377388	0.0	cv_transition	/intervals/trials	264	cv_transition_time	n/a	n/a	n/a	n/a	n/a	n/a	n/a	n/a	n/a	gaa	330.4377388	264	true	330.4067372	330.7971274
331.367786	0.5821406999999681	trials	/intervals/trials	265	start_time	n/a	n/a	n/a	n/a	n/a	n/a	n/a	n/a	n/a	shaa	331.5825006	265	true	331.367786	331.9499267
331.5825006	0.0	cv_transition	/intervals/trials	265	cv_transition_time	n/a	n/a	n/a	n/a	n/a	n/a	n/a	n/a	n/a	shaa	331.5825006	265	true	331.367786	331.9499267
332.6882234	0.4271327999999812	trials	/intervals/trials	266	start_time	n/a	n/a	n/a	n/a	n/a	n/a	n/a	n/a	n/a	doo	332.713484	266	true	332.6882234	333.1153562
332.713484	0.0	cv_transition	/intervals/trials	266	cv_transition_time	n/a	n/a	n/a	n/a	n/a	n/a	n/a	n/a	n/a	doo	332.713484	266	true	332.6882234	333.1153562
334.004068	0.40416869999995697	trials	/intervals/trials	267	start_time	n/a	n/a	n/a	n/a	n/a	n/a	n/a	n/a	n/a	woo	334.0787014	267	true	334.004068	334.4082367
334.0787014	0.0	cv_transition	/intervals/trials	267	cv_transition_time	n/a	n/a	n/a	n/a	n/a	n/a	n/a	n/a	n/a	woo	334.0787014	267	true	334.004068	334.4082367
335.2418345	0.5339160000000334	trials	/intervals/trials	268	start_time	n/a	n/a	n/a	n/a	n/a	n/a	n/a	n/a	n/a	raa	335.3784711	268	true	335.2418345	335.7757505
335.3784711	0.0	cv_transition	/intervals/trials	268	cv_transition_time	n/a	n/a	n/a	n/a	n/a	n/a	n/a	n/a	n/a	raa	335.3784711	268	true	335.2418345	335.7757505
336.434821	0.6452919999999835	trials	/intervals/trials	269	start_time	n/a	n/a	n/a	n/a	n/a	n/a	n/a	n/a	n/a	shee	336.6782408	269	true	336.434821	337.080113
336.6782408	0.0	cv_transition	/intervals/trials	269	cv_transition_time	n/a	n/a	n/a	n/a	n/a	n/a	n/a	n/a	n/a	shee	336.6782408	269	true	336.434821	337.080113
338.4866659	0.608549499999981	trials	/intervals/trials	270	start_time	n/a	n/a	n/a	n/a	n/a	n/a	n/a	n/a	n/a	yoo	338.6600451	270	true	338.4866659	339.0952154
338.6600451	0.0	cv_transition	/intervals/trials	270	cv_transition_time	n/a	n/a	n/a	n/a	n/a	n/a	n/a	n/a	n/a	yoo	338.6600451	270	true	338.4866659	339.0952154
339.8013623	0.4179472000000146	trials	/intervals/trials	271	start_time	n/a	n/a	n/a	n/a	n/a	n/a	n/a	n/a	n/a	baa	339.8174372	271	true	339.8013623	340.2193095
339.8174372	0.0	cv_transition	/intervals/trials	271	cv_transition_time	n/a	n/a	n/a	n/a	n/a	n/a	n/a	n/a	n/a	baa	339.8174372	271	true	339.8013623	340.2193095
340.9323457	0.600511900000015	trials	/intervals/trials	272	start_time	n/a	n/a	n/a	n/a	n/a	n/a	n/a	n/a	n/a	zee	341.1263925	272	true	340.9323457	341.5328576
341.1263925	0.0	cv_transition	/intervals/trials	272	cv_transition_time	n/a	n/a	n/a	n/a	n/a	n/a	n/a	n/a	n/a	zee	341.1263925	272	true	340.9323457	341.5328576
342.452571	0.49143230000004223	trials	/intervals/trials	273	start_time	n/a	n/a	n/a	n/a	n/a	n/a	n/a	n/a	n/a	gee	342.5180188	273	true	342.452571	342.9440033
342.5180188	0.0	cv_transition	/intervals/trials	273	cv_transition_time	n/a	n/a	n/a	n/a	n/a	n/a	n/a	n/a	n/a	gee	342.5180188	273	true	342.452571	342.9440033
343.6076667	0.4960250999999971	trials	/intervals/trials	274	start_time	n/a	n/a	n/a	n/a	n/a	n/a	n/a	n/a	n/a	kee	343.7121535	274	true	343.6076667	344.1036918
343.7121535	0.0	cv_transition	/intervals/trials	274	cv_transition_time	n/a	n/a	n/a	n/a	n/a	n/a	n/a	n/a	n/a	kee	343.7121535	274	true	343.6076667	344.1036918
344.7397982	0.555731900000012	trials	/intervals/trials	275	start_time	n/a	n/a	n/a	n/a	n/a	n/a	n/a	n/a	n/a	ree	344.8867686	275	true	344.7397982	345.2955301
344.8867686	0.0	cv_transition	/intervals/trials	275	cv_transition_time	n/a	n/a	n/a	n/a	n/a	n/a	n/a	n/a	n/a	ree	344.8867686	275	true	344.7397982	345.2955301
347.2555185	0.50406270000002	trials	/intervals/trials	276	start_time	n/a	n/a	n/a	n/a	n/a	n/a	n/a	n/a	n/a	voo	347.3519679	276	true	347.2555185	347.7595812
347.3519679	0.0	cv_transition	/intervals/trials	276	cv_transition_time	n/a	n/a	n/a	n/a	n/a	n/a	n/a	n/a	n/a	voo	347.3519679	276	true	347.2555185	347.7595812
348.4324301	0.5166929000000096	trials	/intervals/trials	277	start_time	n/a	n/a	n/a	n/a	n/a	n/a	n/a	n/a	n/a	noo	348.5679185	277	true	348.4324301	348.949123
348.5679185	0.0	cv_transition	/intervals/trials	277	cv_transition_time	n/a	n/a	n/a	n/a	n/a	n/a	n/a	n/a	n/a	noo	348.5679185	277	true	348.4324301	348.949123
349.7850173	0.3995759000000021	trials	/intervals/trials	278	start_time	n/a	n/a	n/a	n/a	n/a	n/a	n/a	n/a	n/a	dee	349.8171671	278	true	349.7850173	350.1845932
349.8171671	0.0	cv_transition	/intervals/trials	278	cv_transition_time	n/a	n/a	n/a	n/a	n/a	n/a	n/a	n/a	n/a	dee	349.8171671	278	true	349.7850173	350.1845932
350.8999258	0.5258784999999762	trials	/intervals/trials	279	start_time	n/a	n/a	n/a	n/a	n/a	n/a	n/a	n/a	n/a	yee	351.0445998	279	true	350.8999258	351.4258043
351.0445998	0.0	cv_transition	/intervals/trials	279	cv_transition_time	n/a	n/a	n/a	n/a	n/a	n/a	n/a	n/a	n/a	yee	351.0445998	279	true	350.8999258	351.4258043
352.0791338	0.48683949999997367	trials	/intervals/trials	280	start_time	n/a	n/a	n/a	n/a	n/a	n/a	n/a	n/a	n/a	koo	352.1985473	280	true	352.0791338	352.5659733
352.1985473	0.0	cv_transition	/intervals/trials	280	cv_transition_time	n/a	n/a	n/a	n/a	n/a	n/a	n/a	n/a	n/a	koo	352.1985473	280	true	352.0791338	352.5659733
353.2170064	0.5626211000000012	trials	/intervals/trials	281	start_time	n/a	n/a	n/a	n/a	n/a	n/a	n/a	n/a	n/a	fee	353.3766071	281	true	353.2170064	353.7796275
353.3766071	0.0	cv_transition	/intervals/trials	281	cv_transition_time	n/a	n/a	n/a	n/a	n/a	n/a	n/a	n/a	n/a	fee	353.3766071	281	true	353.2170064	353.7796275
354.3904734	0.6085493999999585	trials	/intervals/trials	282	start_time	n/a	n/a	n/a	n/a	n/a	n/a	n/a	n/a	n/a	hee	354.5672971	282	true	354.3904734	354.9990228
354.5672971	0.0	cv_transition	/intervals/trials	282	cv_transition_time	n/a	n/a	n/a	n/a	n/a	n/a	n/a	n/a	n/a	hee	354.5672971	282	true	354.3904734	354.9990228
355.645463	0.49946979999998575	trials	/intervals/trials	283	start_time	n/a	n/a	n/a	n/a	n/a	n/a	n/a	n/a	n/a	vaa	355.7522462	283	true	355.645463	356.1449328
355.7522462	0.0	cv_transition	/intervals/trials	283	cv_transition_time	n/a	n/a	n/a	n/a	n/a	n/a	n/a	n/a	n/a	vaa	355.7522462	283	true	355.645463	356.1449328
356.8763403	0.46617180000004055	trials	/intervals/trials	284	start_time	n/a	n/a	n/a	n/a	n/a	n/a	n/a	n/a	n/a	loo	357.0049394	284	true	356.8763403	357.3425121
357.0049394	0.0	cv_transition	/intervals/trials	284	cv_transition_time	n/a	n/a	n/a	n/a	n/a	n/a	n/a	n/a	n/a	loo	357.0049394	284	true	356.8763403	357.3425121
358.1336263	0.5052109000000087	trials	/intervals/trials	285	start_time	n/a	n/a	n/a	n/a	n/a	n/a	n/a	n/a	n/a	hoo	358.2783004	285	true	358.1336263	358.6388372
358.2783004	0.0	cv_transition	/intervals/trials	285	cv_transition_time	n/a	n/a	n/a	n/a	n/a	n/a	n/a	n/a	n/a	hoo	358.2783004	285	true	358.1336263	358.6388372
359.4138765	0.4833949000000075	trials	/intervals/trials	286	start_time	n/a	n/a	n/a	n/a	n/a	n/a	n/a	n/a	n/a	kaa	359.4862135	286	true	359.4138765	359.8972714
359.4862135	0.0	cv_transition	/intervals/trials	286	cv_transition_time	n/a	n/a	n/a	n/a	n/a	n/a	n/a	n/a	n/a	kaa	359.4862135	286	true	359.4138765	359.8972714
360.5104137	0.5511391000000003	trials	/intervals/trials	287	start_time	n/a	n/a	n/a	n/a	n/a	n/a	n/a	n/a	n/a	poo	360.6413092	287	true	360.5104137	361.0615528
360.6413092	0.0	cv_transition	/intervals/trials	287	cv_transition_time	n/a	n/a	n/a	n/a	n/a	n/a	n/a	n/a	n/a	poo	360.6413092	287	true	360.5104137	361.0615528
361.8423332	0.40416859999999133	trials	/intervals/trials	288	start_time	n/a	n/a	n/a	n/a	n/a	n/a	n/a	n/a	n/a	bee	361.8561116	288	true	361.8423332	362.2465018
361.8561116	0.0	cv_transition	/intervals/trials	288	cv_transition_time	n/a	n/a	n/a	n/a	n/a	n/a	n/a	n/a	n/a	bee	361.8561116	288	true	361.8423332	362.2465018
362.953797	0.5293231999999648	trials	/intervals/trials	289	start_time	n/a	n/a	n/a	n/a	n/a	n/a	n/a	n/a	n/a	paa	363.0755069	289	true	362.953797	363.4831202
363.0755069	0.0	cv_transition	/intervals/trials	289	cv_transition_time	n/a	n/a	n/a	n/a	n/a	n/a	n/a	n/a	n/a	paa	363.0755069	289	true	362.953797	363.4831202
364.1777851	0.552287299999989	trials	/intervals/trials	290	start_time	n/a	n/a	n/a	n/a	n/a	n/a	n/a	n/a	n/a	taa	364.3270519	290	true	364.1777851	364.7300724
364.3270519	0.0	cv_transition	/intervals/trials	290	cv_transition_time	n/a	n/a	n/a	n/a	n/a	n/a	n/a	n/a	n/a	taa	364.3270519	290	true	364.1777851	364.7300724
365.4109588	0.5362124000000108	trials	/intervals/trials	291	start_time	n/a	n/a	n/a	n/a	n/a	n/a	n/a	n/a	n/a	naa	365.523483	291	true	365.4109588	365.9471712
365.523483	0.0	cv_transition	/intervals/trials	291	cv_transition_time	n/a	n/a	n/a	n/a	n/a	n/a	n/a	n/a	n/a	naa	365.523483	291	true	365.4109588	365.9471712
366.4730497	0.669404400000019	trials	/intervals/trials	292	start_time	n/a	n/a	n/a	n/a	n/a	n/a	n/a	n/a	n/a	saa	366.7268034	292	true	366.4730497	367.1424541
366.7268034	0.0	cv_transition	/intervals/trials	292	cv_transition_time	n/a	n/a	n/a	n/a	n/a	n/a	n/a	n/a	n/a	saa	366.7268034	292	true	366.4730497	367.1424541
367.7946353	0.6602187000000299	trials	/intervals/trials	293	start_time	n/a	n/a	n/a	n/a	n/a	n/a	n/a	n/a	n/a	shaa	368.0403515	293	true	367.7946353	368.454854
368.0403515	0.0	cv_transition	/intervals/trials	293	cv_transition_time	n/a	n/a	n/a	n/a	n/a	n/a	n/a	n/a	n/a	shaa	368.0403515	293	true	367.7946353	368.454854
369.2207077	0.591326400000014	trials	/intervals/trials	294	start_time	n/a	n/a	n/a	n/a	n/a	n/a	n/a	n/a	n/a	shoo	369.4469044	294	true	369.2207077	369.8120341
369.4469044	0.0	cv_transition	/intervals/trials	294	cv_transition_time	n/a	n/a	n/a	n/a	n/a	n/a	n/a	n/a	n/a	shoo	369.4469044	294	true	369.2207077	369.8120341
370.440103	0.6039566000000036	trials	/intervals/trials	295	start_time	n/a	n/a	n/a	n/a	n/a	n/a	n/a	n/a	n/a	foo	370.6708925	295	true	370.440103	371.0440596
370.6708925	0.0	cv_transition	/intervals/trials	295	cv_transition_time	n/a	n/a	n/a	n/a	n/a	n/a	n/a	n/a	n/a	foo	370.6708925	295	true	370.440103	371.0440596
371.863879	0.43172559999999294	trials	/intervals/trials	296	start_time	n/a	n/a	n/a	n/a	n/a	n/a	n/a	n/a	n/a	daa	371.8845467	296	true	371.863879	372.2956046
371.8845467	0.0	cv_transition	/intervals/trials	296	cv_transition_time	n/a	n/a	n/a	n/a	n/a	n/a	n/a	n/a	n/a	daa	371.8845467	296	true	371.863879	372.2956046
374.2257396	0.6384027999999944	trials	/intervals/trials	297	start_time	n/a	n/a	n/a	n/a	n/a	n/a	n/a	n/a	n/a	faa	374.4312686	297	true	374.2257396	374.8641424
374.4312686	0.0	cv_transition	/intervals/trials	297	cv_transition_time	n/a	n/a	n/a	n/a	n/a	n/a	n/a	n/a	n/a	faa	374.4312686	297	true	374.2257396	374.8641424
376.864318	0.40302049999996825	trials	/intervals/trials	298	start_time	n/a	n/a	n/a	n/a	n/a	n/a	n/a	n/a	n/a	goo	376.9010606	298	true	376.864318	377.2673385
376.9010606	0.0	cv_transition	/intervals/trials	298	cv_transition_time	n/a	n/a	n/a	n/a	n/a	n/a	n/a	n/a	n/a	goo	376.9010606	298	true	376.864318	377.2673385
377.8357007	0.5247302999999874	trials	/intervals/trials	299	start_time	n/a	n/a	n/a	n/a	n/a	n/a	n/a	n/a	n/a	mee	377.9447803	299	true	377.8357007	378.360431
377.9447803	0.0	cv_transition	/intervals/trials	299	cv_transition_time	n/a	n/a	n/a	n/a	n/a	n/a	n/a	n/a	n/a	mee	377.9447803	299	true	377.8357007	378.360431
378.788712	0.5752514000000133	trials	/intervals/trials	300	start_time	n/a	n/a	n/a	n/a	n/a	n/a	n/a	n/a	n/a	zaa	378.9655358	300	true	378.788712	379.3639634
378.9655358	0.0	cv_transition	/intervals/trials	300	cv_transition_time	n/a	n/a	n/a	n/a	n/a	n/a	n/a	n/a	n/a	zaa	378.9655358	300	true	378.788712	379.3639634
379.7853552	0.6671078999999622	trials	/intervals/trials	301	start_time	n/a	n/a	n/a	n/a	n/a	n/a	n/a	n/a	n/a	see	380.0551837	301	true	379.7853552	380.4524631
380.0551837	0.0	cv_transition	/intervals/trials	301	cv_transition_time	n/a	n/a	n/a	n/a	n/a	n/a	n/a	n/a	n/a	see	380.0551837	301	true	379.7853552	380.4524631
381.002454	0.5809924999999794	trials	/intervals/trials	302	start_time	n/a	n/a	n/a	n/a	n/a	n/a	n/a	n/a	n/a	zoo	381.172341	302	true	381.002454	381.5834465
381.172341	0.0	cv_transition	/intervals/trials	302	cv_transition_time	n/a	n/a	n/a	n/a	n/a	n/a	n/a	n/a	n/a	zoo	381.172341	302	true	381.002454	381.5834465
382.2631847	0.4546897999999828	trials	/intervals/trials	303	start_time	n/a	n/a	n/a	n/a	n/a	n/a	n/a	n/a	n/a	too	382.3240396	303	true	382.2631847	382.7178745
382.3240396	0.0	cv_transition	/intervals/trials	303	cv_transition_time	n/a	n/a	n/a	n/a	n/a	n/a	n/a	n/a	n/a	too	382.3240396	303	true	382.2631847	382.7178745
383.382686	0.4994698000000426	trials	/intervals/trials	304	start_time	n/a	n/a	n/a	n/a	n/a	n/a	n/a	n/a	n/a	vee	383.4802835	304	true	383.382686	383.8821558
383.4802835	0.0	cv_transition	/intervals/trials	304	cv_transition_time	n/a	n/a	n/a	n/a	n/a	n/a	n/a	n/a	n/a	vee	383.4802835	304	true	383.382686	383.8821558
385.5275356	0.5006179999999745	trials	/intervals/trials	305	start_time	n/a	n/a	n/a	n/a	n/a	n/a	n/a	n/a	n/a	moo	385.6423563	305	true	385.5275356	386.0281536
385.6423563	0.0	cv_transition	/intervals/trials	305	cv_transition_time	n/a	n/a	n/a	n/a	n/a	n/a	n/a	n/a	n/a	moo	385.6423563	305	true	385.5275356	386.0281536
387.8116889	0.5138499000000252	trials	/intervals/trials	306	start_time	n/a	n/a	n/a	n/a	n/a	n/a	n/a	n/a	n/a	nee	387.9363356	306	true	387.8116889	388.3255388
387.9363356	0.0	cv_transition	/intervals/trials	306	cv_transition_time	n/a	n/a	n/a	n/a	n/a	n/a	n/a	n/a	n/a	nee	387.9363356	306	true	387.8116889	388.3255388
388.9882017	0.38284360000000106	trials	/intervals/trials	307	start_time	n/a	n/a	n/a	n/a	n/a	n/a	n/a	n/a	n/a	boo	388.997105	307	true	388.9882017	389.3710453
388.997105	0.0	cv_transition	/intervals/trials	307	cv_transition_time	n/a	n/a	n/a	n/a	n/a	n/a	n/a	n/a	n/a	boo	388.997105	307	true	388.9882017	389.3710453
389.9942791	0.5405598999999484	trials	/intervals/trials	308	start_time	n/a	n/a	n/a	n/a	n/a	n/a	n/a	n/a	n/a	laa	390.1291011	308	true	389.9942791	390.534839
390.1291011	0.0	cv_transition	/intervals/trials	308	cv_transition_time	n/a	n/a	n/a	n/a	n/a	n/a	n/a	n/a	n/a	laa	390.1291011	308	true	389.9942791	390.534839
392.2786218	0.5151218000000313	trials	/intervals/trials	309	start_time	n/a	n/a	n/a	n/a	n/a	n/a	n/a	n/a	n/a	maa	392.3905495	309	true	392.2786218	392.7937436
392.3905495	0.0	cv_transition	/intervals/trials	309	cv_transition_time	n/a	n/a	n/a	n/a	n/a	n/a	n/a	n/a	n/a	maa	392.3905495	309	true	392.2786218	392.7937436
393.0748348	0.6664786000000049	trials	/intervals/trials	310	start_time	n/a	n/a	n/a	n/a	n/a	n/a	n/a	n/a	n/a	soo	393.3622855	310	true	393.0748348	393.7413134
393.3622855	0.0	cv_transition	/intervals/trials	310	cv_transition_time	n/a	n/a	n/a	n/a	n/a	n/a	n/a	n/a	n/a	soo	393.3622855	310	true	393.0748348	393.7413134
394.2818733	0.48332420000002685	trials	/intervals/trials	311	start_time	n/a	n/a	n/a	n/a	n/a	n/a	n/a	n/a	n/a	roo	394.3899853	311	true	394.2818733	394.7651975
394.3899853	0.0	cv_transition	/intervals/trials	311	cv_transition_time	n/a	n/a	n/a	n/a	n/a	n/a	n/a	n/a	n/a	roo	394.3899853	311	true	394.2818733	394.7651975
395.446939	0.4922275000000127	trials	/intervals/trials	312	start_time	n/a	n/a	n/a	n/a	n/a	n/a	n/a	n/a	n/a	tee	395.5474195	312	true	395.446939	395.9391665
395.5474195	0.0	cv_transition	/intervals/trials	312	cv_transition_time	n/a	n/a	n/a	n/a	n/a	n/a	n/a	n/a	n/a	tee	395.5474195	312	true	395.446939	395.9391665
396.4199469	0.6028832999999736	trials	/intervals/trials	313	start_time	n/a	n/a	n/a	n/a	n/a	n/a	n/a	n/a	n/a	haa	396.6577932	313	true	396.4199469	397.0228302
396.6577932	0.0	cv_transition	/intervals/trials	313	cv_transition_time	n/a	n/a	n/a	n/a	n/a	n/a	n/a	n/a	n/a	haa	396.6577932	313	true	396.4199469	397.0228302
397.7058436	0.4731489000000124	trials	/intervals/trials	314	start_time	n/a	n/a	n/a	n/a	n/a	n/a	n/a	n/a	n/a	waa	397.794877	314	true	397.7058436	398.1789925
397.794877	0.0	cv_transition	/intervals/trials	314	cv_transition_time	n/a	n/a	n/a	n/a	n/a	n/a	n/a	n/a	n/a	waa	397.794877	314	true	397.7058436	398.1789925
398.7895072	0.4617018000000144	trials	/intervals/trials	315	start_time	n/a	n/a	n/a	n/a	n/a	n/a	n/a	n/a	n/a	pee	398.8454711	315	true	398.7895072	399.251209
398.8454711	0.0	cv_transition	/intervals/trials	315	cv_transition_time	n/a	n/a	n/a	n/a	n/a	n/a	n/a	n/a	n/a	pee	398.8454711	315	true	398.7895072	399.251209
399.8617238	0.47950839999998607	trials	/intervals/trials	316	start_time	n/a	n/a	n/a	n/a	n/a	n/a	n/a	n/a	n/a	lee	399.9380381	316	true	399.8617238	400.3412322
399.9380381	0.0	cv_transition	/intervals/trials	316	cv_transition_time	n/a	n/a	n/a	n/a	n/a	n/a	n/a	n/a	n/a	lee	399.9380381	316	true	399.8617238	400.3412322
400.9212212	0.5749013999999875	trials	/intervals/trials	317	start_time	n/a	n/a	n/a	n/a	n/a	n/a	n/a	n/a	n/a	wee	401.0395085	317	true	400.9212212	401.4961226
401.0395085	0.0	cv_transition	/intervals/trials	317	cv_transition_time	n/a	n/a	n/a	n/a	n/a	n/a	n/a	n/a	n/a	wee	401.0395085	317	true	400.9212212	401.4961226
402.3788252	0.5596385000000055	trials	/intervals/trials	318	start_time	n/a	n/a	n/a	n/a	n/a	n/a	n/a	n/a	n/a	yaa	402.5085596	318	true	402.3788252	402.9384637
402.5085596	0.0	cv_transition	/intervals/trials	318	cv_transition_time	n/a	n/a	n/a	n/a	n/a	n/a	n/a	n/a	n/a	yaa	402.5085596	318	true	402.3788252	402.9384637
403.5400751	0.4884117999999944	trials	/intervals/trials	319	start_time	n/a	n/a	n/a	n/a	n/a	n/a	n/a	n/a	n/a	gaa	403.5616975	319	true	403.5400751	404.0284869
403.5616975	0.0	cv_transition	/intervals/trials	319	cv_transition_time	n/a	n/a	n/a	n/a	n/a	n/a	n/a	n/a	n/a	gaa	403.5616975	319	true	403.5400751	404.0284869
404.541065	0.6384965999999963	trials	/intervals/trials	320	start_time	n/a	n/a	n/a	n/a	n/a	n/a	n/a	n/a	n/a	shaa	404.7687361	320	true	404.541065	405.1795616
404.7687361	0.0	cv_transition	/intervals/trials	320	cv_transition_time	n/a	n/a	n/a	n/a	n/a	n/a	n/a	n/a	n/a	shaa	404.7687361	320	true	404.541065	405.1795616
405.8434964	0.46551750000003267	trials	/intervals/trials	321	start_time	n/a	n/a	n/a	n/a	n/a	n/a	n/a	n/a	n/a	doo	405.8803817	321	true	405.8434964	406.3090139
405.8803817	0.0	cv_transition	/intervals/trials	321	cv_transition_time	n/a	n/a	n/a	n/a	n/a	n/a	n/a	n/a	n/a	doo	405.8803817	321	true	405.8434964	406.3090139
406.9360634	0.5024027999999703	trials	/intervals/trials	322	start_time	n/a	n/a	n/a	n/a	n/a	n/a	n/a	n/a	n/a	woo	407.0937798	322	true	406.9360634	407.4384662
407.0937798	0.0	cv_transition	/intervals/trials	322	cv_transition_time	n/a	n/a	n/a	n/a	n/a	n/a	n/a	n/a	n/a	woo	407.0937798	322	true	406.9360634	407.4384662
408.0540686	0.5024027000000046	trials	/intervals/trials	323	start_time	n/a	n/a	n/a	n/a	n/a	n/a	n/a	n/a	n/a	raa	408.1710839	323	true	408.0540686	408.5564713
408.1710839	0.0	cv_transition	/intervals/trials	323	cv_transition_time	n/a	n/a	n/a	n/a	n/a	n/a	n/a	n/a	n/a	raa	408.1710839	323	true	408.0540686	408.5564713
409.0614179	0.6270494999999983	trials	/intervals/trials	324	start_time	n/a	n/a	n/a	n/a	n/a	n/a	n/a	n/a	n/a	shee	409.2954486	324	true	409.0614179	409.6884674
409.2954486	0.0	cv_transition	/intervals/trials	324	cv_transition_time	n/a	n/a	n/a	n/a	n/a	n/a	n/a	n/a	n/a	shee	409.2954486	324	true	409.0614179	409.6884674
410.4859523	0.5418318999999769	trials	/intervals/trials	325	start_time	n/a	n/a	n/a	n/a	n/a	n/a	n/a	n/a	n/a	yoo	410.5813453	325	true	410.4859523	411.0277842
410.5813453	0.0	cv_transition	/intervals/trials	325	cv_transition_time	n/a	n/a	n/a	n/a	n/a	n/a	n/a	n/a	n/a	yoo	410.5813453	325	true	410.4859523	411.0277842
410.995186683667	1.037940577261793	invalid_times	/intervals/invalid_times	4	start_time	n/a	n/a	n/a	n/a	4	410.995186683667	412.0331272609288	"[""ECoG artifact""]"	"[{""idx_start"":1254257,""count"":3168,""timeseries"":""/acquisition/ElectricalSeries""}]"	n/a	n/a	n/a	n/a	n/a	n/a
411.7362357	0.4146412000000055	trials	/intervals/trials	326	start_time	n/a	n/a	n/a	n/a	n/a	n/a	n/a	n/a	n/a	baa	411.7476828	326	true	411.7362357	412.1508769
411.7476828	0.0	cv_transition	/intervals/trials	326	cv_transition_time	n/a	n/a	n/a	n/a	n/a	n/a	n/a	n/a	n/a	baa	411.7476828	326	true	411.7362357	412.1508769
412.7957331	0.6499438999999825	trials	/intervals/trials	327	start_time	n/a	n/a	n/a	n/a	n/a	n/a	n/a	n/a	n/a	zee	412.9992381	327	true	412.7957331	413.445677
412.9992381	0.0	cv_transition	/intervals/trials	327	cv_transition_time	n/a	n/a	n/a	n/a	n/a	n/a	n/a	n/a	n/a	zee	412.9992381	327	true	412.7957331	413.445677
414.1007084	0.5520071000000257	trials	/intervals/trials	328	start_time	n/a	n/a	n/a	n/a	n/a	n/a	n/a	n/a	n/a	gee	414.1617599	328	true	414.1007084	414.6527155
414.1617599	0.0	cv_transition	/intervals/trials	328	cv_transition_time	n/a	n/a	n/a	n/a	n/a	n/a	n/a	n/a	n/a	gee	414.1617599	328	true	414.1007084	414.6527155
415.2199855	0.48332419999997	trials	/intervals/trials	329	start_time	n/a	n/a	n/a	n/a	n/a	n/a	n/a	n/a	n/a	kee	415.3141065	329	true	415.2199855	415.7033097
415.3141065	0.0	cv_transition	/intervals/trials	329	cv_transition_time	n/a	n/a	n/a	n/a	n/a	n/a	n/a	n/a	n/a	kee	415.3141065	329	true	415.2199855	415.7033097
416.2616763	0.5710856000000035	trials	/intervals/trials	330	start_time	n/a	n/a	n/a	n/a	n/a	n/a	n/a	n/a	n/a	ree	416.4054016	330	true	416.2616763	416.8327619
416.4054016	0.0	cv_transition	/intervals/trials	330	cv_transition_time	n/a	n/a	n/a	n/a	n/a	n/a	n/a	n/a	n/a	ree	416.4054016	330	true	416.2616763	416.8327619
418.7622429	0.5380162000000155	trials	/intervals/trials	331	start_time	n/a	n/a	n/a	n/a	n/a	n/a	n/a	n/a	n/a	voo	418.8512763	331	true	418.7622429	419.3002591
418.8512763	0.0	cv_transition	/intervals/trials	331	cv_transition_time	n/a	n/a	n/a	n/a	n/a	n/a	n/a	n/a	n/a	voo	418.8512763	331	true	418.7622429	419.3002591
419.9362119	0.5685419000000138	trials	/intervals/trials	332	start_time	n/a	n/a	n/a	n/a	n/a	n/a	n/a	n/a	n/a	noo	420.0494115	332	true	419.9362119	420.5047538
420.0494115	0.0	cv_transition	/intervals/trials	332	cv_transition_time	n/a	n/a	n/a	n/a	n/a	n/a	n/a	n/a	n/a	noo	420.0494115	332	true	419.9362119	420.5047538
421.2755287	0.44771079999998165	trials	/intervals/trials	333	start_time	n/a	n/a	n/a	n/a	n/a	n/a	n/a	n/a	n/a	dee	421.298423	333	true	421.2755287	421.7232395
421.298423	0.0	cv_transition	/intervals/trials	333	cv_transition_time	n/a	n/a	n/a	n/a	n/a	n/a	n/a	n/a	n/a	dee	421.298423	333	true	421.2755287	421.7232395
422.3948057	0.5074903999999947	trials	/intervals/trials	334	start_time	n/a	n/a	n/a	n/a	n/a	n/a	n/a	n/a	n/a	yee	422.4558572	334	true	422.3948057	422.9022961
422.4558572	0.0	cv_transition	/intervals/trials	334	cv_transition_time	n/a	n/a	n/a	n/a	n/a	n/a	n/a	n/a	n/a	yee	422.4558572	334	true	422.3948057	422.9022961
423.5853095	0.5443756000000235	trials	/intervals/trials	335	start_time	n/a	n/a	n/a	n/a	n/a	n/a	n/a	n/a	n/a	koo	423.6794305	335	true	423.5853095	424.1296851
423.6794305	0.0	cv_transition	/intervals/trials	335	cv_transition_time	n/a	n/a	n/a	n/a	n/a	n/a	n/a	n/a	n/a	koo	423.6794305	335	true	423.5853095	424.1296851
424.684236	0.7059077000000116	trials	/intervals/trials	336	start_time	n/a	n/a	n/a	n/a	n/a	n/a	n/a	n/a	n/a	fee	424.9437048	336	true	424.684236	425.3901437
424.9437048	0.0	cv_transition	/intervals/trials	336	cv_transition_time	n/a	n/a	n/a	n/a	n/a	n/a	n/a	n/a	n/a	fee	424.9437048	336	true	424.684236	425.3901437
426.0388156	0.6003394999999614	trials	/intervals/trials	337	start_time	n/a	n/a	n/a	n/a	n/a	n/a	n/a	n/a	n/a	hee	426.1710938	337	true	426.0388156	426.6391551
426.1710938	0.0	cv_transition	/intervals/trials	337	cv_transition_time	n/a	n/a	n/a	n/a	n/a	n/a	n/a	n/a	n/a	hee	426.1710938	337	true	426.0388156	426.6391551
427.2382227	0.5939799999999877	trials	/intervals/trials	338	start_time	n/a	n/a	n/a	n/a	n/a	n/a	n/a	n/a	n/a	vaa	427.3679571	338	true	427.2382227	427.8322027
427.3679571	0.0	cv_transition	/intervals/trials	338	cv_transition_time	n/a	n/a	n/a	n/a	n/a	n/a	n/a	n/a	n/a	vaa	427.3679571	338	true	427.2382227	427.8322027
428.4427175	0.5672698999999852	trials	/intervals/trials	339	start_time	n/a	n/a	n/a	n/a	n/a	n/a	n/a	n/a	n/a	loo	428.5800833	339	true	428.4427175	429.0099874
428.5800833	0.0	cv_transition	/intervals/trials	339	cv_transition_time	n/a	n/a	n/a	n/a	n/a	n/a	n/a	n/a	n/a	loo	428.5800833	339	true	428.4427175	429.0099874
429.825279	0.5329284999999686	trials	/intervals/trials	340	start_time	n/a	n/a	n/a	n/a	n/a	n/a	n/a	n/a	n/a	hoo	429.9562853	340	true	429.825279	430.3582075
429.9562853	0.0	cv_transition	/intervals/trials	340	cv_transition_time	n/a	n/a	n/a	n/a	n/a	n/a	n/a	n/a	n/a	hoo	429.9562853	340	true	429.825279	430.3582075
431.052668	0.5163937000000374	trials	/intervals/trials	341	start_time	n/a	n/a	n/a	n/a	n/a	n/a	n/a	n/a	n/a	kaa	431.1620519	341	true	431.052668	431.5690617
431.1620519	0.0	cv_transition	/intervals/trials	341	cv_transition_time	n/a	n/a	n/a	n/a	n/a	n/a	n/a	n/a	n/a	kaa	431.1620519	341	true	431.052668	431.5690617
432.267338	0.5202093999999988	trials	/intervals/trials	342	start_time	n/a	n/a	n/a	n/a	n/a	n/a	n/a	n/a	n/a	poo	432.3512838	342	true	432.267338	432.7875474
432.3512838	0.0	cv_transition	/intervals/trials	342	cv_transition_time	n/a	n/a	n/a	n/a	n/a	n/a	n/a	n/a	n/a	poo	432.3512838	342	true	432.267338	432.7875474
433.5481471	0.4413511999999855	trials	/intervals/trials	343	start_time	n/a	n/a	n/a	n/a	n/a	n/a	n/a	n/a	n/a	bee	433.5595942	343	true	433.5481471	433.9894983
433.5595942	0.0	cv_transition	/intervals/trials	343	cv_transition_time	n/a	n/a	n/a	n/a	n/a	n/a	n/a	n/a	n/a	bee	433.5595942	343	true	433.5481471	433.9894983
434.6407141	0.5011307999999985	trials	/intervals/trials	344	start_time	n/a	n/a	n/a	n/a	n/a	n/a	n/a	n/a	n/a	paa	434.7183003	344	true	434.6407141	435.1418449
434.7183003	0.0	cv_transition	/intervals/trials	344	cv_transition_time	n/a	n/a	n/a	n/a	n/a	n/a	n/a	n/a	n/a	paa	434.7183003	344	true	434.6407141	435.1418449
435.789245	0.5532790000000318	trials	/intervals/trials	345	start_time	n/a	n/a	n/a	n/a	n/a	n/a	n/a	n/a	n/a	taa	435.9227951	345	true	435.789245	436.342524
435.9227951	0.0	cv_transition	/intervals/trials	345	cv_transition_time	n/a	n/a	n/a	n/a	n/a	n/a	n/a	n/a	n/a	taa	435.9227951	345	true	435.789245	436.342524
436.9924678	0.5214813000000049	trials	/intervals/trials	346	start_time	n/a	n/a	n/a	n/a	n/a	n/a	n/a	n/a	n/a	naa	437.096764	346	true	436.9924678	437.5139491
437.096764	0.0	cv_transition	/intervals/trials	346	cv_transition_time	n/a	n/a	n/a	n/a	n/a	n/a	n/a	n/a	n/a	naa	437.096764	346	true	436.9924678	437.5139491
438.0735877	0.6321370999999658	trials	/intervals/trials	347	start_time	n/a	n/a	n/a	n/a	n/a	n/a	n/a	n/a	n/a	saa	438.2872678	347	true	438.0735877	438.7057248
438.2872678	0.0	cv_transition	/intervals/trials	347	cv_transition_time	n/a	n/a	n/a	n/a	n/a	n/a	n/a	n/a	n/a	saa	438.2872678	347	true	438.0735877	438.7057248
439.2501005	0.6830133000000274	trials	/intervals/trials	348	start_time	n/a	n/a	n/a	n/a	n/a	n/a	n/a	n/a	n/a	shoo	439.540095	348	true	439.2501005	439.9331138
439.540095	0.0	cv_transition	/intervals/trials	348	cv_transition_time	n/a	n/a	n/a	n/a	n/a	n/a	n/a	n/a	n/a	shoo	439.540095	348	true	439.2501005	439.9331138
440.5563476	0.671566299999995	trials	/intervals/trials	349	start_time	n/a	n/a	n/a	n/a	n/a	n/a	n/a	n/a	n/a	foo	440.8018254	349	true	440.5563476	441.2279139
440.8018254	0.0	cv_transition	/intervals/trials	349	cv_transition_time	n/a	n/a	n/a	n/a	n/a	n/a	n/a	n/a	n/a	foo	440.8018254	349	true	440.5563476	441.2279139
442.0203111	0.44898280000001023	trials	/intervals/trials	350	start_time	n/a	n/a	n/a	n/a	n/a	n/a	n/a	n/a	n/a	daa	442.0432054	350	true	442.0203111	442.4692939
442.0432054	0.0	cv_transition	/intervals/trials	350	cv_transition_time	n/a	n/a	n/a	n/a	n/a	n/a	n/a	n/a	n/a	daa	442.0432054	350	true	442.0203111	442.4692939
443.08744	0.6105147999999758	trials	/intervals/trials	351	start_time	n/a	n/a	n/a	n/a	n/a	n/a	n/a	n/a	n/a	faa	443.2642349	351	true	443.08744	443.6979548
443.2642349	0.0	cv_transition	/intervals/trials	351	cv_transition_time	n/a	n/a	n/a	n/a	n/a	n/a	n/a	n/a	n/a	faa	443.2642349	351	true	443.08744	443.6979548
444.3885996	0.46297369999996363	trials	/intervals/trials	352	start_time	n/a	n/a	n/a	n/a	n/a	n/a	n/a	n/a	n/a	goo	444.4420196	352	true	444.3885996	444.8515733
444.4420196	0.0	cv_transition	/intervals/trials	352	cv_transition_time	n/a	n/a	n/a	n/a	n/a	n/a	n/a	n/a	n/a	goo	444.4420196	352	true	444.3885996	444.8515733
445.6337953	0.47823660000000245	trials	/intervals/trials	353	start_time	n/a	n/a	n/a	n/a	n/a	n/a	n/a	n/a	n/a	mee	445.7024782	353	true	445.6337953	446.1120319
445.7024782	0.0	cv_transition	/intervals/trials	353	cv_transition_time	n/a	n/a	n/a	n/a	n/a	n/a	n/a	n/a	n/a	mee	445.7024782	353	true	445.6337953	446.1120319
446.8242991	0.5710856999999692	trials	/intervals/trials	354	start_time	n/a	n/a	n/a	n/a	n/a	n/a	n/a	n/a	n/a	zaa	446.9794716	354	true	446.8242991	447.3953848
446.9794716	0.0	cv_transition	/intervals/trials	354	cv_transition_time	n/a	n/a	n/a	n/a	n/a	n/a	n/a	n/a	n/a	zaa	446.9794716	354	true	446.8242991	447.3953848
448.1267306	0.6334090000000288	trials	/intervals/trials	355	start_time	n/a	n/a	n/a	n/a	n/a	n/a	n/a	n/a	n/a	see	448.3327793	355	true	448.1267306	448.7601396
448.3327793	0.0	cv_transition	/intervals/trials	355	cv_transition_time	n/a	n/a	n/a	n/a	n/a	n/a	n/a	n/a	n/a	see	448.3327793	355	true	448.1267306	448.7601396
449.4736787	0.5850767000000019	trials	/intervals/trials	356	start_time	n/a	n/a	n/a	n/a	n/a	n/a	n/a	n/a	n/a	zoo	449.6123164	356	true	449.4736787	450.0587554
449.6123164	0.0	cv_transition	/intervals/trials	356	cv_transition_time	n/a	n/a	n/a	n/a	n/a	n/a	n/a	n/a	n/a	zoo	449.6123164	356	true	449.4736787	450.0587554
450.8702312	0.43117610000001605	trials	/intervals/trials	357	start_time	n/a	n/a	n/a	n/a	n/a	n/a	n/a	n/a	n/a	too	450.940186	357	true	450.8702312	451.3014073
450.940186	0.0	cv_transition	/intervals/trials	357	cv_transition_time	n/a	n/a	n/a	n/a	n/a	n/a	n/a	n/a	n/a	too	450.940186	357	true	450.8702312	451.3014073
452.1357774	0.5125780000000191	trials	/intervals/trials	358	start_time	n/a	n/a	n/a	n/a	n/a	n/a	n/a	n/a	n/a	vee	452.2184513	358	true	452.1357774	452.6483554
452.2184513	0.0	cv_transition	/intervals/trials	358	cv_transition_time	n/a	n/a	n/a	n/a	n/a	n/a	n/a	n/a	n/a	vee	452.2184513	358	true	452.1357774	452.6483554
454.515513	0.5214814000000274	trials	/intervals/trials	359	start_time	n/a	n/a	n/a	n/a	n/a	n/a	n/a	n/a	n/a	moo	454.6363441	359	true	454.515513	455.0369944
454.6363441	0.0	cv_transition	/intervals/trials	359	cv_transition_time	n/a	n/a	n/a	n/a	n/a	n/a	n/a	n/a	n/a	moo	454.6363441	359	true	454.515513	455.0369944
456.9588439	0.5138500000000477	trials	/intervals/trials	360	start_time	n/a	n/a	n/a	n/a	n/a	n/a	n/a	n/a	n/a	nee	457.0593245	360	true	456.9588439	457.4726939
457.0593245	0.0	cv_transition	/intervals/trials	360	cv_transition_time	n/a	n/a	n/a	n/a	n/a	n/a	n/a	n/a	n/a	nee	457.0593245	360	true	456.9588439	457.4726939
458.2638192	0.4388074999999958	trials	/intervals/trials	361	start_time	n/a	n/a	n/a	n/a	n/a	n/a	n/a	n/a	n/a	boo	458.2892573	361	true	458.2638192	458.7026267
458.2892573	0.0	cv_transition	/intervals/trials	361	cv_transition_time	n/a	n/a	n/a	n/a	n/a	n/a	n/a	n/a	n/a	boo	458.2892573	361	true	458.2638192	458.7026267
459.360202	0.5252969999999664	trials	/intervals/trials	362	start_time	n/a	n/a	n/a	n/a	n/a	n/a	n/a	n/a	n/a	laa	459.4912083	362	true	459.360202	459.885499
459.4912083	0.0	cv_transition	/intervals/trials	362	cv_transition_time	n/a	n/a	n/a	n/a	n/a	n/a	n/a	n/a	n/a	laa	459.4912083	362	true	459.360202	459.885499
460.5519776	0.5062184999999886	trials	/intervals/trials	363	start_time	n/a	n/a	n/a	n/a	n/a	n/a	n/a	n/a	n/a	maa	460.6600896	363	true	460.5519776	461.0581961
460.6600896	0.0	cv_transition	/intervals/trials	363	cv_transition_time	n/a	n/a	n/a	n/a	n/a	n/a	n/a	n/a	n/a	maa	460.6600896	363	true	460.5519776	461.0581961
461.6254661	0.6423124000000371	trials	/intervals/trials	364	start_time	n/a	n/a	n/a	n/a	n/a	n/a	n/a	n/a	n/a	soo	461.8531372	364	true	461.6254661	462.2677785
461.8531372	0.0	cv_transition	/intervals/trials	364	cv_transition_time	n/a	n/a	n/a	n/a	n/a	n/a	n/a	n/a	n/a	soo	461.8531372	364	true	461.6254661	462.2677785
462.9495199	0.5494633000000135	trials	/intervals/trials	365	start_time	n/a	n/a	n/a	n/a	n/a	n/a	n/a	n/a	n/a	roo	463.1059643	365	true	462.9495199	463.4989832
463.1059643	0.0	cv_transition	/intervals/trials	365	cv_transition_time	n/a	n/a	n/a	n/a	n/a	n/a	n/a	n/a	n/a	roo	463.1059643	365	true	462.9495199	463.4989832
464.5966379	0.45279840000000604	trials	/intervals/trials	366	start_time	n/a	n/a	n/a	n/a	n/a	n/a	n/a	n/a	n/a	tee	464.6907589	366	true	464.5966379	465.0494363
464.6907589	0.0	cv_transition	/intervals/trials	366	cv_transition_time	n/a	n/a	n/a	n/a	n/a	n/a	n/a	n/a	n/a	tee	464.6907589	366	true	464.5966379	465.0494363
465.700652	0.5799891000000343	trials	/intervals/trials	367	start_time	n/a	n/a	n/a	n/a	n/a	n/a	n/a	n/a	n/a	haa	465.8965255	367	true	465.700652	466.2806411
465.8965255	0.0	cv_transition	/intervals/trials	367	cv_transition_time	n/a	n/a	n/a	n/a	n/a	n/a	n/a	n/a	n/a	haa	465.8965255	367	true	465.700652	466.2806411
466.9814611	0.5087623000000008	trials	/intervals/trials	368	start_time	n/a	n/a	n/a	n/a	n/a	n/a	n/a	n/a	n/a	waa	467.0743102	368	true	466.9814611	467.4902234
467.0743102	0.0	cv_transition	/intervals/trials	368	cv_transition_time	n/a	n/a	n/a	n/a	n/a	n/a	n/a	n/a	n/a	waa	467.0743102	368	true	466.9814611	467.4902234
468.2215692	0.4617018000000144	trials	/intervals/trials	369	start_time	n/a	n/a	n/a	n/a	n/a	n/a	n/a	n/a	n/a	pee	468.2826207	369	true	468.2215692	468.683271
468.2826207	0.0	cv_transition	/intervals/trials	369	cv_transition_time	n/a	n/a	n/a	n/a	n/a	n/a	n/a	n/a	n/a	pee	468.2826207	369	true	468.2215692	468.683271
469.3204957	0.5138499999999908	trials	/intervals/trials	370	start_time	n/a	n/a	n/a	n/a	n/a	n/a	n/a	n/a	n/a	lee	469.3599248	370	true	469.3204957	469.8343457
469.3599248	0.0	cv_transition	/intervals/trials	370	cv_transition_time	n/a	n/a	n/a	n/a	n/a	n/a	n/a	n/a	n/a	lee	469.3599248	370	true	469.3204957	469.8343457
470.4868333	0.49985900000001493	trials	/intervals/trials	371	start_time	n/a	n/a	n/a	n/a	n/a	n/a	n/a	n/a	n/a	wee	470.5644196	371	true	470.4868333	470.9866923
470.5644196	0.0	cv_transition	/intervals/trials	371	cv_transition_time	n/a	n/a	n/a	n/a	n/a	n/a	n/a	n/a	n/a	wee	470.5644196	371	true	470.4868333	470.9866923
471.6747933	0.5100342000000069	trials	/intervals/trials	372	start_time	n/a	n/a	n/a	n/a	n/a	n/a	n/a	n/a	n/a	yaa	471.7549233	372	true	471.6747933	472.1848275
471.7549233	0.0	cv_transition	/intervals/trials	372	cv_transition_time	n/a	n/a	n/a	n/a	n/a	n/a	n/a	n/a	n/a	yaa	471.7549233	372	true	471.6747933	472.1848275
472.96069	0.4718770000000063	trials	/intervals/trials	373	start_time	n/a	n/a	n/a	n/a	n/a	n/a	n/a	n/a	n/a	gaa	472.9950314	373	true	472.96069	473.432567
472.9950314	0.0	cv_transition	/intervals/trials	373	cv_transition_time	n/a	n/a	n/a	n/a	n/a	n/a	n/a	n/a	n/a	gaa	472.9950314	373	true	472.96069	473.432567
474.0456255	0.6435842999999863	trials	/intervals/trials	374	start_time	n/a	n/a	n/a	n/a	n/a	n/a	n/a	n/a	n/a	shaa	474.2758405	374	true	474.0456255	474.6892098
474.2758405	0.0	cv_transition	/intervals/trials	374	cv_transition_time	n/a	n/a	n/a	n/a	n/a	n/a	n/a	n/a	n/a	shaa	474.2758405	374	true	474.0456255	474.6892098
475.4281871	0.48205219999999827	trials	/intervals/trials	375	start_time	n/a	n/a	n/a	n/a	n/a	n/a	n/a	n/a	n/a	doo	475.4498095	375	true	475.4281871	475.9102393
475.4498095	0.0	cv_transition	/intervals/trials	375	cv_transition_time	n/a	n/a	n/a	n/a	n/a	n/a	n/a	n/a	n/a	doo	475.4498095	375	true	475.4281871	475.9102393
476.8298272	0.48078040000001465	trials	/intervals/trials	376	start_time	n/a	n/a	n/a	n/a	n/a	n/a	n/a	n/a	n/a	woo	476.8883348	376	true	476.8298272	477.3106076
476.8883348	0.0	cv_transition	/intervals/trials	376	cv_transition_time	n/a	n/a	n/a	n/a	n/a	n/a	n/a	n/a	n/a	woo	476.8883348	376	true	476.8298272	477.3106076
478.7554925	0.5659979999999791	trials	/intervals/trials	377	start_time	n/a	n/a	n/a	n/a	n/a	n/a	n/a	n/a	n/a	raa	478.9030335	377	true	478.7554925	479.3214905
478.9030335	0.0	cv_transition	/intervals/trials	377	cv_transition_time	n/a	n/a	n/a	n/a	n/a	n/a	n/a	n/a	n/a	raa	478.9030335	377	true	478.7554925	479.3214905
479.8340685	0.7135390999999913	trials	/intervals/trials	378	start_time	n/a	n/a	n/a	n/a	n/a	n/a	n/a	n/a	n/a	shee	480.1049844	378	true	479.8340685	480.5476076
480.1049844	0.0	cv_transition	/intervals/trials	378	cv_transition_time	n/a	n/a	n/a	n/a	n/a	n/a	n/a	n/a	n/a	shee	480.1049844	378	true	479.8340685	480.5476076
481.2318929	0.5342004000000316	trials	/intervals/trials	379	start_time	n/a	n/a	n/a	n/a	n/a	n/a	n/a	n/a	n/a	yoo	481.3450925	379	true	481.2318929	481.7660933
481.3450925	0.0	cv_transition	/intervals/trials	379	cv_transition_time	n/a	n/a	n/a	n/a	n/a	n/a	n/a	n/a	n/a	yoo	481.3450925	379	true	481.2318929	481.7660933
482.5546749	0.4235446000000138	trials	/intervals/trials	380	start_time	n/a	n/a	n/a	n/a	n/a	n/a	n/a	n/a	n/a	baa	482.5610344	380	true	482.5546749	482.9782195
482.5610344	0.0	cv_transition	/intervals/trials	380	cv_transition_time	n/a	n/a	n/a	n/a	n/a	n/a	n/a	n/a	n/a	baa	482.5610344	380	true	482.5546749	482.9782195
483.7197405	0.6321371999999883	trials	/intervals/trials	381	start_time	n/a	n/a	n/a	n/a	n/a	n/a	n/a	n/a	n/a	zee	483.8965354	381	true	483.7197405	484.3518777
483.8965354	0.0	cv_transition	/intervals/trials	381	cv_transition_time	n/a	n/a	n/a	n/a	n/a	n/a	n/a	n/a	n/a	zee	483.8965354	381	true	483.7197405	484.3518777
485.0908549	0.5151217999999744	trials	/intervals/trials	382	start_time	n/a	n/a	n/a	n/a	n/a	n/a	n/a	n/a	n/a	gee	485.1480907	382	true	485.0908549	485.6059767
485.1480907	0.0	cv_transition	/intervals/trials	382	cv_transition_time	n/a	n/a	n/a	n/a	n/a	n/a	n/a	n/a	n/a	gee	485.1480907	382	true	485.0908549	485.6059767
486.6209575	0.5621823000000177	trials	/intervals/trials	383	start_time	n/a	n/a	n/a	n/a	n/a	n/a	n/a	n/a	n/a	kee	486.7379728	383	true	486.6209575	487.1831398
486.7379728	0.0	cv_transition	/intervals/trials	383	cv_transition_time	n/a	n/a	n/a	n/a	n/a	n/a	n/a	n/a	n/a	kee	486.7379728	383	true	486.6209575	487.1831398
487.7949265	0.6105147000000102	trials	/intervals/trials	384	start_time	n/a	n/a	n/a	n/a	n/a	n/a	n/a	n/a	n/a	ree	487.9411957	384	true	487.7949265	488.4054412
487.9411957	0.0	cv_transition	/intervals/trials	384	cv_transition_time	n/a	n/a	n/a	n/a	n/a	n/a	n/a	n/a	n/a	ree	487.9411957	384	true	487.7949265	488.4054412
490.2993089	0.5354722999999808	trials	/intervals/trials	385	start_time	n/a	n/a	n/a	n/a	n/a	n/a	n/a	n/a	n/a	voo	490.4048771	385	true	490.2993089	490.8347812
490.4048771	0.0	cv_transition	/intervals/trials	385	cv_transition_time	n/a	n/a	n/a	n/a	n/a	n/a	n/a	n/a	n/a	voo	490.4048771	385	true	490.2993089	490.8347812
491.4834531	0.5761732999999936	trials	/intervals/trials	386	start_time	n/a	n/a	n/a	n/a	n/a	n/a	n/a	n/a	n/a	noo	491.6093718	386	true	491.4834531	492.0596264
491.6093718	0.0	cv_transition	/intervals/trials	386	cv_transition_time	n/a	n/a	n/a	n/a	n/a	n/a	n/a	n/a	n/a	noo	491.6093718	386	true	491.4834531	492.0596264
492.8583832	0.4693331999999941	trials	/intervals/trials	387	start_time	n/a	n/a	n/a	n/a	n/a	n/a	n/a	n/a	n/a	dee	492.8825494	387	true	492.8583832	493.3277164
492.8825494	0.0	cv_transition	/intervals/trials	387	cv_transition_time	n/a	n/a	n/a	n/a	n/a	n/a	n/a	n/a	n/a	dee	492.8825494	387	true	492.8583832	493.3277164
494.0145455	0.5774451999999997	trials	/intervals/trials	388	start_time	n/a	n/a	n/a	n/a	n/a	n/a	n/a	n/a	n/a	yee	494.1353766	388	true	494.0145455	494.5919907
494.1353766	0.0	cv_transition	/intervals/trials	388	cv_transition_time	n/a	n/a	n/a	n/a	n/a	n/a	n/a	n/a	n/a	yee	494.1353766	388	true	494.0145455	494.5919907
496.5456379	0.586348600000008	trials	/intervals/trials	389	start_time	n/a	n/a	n/a	n/a	n/a	n/a	n/a	n/a	n/a	fee	496.7427833	389	true	496.5456379	497.1319865
496.7427833	0.0	cv_transition	/intervals/trials	389	cv_transition_time	n/a	n/a	n/a	n/a	n/a	n/a	n/a	n/a	n/a	fee	496.7427833	389	true	496.5456379	497.1319865
497.8976737	0.5405600000000277	trials	/intervals/trials	390	start_time	n/a	n/a	n/a	n/a	n/a	n/a	n/a	n/a	n/a	hee	498.042671	390	true	497.8976737	498.4382337
498.042671	0.0	cv_transition	/intervals/trials	390	cv_transition_time	n/a	n/a	n/a	n/a	n/a	n/a	n/a	n/a	n/a	hee	498.042671	390	true	497.8976737	498.4382337
499.1835704	0.5151217999999744	trials	/intervals/trials	391	start_time	n/a	n/a	n/a	n/a	n/a	n/a	n/a	n/a	n/a	vaa	499.2980419	391	true	499.1835704	499.6986922
499.2980419	0.0	cv_transition	/intervals/trials	391	cv_transition_time	n/a	n/a	n/a	n/a	n/a	n/a	n/a	n/a	n/a	vaa	499.2980419	391	true	499.1835704	499.6986922
500.417319	0.5113060999999561	trials	/intervals/trials	392	start_time	n/a	n/a	n/a	n/a	n/a	n/a	n/a	n/a	n/a	loo	500.5534129	392	true	500.417319	500.9286251
500.5534129	0.0	cv_transition	/intervals/trials	392	cv_transition_time	n/a	n/a	n/a	n/a	n/a	n/a	n/a	n/a	n/a	loo	500.5534129	392	true	500.417319	500.9286251
501.6294451	0.5240251999999828	trials	/intervals/trials	393	start_time	n/a	n/a	n/a	n/a	n/a	n/a	n/a	n/a	n/a	hoo	501.7413728	393	true	501.6294451	502.1534703
501.7413728	0.0	cv_transition	/intervals/trials	393	cv_transition_time	n/a	n/a	n/a	n/a	n/a	n/a	n/a	n/a	n/a	hoo	501.7413728	393	true	501.6294451	502.1534703
502.8924475	0.4845960999999761	trials	/intervals/trials	394	start_time	n/a	n/a	n/a	n/a	n/a	n/a	n/a	n/a	n/a	kaa	502.9852966	394	true	502.8924475	503.3770436
502.9852966	0.0	cv_transition	/intervals/trials	394	cv_transition_time	n/a	n/a	n/a	n/a	n/a	n/a	n/a	n/a	n/a	kaa	502.9852966	394	true	502.8924475	503.3770436
504.1185646	0.5214813999999706	trials	/intervals/trials	395	start_time	n/a	n/a	n/a	n/a	n/a	n/a	n/a	n/a	n/a	poo	504.2165014	395	true	504.1185646	504.640046
504.2165014	0.0	cv_transition	/intervals/trials	395	cv_transition_time	n/a	n/a	n/a	n/a	n/a	n/a	n/a	n/a	n/a	poo	504.2165014	395	true	504.1185646	504.640046
505.436259	0.42990409999998747	trials	/intervals/trials	396	start_time	n/a	n/a	n/a	n/a	n/a	n/a	n/a	n/a	n/a	bee	505.462969	396	true	505.436259	505.8661631
505.462969	0.0	cv_transition	/intervals/trials	396	cv_transition_time	n/a	n/a	n/a	n/a	n/a	n/a	n/a	n/a	n/a	bee	505.462969	396	true	505.436259	505.8661631
506.5809741	0.48459610000003295	trials	/intervals/trials	397	start_time	n/a	n/a	n/a	n/a	n/a	n/a	n/a	n/a	n/a	paa	506.6929018	397	true	506.5809741	507.0655702
506.6929018	0.0	cv_transition	/intervals/trials	397	cv_transition_time	n/a	n/a	n/a	n/a	n/a	n/a	n/a	n/a	n/a	paa	506.6929018	397	true	506.5809741	507.0655702
507.8032756	0.5011307999999985	trials	/intervals/trials	398	start_time	n/a	n/a	n/a	n/a	n/a	n/a	n/a	n/a	n/a	taa	507.9419133	398	true	507.8032756	508.3044064
507.9419133	0.0	cv_transition	/intervals/trials	398	cv_transition_time	n/a	n/a	n/a	n/a	n/a	n/a	n/a	n/a	n/a	taa	507.9419133	398	true	507.8032756	508.3044064
509.0700937	0.496043200000031	trials	/intervals/trials	399	start_time	n/a	n/a	n/a	n/a	n/a	n/a	n/a	n/a	n/a	naa	509.1578552	399	true	509.0700937	509.5661369
509.1578552	0.0	cv_transition	/intervals/trials	399	cv_transition_time	n/a	n/a	n/a	n/a	n/a	n/a	n/a	n/a	n/a	naa	509.1578552	399	true	509.0700937	509.5661369
510.1524854	0.6321371999999883	trials	/intervals/trials	400	start_time	n/a	n/a	n/a	n/a	n/a	n/a	n/a	n/a	n/a	saa	510.3750689	400	true	510.1524854	510.7846226
510.3750689	0.0	cv_transition	/intervals/trials	400	cv_transition_time	n/a	n/a	n/a	n/a	n/a	n/a	n/a	n/a	n/a	saa	510.3750689	400	true	510.1524854	510.7846226
511.3976811	0.6092429000000266	trials	/intervals/trials	401	start_time	n/a	n/a	n/a	n/a	n/a	n/a	n/a	n/a	n/a	shoo	511.6189927	401	true	511.3976811	512.006924
511.6189927	0.0	cv_transition	/intervals/trials	401	cv_transition_time	n/a	n/a	n/a	n/a	n/a	n/a	n/a	n/a	n/a	shoo	511.6189927	401	true	511.3976811	512.006924
512.6632274	0.6092428000000609	trials	/intervals/trials	402	start_time	n/a	n/a	n/a	n/a	n/a	n/a	n/a	n/a	n/a	foo	512.8425661	402	true	512.6632274	513.2724702
512.8425661	0.0	cv_transition	/intervals/trials	402	cv_transition_time	n/a	n/a	n/a	n/a	n/a	n/a	n/a	n/a	n/a	foo	512.8425661	402	true	512.6632274	513.2724702
514.0330698	0.4515265999999656	trials	/intervals/trials	403	start_time	n/a	n/a	n/a	n/a	n/a	n/a	n/a	n/a	n/a	daa	514.0500964	403	true	514.0330698	514.4845964
514.0500964	0.0	cv_transition	/intervals/trials	403	cv_transition_time	n/a	n/a	n/a	n/a	n/a	n/a	n/a	n/a	n/a	daa	514.0500964	403	true	514.0330698	514.4845964
515.0938392	0.610514799999919	trials	/intervals/trials	404	start_time	n/a	n/a	n/a	n/a	n/a	n/a	n/a	n/a	n/a	faa	515.2833532	404	true	515.0938392	515.704354
515.2833532	0.0	cv_transition	/intervals/trials	404	cv_transition_time	n/a	n/a	n/a	n/a	n/a	n/a	n/a	n/a	n/a	faa	515.2833532	404	true	515.0938392	515.704354
516.4522345	0.4693331999999373	trials	/intervals/trials	405	start_time	n/a	n/a	n/a	n/a	n/a	n/a	n/a	n/a	n/a	goo	516.4878479	405	true	516.4522345	516.9215677
516.4878479	0.0	cv_transition	/intervals/trials	405	cv_transition_time	n/a	n/a	n/a	n/a	n/a	n/a	n/a	n/a	n/a	goo	516.4878479	405	true	516.4522345	516.9215677
517.5740554	0.5494632999999567	trials	/intervals/trials	406	start_time	n/a	n/a	n/a	n/a	n/a	n/a	n/a	n/a	n/a	mee	517.673264	406	true	517.5740554	518.1235187
517.673264	0.0	cv_transition	/intervals/trials	406	cv_transition_time	n/a	n/a	n/a	n/a	n/a	n/a	n/a	n/a	n/a	mee	517.673264	406	true	517.5740554	518.1235187
518.6615348	0.6842852999999423	trials	/intervals/trials	407	start_time	n/a	n/a	n/a	n/a	n/a	n/a	n/a	n/a	n/a	zaa	518.9388102	407	true	518.6615348	519.3458201
518.9388102	0.0	cv_transition	/intervals/trials	407	cv_transition_time	n/a	n/a	n/a	n/a	n/a	n/a	n/a	n/a	n/a	zaa	518.9388102	407	true	518.6615348	519.3458201
520.007211	0.6359529000000066	trials	/intervals/trials	408	start_time	n/a	n/a	n/a	n/a	n/a	n/a	n/a	n/a	n/a	see	520.2450574	408	true	520.007211	520.6431639
520.2450574	0.0	cv_transition	/intervals/trials	408	cv_transition_time	n/a	n/a	n/a	n/a	n/a	n/a	n/a	n/a	n/a	see	520.2450574	408	true	520.007211	520.6431639
521.3134582	0.6423124000000371	trials	/intervals/trials	409	start_time	n/a	n/a	n/a	n/a	n/a	n/a	n/a	n/a	n/a	zoo	521.5233227	409	true	521.3134582	521.9557706
521.5233227	0.0	cv_transition	/intervals/trials	409	cv_transition_time	n/a	n/a	n/a	n/a	n/a	n/a	n/a	n/a	n/a	zoo	521.5233227	409	true	521.3134582	521.9557706
522.706195	0.4909556000000066	trials	/intervals/trials	410	start_time	n/a	n/a	n/a	n/a	n/a	n/a	n/a	n/a	n/a	too	522.7748779	410	true	522.706195	523.1971506
522.7748779	0.0	cv_transition	/intervals/trials	410	cv_transition_time	n/a	n/a	n/a	n/a	n/a	n/a	n/a	n/a	n/a	too	522.7748779	410	true	522.706195	523.1971506
523.9030583	0.5214813000000049	trials	/intervals/trials	411	start_time	n/a	n/a	n/a	n/a	n/a	n/a	n/a	n/a	n/a	vee	524.0162579	411	true	523.9030583	524.4245396
524.0162579	0.0	cv_transition	/intervals/trials	411	cv_transition_time	n/a	n/a	n/a	n/a	n/a	n/a	n/a	n/a	n/a	vee	524.0162579	411	true	523.9030583	524.4245396
526.3069601	0.5049466000000393	trials	/intervals/trials	412	start_time	n/a	n/a	n/a	n/a	n/a	n/a	n/a	n/a	n/a	moo	526.3947216	412	true	526.3069601	526.8119067
526.3947216	0.0	cv_transition	/intervals/trials	412	cv_transition_time	n/a	n/a	n/a	n/a	n/a	n/a	n/a	n/a	n/a	moo	526.3947216	412	true	526.3069601	526.8119067
528.7299405	0.5252970999999889	trials	/intervals/trials	413	start_time	n/a	n/a	n/a	n/a	n/a	n/a	n/a	n/a	n/a	nee	528.8609468	413	true	528.7299405	529.2552376
528.8609468	0.0	cv_transition	/intervals/trials	413	cv_transition_time	n/a	n/a	n/a	n/a	n/a	n/a	n/a	n/a	n/a	nee	528.8609468	413	true	528.7299405	529.2552376
530.1023268	0.43753559999993286	trials	/intervals/trials	414	start_time	n/a	n/a	n/a	n/a	n/a	n/a	n/a	n/a	n/a	boo	530.1214054	414	true	530.1023268	530.5398624
530.1214054	0.0	cv_transition	/intervals/trials	414	cv_transition_time	n/a	n/a	n/a	n/a	n/a	n/a	n/a	n/a	n/a	boo	530.1214054	414	true	530.1023268	530.5398624
531.3755045	0.51003419999995	trials	/intervals/trials	415	start_time	n/a	n/a	n/a	n/a	n/a	n/a	n/a	n/a	n/a	laa	531.5154141	415	true	531.3755045	531.8855387
531.5154141	0.0	cv_transition	/intervals/trials	415	cv_transition_time	n/a	n/a	n/a	n/a	n/a	n/a	n/a	n/a	n/a	laa	531.5154141	415	true	531.3755045	531.8855387
532.6219721	0.4884117999999944	trials	/intervals/trials	416	start_time	n/a	n/a	n/a	n/a	n/a	n/a	n/a	n/a	n/a	maa	532.731356	416	true	532.6219721	533.1103839
532.731356	0.0	cv_transition	/intervals/trials	416	cv_transition_time	n/a	n/a	n/a	n/a	n/a	n/a	n/a	n/a	n/a	maa	532.731356	416	true	532.6219721	533.1103839
533.7628715	0.5227533000000903	trials	/intervals/trials	417	start_time	n/a	n/a	n/a	n/a	n/a	n/a	n/a	n/a	n/a	soo	533.9969022	417	true	533.7628715	534.2856248
533.9969022	0.0	cv_transition	/intervals/trials	417	cv_transition_time	n/a	n/a	n/a	n/a	n/a	n/a	n/a	n/a	n/a	soo	533.9969022	417	true	533.7628715	534.2856248
536.4389612	0.43753560000004654	trials	/intervals/trials	418	start_time	n/a	n/a	n/a	n/a	n/a	n/a	n/a	n/a	n/a	tee	536.5559765	418	true	536.4389612	536.8764968
536.5559765	0.0	cv_transition	/intervals/trials	418	cv_transition_time	n/a	n/a	n/a	n/a	n/a	n/a	n/a	n/a	n/a	tee	536.5559765	418	true	536.4389612	536.8764968
538.5541404	0.413369399999965	trials	/intervals/trials	419	start_time	n/a	n/a	n/a	n/a	n/a	n/a	n/a	n/a	n/a	haa	538.6876905	419	true	538.5541404	538.9675098
538.6876905	0.0	cv_transition	/intervals/trials	419	cv_transition_time	n/a	n/a	n/a	n/a	n/a	n/a	n/a	n/a	n/a	haa	538.6876905	419	true	538.5541404	538.9675098
541.838201	0.46297370000002047	trials	/intervals/trials	420	start_time	n/a	n/a	n/a	n/a	n/a	n/a	n/a	n/a	n/a	waa	541.9450411	420	true	541.838201	542.3011747
541.9450411	0.0	cv_transition	/intervals/trials	420	cv_transition_time	n/a	n/a	n/a	n/a	n/a	n/a	n/a	n/a	n/a	waa	541.9450411	420	true	541.838201	542.3011747
542.9244085	0.45279840000000604	trials	/intervals/trials	421	start_time	n/a	n/a	n/a	n/a	n/a	n/a	n/a	n/a	n/a	pee	542.9969071	421	true	542.9244085	543.3772069
542.9969071	0.0	cv_transition	/intervals/trials	421	cv_transition_time	n/a	n/a	n/a	n/a	n/a	n/a	n/a	n/a	n/a	pee	542.9969071	421	true	542.9244085	543.3772069
544.0144317	0.4515265999999656	trials	/intervals/trials	422	start_time	n/a	n/a	n/a	n/a	n/a	n/a	n/a	n/a	n/a	lee	544.0716675	422	true	544.0144317	544.4659583
544.0716675	0.0	cv_transition	/intervals/trials	422	cv_transition_time	n/a	n/a	n/a	n/a	n/a	n/a	n/a	n/a	n/a	lee	544.0716675	422	true	544.0144317	544.4659583
545.1553312	0.5469193999999789	trials	/intervals/trials	423	start_time	n/a	n/a	n/a	n/a	n/a	n/a	n/a	n/a	n/a	wee	545.2799779	423	true	545.1553312	545.7022506
545.2799779	0.0	cv_transition	/intervals/trials	423	cv_transition_time	n/a	n/a	n/a	n/a	n/a	n/a	n/a	n/a	n/a	wee	545.2799779	423	true	545.1553312	545.7022506
546.3496506	0.4718771000000288	trials	/intervals/trials	424	start_time	n/a	n/a	n/a	n/a	n/a	n/a	n/a	n/a	n/a	yaa	546.4272369	424	true	546.3496506	546.8215277
546.4272369	0.0	cv_transition	/intervals/trials	424	cv_transition_time	n/a	n/a	n/a	n/a	n/a	n/a	n/a	n/a	n/a	yaa	546.4272369	424	true	546.3496506	546.8215277
547.5643206	0.4197288999999955	trials	/intervals/trials	425	start_time	n/a	n/a	n/a	n/a	n/a	n/a	n/a	n/a	n/a	gaa	547.5935744	425	true	547.5643206	547.9840495
547.5935744	0.0	cv_transition	/intervals/trials	425	cv_transition_time	n/a	n/a	n/a	n/a	n/a	n/a	n/a	n/a	n/a	gaa	547.5935744	425	true	547.5643206	547.9840495
548.5386004	0.6397686000000249	trials	/intervals/trials	426	start_time	n/a	n/a	n/a	n/a	n/a	n/a	n/a	n/a	n/a	shaa	548.7751749	426	true	548.5386004	549.178369
548.7751749	0.0	cv_transition	/intervals/trials	426	cv_transition_time	n/a	n/a	n/a	n/a	n/a	n/a	n/a	n/a	n/a	shaa	548.7751749	426	true	548.5386004	549.178369
549.880461	0.47314890000006926	trials	/intervals/trials	427	start_time	n/a	n/a	n/a	n/a	n/a	n/a	n/a	n/a	n/a	doo	549.9224338	427	true	549.880461	550.3536099
549.9224338	0.0	cv_transition	/intervals/trials	427	cv_transition_time	n/a	n/a	n/a	n/a	n/a	n/a	n/a	n/a	n/a	doo	549.9224338	427	true	549.880461	550.3536099
551.0646052	0.45661410000002434	trials	/intervals/trials	428	start_time	n/a	n/a	n/a	n/a	n/a	n/a	n/a	n/a	n/a	woo	551.1421914	428	true	551.0646052	551.5212193
551.1421914	0.0	cv_transition	/intervals/trials	428	cv_transition_time	n/a	n/a	n/a	n/a	n/a	n/a	n/a	n/a	n/a	woo	551.1421914	428	true	551.0646052	551.5212193
552.1889699	0.5303846000000476	trials	/intervals/trials	429	start_time	n/a	n/a	n/a	n/a	n/a	n/a	n/a	n/a	n/a	raa	552.3199761	429	true	552.1889699	552.7193545
552.3199761	0.0	cv_transition	/intervals/trials	429	cv_transition_time	n/a	n/a	n/a	n/a	n/a	n/a	n/a	n/a	n/a	raa	552.3199761	429	true	552.1889699	552.7193545
553.2370202	0.6334090000000288	trials	/intervals/trials	430	start_time	n/a	n/a	n/a	n/a	n/a	n/a	n/a	n/a	n/a	shee	553.4621475	430	true	553.2370202	553.8704292
553.4621475	0.0	cv_transition	/intervals/trials	430	cv_transition_time	n/a	n/a	n/a	n/a	n/a	n/a	n/a	n/a	n/a	shee	553.4621475	430	true	553.2370202	553.8704292
554.5826964	0.5392881000000216	trials	/intervals/trials	431	start_time	n/a	n/a	n/a	n/a	n/a	n/a	n/a	n/a	n/a	yoo	554.7531318	431	true	554.5826964	555.1219845
554.7531318	0.0	cv_transition	/intervals/trials	431	cv_transition_time	n/a	n/a	n/a	n/a	n/a	n/a	n/a	n/a	n/a	yoo	554.7531318	431	true	554.5826964	555.1219845
555.8520584	0.4133692999999994	trials	/intervals/trials	432	start_time	n/a	n/a	n/a	n/a	n/a	n/a	n/a	n/a	n/a	baa	555.8660493	432	true	555.8520584	556.2654277
555.8660493	0.0	cv_transition	/intervals/trials	432	cv_transition_time	n/a	n/a	n/a	n/a	n/a	n/a	n/a	n/a	n/a	baa	555.8660493	432	true	555.8520584	556.2654277
556.8721268	0.6130584999999655	trials	/intervals/trials	433	start_time	n/a	n/a	n/a	n/a	n/a	n/a	n/a	n/a	n/a	zee	557.0451059	433	true	556.8721268	557.4851853
557.0451059	0.0	cv_transition	/intervals/trials	433	cv_transition_time	n/a	n/a	n/a	n/a	n/a	n/a	n/a	n/a	n/a	zee	557.0451059	433	true	556.8721268	557.4851853
558.2139873	0.4820522999999639	trials	/intervals/trials	434	start_time	n/a	n/a	n/a	n/a	n/a	n/a	n/a	n/a	n/a	gee	558.3055645	434	true	558.2139873	558.6960396
558.3055645	0.0	cv_transition	/intervals/trials	434	cv_transition_time	n/a	n/a	n/a	n/a	n/a	n/a	n/a	n/a	n/a	gee	558.3055645	434	true	558.2139873	558.6960396
559.3726934	0.5138498999999683	trials	/intervals/trials	435	start_time	n/a	n/a	n/a	n/a	n/a	n/a	n/a	n/a	n/a	kee	559.4540954	435	true	559.3726934	559.8865433
559.4540954	0.0	cv_transition	/intervals/trials	435	cv_transition_time	n/a	n/a	n/a	n/a	n/a	n/a	n/a	n/a	n/a	kee	559.4540954	435	true	559.3726934	559.8865433
560.6000825	0.5863484999999855	trials	/intervals/trials	436	start_time	n/a	n/a	n/a	n/a	n/a	n/a	n/a	n/a	n/a	ree	560.7043787	436	true	560.6000825	561.186431
560.7043787	0.0	cv_transition	/intervals/trials	436	cv_transition_time	n/a	n/a	n/a	n/a	n/a	n/a	n/a	n/a	n/a	ree	560.7043787	436	true	560.6000825	561.186431
562.9683709	0.5214814000000842	trials	/intervals/trials	437	start_time	n/a	n/a	n/a	n/a	n/a	n/a	n/a	n/a	n/a	voo	563.0841143	437	true	562.9683709	563.4898523
563.0841143	0.0	cv_transition	/intervals/trials	437	cv_transition_time	n/a	n/a	n/a	n/a	n/a	n/a	n/a	n/a	n/a	voo	563.0841143	437	true	562.9683709	563.4898523
564.1258051	0.5240251999999828	trials	/intervals/trials	438	start_time	n/a	n/a	n/a	n/a	n/a	n/a	n/a	n/a	n/a	noo	564.2542676	438	true	564.1258051	564.6498303
564.2542676	0.0	cv_transition	/intervals/trials	438	cv_transition_time	n/a	n/a	n/a	n/a	n/a	n/a	n/a	n/a	n/a	noo	564.2542676	438	true	564.1258051	564.6498303
565.4180614	0.4706050999999434	trials	/intervals/trials	439	start_time	n/a	n/a	n/a	n/a	n/a	n/a	n/a	n/a	n/a	dee	565.4511309	439	true	565.4180614	565.8886665
565.4511309	0.0	cv_transition	/intervals/trials	439	cv_transition_time	n/a	n/a	n/a	n/a	n/a	n/a	n/a	n/a	n/a	dee	565.4511309	439	true	565.4180614	565.8886665
566.5004531	0.5036747000000332	trials	/intervals/trials	440	start_time	n/a	n/a	n/a	n/a	n/a	n/a	n/a	n/a	n/a	yee	566.6276437	440	true	566.5004531	567.0041278
566.6276437	0.0	cv_transition	/intervals/trials	440	cv_transition_time	n/a	n/a	n/a	n/a	n/a	n/a	n/a	n/a	n/a	yee	566.6276437	440	true	566.5004531	567.0041278
567.6820536	0.5214813000000049	trials	/intervals/trials	441	start_time	n/a	n/a	n/a	n/a	n/a	n/a	n/a	n/a	n/a	koo	567.8028846	441	true	567.6820536	568.2035349
567.8028846	0.0	cv_transition	/intervals/trials	441	cv_transition_time	n/a	n/a	n/a	n/a	n/a	n/a	n/a	n/a	n/a	koo	567.8028846	441	true	567.6820536	568.2035349
568.7682611	0.592708000000016	trials	/intervals/trials	442	start_time	n/a	n/a	n/a	n/a	n/a	n/a	n/a	n/a	n/a	fee	568.9514155	442	true	568.7682611	569.3609691
568.9514155	0.0	cv_transition	/intervals/trials	442	cv_transition_time	n/a	n/a	n/a	n/a	n/a	n/a	n/a	n/a	n/a	fee	568.9514155	442	true	568.7682611	569.3609691
570.0287196	0.5418318999999201	trials	/intervals/trials	443	start_time	n/a	n/a	n/a	n/a	n/a	n/a	n/a	n/a	n/a	hee	570.1838921	443	true	570.0287196	570.5705515
570.1838921	0.0	cv_transition	/intervals/trials	443	cv_transition_time	n/a	n/a	n/a	n/a	n/a	n/a	n/a	n/a	n/a	hee	570.1838921	443	true	570.0287196	570.5705515
571.279003	0.4909556000000066	trials	/intervals/trials	444	start_time	n/a	n/a	n/a	n/a	n/a	n/a	n/a	n/a	n/a	vaa	571.3769397	444	true	571.279003	571.7699586
571.3769397	0.0	cv_transition	/intervals/trials	444	cv_transition_time	n/a	n/a	n/a	n/a	n/a	n/a	n/a	n/a	n/a	vaa	571.3769397	444	true	571.279003	571.7699586
572.5750749	0.5036747000000332	trials	/intervals/trials	445	start_time	n/a	n/a	n/a	n/a	n/a	n/a	n/a	n/a	n/a	loo	572.7073531	445	true	572.5750749	573.0787496
572.7073531	0.0	cv_transition	/intervals/trials	445	cv_transition_time	n/a	n/a	n/a	n/a	n/a	n/a	n/a	n/a	n/a	loo	572.7073531	445	true	572.5750749	573.0787496
573.8851378	0.4795084999999517	trials	/intervals/trials	446	start_time	n/a	n/a	n/a	n/a	n/a	n/a	n/a	n/a	n/a	hoo	574.0085127	446	true	573.8851378	574.3646463
574.0085127	0.0	cv_transition	/intervals/trials	446	cv_transition_time	n/a	n/a	n/a	n/a	n/a	n/a	n/a	n/a	n/a	hoo	574.0085127	446	true	573.8851378	574.3646463
575.1036235	0.4782365999999456	trials	/intervals/trials	447	start_time	n/a	n/a	n/a	n/a	n/a	n/a	n/a	n/a	n/a	kaa	575.1926569	447	true	575.1036235	575.5818601
575.1926569	0.0	cv_transition	/intervals/trials	447	cv_transition_time	n/a	n/a	n/a	n/a	n/a	n/a	n/a	n/a	n/a	kaa	575.1926569	447	true	575.1036235	575.5818601
577.6665136	0.4362635999999611	trials	/intervals/trials	448	start_time	n/a	n/a	n/a	n/a	n/a	n/a	n/a	n/a	n/a	bee	577.6932236	448	true	577.6665136	578.1027772
577.6932236	0.0	cv_transition	/intervals/trials	448	cv_transition_time	n/a	n/a	n/a	n/a	n/a	n/a	n/a	n/a	n/a	bee	577.6932236	448	true	577.6665136	578.1027772
578.8137725	0.4540703999999778	trials	/intervals/trials	449	start_time	n/a	n/a	n/a	n/a	n/a	n/a	n/a	n/a	n/a	paa	578.8760959	449	true	578.8137725	579.2678429
578.8760959	0.0	cv_transition	/intervals/trials	449	cv_transition_time	n/a	n/a	n/a	n/a	n/a	n/a	n/a	n/a	n/a	paa	578.8760959	449	true	578.8137725	579.2678429
579.9305058	0.522753200000011	trials	/intervals/trials	450	start_time	n/a	n/a	n/a	n/a	n/a	n/a	n/a	n/a	n/a	taa	580.0335301	450	true	579.9305058	580.453259
580.0335301	0.0	cv_transition	/intervals/trials	450	cv_transition_time	n/a	n/a	n/a	n/a	n/a	n/a	n/a	n/a	n/a	taa	580.0335301	450	true	579.9305058	580.453259
581.1222814	0.5443756999999323	trials	/intervals/trials	451	start_time	n/a	n/a	n/a	n/a	n/a	n/a	n/a	n/a	n/a	naa	581.2545596	451	true	581.1222814	581.6666571
581.2545596	0.0	cv_transition	/intervals/trials	451	cv_transition_time	n/a	n/a	n/a	n/a	n/a	n/a	n/a	n/a	n/a	naa	581.2545596	451	true	581.1222814	581.6666571
582.2898909	0.6613909999999805	trials	/intervals/trials	452	start_time	n/a	n/a	n/a	n/a	n/a	n/a	n/a	n/a	n/a	saa	582.5239215	452	true	582.2898909	582.9512819
582.5239215	0.0	cv_transition	/intervals/trials	452	cv_transition_time	n/a	n/a	n/a	n/a	n/a	n/a	n/a	n/a	n/a	saa	582.5239215	452	true	582.2898909	582.9512819
583.5007451	0.646128200000021	trials	/intervals/trials	453	start_time	n/a	n/a	n/a	n/a	n/a	n/a	n/a	n/a	n/a	shoo	583.7411353	453	true	583.5007451	584.1468733
583.7411353	0.0	cv_transition	/intervals/trials	453	cv_transition_time	n/a	n/a	n/a	n/a	n/a	n/a	n/a	n/a	n/a	shoo	583.7411353	453	true	583.5007451	584.1468733
584.7243185	0.6308652000000166	trials	/intervals/trials	454	start_time	n/a	n/a	n/a	n/a	n/a	n/a	n/a	n/a	n/a	foo	584.9214638	454	true	584.7243185	585.3551837
584.9214638	0.0	cv_transition	/intervals/trials	454	cv_transition_time	n/a	n/a	n/a	n/a	n/a	n/a	n/a	n/a	n/a	foo	584.9214638	454	true	584.7243185	585.3551837
586.0839857	0.45152649999999994	trials	/intervals/trials	455	start_time	n/a	n/a	n/a	n/a	n/a	n/a	n/a	n/a	n/a	daa	586.1081519	455	true	586.0839857	586.5355122
586.1081519	0.0	cv_transition	/intervals/trials	455	cv_transition_time	n/a	n/a	n/a	n/a	n/a	n/a	n/a	n/a	n/a	daa	586.1081519	455	true	586.0839857	586.5355122
587.1676494	0.6652066999999988	trials	/intervals/trials	456	start_time	n/a	n/a	n/a	n/a	n/a	n/a	n/a	n/a	n/a	faa	587.4067676	456	true	587.1676494	587.8328561
587.4067676	0.0	cv_transition	/intervals/trials	456	cv_transition_time	n/a	n/a	n/a	n/a	n/a	n/a	n/a	n/a	n/a	faa	587.4067676	456	true	587.1676494	587.8328561
588.5502109	0.4667893999999251	trials	/intervals/trials	457	start_time	n/a	n/a	n/a	n/a	n/a	n/a	n/a	n/a	n/a	goo	588.5998152	457	true	588.5502109	589.0170003
588.5998152	0.0	cv_transition	/intervals/trials	457	cv_transition_time	n/a	n/a	n/a	n/a	n/a	n/a	n/a	n/a	n/a	goo	588.5998152	457	true	588.5502109	589.0170003
589.7140046	0.49604329999999663	trials	/intervals/trials	458	start_time	n/a	n/a	n/a	n/a	n/a	n/a	n/a	n/a	n/a	mee	589.817029	458	true	589.7140046	590.2100479
589.817029	0.0	cv_transition	/intervals/trials	458	cv_transition_time	n/a	n/a	n/a	n/a	n/a	n/a	n/a	n/a	n/a	mee	589.817029	458	true	589.7140046	590.2100479
590.8383693	0.5876205000000709	trials	/intervals/trials	459	start_time	n/a	n/a	n/a	n/a	n/a	n/a	n/a	n/a	n/a	zaa	591.0202518	459	true	590.8383693	591.4259898
591.0202518	0.0	cv_transition	/intervals/trials	459	cv_transition_time	n/a	n/a	n/a	n/a	n/a	n/a	n/a	n/a	n/a	zaa	591.0202518	459	true	590.8383693	591.4259898
592.0759336	0.6588471999999683	trials	/intervals/trials	460	start_time	n/a	n/a	n/a	n/a	n/a	n/a	n/a	n/a	n/a	see	592.3048766	460	true	592.0759336	592.7347808
592.3048766	0.0	cv_transition	/intervals/trials	460	cv_transition_time	n/a	n/a	n/a	n/a	n/a	n/a	n/a	n/a	n/a	see	592.3048766	460	true	592.0759336	592.7347808
593.3605584	0.6817414000000781	trials	/intervals/trials	461	start_time	n/a	n/a	n/a	n/a	n/a	n/a	n/a	n/a	n/a	zoo	593.5691509	461	true	593.3605584	594.0422998
593.5691509	0.0	cv_transition	/intervals/trials	461	cv_transition_time	n/a	n/a	n/a	n/a	n/a	n/a	n/a	n/a	n/a	zoo	593.5691509	461	true	593.3605584	594.0422998
594.7621985	0.5278409000000011	trials	/intervals/trials	462	start_time	n/a	n/a	n/a	n/a	n/a	n/a	n/a	n/a	n/a	too	594.8270657	462	true	594.7621985	595.2900394
594.8270657	0.0	cv_transition	/intervals/trials	462	cv_transition_time	n/a	n/a	n/a	n/a	n/a	n/a	n/a	n/a	n/a	too	594.8270657	462	true	594.7621985	595.2900394
596.0048504	0.5303847000000133	trials	/intervals/trials	463	start_time	n/a	n/a	n/a	n/a	n/a	n/a	n/a	n/a	n/a	vee	596.0786209	463	true	596.0048504	596.5352351
596.0786209	0.0	cv_transition	/intervals/trials	463	cv_transition_time	n/a	n/a	n/a	n/a	n/a	n/a	n/a	n/a	n/a	vee	596.0786209	463	true	596.0048504	596.5352351
598.5244956	0.6003395000000182	trials	/intervals/trials	464	start_time	n/a	n/a	n/a	n/a	n/a	n/a	n/a	n/a	n/a	moo	598.7534387	464	true	598.5244956	599.1248351
598.7534387	0.0	cv_transition	/intervals/trials	464	cv_transition_time	n/a	n/a	n/a	n/a	n/a	n/a	n/a	n/a	n/a	moo	598.7534387	464	true	598.5244956	599.1248351
602.539902	0.4070099000000482	trials	/intervals/trials	465	start_time	n/a	n/a	n/a	n/a	n/a	n/a	n/a	n/a	n/a	nee	602.6251197	465	true	602.539902	602.9469119
602.6251197	0.0	cv_transition	/intervals/trials	465	cv_transition_time	n/a	n/a	n/a	n/a	n/a	n/a	n/a	n/a	n/a	nee	602.6251197	465	true	602.539902	602.9469119
605.8392255	0.4222727000000077	trials	/intervals/trials	466	start_time	n/a	n/a	n/a	n/a	n/a	n/a	n/a	n/a	n/a	laa	605.9931261	466	true	605.8392255	606.2614982
605.9931261	0.0	cv_transition	/intervals/trials	466	cv_transition_time	n/a	n/a	n/a	n/a	n/a	n/a	n/a	n/a	n/a	laa	605.9931261	466	true	605.8392255	606.2614982
610.757685	0.5138498999999683	trials	/intervals/trials	467	start_time	n/a	n/a	n/a	n/a	n/a	n/a	n/a	n/a	n/a	tee	610.9001384	467	true	610.757685	611.2715349
610.9001384	0.0	cv_transition	/intervals/trials	467	cv_transition_time	n/a	n/a	n/a	n/a	n/a	n/a	n/a	n/a	n/a	tee	610.9001384	467	true	610.757685	611.2715349
611.8388048	0.6041553000000022	trials	/intervals/trials	468	start_time	n/a	n/a	n/a	n/a	n/a	n/a	n/a	n/a	n/a	haa	612.1173522	468	true	611.8388048	612.4429601
612.1173522	0.0	cv_transition	/intervals/trials	468	cv_transition_time	n/a	n/a	n/a	n/a	n/a	n/a	n/a	n/a	n/a	haa	612.1173522	468	true	611.8388048	612.4429601
613.212463	0.44135130000006484	trials	/intervals/trials	469	start_time	n/a	n/a	n/a	n/a	n/a	n/a	n/a	n/a	n/a	waa	613.2964088	469	true	613.212463	613.6538143
613.2964088	0.0	cv_transition	/intervals/trials	469	cv_transition_time	n/a	n/a	n/a	n/a	n/a	n/a	n/a	n/a	n/a	waa	613.2964088	469	true	613.212463	613.6538143
614.5606831	0.4591580000000022	trials	/intervals/trials	470	start_time	n/a	n/a	n/a	n/a	n/a	n/a	n/a	n/a	n/a	pee	614.6141031	470	true	614.5606831	615.0198411
614.6141031	0.0	cv_transition	/intervals/trials	470	cv_transition_time	n/a	n/a	n/a	n/a	n/a	n/a	n/a	n/a	n/a	pee	614.6141031	470	true	614.5606831	615.0198411
615.7448273	0.43117610000001605	trials	/intervals/trials	471	start_time	n/a	n/a	n/a	n/a	n/a	n/a	n/a	n/a	n/a	lee	615.803335	471	true	615.7448273	616.1760034
615.803335	0.0	cv_transition	/intervals/trials	471	cv_transition_time	n/a	n/a	n/a	n/a	n/a	n/a	n/a	n/a	n/a	lee	615.803335	471	true	615.7448273	616.1760034
616.8717358	0.4019221999999445	trials	/intervals/trials	472	start_time	n/a	n/a	n/a	n/a	n/a	n/a	n/a	n/a	n/a	wee	616.9531378	472	true	616.8717358	617.273658
616.9531378	0.0	cv_transition	/intervals/trials	472	cv_transition_time	n/a	n/a	n/a	n/a	n/a	n/a	n/a	n/a	n/a	wee	616.9531378	472	true	616.8717358	617.273658
619.472783	0.3993783999999323	trials	/intervals/trials	473	start_time	n/a	n/a	n/a	n/a	n/a	n/a	n/a	n/a	n/a	gaa	619.4969492	473	true	619.472783	619.8721614
619.4969492	0.0	cv_transition	/intervals/trials	473	cv_transition_time	n/a	n/a	n/a	n/a	n/a	n/a	n/a	n/a	n/a	gaa	619.4969492	473	true	619.472783	619.8721614
621.9542711	0.4120974999999589	trials	/intervals/trials	474	start_time	n/a	n/a	n/a	n/a	n/a	n/a	n/a	n/a	n/a	doo	621.9987878	474	true	621.9542711	622.3663686
621.9987878	0.0	cv_transition	/intervals/trials	474	cv_transition_time	n/a	n/a	n/a	n/a	n/a	n/a	n/a	n/a	n/a	doo	621.9987878	474	true	621.9542711	622.3663686
625.9798528	0.4744207999999617	trials	/intervals/trials	475	start_time	n/a	n/a	n/a	n/a	n/a	n/a	n/a	n/a	n/a	raa	626.0917805	475	true	625.9798528	626.4542736
626.0917805	0.0	cv_transition	/intervals/trials	475	cv_transition_time	n/a	n/a	n/a	n/a	n/a	n/a	n/a	n/a	n/a	raa	626.0917805	475	true	625.9798528	626.4542736
626.8994406	0.5914361999999755	trials	/intervals/trials	476	start_time	n/a	n/a	n/a	n/a	n/a	n/a	n/a	n/a	n/a	shee	627.1347432	476	true	626.8994406	627.4908768
627.1347432	0.0	cv_transition	/intervals/trials	476	cv_transition_time	n/a	n/a	n/a	n/a	n/a	n/a	n/a	n/a	n/a	shee	627.1347432	476	true	626.8994406	627.4908768
628.0517872	0.4871398999999883	trials	/intervals/trials	477	start_time	n/a	n/a	n/a	n/a	n/a	n/a	n/a	n/a	n/a	yoo	628.1344611	477	true	628.0517872	628.5389271
628.1344611	0.0	cv_transition	/intervals/trials	477	cv_transition_time	n/a	n/a	n/a	n/a	n/a	n/a	n/a	n/a	n/a	yoo	628.1344611	477	true	628.0517872	628.5389271
629.1596171	0.4184569999999894	trials	/intervals/trials	478	start_time	n/a	n/a	n/a	n/a	n/a	n/a	n/a	n/a	n/a	baa	629.1659766	478	true	629.1596171	629.5780741
629.1659766	0.0	cv_transition	/intervals/trials	478	cv_transition_time	n/a	n/a	n/a	n/a	n/a	n/a	n/a	n/a	n/a	baa	629.1659766	478	true	629.1596171	629.5780741
630.0690297	0.6486719000000676	trials	/intervals/trials	479	start_time	n/a	n/a	n/a	n/a	n/a	n/a	n/a	n/a	n/a	zee	630.3157794	479	true	630.0690297	630.7177016
630.3157794	0.0	cv_transition	/intervals/trials	479	cv_transition_time	n/a	n/a	n/a	n/a	n/a	n/a	n/a	n/a	n/a	zee	630.3157794	479	true	630.0690297	630.7177016
631.3765488	0.45407030000001214	trials	/intervals/trials	480	start_time	n/a	n/a	n/a	n/a	n/a	n/a	n/a	n/a	n/a	gee	631.4706698	480	true	631.3765488	631.8306191
631.4706698	0.0	cv_transition	/intervals/trials	480	cv_transition_time	n/a	n/a	n/a	n/a	n/a	n/a	n/a	n/a	n/a	gee	631.4706698	480	true	631.3765488	631.8306191
632.4576686	0.4591580000000022	trials	/intervals/trials	481	start_time	n/a	n/a	n/a	n/a	n/a	n/a	n/a	n/a	n/a	kee	632.560693	481	true	632.4576686	632.9168266
632.560693	0.0	cv_transition	/intervals/trials	481	cv_transition_time	n/a	n/a	n/a	n/a	n/a	n/a	n/a	n/a	n/a	kee	632.560693	481	true	632.4576686	632.9168266
633.491728	0.5036747000000332	trials	/intervals/trials	482	start_time	n/a	n/a	n/a	n/a	n/a	n/a	n/a	n/a	n/a	ree	633.6023838	482	true	633.491728	633.9954027
633.6023838	0.0	cv_transition	/intervals/trials	482	cv_transition_time	n/a	n/a	n/a	n/a	n/a	n/a	n/a	n/a	n/a	ree	633.6023838	482	true	633.491728	633.9954027
635.6285296	0.4235446000000138	trials	/intervals/trials	483	start_time	n/a	n/a	n/a	n/a	n/a	n/a	n/a	n/a	n/a	voo	635.6933968	483	true	635.6285296	636.0520742
635.6933968	0.0	cv_transition	/intervals/trials	483	cv_transition_time	n/a	n/a	n/a	n/a	n/a	n/a	n/a	n/a	n/a	voo	635.6933968	483	true	635.6285296	636.0520742
636.6473261	0.49731520000000273	trials	/intervals/trials	484	start_time	n/a	n/a	n/a	n/a	n/a	n/a	n/a	n/a	n/a	noo	636.7681572	484	true	636.6473261	637.1446413
636.7681572	0.0	cv_transition	/intervals/trials	484	cv_transition_time	n/a	n/a	n/a	n/a	n/a	n/a	n/a	n/a	n/a	noo	636.7681572	484	true	636.6473261	637.1446413
637.8034884	0.37902789999998276	trials	/intervals/trials	485	start_time	n/a	n/a	n/a	n/a	n/a	n/a	n/a	n/a	n/a	dee	637.822567	485	true	637.8034884	638.1825163
637.822567	0.0	cv_transition	/intervals/trials	485	cv_transition_time	n/a	n/a	n/a	n/a	n/a	n/a	n/a	n/a	n/a	dee	637.822567	485	true	637.8034884	638.1825163
638.7205325	0.4909556000000066	trials	/intervals/trials	486	start_time	n/a	n/a	n/a	n/a	n/a	n/a	n/a	n/a	n/a	yee	638.8171973	486	true	638.7205325	639.2114881
638.8171973	0.0	cv_transition	/intervals/trials	486	cv_transition_time	n/a	n/a	n/a	n/a	n/a	n/a	n/a	n/a	n/a	yee	638.8171973	486	true	638.7205325	639.2114881
640.0534897	0.44262319999995725	trials	/intervals/trials	487	start_time	n/a	n/a	n/a	n/a	n/a	n/a	n/a	n/a	n/a	koo	640.1603298	487	true	640.0534897	640.4961129
640.1603298	0.0	cv_transition	/intervals/trials	487	cv_transition_time	n/a	n/a	n/a	n/a	n/a	n/a	n/a	n/a	n/a	koo	640.1603298	487	true	640.0534897	640.4961129
641.0315852	0.5583665999999994	trials	/intervals/trials	488	start_time	n/a	n/a	n/a	n/a	n/a	n/a	n/a	n/a	n/a	fee	641.2172834	488	true	641.0315852	641.5899518
641.2172834	0.0	cv_transition	/intervals/trials	488	cv_transition_time	n/a	n/a	n/a	n/a	n/a	n/a	n/a	n/a	n/a	fee	641.2172834	488	true	641.0315852	641.5899518
642.073276	0.5342004000000316	trials	/intervals/trials	489	start_time	n/a	n/a	n/a	n/a	n/a	n/a	n/a	n/a	n/a	hee	642.2157294	489	true	642.073276	642.6074764
642.2157294	0.0	cv_transition	/intervals/trials	489	cv_transition_time	n/a	n/a	n/a	n/a	n/a	n/a	n/a	n/a	n/a	hee	642.2157294	489	true	642.073276	642.6074764
643.2523326	0.434991699999955	trials	/intervals/trials	490	start_time	n/a	n/a	n/a	n/a	n/a	n/a	n/a	n/a	n/a	vaa	643.3311907	490	true	643.2523326	643.6873243
643.3311907	0.0	cv_transition	/intervals/trials	490	cv_transition_time	n/a	n/a	n/a	n/a	n/a	n/a	n/a	n/a	n/a	vaa	643.3311907	490	true	643.2523326	643.6873243
644.4377487	0.4197288999999955	trials	/intervals/trials	491	start_time	n/a	n/a	n/a	n/a	n/a	n/a	n/a	n/a	n/a	loo	644.5522202	491	true	644.4377487	644.8574776
644.5522202	0.0	cv_transition	/intervals/trials	491	cv_transition_time	n/a	n/a	n/a	n/a	n/a	n/a	n/a	n/a	n/a	loo	644.5522202	491	true	644.4377487	644.8574776
645.4756238	0.4744207999999617	trials	/intervals/trials	492	start_time	n/a	n/a	n/a	n/a	n/a	n/a	n/a	n/a	n/a	hoo	645.5964548	492	true	645.4756238	645.9500446
645.5964548	0.0	cv_transition	/intervals/trials	492	cv_transition_time	n/a	n/a	n/a	n/a	n/a	n/a	n/a	n/a	n/a	hoo	645.5964548	492	true	645.4756238	645.9500446
646.5580156	0.4820523000000776	trials	/intervals/trials	493	start_time	n/a	n/a	n/a	n/a	n/a	n/a	n/a	n/a	n/a	kaa	646.6864781	493	true	646.5580156	647.0400679
646.6864781	0.0	cv_transition	/intervals/trials	493	cv_transition_time	n/a	n/a	n/a	n/a	n/a	n/a	n/a	n/a	n/a	kaa	646.6864781	493	true	646.5580156	647.0400679
647.6543983	0.4693331999999373	trials	/intervals/trials	494	start_time	n/a	n/a	n/a	n/a	n/a	n/a	n/a	n/a	n/a	poo	647.7510632	494	true	647.6543983	648.1237315
647.7510632	0.0	cv_transition	/intervals/trials	494	cv_transition_time	n/a	n/a	n/a	n/a	n/a	n/a	n/a	n/a	n/a	poo	647.7510632	494	true	647.6543983	648.1237315
648.8830593	0.35613360000002103	trials	/intervals/trials	495	start_time	n/a	n/a	n/a	n/a	n/a	n/a	n/a	n/a	n/a	bee	648.8945064	495	true	648.8830593	649.2391929
648.8945064	0.0	cv_transition	/intervals/trials	495	cv_transition_time	n/a	n/a	n/a	n/a	n/a	n/a	n/a	n/a	n/a	bee	648.8945064	495	true	648.8830593	649.2391929
649.830629	0.4502546999999595	trials	/intervals/trials	496	start_time	n/a	n/a	n/a	n/a	n/a	n/a	n/a	n/a	n/a	paa	649.9107591	496	true	649.830629	650.2808837
649.9107591	0.0	cv_transition	/intervals/trials	496	cv_transition_time	n/a	n/a	n/a	n/a	n/a	n/a	n/a	n/a	n/a	paa	649.9107591	496	true	649.830629	650.2808837
650.9969666	0.522753200000011	trials	/intervals/trials	497	start_time	n/a	n/a	n/a	n/a	n/a	n/a	n/a	n/a	n/a	taa	651.1330605	497	true	650.9969666	651.5197198
651.1330605	0.0	cv_transition	/intervals/trials	497	cv_transition_time	n/a	n/a	n/a	n/a	n/a	n/a	n/a	n/a	n/a	taa	651.1330605	497	true	650.9969666	651.5197198
652.233259	0.48205219999999827	trials	/intervals/trials	498	start_time	n/a	n/a	n/a	n/a	n/a	n/a	n/a	n/a	n/a	naa	652.3083014	498	true	652.233259	652.7153112
652.3083014	0.0	cv_transition	/intervals/trials	498	cv_transition_time	n/a	n/a	n/a	n/a	n/a	n/a	n/a	n/a	n/a	naa	652.3083014	498	true	652.233259	652.7153112
653.1693816	0.6639347999999927	trials	/intervals/trials	499	start_time	n/a	n/a	n/a	n/a	n/a	n/a	n/a	n/a	n/a	saa	653.4021403	499	true	653.1693816	653.8333164
653.4021403	0.0	cv_transition	/intervals/trials	499	cv_transition_time	n/a	n/a	n/a	n/a	n/a	n/a	n/a	n/a	n/a	saa	653.4021403	499	true	653.1693816	653.8333164
654.3230001	0.5888923000001114	trials	/intervals/trials	500	start_time	n/a	n/a	n/a	n/a	n/a	n/a	n/a	n/a	n/a	shoo	654.5519431	500	true	654.3230001	654.9118924
654.5519431	0.0	cv_transition	/intervals/trials	500	cv_transition_time	n/a	n/a	n/a	n/a	n/a	n/a	n/a	n/a	n/a	shoo	654.5519431	500	true	654.3230001	654.9118924
655.4995129	0.5914361000000099	trials	/intervals/trials	501	start_time	n/a	n/a	n/a	n/a	n/a	n/a	n/a	n/a	n/a	foo	655.6941144	501	true	655.4995129	656.090949
655.6941144	0.0	cv_transition	/intervals/trials	501	cv_transition_time	n/a	n/a	n/a	n/a	n/a	n/a	n/a	n/a	n/a	foo	655.6941144	501	true	655.4995129	656.090949
656.7332614	0.44516700000008314	trials	/intervals/trials	502	start_time	n/a	n/a	n/a	n/a	n/a	n/a	n/a	n/a	n/a	daa	656.7497962	502	true	656.7332614	657.1784284
656.7497962	0.0	cv_transition	/intervals/trials	502	cv_transition_time	n/a	n/a	n/a	n/a	n/a	n/a	n/a	n/a	n/a	daa	656.7497962	502	true	656.7332614	657.1784284
657.8881518	0.5431038000000399	trials	/intervals/trials	503	start_time	n/a	n/a	n/a	n/a	n/a	n/a	n/a	n/a	n/a	faa	658.0064391	503	true	657.8881518	658.4312556
658.0064391	0.0	cv_transition	/intervals/trials	503	cv_transition_time	n/a	n/a	n/a	n/a	n/a	n/a	n/a	n/a	n/a	faa	658.0064391	503	true	657.8881518	658.4312556
659.0672084	0.46297370000002047	trials	/intervals/trials	504	start_time	n/a	n/a	n/a	n/a	n/a	n/a	n/a	n/a	n/a	goo	659.1193566	504	true	659.0672084	659.5301821
659.1193566	0.0	cv_transition	/intervals/trials	504	cv_transition_time	n/a	n/a	n/a	n/a	n/a	n/a	n/a	n/a	n/a	goo	659.1193566	504	true	659.0672084	659.5301821
660.1724945	0.4833242000000837	trials	/intervals/trials	505	start_time	n/a	n/a	n/a	n/a	n/a	n/a	n/a	n/a	n/a	mee	660.2488089	505	true	660.1724945	660.6558187
660.2488089	0.0	cv_transition	/intervals/trials	505	cv_transition_time	n/a	n/a	n/a	n/a	n/a	n/a	n/a	n/a	n/a	mee	660.2488089	505	true	660.1724945	660.6558187
661.2230887	0.5583665999999994	trials	/intervals/trials	506	start_time	n/a	n/a	n/a	n/a	n/a	n/a	n/a	n/a	n/a	zaa	661.3629983	506	true	661.2230887	661.7814553
661.3629983	0.0	cv_transition	/intervals/trials	506	cv_transition_time	n/a	n/a	n/a	n/a	n/a	n/a	n/a	n/a	n/a	zaa	661.3629983	506	true	661.2230887	661.7814553
662.2139032	0.6016114000000243	trials	/intervals/trials	507	start_time	n/a	n/a	n/a	n/a	n/a	n/a	n/a	n/a	n/a	see	662.4390305	507	true	662.2139032	662.8155146
662.4390305	0.0	cv_transition	/intervals/trials	507	cv_transition_time	n/a	n/a	n/a	n/a	n/a	n/a	n/a	n/a	n/a	see	662.4390305	507	true	662.2139032	662.8155146
663.4400203	0.6117867000000388	trials	/intervals/trials	508	start_time	n/a	n/a	n/a	n/a	n/a	n/a	n/a	n/a	n/a	zoo	663.6180872	508	true	663.4400203	664.051807
663.6180872	0.0	cv_transition	/intervals/trials	508	cv_transition_time	n/a	n/a	n/a	n/a	n/a	n/a	n/a	n/a	n/a	zoo	663.6180872	508	true	663.4400203	664.051807
664.686488	0.45025459999999384	trials	/intervals/trials	509	start_time	n/a	n/a	n/a	n/a	n/a	n/a	n/a	n/a	n/a	too	664.7704337	509	true	664.686488	665.1367426
664.7704337	0.0	cv_transition	/intervals/trials	509	cv_transition_time	n/a	n/a	n/a	n/a	n/a	n/a	n/a	n/a	n/a	too	664.7704337	509	true	664.686488	665.1367426
665.7612483	0.4756927999999334	trials	/intervals/trials	510	start_time	n/a	n/a	n/a	n/a	n/a	n/a	n/a	n/a	n/a	vee	665.8528255	510	true	665.7612483	666.2369411
665.8528255	0.0	cv_transition	/intervals/trials	510	cv_transition_time	n/a	n/a	n/a	n/a	n/a	n/a	n/a	n/a	n/a	vee	665.8528255	510	true	665.7612483	666.2369411
668.5034771	0.4909555999998929	trials	/intervals/trials	511	start_time	n/a	n/a	n/a	n/a	n/a	n/a	n/a	n/a	n/a	moo	668.5975981	511	true	668.5034771	668.9944327
668.5975981	0.0	cv_transition	/intervals/trials	511	cv_transition_time	n/a	n/a	n/a	n/a	n/a	n/a	n/a	n/a	n/a	moo	668.5975981	511	true	668.5034771	668.9944327
670.6784359	0.5265689000000293	trials	/intervals/trials	512	start_time	n/a	n/a	n/a	n/a	n/a	n/a	n/a	n/a	n/a	nee	670.8056264	512	true	670.6784359	671.2050048
670.8056264	0.0	cv_transition	/intervals/trials	512	cv_transition_time	n/a	n/a	n/a	n/a	n/a	n/a	n/a	n/a	n/a	nee	670.8056264	512	true	670.6784359	671.2050048
671.8536768	0.4222727000000077	trials	/intervals/trials	513	start_time	n/a	n/a	n/a	n/a	n/a	n/a	n/a	n/a	n/a	boo	671.8752992	513	true	671.8536768	672.2759495
671.8752992	0.0	cv_transition	/intervals/trials	513	cv_transition_time	n/a	n/a	n/a	n/a	n/a	n/a	n/a	n/a	n/a	boo	671.8752992	513	true	671.8536768	672.2759495
672.862298	0.5456475999999384	trials	/intervals/trials	514	start_time	n/a	n/a	n/a	n/a	n/a	n/a	n/a	n/a	n/a	laa	673.0251019	514	true	672.862298	673.4079456
673.0251019	0.0	cv_transition	/intervals/trials	514	cv_transition_time	n/a	n/a	n/a	n/a	n/a	n/a	n/a	n/a	n/a	laa	673.0251019	514	true	672.862298	673.4079456
673.9561369	0.5342003999999179	trials	/intervals/trials	515	start_time	n/a	n/a	n/a	n/a	n/a	n/a	n/a	n/a	n/a	maa	674.0985904	515	true	673.9561369	674.4903373
674.0985904	0.0	cv_transition	/intervals/trials	515	cv_transition_time	n/a	n/a	n/a	n/a	n/a	n/a	n/a	n/a	n/a	maa	674.0985904	515	true	673.9561369	674.4903373
675.0296254	0.6830132999999705	trials	/intervals/trials	516	start_time	n/a	n/a	n/a	n/a	n/a	n/a	n/a	n/a	n/a	soo	675.2878222	516	true	675.0296254	675.7126387
675.2878222	0.0	cv_transition	/intervals/trials	516	cv_transition_time	n/a	n/a	n/a	n/a	n/a	n/a	n/a	n/a	n/a	soo	675.2878222	516	true	675.0296254	675.7126387
676.3053468	0.5558227999999872	trials	/intervals/trials	517	start_time	n/a	n/a	n/a	n/a	n/a	n/a	n/a	n/a	n/a	roo	676.4465284	517	true	676.3053468	676.8611696
676.4465284	0.0	cv_transition	/intervals/trials	517	cv_transition_time	n/a	n/a	n/a	n/a	n/a	n/a	n/a	n/a	n/a	roo	676.4465284	517	true	676.3053468	676.8611696
677.5149292	0.47950839999998607	trials	/intervals/trials	518	start_time	n/a	n/a	n/a	n/a	n/a	n/a	n/a	n/a	n/a	tee	677.6065064	518	true	677.5149292	677.9944376
677.6065064	0.0	cv_transition	/intervals/trials	518	cv_transition_time	n/a	n/a	n/a	n/a	n/a	n/a	n/a	n/a	n/a	tee	677.6065064	518	true	677.5149292	677.9944376
678.4586832	0.5354723000000376	trials	/intervals/trials	519	start_time	n/a	n/a	n/a	n/a	n/a	n/a	n/a	n/a	n/a	haa	678.6685477	519	true	678.4586832	678.9941555
678.6685477	0.0	cv_transition	/intervals/trials	519	cv_transition_time	n/a	n/a	n/a	n/a	n/a	n/a	n/a	n/a	n/a	haa	678.6685477	519	true	678.4586832	678.9941555
679.6097579	0.4795085000000654	trials	/intervals/trials	520	start_time	n/a	n/a	n/a	n/a	n/a	n/a	n/a	n/a	n/a	waa	679.6848003	520	true	679.6097579	680.0892664
679.6848003	0.0	cv_transition	/intervals/trials	520	cv_transition_time	n/a	n/a	n/a	n/a	n/a	n/a	n/a	n/a	n/a	waa	679.6848003	520	true	679.6097579	680.0892664
680.7353945	0.45152649999999994	trials	/intervals/trials	521	start_time	n/a	n/a	n/a	n/a	n/a	n/a	n/a	n/a	n/a	pee	680.8117088	521	true	680.7353945	681.186921
680.8117088	0.0	cv_transition	/intervals/trials	521	cv_transition_time	n/a	n/a	n/a	n/a	n/a	n/a	n/a	n/a	n/a	pee	680.8117088	521	true	680.7353945	681.186921
681.7821729	0.47060510000005706	trials	/intervals/trials	522	start_time	n/a	n/a	n/a	n/a	n/a	n/a	n/a	n/a	n/a	lee	681.8877411	522	true	681.7821729	682.252778
681.8877411	0.0	cv_transition	/intervals/trials	522	cv_transition_time	n/a	n/a	n/a	n/a	n/a	n/a	n/a	n/a	n/a	lee	681.8877411	522	true	681.7821729	682.252778
682.8353108	0.51003419999995	trials	/intervals/trials	523	start_time	n/a	n/a	n/a	n/a	n/a	n/a	n/a	n/a	n/a	wee	682.9230723	523	true	682.8353108	683.345345
682.9230723	0.0	cv_transition	/intervals/trials	523	cv_transition_time	n/a	n/a	n/a	n/a	n/a	n/a	n/a	n/a	n/a	wee	682.9230723	523	true	682.8353108	683.345345
683.8973521	0.5062184999999317	trials	/intervals/trials	524	start_time	n/a	n/a	n/a	n/a	n/a	n/a	n/a	n/a	n/a	yaa	683.9495003	524	true	683.8973521	684.4035706
683.9495003	0.0	cv_transition	/intervals/trials	524	cv_transition_time	n/a	n/a	n/a	n/a	n/a	n/a	n/a	n/a	n/a	yaa	683.9495003	524	true	683.8973521	684.4035706
685.1450917	0.4273603000000321	trials	/intervals/trials	525	start_time	n/a	n/a	n/a	n/a	n/a	n/a	n/a	n/a	n/a	gaa	685.1705298	525	true	685.1450917	685.572452
685.1705298	0.0	cv_transition	/intervals/trials	525	cv_transition_time	n/a	n/a	n/a	n/a	n/a	n/a	n/a	n/a	n/a	gaa	685.1705298	525	true	685.1450917	685.572452
686.0735828	0.5812609999999268	trials	/intervals/trials	526	start_time	n/a	n/a	n/a	n/a	n/a	n/a	n/a	n/a	n/a	shaa	686.2923506	526	true	686.0735828	686.6548438
686.2923506	0.0	cv_transition	/intervals/trials	526	cv_transition_time	n/a	n/a	n/a	n/a	n/a	n/a	n/a	n/a	n/a	shaa	686.2923506	526	true	686.0735828	686.6548438
687.3582076	0.3841155999999728	trials	/intervals/trials	527	start_time	n/a	n/a	n/a	n/a	n/a	n/a	n/a	n/a	n/a	doo	687.3785581	527	true	687.3582076	687.7423232
687.3785581	0.0	cv_transition	/intervals/trials	527	cv_transition_time	n/a	n/a	n/a	n/a	n/a	n/a	n/a	n/a	n/a	doo	687.3785581	527	true	687.3582076	687.7423232
688.4227927	0.45025460000010753	trials	/intervals/trials	528	start_time	n/a	n/a	n/a	n/a	n/a	n/a	n/a	n/a	n/a	woo	688.539808	528	true	688.4227927	688.8730473
688.539808	0.0	cv_transition	/intervals/trials	528	cv_transition_time	n/a	n/a	n/a	n/a	n/a	n/a	n/a	n/a	n/a	woo	688.539808	528	true	688.4227927	688.8730473
